date,portfolio,in_bear,holdings
2004-01-02,100000.0,False,CASH
2004-01-05,100000.0,False,CASH
2004-01-06,100000.0,False,CASH
2004-01-07,100000.0,False,CASH
2004-01-08,100000.0,False,CASH
2004-01-09,100000.0,False,CASH
2004-01-12,100000.0,False,CASH
2004-01-13,100000.0,False,CASH
2004-01-14,100000.0,False,CASH
2004-01-15,100000.0,False,CASH
2004-01-16,100000.0,False,CASH
2004-01-20,100000.0,False,CASH
2004-01-21,100000.0,False,CASH
2004-01-22,100000.0,False,CASH
2004-01-23,100000.0,False,CASH
2004-01-26,100000.0,False,CASH
2004-01-27,100000.0,False,CASH
2004-01-28,100000.0,False,CASH
2004-01-29,100000.0,False,CASH
2004-01-30,100000.0,False,CASH
2004-02-02,100000.0,False,CASH
2004-02-03,100000.0,False,CASH
2004-02-04,100000.0,False,CASH
2004-02-05,100000.0,False,CASH
2004-02-06,100000.0,False,CASH
2004-02-09,100000.0,False,CASH
2004-02-10,100000.0,False,CASH
2004-02-11,100000.0,False,CASH
2004-02-12,100000.0,False,CASH
2004-02-13,100000.0,False,CASH
2004-02-17,100000.0,False,CASH
2004-02-18,100000.0,False,CASH
2004-02-19,100000.0,False,CASH
2004-02-20,100000.0,False,CASH
2004-02-23,100000.0,False,CASH
2004-02-24,100000.0,False,CASH
2004-02-25,100000.0,False,CASH
2004-02-26,100000.0,False,CASH
2004-02-27,100000.0,False,CASH
2004-03-01,100000.0,False,CASH
2004-03-02,100000.0,False,CASH
2004-03-03,100000.0,False,CASH
2004-03-04,100000.0,False,CASH
2004-03-05,100000.0,False,CASH
2004-03-08,100000.0,False,CASH
2004-03-09,100000.0,False,CASH
2004-03-10,100000.0,False,CASH
2004-03-11,100000.0,False,CASH
2004-03-12,100000.0,False,CASH
2004-03-15,100000.0,False,CASH
2004-03-16,100000.0,False,CASH
2004-03-17,100000.0,False,CASH
2004-03-18,100000.0,False,CASH
2004-03-19,100000.0,False,CASH
2004-03-22,100000.0,False,CASH
2004-03-23,100000.0,False,CASH
2004-03-24,100000.0,False,CASH
2004-03-25,100000.0,False,CASH
2004-03-26,100000.0,False,CASH
2004-03-29,100000.0,False,CASH
2004-03-30,100000.0,False,CASH
2004-03-31,100000.0,False,CASH
2004-04-01,100000.0,False,CASH
2004-04-02,100000.0,False,CASH
2004-04-05,100000.0,False,CASH
2004-04-06,100000.0,False,CASH
2004-04-07,100000.0,False,CASH
2004-04-08,100000.0,False,CASH
2004-04-12,100000.0,False,CASH
2004-04-13,100000.0,False,CASH
2004-04-14,100000.0,False,CASH
2004-04-15,100000.0,False,CASH
2004-04-16,100000.0,False,CASH
2004-04-19,100000.0,False,CASH
2004-04-20,100000.0,False,CASH
2004-04-21,100000.0,False,CASH
2004-04-22,100000.0,False,CASH
2004-04-23,100000.0,False,CASH
2004-04-26,100000.0,False,CASH
2004-04-27,100000.0,False,CASH
2004-04-28,100000.0,False,CASH
2004-04-29,100000.0,False,CASH
2004-04-30,100000.0,False,CASH
2004-05-03,100000.0,False,CASH
2004-05-04,100000.0,False,CASH
2004-05-05,100000.0,False,CASH
2004-05-06,100000.0,False,CASH
2004-05-07,100000.0,False,CASH
2004-05-10,100000.0,False,CASH
2004-05-11,100000.0,False,CASH
2004-05-12,100000.0,False,CASH
2004-05-13,100000.0,False,CASH
2004-05-14,100000.0,False,CASH
2004-05-17,100000.0,False,CASH
2004-05-18,100000.0,False,CASH
2004-05-19,100000.0,False,CASH
2004-05-20,100000.0,False,CASH
2004-05-21,100000.0,False,CASH
2004-05-24,100000.0,False,CASH
2004-05-25,100000.0,False,CASH
2004-05-26,100000.0,False,CASH
2004-05-27,100000.0,False,CASH
2004-05-28,100000.0,False,CASH
2004-06-01,100000.0,False,CASH
2004-06-02,100000.0,False,CASH
2004-06-03,100000.0,False,CASH
2004-06-04,100000.0,False,CASH
2004-06-07,100000.0,False,CASH
2004-06-08,100000.0,False,CASH
2004-06-09,100000.0,False,CASH
2004-06-10,100000.0,False,CASH
2004-06-14,100000.0,False,CASH
2004-06-15,100000.0,False,CASH
2004-06-16,100000.0,False,CASH
2004-06-17,100000.0,False,CASH
2004-06-18,100000.0,False,CASH
2004-06-21,100000.0,False,CASH
2004-06-22,100000.0,False,CASH
2004-06-23,100000.0,False,CASH
2004-06-24,100000.0,False,CASH
2004-06-25,100000.0,False,CASH
2004-06-28,100000.0,False,CASH
2004-06-29,100000.0,False,CASH
2004-06-30,100000.0,False,CASH
2004-07-01,100000.0,False,CASH
2004-07-02,100000.0,False,CASH
2004-07-06,100000.0,False,CASH
2004-07-07,100000.0,False,CASH
2004-07-08,100000.0,False,CASH
2004-07-09,100000.0,False,CASH
2004-07-12,100000.0,False,CASH
2004-07-13,100000.0,False,CASH
2004-07-14,100000.0,False,CASH
2004-07-15,100000.0,False,CASH
2004-07-16,100000.0,False,CASH
2004-07-19,100000.0,False,CASH
2004-07-20,100000.0,False,CASH
2004-07-21,100000.0,False,CASH
2004-07-22,100000.0,False,CASH
2004-07-23,100000.0,False,CASH
2004-07-26,100000.0,False,CASH
2004-07-27,100000.0,False,CASH
2004-07-28,100000.0,False,CASH
2004-07-29,100000.0,False,CASH
2004-07-30,100000.0,False,CASH
2004-08-02,100000.0,False,CASH
2004-08-03,100000.0,False,CASH
2004-08-04,100000.0,False,CASH
2004-08-05,100000.0,False,CASH
2004-08-06,100000.0,False,CASH
2004-08-09,100000.0,False,CASH
2004-08-10,100000.0,False,CASH
2004-08-11,100000.0,False,CASH
2004-08-12,100000.0,False,CASH
2004-08-13,100000.0,False,CASH
2004-08-16,100000.0,False,CASH
2004-08-17,100000.0,False,CASH
2004-08-18,100000.0,False,CASH
2004-08-19,100000.0,False,CASH
2004-08-20,100000.0,False,CASH
2004-08-23,100000.0,False,CASH
2004-08-24,100000.0,False,CASH
2004-08-25,100000.0,False,CASH
2004-08-26,100000.0,False,CASH
2004-08-27,100000.0,False,CASH
2004-08-30,100000.0,False,CASH
2004-08-31,100000.0,False,CASH
2004-09-01,100000.0,False,CASH
2004-09-02,100000.0,False,CASH
2004-09-03,100000.0,False,CASH
2004-09-07,100000.0,False,CASH
2004-09-08,100000.0,False,CASH
2004-09-09,100000.0,False,CASH
2004-09-10,100000.0,False,CASH
2004-09-13,100000.0,False,CASH
2004-09-14,100000.0,False,CASH
2004-09-15,100000.0,False,CASH
2004-09-16,100000.0,False,CASH
2004-09-17,100000.0,False,CASH
2004-09-20,100000.0,False,CASH
2004-09-21,100000.0,False,CASH
2004-09-22,100000.0,False,CASH
2004-09-23,100000.0,False,CASH
2004-09-24,100000.0,False,CASH
2004-09-27,100000.0,False,CASH
2004-09-28,100000.0,False,CASH
2004-09-29,100000.0,False,CASH
2004-09-30,100000.0,False,CASH
2004-10-01,100000.0,False,CASH
2004-10-04,100000.0,False,CASH
2004-10-05,100000.0,False,CASH
2004-10-06,100000.0,False,CASH
2004-10-07,100000.0,False,CASH
2004-10-08,100000.0,False,CASH
2004-10-11,100000.0,False,CASH
2004-10-12,100000.0,False,CASH
2004-10-13,100000.0,False,CASH
2004-10-14,100000.0,False,CASH
2004-10-15,100000.0,False,CASH
2004-10-18,100000.0,False,CASH
2004-10-19,100000.0,False,CASH
2004-10-20,100000.0,False,CASH
2004-10-21,100000.0,False,CASH
2004-10-22,100000.0,False,CASH
2004-10-25,100000.0,False,CASH
2004-10-26,100000.0,False,CASH
2004-10-27,100000.0,False,CASH
2004-10-28,100000.0,False,CASH
2004-10-29,100000.0,False,CASH
2004-11-01,100000.0,False,CASH
2004-11-02,100000.0,False,CASH
2004-11-03,100000.0,False,CASH
2004-11-04,100000.0,False,CASH
2004-11-05,100000.0,False,CASH
2004-11-08,100000.0,False,CASH
2004-11-09,100000.0,False,CASH
2004-11-10,100000.0,False,CASH
2004-11-11,100000.0,False,CASH
2004-11-12,100000.0,False,CASH
2004-11-15,100000.0,False,CASH
2004-11-16,100000.0,False,CASH
2004-11-17,100000.0,False,CASH
2004-11-18,100000.0,False,CASH
2004-11-19,100000.0,False,CASH
2004-11-22,100000.0,False,CASH
2004-11-23,100000.0,False,CASH
2004-11-24,100000.0,False,CASH
2004-11-26,100000.0,False,CASH
2004-11-29,100000.0,False,CASH
2004-11-30,100000.0,False,CASH
2004-12-01,100000.0,False,CASH
2004-12-02,100000.0,False,CASH
2004-12-03,100000.0,False,CASH
2004-12-06,100000.0,False,CASH
2004-12-07,100000.0,False,CASH
2004-12-08,100000.0,False,CASH
2004-12-09,100000.0,False,CASH
2004-12-10,100000.0,False,CASH
2004-12-13,100000.0,False,CASH
2004-12-14,100000.0,False,CASH
2004-12-15,100000.0,False,CASH
2004-12-16,100000.0,False,CASH
2004-12-17,100000.0,False,CASH
2004-12-20,100000.0,False,CASH
2004-12-21,100000.0,False,CASH
2004-12-22,100000.0,False,CASH
2004-12-23,100000.0,False,CASH
2004-12-27,100000.0,False,CASH
2004-12-28,100000.0,False,CASH
2004-12-29,100000.0,False,CASH
2004-12-30,100000.0,False,CASH
2004-12-31,100000.0,False,CASH
2005-01-03,100000.0,False,CASH
2005-01-04,100000.0,False,CASH
2005-01-05,100000.0,False,CASH
2005-01-06,100000.0,False,CASH
2005-01-07,100000.0,False,CASH
2005-01-10,100000.0,False,CASH
2005-01-11,100000.0,False,CASH
2005-01-12,100000.0,False,CASH
2005-01-13,100000.0,False,CASH
2005-01-14,100000.0,False,CASH
2005-01-18,100000.0,False,CASH
2005-01-19,100000.0,False,CASH
2005-01-20,100000.0,False,CASH
2005-01-21,100000.0,False,CASH
2005-01-24,100000.0,False,CASH
2005-01-25,100000.0,False,CASH
2005-01-26,100000.0,False,CASH
2005-01-27,100000.0,False,CASH
2005-01-28,100000.0,False,CASH
2005-01-31,100000.0,False,CASH
2005-02-01,100000.0,False,CASH
2005-02-02,100000.0,False,CASH
2005-02-03,100000.0,False,CASH
2005-02-04,100000.0,False,CASH
2005-02-07,100000.0,False,CASH
2005-02-08,100000.0,False,CASH
2005-02-09,100000.0,False,CASH
2005-02-10,100000.0,False,CASH
2005-02-11,100000.0,False,CASH
2005-02-14,100000.0,False,CASH
2005-02-15,100000.0,False,CASH
2005-02-16,100000.0,False,CASH
2005-02-17,100000.0,False,CASH
2005-02-18,100000.0,False,CASH
2005-02-22,100000.0,False,CASH
2005-02-23,100000.0,False,CASH
2005-02-24,100000.0,False,CASH
2005-02-25,100000.0,False,CASH
2005-02-28,100000.0,False,CASH
2005-03-01,100000.0,False,CASH
2005-03-02,100000.0,False,CASH
2005-03-03,100000.0,False,CASH
2005-03-04,100000.0,False,CASH
2005-03-07,100000.0,False,CASH
2005-03-08,100000.0,False,CASH
2005-03-09,100000.0,False,CASH
2005-03-10,100000.0,False,CASH
2005-03-11,100000.0,False,CASH
2005-03-14,100000.0,False,CASH
2005-03-15,100000.0,False,CASH
2005-03-16,100000.0,False,CASH
2005-03-17,100000.0,False,CASH
2005-03-18,100000.0,False,CASH
2005-03-21,100000.0,False,CASH
2005-03-22,100000.0,False,CASH
2005-03-23,100000.0,False,CASH
2005-03-24,100000.0,False,CASH
2005-03-28,100000.0,False,CASH
2005-03-29,100000.0,False,CASH
2005-03-30,100000.0,False,CASH
2005-03-31,100000.0,False,CASH
2005-04-01,100000.0,False,CASH
2005-04-04,100000.0,False,CASH
2005-04-05,100000.0,False,CASH
2005-04-06,100000.0,False,CASH
2005-04-07,100000.0,False,CASH
2005-04-08,100000.0,False,CASH
2005-04-11,100000.0,False,CASH
2005-04-12,100000.0,False,CASH
2005-04-13,100000.0,False,CASH
2005-04-14,100000.0,False,CASH
2005-04-15,100000.0,False,CASH
2005-04-18,100000.0,False,CASH
2005-04-19,100000.0,False,CASH
2005-04-20,100000.0,False,CASH
2005-04-21,100000.0,False,CASH
2005-04-22,100000.0,False,CASH
2005-04-25,100000.0,False,CASH
2005-04-26,100000.0,False,CASH
2005-04-27,100000.0,False,CASH
2005-04-28,100000.0,False,CASH
2005-04-29,100000.0,False,CASH
2005-05-02,100000.0,False,CASH
2005-05-03,100000.0,False,CASH
2005-05-04,100000.0,False,CASH
2005-05-05,100000.0,False,CASH
2005-05-06,100000.0,False,CASH
2005-05-09,100000.0,False,CASH
2005-05-10,100000.0,False,CASH
2005-05-11,100000.0,False,CASH
2005-05-12,100000.0,False,CASH
2005-05-13,100000.0,False,CASH
2005-05-16,100000.0,False,CASH
2005-05-17,100000.0,False,CASH
2005-05-18,100000.0,False,CASH
2005-05-19,100000.0,False,CASH
2005-05-20,100000.0,False,CASH
2005-05-23,100000.0,False,CASH
2005-05-24,100000.0,False,CASH
2005-05-25,100000.0,False,CASH
2005-05-26,100000.0,False,CASH
2005-05-27,100000.0,False,CASH
2005-05-31,100000.0,False,CASH
2005-06-01,100000.0,False,CASH
2005-06-02,100000.0,False,CASH
2005-06-03,100000.0,False,CASH
2005-06-06,100000.0,False,CASH
2005-06-07,100000.0,False,CASH
2005-06-08,100000.0,False,CASH
2005-06-09,100000.0,False,CASH
2005-06-10,100000.0,False,CASH
2005-06-13,100000.0,False,CASH
2005-06-14,100000.0,False,CASH
2005-06-15,100000.0,False,CASH
2005-06-16,100000.0,False,CASH
2005-06-17,100000.0,False,CASH
2005-06-20,100000.0,False,CASH
2005-06-21,100000.0,False,CASH
2005-06-22,100000.0,False,CASH
2005-06-23,100000.0,False,CASH
2005-06-24,100000.0,False,CASH
2005-06-27,100000.0,False,CASH
2005-06-28,100000.0,False,CASH
2005-06-29,100000.0,False,CASH
2005-06-30,100000.0,False,CASH
2005-07-01,100000.0,False,CASH
2005-07-05,100000.0,False,CASH
2005-07-06,100000.0,False,CASH
2005-07-07,100000.0,False,CASH
2005-07-08,100000.0,False,CASH
2005-07-11,100000.0,False,CASH
2005-07-12,100000.0,False,CASH
2005-07-13,100000.0,False,CASH
2005-07-14,100000.0,False,CASH
2005-07-15,100000.0,False,CASH
2005-07-18,100000.0,False,CASH
2005-07-19,100000.0,False,CASH
2005-07-20,100000.0,False,CASH
2005-07-21,100000.0,False,CASH
2005-07-22,100000.0,False,CASH
2005-07-25,100000.0,False,CASH
2005-07-26,100000.0,False,CASH
2005-07-27,100000.0,False,CASH
2005-07-28,100000.0,False,CASH
2005-07-29,100000.0,False,CASH
2005-08-01,100000.0,False,CASH
2005-08-02,100000.0,False,CASH
2005-08-03,100000.0,False,CASH
2005-08-04,100000.0,False,CASH
2005-08-05,100000.0,False,CASH
2005-08-08,100000.0,False,CASH
2005-08-09,100000.0,False,CASH
2005-08-10,100000.0,False,CASH
2005-08-11,100000.0,False,CASH
2005-08-12,100000.0,False,CASH
2005-08-15,100000.0,False,CASH
2005-08-16,100000.0,False,CASH
2005-08-17,100000.0,False,CASH
2005-08-18,100000.0,False,CASH
2005-08-19,100000.0,False,CASH
2005-08-22,100000.0,False,CASH
2005-08-23,100000.0,False,CASH
2005-08-24,100000.0,False,CASH
2005-08-25,100000.0,False,CASH
2005-08-26,100000.0,False,CASH
2005-08-29,100000.0,False,CASH
2005-08-30,100000.0,False,CASH
2005-08-31,100000.0,False,CASH
2005-09-01,100000.0,False,CASH
2005-09-02,100000.0,False,CASH
2005-09-06,100000.0,False,CASH
2005-09-07,100000.0,False,CASH
2005-09-08,100000.0,False,CASH
2005-09-09,100000.0,False,CASH
2005-09-12,100000.0,False,CASH
2005-09-13,100000.0,False,CASH
2005-09-14,100000.0,False,CASH
2005-09-15,100000.0,False,CASH
2005-09-16,100000.0,False,CASH
2005-09-19,100000.0,False,CASH
2005-09-20,100000.0,False,CASH
2005-09-21,100000.0,False,CASH
2005-09-22,100000.0,False,CASH
2005-09-23,100000.0,False,CASH
2005-09-26,100000.0,False,CASH
2005-09-27,100000.0,False,CASH
2005-09-28,100000.0,False,CASH
2005-09-29,100000.0,False,CASH
2005-09-30,100000.0,False,CASH
2005-10-03,100000.0,False,CASH
2005-10-04,100000.0,False,CASH
2005-10-05,100000.0,False,CASH
2005-10-06,100000.0,False,CASH
2005-10-07,100000.0,False,CASH
2005-10-10,100000.0,False,CASH
2005-10-11,100000.0,False,CASH
2005-10-12,100000.0,False,CASH
2005-10-13,100000.0,False,CASH
2005-10-14,100000.0,False,CASH
2005-10-17,100000.0,False,CASH
2005-10-18,100000.0,False,CASH
2005-10-19,100000.0,False,CASH
2005-10-20,100000.0,False,CASH
2005-10-21,100000.0,False,CASH
2005-10-24,100000.0,False,CASH
2005-10-25,100000.0,False,CASH
2005-10-26,100000.0,False,CASH
2005-10-27,100000.0,False,CASH
2005-10-28,100000.0,False,CASH
2005-10-31,100000.0,False,CASH
2005-11-01,100000.0,False,CASH
2005-11-02,100000.0,False,CASH
2005-11-03,100000.0,False,CASH
2005-11-04,100000.0,False,CASH
2005-11-07,100000.0,False,CASH
2005-11-08,100000.0,False,CASH
2005-11-09,100000.0,False,CASH
2005-11-10,100000.0,False,CASH
2005-11-11,100000.0,False,CASH
2005-11-14,100000.0,False,CASH
2005-11-15,100000.0,False,CASH
2005-11-16,100000.0,False,CASH
2005-11-17,100000.0,False,CASH
2005-11-18,100000.0,False,CASH
2005-11-21,100000.0,False,CASH
2005-11-22,100000.0,False,CASH
2005-11-23,100000.0,False,CASH
2005-11-25,100000.0,False,CASH
2005-11-28,100000.0,False,CASH
2005-11-29,100000.0,False,CASH
2005-11-30,100000.0,False,CASH
2005-12-01,100000.0,False,CASH
2005-12-02,100000.0,False,CASH
2005-12-05,100000.0,False,CASH
2005-12-06,100000.0,False,CASH
2005-12-07,100000.0,False,CASH
2005-12-08,100000.0,False,CASH
2005-12-09,100000.0,False,CASH
2005-12-12,100000.0,False,CASH
2005-12-13,100000.0,False,CASH
2005-12-14,100000.0,False,CASH
2005-12-15,100000.0,False,CASH
2005-12-16,100000.0,False,CASH
2005-12-19,100000.0,False,CASH
2005-12-20,100000.0,False,CASH
2005-12-21,100000.0,False,CASH
2005-12-22,100000.0,False,CASH
2005-12-23,100000.0,False,CASH
2005-12-27,100000.0,False,CASH
2005-12-28,100000.0,False,CASH
2005-12-29,100000.0,False,CASH
2005-12-30,100000.0,False,CASH
2006-01-03,100000.0,False,CASH
2006-01-04,100000.0,False,CASH
2006-01-05,100000.0,False,CASH
2006-01-06,100000.0,False,CASH
2006-01-09,100000.0,False,CASH
2006-01-10,100000.0,False,CASH
2006-01-11,100000.0,False,CASH
2006-01-12,100000.0,False,CASH
2006-01-13,100000.0,False,CASH
2006-01-17,100000.0,False,CASH
2006-01-18,100000.0,False,CASH
2006-01-19,100000.0,False,CASH
2006-01-20,100000.0,False,CASH
2006-01-23,100000.0,False,CASH
2006-01-24,100000.0,False,CASH
2006-01-25,100000.0,False,CASH
2006-01-26,100000.0,False,CASH
2006-01-27,100000.0,False,CASH
2006-01-30,100000.0,False,CASH
2006-01-31,100000.0,False,CASH
2006-02-01,100000.0,False,CASH
2006-02-02,100000.0,False,CASH
2006-02-03,100000.0,False,CASH
2006-02-06,100000.0,False,CASH
2006-02-07,100000.0,False,CASH
2006-02-08,100000.0,False,CASH
2006-02-09,100000.0,False,CASH
2006-02-10,100000.0,False,CASH
2006-02-13,100000.0,False,CASH
2006-02-14,100000.0,False,CASH
2006-02-15,100000.0,False,CASH
2006-02-16,100000.0,False,CASH
2006-02-17,100000.0,False,CASH
2006-02-21,100000.0,False,CASH
2006-02-22,100000.0,False,CASH
2006-02-23,100000.0,False,CASH
2006-02-24,100000.0,False,CASH
2006-02-27,100000.0,False,CASH
2006-02-28,100000.0,False,CASH
2006-03-01,100000.0,False,CASH
2006-03-02,100000.0,False,CASH
2006-03-03,100000.0,False,CASH
2006-03-06,100000.0,False,CASH
2006-03-07,100000.0,False,CASH
2006-03-08,100000.0,False,CASH
2006-03-09,100000.0,False,CASH
2006-03-10,100000.0,False,CASH
2006-03-13,100000.0,False,CASH
2006-03-14,100000.0,False,CASH
2006-03-15,100000.0,False,CASH
2006-03-16,100000.0,False,CASH
2006-03-17,100000.0,False,CASH
2006-03-20,100000.0,False,CASH
2006-03-21,100000.0,False,CASH
2006-03-22,100000.0,False,CASH
2006-03-23,100000.0,False,CASH
2006-03-24,100000.0,False,CASH
2006-03-27,100000.0,False,CASH
2006-03-28,100000.0,False,CASH
2006-03-29,100000.0,False,CASH
2006-03-30,100000.0,False,CASH
2006-03-31,100000.0,False,CASH
2006-04-03,100000.0,False,CASH
2006-04-04,100000.0,False,CASH
2006-04-05,100000.0,False,CASH
2006-04-06,100000.0,False,CASH
2006-04-07,100000.0,False,CASH
2006-04-10,100000.0,False,CASH
2006-04-11,100000.0,False,CASH
2006-04-12,100000.0,False,CASH
2006-04-13,100000.0,False,CASH
2006-04-17,100000.0,False,CASH
2006-04-18,100000.0,False,CASH
2006-04-19,100000.0,False,CASH
2006-04-20,100000.0,False,CASH
2006-04-21,100000.0,False,CASH
2006-04-24,100000.0,False,CASH
2006-04-25,100000.0,False,CASH
2006-04-26,100000.0,False,CASH
2006-04-27,100000.0,False,CASH
2006-04-28,100000.0,False,CASH
2006-05-01,100000.0,False,CASH
2006-05-02,100000.0,False,CASH
2006-05-03,100000.0,False,CASH
2006-05-04,100000.0,False,CASH
2006-05-05,100000.0,False,CASH
2006-05-08,100000.0,False,CASH
2006-05-09,100000.0,False,CASH
2006-05-10,100000.0,False,CASH
2006-05-11,100000.0,False,CASH
2006-05-12,100000.0,False,CASH
2006-05-15,100000.0,False,CASH
2006-05-16,100000.0,False,CASH
2006-05-17,100000.0,False,CASH
2006-05-18,100000.0,False,CASH
2006-05-19,100000.0,False,CASH
2006-05-22,100000.0,False,CASH
2006-05-23,100000.0,False,CASH
2006-05-24,100000.0,False,CASH
2006-05-25,100000.0,False,CASH
2006-05-26,100000.0,False,CASH
2006-05-30,100000.0,False,CASH
2006-05-31,100000.0,False,CASH
2006-06-01,100000.0,False,CASH
2006-06-02,100000.0,False,CASH
2006-06-05,100000.0,False,CASH
2006-06-06,100000.0,False,CASH
2006-06-07,100000.0,False,CASH
2006-06-08,100000.0,False,CASH
2006-06-09,100000.0,False,CASH
2006-06-12,100000.0,False,CASH
2006-06-13,100000.0,False,CASH
2006-06-14,100000.0,False,CASH
2006-06-15,100000.0,False,CASH
2006-06-16,100000.0,False,CASH
2006-06-19,100000.0,False,CASH
2006-06-20,100000.0,False,CASH
2006-06-21,100000.0,False,CASH
2006-06-22,100000.0,False,CASH
2006-06-23,100000.0,False,CASH
2006-06-26,100000.0,False,CASH
2006-06-27,100000.0,False,CASH
2006-06-28,100000.0,False,CASH
2006-06-29,100000.0,False,CASH
2006-06-30,100000.0,False,CASH
2006-07-03,100000.0,False,CASH
2006-07-05,100000.0,False,CASH
2006-07-06,100000.0,False,CASH
2006-07-07,100000.0,False,CASH
2006-07-10,100000.0,False,CASH
2006-07-11,100000.0,False,CASH
2006-07-12,100000.0,False,CASH
2006-07-13,100000.0,False,CASH
2006-07-14,100000.0,False,CASH
2006-07-17,100000.0,False,CASH
2006-07-18,100000.0,False,CASH
2006-07-19,100000.0,False,CASH
2006-07-20,100000.0,False,CASH
2006-07-21,100000.0,False,CASH
2006-07-24,100000.0,False,CASH
2006-07-25,100000.0,False,CASH
2006-07-26,100000.0,False,CASH
2006-07-27,100000.0,False,CASH
2006-07-28,100000.0,False,CASH
2006-07-31,100000.0,False,CASH
2006-08-01,100000.0,False,CASH
2006-08-02,100000.0,False,CASH
2006-08-03,100000.0,False,CASH
2006-08-04,100000.0,False,CASH
2006-08-07,100000.0,False,CASH
2006-08-08,100000.0,False,CASH
2006-08-09,100000.0,False,CASH
2006-08-10,100000.0,False,CASH
2006-08-11,100000.0,False,CASH
2006-08-14,100000.0,False,CASH
2006-08-15,100000.0,False,CASH
2006-08-16,100000.0,False,CASH
2006-08-17,100000.0,False,CASH
2006-08-18,100000.0,False,CASH
2006-08-21,100000.0,False,CASH
2006-08-22,100000.0,False,CASH
2006-08-23,100000.0,False,CASH
2006-08-24,100000.0,False,CASH
2006-08-25,100000.0,False,CASH
2006-08-28,100000.0,False,CASH
2006-08-29,100000.0,False,CASH
2006-08-30,100000.0,False,CASH
2006-08-31,100000.0,False,CASH
2006-09-01,100000.0,False,CASH
2006-09-05,100000.0,False,CASH
2006-09-06,100000.0,False,CASH
2006-09-07,100000.0,False,CASH
2006-09-08,100000.0,False,CASH
2006-09-11,100000.0,False,CASH
2006-09-12,100000.0,False,CASH
2006-09-13,100000.0,False,CASH
2006-09-14,100000.0,False,CASH
2006-09-15,100000.0,False,CASH
2006-09-18,100000.0,False,CASH
2006-09-19,100000.0,False,CASH
2006-09-20,100000.0,False,CASH
2006-09-21,100000.0,False,CASH
2006-09-22,100000.0,False,CASH
2006-09-25,100000.0,False,CASH
2006-09-26,100000.0,False,CASH
2006-09-27,100000.0,False,CASH
2006-09-28,100000.0,False,CASH
2006-09-29,100000.0,False,CASH
2006-10-02,100000.0,False,CASH
2006-10-03,100000.0,False,CASH
2006-10-04,100000.0,False,CASH
2006-10-05,100000.0,False,CASH
2006-10-06,100000.0,False,CASH
2006-10-09,100000.0,False,CASH
2006-10-10,100000.0,False,CASH
2006-10-11,100000.0,False,CASH
2006-10-12,100000.0,False,CASH
2006-10-13,100000.0,False,CASH
2006-10-16,100000.0,False,CASH
2006-10-17,100000.0,False,CASH
2006-10-18,100000.0,False,CASH
2006-10-19,100000.0,False,CASH
2006-10-20,100000.0,False,CASH
2006-10-23,100000.0,False,CASH
2006-10-24,100000.0,False,CASH
2006-10-25,100000.0,False,CASH
2006-10-26,100000.0,False,CASH
2006-10-27,100000.0,False,CASH
2006-10-30,100000.0,False,CASH
2006-10-31,100000.0,False,CASH
2006-11-01,100000.0,False,CASH
2006-11-02,100000.0,False,CASH
2006-11-03,100000.0,False,CASH
2006-11-06,100000.0,False,CASH
2006-11-07,100000.0,False,CASH
2006-11-08,100000.0,False,CASH
2006-11-09,100000.0,False,CASH
2006-11-10,100000.0,False,CASH
2006-11-13,100000.0,False,CASH
2006-11-14,100000.0,False,CASH
2006-11-15,100000.0,False,CASH
2006-11-16,100000.0,False,CASH
2006-11-17,100000.0,False,CASH
2006-11-20,100000.0,False,CASH
2006-11-21,100000.0,False,CASH
2006-11-22,100000.0,False,CASH
2006-11-24,100000.0,False,CASH
2006-11-27,100000.0,False,CASH
2006-11-28,100000.0,False,CASH
2006-11-29,100000.0,False,CASH
2006-11-30,100000.0,False,CASH
2006-12-01,100000.0,False,CASH
2006-12-04,100000.0,False,CASH
2006-12-05,100000.0,False,CASH
2006-12-06,100000.0,False,CASH
2006-12-07,100000.0,False,CASH
2006-12-08,100000.0,False,CASH
2006-12-11,100000.0,False,CASH
2006-12-12,100000.0,False,CASH
2006-12-13,100000.0,False,CASH
2006-12-14,100000.0,False,CASH
2006-12-15,100000.0,False,CASH
2006-12-18,100000.0,False,CASH
2006-12-19,100000.0,False,CASH
2006-12-20,100000.0,False,CASH
2006-12-21,100000.0,False,CASH
2006-12-22,100000.0,False,CASH
2006-12-26,100000.0,False,CASH
2006-12-27,100000.0,False,CASH
2006-12-28,100000.0,False,CASH
2006-12-29,100000.0,False,CASH
2007-01-03,100000.0,False,CASH
2007-01-04,100000.0,False,CASH
2007-01-05,100000.0,False,CASH
2007-01-08,100000.0,False,CASH
2007-01-09,100000.0,False,CASH
2007-01-10,100000.0,False,CASH
2007-01-11,100000.0,False,CASH
2007-01-12,100000.0,False,CASH
2007-01-16,100000.0,False,CASH
2007-01-17,100000.0,False,CASH
2007-01-18,100000.0,False,CASH
2007-01-19,100000.0,False,CASH
2007-01-22,100000.0,False,CASH
2007-01-23,100000.0,False,CASH
2007-01-24,100000.0,False,CASH
2007-01-25,100000.0,False,CASH
2007-01-26,100000.0,False,CASH
2007-01-29,100000.0,False,CASH
2007-01-30,100000.0,False,CASH
2007-01-31,100000.0,False,CASH
2007-02-01,100000.0,False,CASH
2007-02-02,100000.0,False,CASH
2007-02-05,100000.0,False,CASH
2007-02-06,100000.0,False,CASH
2007-02-07,100000.0,False,CASH
2007-02-08,100000.0,False,CASH
2007-02-09,100000.0,False,CASH
2007-02-12,100000.0,False,CASH
2007-02-13,100000.0,False,CASH
2007-02-14,100000.0,False,CASH
2007-02-15,100000.0,False,CASH
2007-02-16,100000.0,False,CASH
2007-02-20,100000.0,False,CASH
2007-02-21,100000.0,False,CASH
2007-02-22,100000.0,False,CASH
2007-02-23,100000.0,False,CASH
2007-02-26,100000.0,False,CASH
2007-02-27,100000.0,False,CASH
2007-02-28,100000.0,False,CASH
2007-03-01,100000.0,False,CASH
2007-03-02,100000.0,False,CASH
2007-03-05,100000.0,False,CASH
2007-03-06,100000.0,False,CASH
2007-03-07,100000.0,False,CASH
2007-03-08,100000.0,False,CASH
2007-03-09,100000.0,False,CASH
2007-03-12,100000.0,False,CASH
2007-03-13,100000.0,False,CASH
2007-03-14,100000.0,False,CASH
2007-03-15,100000.0,False,CASH
2007-03-16,100000.0,False,CASH
2007-03-19,100000.0,False,CASH
2007-03-20,100000.0,False,CASH
2007-03-21,100000.0,False,CASH
2007-03-22,100000.0,False,CASH
2007-03-23,100000.0,False,CASH
2007-03-26,100000.0,False,CASH
2007-03-27,100000.0,False,CASH
2007-03-28,100000.0,False,CASH
2007-03-29,100000.0,False,CASH
2007-03-30,100000.0,False,CASH
2007-04-02,100000.0,False,CASH
2007-04-03,100000.0,False,CASH
2007-04-04,100000.0,False,CASH
2007-04-05,100000.0,False,CASH
2007-04-09,100000.0,False,CASH
2007-04-10,100000.0,False,CASH
2007-04-11,100000.0,False,CASH
2007-04-12,100000.0,False,CASH
2007-04-13,100000.0,False,CASH
2007-04-16,100000.0,False,CASH
2007-04-17,100000.0,False,CASH
2007-04-18,100000.0,False,CASH
2007-04-19,100000.0,False,CASH
2007-04-20,100000.0,False,CASH
2007-04-23,100000.0,False,CASH
2007-04-24,100000.0,False,CASH
2007-04-25,100000.0,False,CASH
2007-04-26,100000.0,False,CASH
2007-04-27,100000.0,False,CASH
2007-04-30,100000.0,False,CASH
2007-05-01,100000.0,False,CASH
2007-05-02,100000.0,False,CASH
2007-05-03,100000.0,False,CASH
2007-05-04,100000.0,False,CASH
2007-05-07,100000.0,False,CASH
2007-05-08,100000.0,False,CASH
2007-05-09,100000.0,False,CASH
2007-05-10,100000.0,False,CASH
2007-05-11,100000.0,False,CASH
2007-05-14,100000.0,False,CASH
2007-05-15,100000.0,False,CASH
2007-05-16,100000.0,False,CASH
2007-05-17,100000.0,False,CASH
2007-05-18,100000.0,False,CASH
2007-05-21,100000.0,False,CASH
2007-05-22,100000.0,False,CASH
2007-05-23,100000.0,False,CASH
2007-05-24,100000.0,False,CASH
2007-05-25,100000.0,False,CASH
2007-05-29,100000.0,False,CASH
2007-05-30,100000.0,False,CASH
2007-05-31,100000.0,False,CASH
2007-06-01,100000.0,False,CASH
2007-06-04,100000.0,False,CASH
2007-06-05,100000.0,False,CASH
2007-06-06,100000.0,False,CASH
2007-06-07,100000.0,False,CASH
2007-06-08,100000.0,False,CASH
2007-06-11,100000.0,False,CASH
2007-06-12,100000.0,False,CASH
2007-06-13,100000.0,False,CASH
2007-06-14,100000.0,False,CASH
2007-06-15,100000.0,False,CASH
2007-06-18,100000.0,False,CASH
2007-06-19,100000.0,False,CASH
2007-06-20,100000.0,False,CASH
2007-06-21,100000.0,False,CASH
2007-06-22,100000.0,False,CASH
2007-06-25,100000.0,False,CASH
2007-06-26,100000.0,False,CASH
2007-06-27,100000.0,False,CASH
2007-06-28,100000.0,False,CASH
2007-06-29,100000.0,False,CASH
2007-07-02,100000.0,False,CASH
2007-07-03,100000.0,False,CASH
2007-07-05,100000.0,False,CASH
2007-07-06,100000.0,False,CASH
2007-07-09,100000.0,False,CASH
2007-07-10,100000.0,False,CASH
2007-07-11,100000.0,False,CASH
2007-07-12,100000.0,False,CASH
2007-07-13,100000.0,False,CASH
2007-07-16,100000.0,False,CASH
2007-07-17,100000.0,False,CASH
2007-07-18,100000.0,False,CASH
2007-07-19,100000.0,False,CASH
2007-07-20,100000.0,False,CASH
2007-07-23,100000.0,False,CASH
2007-07-24,100000.0,False,CASH
2007-07-25,100000.0,False,CASH
2007-07-26,100000.0,False,CASH
2007-07-27,100000.0,False,CASH
2007-07-30,100000.0,False,CASH
2007-07-31,100000.0,False,CASH
2007-08-01,100000.0,False,CASH
2007-08-02,100000.0,False,CASH
2007-08-03,100000.0,False,CASH
2007-08-06,100000.0,False,CASH
2007-08-07,100000.0,False,CASH
2007-08-08,100000.0,False,CASH
2007-08-09,100000.0,False,CASH
2007-08-10,100000.0,False,CASH
2007-08-13,100000.0,False,CASH
2007-08-14,100000.0,False,CASH
2007-08-15,100000.0,False,CASH
2007-08-16,100000.0,False,CASH
2007-08-17,100000.0,False,CASH
2007-08-20,100000.0,False,CASH
2007-08-21,100000.0,False,CASH
2007-08-22,100000.0,False,CASH
2007-08-23,100000.0,False,CASH
2007-08-24,100000.0,False,CASH
2007-08-27,100000.0,False,CASH
2007-08-28,100000.0,False,CASH
2007-08-29,100000.0,False,CASH
2007-08-30,100000.0,False,CASH
2007-08-31,100000.0,False,CASH
2007-09-04,100000.0,False,CASH
2007-09-05,100000.0,False,CASH
2007-09-06,100000.0,False,CASH
2007-09-07,100000.0,False,CASH
2007-09-10,100000.0,False,CASH
2007-09-11,100000.0,False,CASH
2007-09-12,100000.0,False,CASH
2007-09-13,100000.0,False,CASH
2007-09-14,100000.0,False,CASH
2007-09-17,100000.0,False,CASH
2007-09-18,100000.0,False,CASH
2007-09-19,100000.0,False,CASH
2007-09-20,100000.0,False,CASH
2007-09-21,100000.0,False,CASH
2007-09-24,100000.0,False,CASH
2007-09-25,100000.0,False,CASH
2007-09-26,100000.0,False,CASH
2007-09-27,100000.0,False,CASH
2007-09-28,100000.0,False,CASH
2007-10-01,100000.0,False,CASH
2007-10-02,100000.0,False,CASH
2007-10-03,100000.0,False,CASH
2007-10-04,100000.0,False,CASH
2007-10-05,100000.0,False,CASH
2007-10-08,100000.0,False,CASH
2007-10-09,100000.0,False,CASH
2007-10-10,100000.0,False,CASH
2007-10-11,100000.0,False,CASH
2007-10-12,100000.0,False,CASH
2007-10-15,100000.0,False,CASH
2007-10-16,100000.0,False,CASH
2007-10-17,100000.0,False,CASH
2007-10-18,100000.0,False,CASH
2007-10-19,100000.0,False,CASH
2007-10-22,100000.0,False,CASH
2007-10-23,100000.0,False,CASH
2007-10-24,100000.0,False,CASH
2007-10-25,100000.0,False,CASH
2007-10-26,100000.0,False,CASH
2007-10-29,100000.0,False,CASH
2007-10-30,100000.0,False,CASH
2007-10-31,100000.0,False,CASH
2007-11-01,100000.0,False,CASH
2007-11-02,100000.0,False,CASH
2007-11-05,100000.0,False,CASH
2007-11-06,100000.0,False,CASH
2007-11-07,100000.0,False,CASH
2007-11-08,100000.0,False,CASH
2007-11-09,100000.0,False,CASH
2007-11-12,100000.0,False,CASH
2007-11-13,100000.0,False,CASH
2007-11-14,100000.0,False,CASH
2007-11-15,100000.0,False,CASH
2007-11-16,100000.0,False,CASH
2007-11-19,100000.0,False,CASH
2007-11-20,100000.0,False,CASH
2007-11-21,100000.0,False,CASH
2007-11-23,100000.0,False,CASH
2007-11-26,100000.0,False,CASH
2007-11-27,100000.0,False,CASH
2007-11-28,100000.0,False,CASH
2007-11-29,100000.0,False,CASH
2007-11-30,100000.0,False,CASH
2007-12-03,100000.0,False,CASH
2007-12-04,100000.0,False,CASH
2007-12-05,100000.0,False,CASH
2007-12-06,100000.0,False,CASH
2007-12-07,100000.0,False,CASH
2007-12-10,100000.0,False,CASH
2007-12-11,100000.0,False,CASH
2007-12-12,100000.0,False,CASH
2007-12-13,100000.0,False,CASH
2007-12-14,100000.0,False,CASH
2007-12-17,100000.0,False,CASH
2007-12-18,100000.0,False,CASH
2007-12-19,100000.0,False,CASH
2007-12-20,100000.0,False,CASH
2007-12-21,100000.0,False,CASH
2007-12-24,100000.0,False,CASH
2007-12-26,100000.0,False,CASH
2007-12-27,100000.0,False,CASH
2007-12-28,100000.0,False,CASH
2007-12-31,100000.0,False,CASH
2008-01-02,100000.0,False,CASH
2008-01-03,100000.0,False,CASH
2008-01-04,100000.0,False,CASH
2008-01-07,100000.0,False,CASH
2008-01-08,100000.0,False,CASH
2008-01-09,100000.0,False,CASH
2008-01-10,100000.0,False,CASH
2008-01-11,100000.0,False,CASH
2008-01-14,100000.0,False,CASH
2008-01-15,100000.0,False,CASH
2008-01-16,100000.0,False,CASH
2008-01-17,100000.0,False,CASH
2008-01-18,100000.0,False,CASH
2008-01-22,100000.0,False,CASH
2008-01-23,100000.0,False,CASH
2008-01-24,100000.0,False,CASH
2008-01-25,100000.0,True,GLD
2008-01-28,101605.75514865828,True,GLD
2008-01-29,100941.30503365974,True,GLD
2008-01-30,101949.05254413685,True,GLD
2008-01-31,101218.15995232093,True,GLD
2008-02-01,98947.9462397225,True,GLD
2008-02-04,98671.0913210613,True,GLD
2008-02-05,97098.5574108117,True,GLD
2008-02-06,98504.97668007626,True,GLD
2008-02-07,99501.65607704489,True,GLD
2008-02-08,100775.1903926747,True,GLD
2008-02-11,101140.64091305346,True,GLD
2008-02-12,98925.8015637639,True,GLD
2008-02-13,99047.61840389017,True,GLD
2008-02-14,99346.61799850994,True,GLD
2008-02-15,98726.46568437018,True,GLD
2008-02-19,101417.49583171465,True,GLD
2008-02-20,103255.80809817534,True,GLD
2008-02-21,103266.88466062545,True,GLD
2008-02-22,103421.92273916039,True,GLD
2008-02-25,102702.09826085296,True,GLD
2008-02-26,103776.29669708906,True,GLD
2008-02-27,104961.2354110013,True,GLD
2008-02-28,106301.2122034485,True,GLD
2008-02-29,106511.62464529231,True,GLD
2008-03-03,107685.48679675446,True,GLD
2008-03-04,105404.20497064754,True,GLD
2008-03-05,108217.05195811826,True,GLD
2008-03-06,106865.99860322097,True,GLD
2008-03-07,106411.95248112464,True,GLD
2008-03-10,106168.32724981374,True,GLD
2008-03-11,106301.2122034485,True,GLD
2008-03-12,107430.78500299346,True,GLD
2008-03-13,108903.64674907539,True,GLD
2008-03-14,109313.39507031294,True,GLD
2008-03-17,109822.80710677654,True,GLD
2008-03-18,106865.99860322097,True,GLD
2008-03-19,103034.32754282304,True,GLD
2008-03-20,99568.10700280387,True,GLD
2008-03-24,99778.51099570608,True,GLD
2008-03-25,102691.03014734447,True,GLD
2008-03-26,103875.96886125673,True,GLD
2008-03-27,103499.44177842786,True,GLD
2008-03-28,101749.71666474313,True,GLD
2008-03-31,100121.81684012625,True,GLD
2008-04-01,96190.47361556065,True,SH
2008-04-02,96309.93338067443,True,SH
2008-04-03,95981.42104464932,True,SH
2008-04-04,96041.16303543295,True,SH
2008-04-07,96056.09651509108,True,SH
2008-04-08,96399.53425862314,True,SH
2008-04-09,97146.12752001741,True,SH
2008-04-10,96877.34910262478,True,SH
2008-04-11,98639.28175420128,True,SH
2008-04-14,99132.0381500122,True,SH
2008-04-15,98788.62462293364,True,SH
2008-04-16,96190.47361556065,True,SH
2008-04-17,95891.83631100295,True,SH
2008-04-18,94861.54729686026,True,SH
2008-04-21,94891.43040047881,True,SH
2008-04-22,95279.65243868291,True,SH
2008-04-23,95503.63848925235,True,SH
2008-04-24,95085.5333474297,True,SH
2008-04-25,94219.49646522397,True,SH
2008-04-28,94353.86549354238,True,SH
2008-04-29,94607.7346477304,True,SH
2008-04-30,94966.07358231592,True,SH
2008-05-01,93263.86677722071,True,XLE
2008-05-02,95025.07617950876,True,XLE
2008-05-05,96401.38520317638,True,XLE
2008-05-06,98955.82000347541,False,CASH
2008-05-07,98955.82000347541,True,XLE
2008-05-08,100940.64875748783,True,XLE
2008-05-09,100750.45996132944,True,XLE
2008-05-12,100191.87992705102,True,XLE
2008-05-13,101832.05918504341,True,XLE
2008-05-14,100667.32802438215,True,XLE
2008-05-15,101998.45048861716,False,CASH
2008-05-16,101998.45048861716,False,CASH
2008-05-19,101998.45048861716,False,CASH
2008-05-20,101998.45048861716,False,CASH
2008-05-21,101998.45048861716,True,XLE
2008-05-22,100509.46941180006,True,XLE
2008-05-23,98802.78878921941,True,XLE
2008-05-27,98161.30314818233,True,XLE
2008-05-28,100234.51848529927,True,XLE
2008-05-29,97497.03669228693,True,XLE
2008-05-30,98504.98796856997,True,XLE
2008-06-02,99089.14547410277,True,XLE
2008-06-03,96958.70945815541,True,XLE
2008-06-04,95515.47422249583,True,XLE
2008-06-05,100497.97922317375,True,XLE
2008-06-06,98527.91461748566,True,XLE
2008-06-09,101425.76782075726,True,XLE
2008-06-10,98928.81244122703,True,XLE
2008-06-11,99535.83519186187,True,XLE
2008-06-12,98023.89676422227,True,XLE
2008-06-13,99192.21177528787,True,XLE
2008-06-16,99547.31770501148,True,XLE
2008-06-17,101196.67786756456,True,XLE
2008-06-18,101586.13155553983,True,XLE
2008-06-19,99146.35080197979,True,XLE
2008-06-20,98477.993317001,True,XLE
2008-06-23,102371.23304119073,True,XLE
2008-06-24,100430.33524697891,True,XLE
2008-06-25,100051.36626018169,True,XLE
2008-06-26,99327.86047508265,True,XLE
2008-06-27,100200.6926594635,True,XLE
2008-06-30,101613.23366378265,True,XLE
2008-07-01,102038.14805413171,True,XLE
2008-07-02,98960.35097500491,True,XLE
2008-07-03,97501.83386522712,True,XLE
2008-07-07,95055.69781695592,True,XLE
2008-07-08,93482.35557568206,True,XLE
2008-07-09,91702.30507128517,True,XLE
2008-07-10,94515.94294415739,True,XLE
2008-07-11,93941.72518095664,True,XLE
2008-07-14,94561.87299675582,True,XLE
2008-07-15,90576.82689570617,True,XLE
2008-07-16,88245.48527702421,True,XLE
2008-07-17,86798.45835587273,True,XLE
2008-07-18,88314.39570687526,True,XLE
2008-07-21,90955.78053154999,True,XLE
2008-07-22,87935.39601817122,True,XLE
2008-07-23,84742.76613207166,True,XLE
2008-07-24,84536.05019347194,True,XLE
2008-07-25,84765.70045646405,True,XLE
2008-07-28,85098.77776804638,True,XLE
2008-07-29,84088.19380325377,True,XLE
2008-07-30,89095.33708415244,True,XLE
2008-07-31,85443.35294373172,True,XLE
2008-08-01,85431.83972867529,True,SH
2008-08-04,86332.02896184233,True,SH
2008-08-05,83976.71547015349,True,SH
2008-08-06,83705.4291150872,True,SH
2008-08-07,84901.56951611057,True,SH
2008-08-08,83162.85640495461,True,SH
2008-08-11,82558.60504683184,True,SH
2008-08-12,83236.8441969187,True,SH
2008-08-13,83606.78315673911,True,SH
2008-08-14,82792.9174451342,True,SH
2008-08-15,82755.91690274612,True,SH
2008-08-18,84100.04618050973,True,SH
2008-08-19,84716.61332901243,True,SH
2008-08-20,84408.32643155806,True,SH
2008-08-21,84260.35084762989,True,SH
2008-08-22,83483.45909278892,True,SH
2008-08-25,84987.87309845458,True,SH
2008-08-26,84617.95407785228,True,SH
2008-08-27,84063.05228452769,True,SH
2008-08-28,82854.57615390628,True,SH
2008-08-29,83853.40469901537,True,SH
2008-09-02,84272.67328441587,True,SH
2008-09-03,84322.00290999594,True,SH
2008-09-04,86936.24044152889,True,SH
2008-09-05,86664.9540864626,True,SH
2008-09-08,84790.60112097651,True,SH
2008-09-09,87478.83973728561,True,SH
2008-09-10,87084.2625502993,True,SH
2008-09-11,85888.09556365179,True,SH
2008-09-12,85234.53451916705,True,SH
2008-09-15,89340.87026598574,True,SH
2008-09-16,87984.4251978422,True,SH
2008-09-17,92115.439050263,True,SH
2008-09-18,89032.58336853137,True,SH
2008-09-19,85111.21045521685,True,SH
2008-09-22,87799.455717932,True,SH
2008-09-23,89525.85303870801,True,SH
2008-09-24,89106.77719908248,True,SH
2008-09-25,87326.6170999021,True,SH
2008-09-26,87338.9461830941,True,SH
2008-09-29,94570.86735603331,True,SH
2008-09-30,90367.70011971366,True,SH
2008-10-01,90738.54963716064,True,SH
2008-10-02,93087.40946859102,True,SH
2008-10-03,95188.9631779237,True,SH
2008-10-06,99144.87746339393,True,SH
2008-10-07,104584.25628271248,True,SH
2008-10-08,106302.58486656392,True,SH
2008-10-09,113361.42033358068,True,SH
2008-10-10,113732.28979024578,True,SH
2008-10-13,101431.89913308932,True,SH
2008-10-14,102482.66934134963,True,SH
2008-10-15,112125.1888113637,True,SH
2008-10-16,107551.165411191,True,SH
2008-10-17,107922.06145348024,True,SH
2008-10-20,102606.29913997736,True,SH
2008-10-21,106067.7008773427,True,SH
2008-10-22,112619.69471306256,True,SH
2008-10-23,110641.71763110935,True,SH
2008-10-24,115463.01392134956,True,SH
2008-10-27,118924.38242668472,True,SH
2008-10-28,105820.47451211739,True,SH
2008-10-29,106871.23142756564,True,SH
2008-10-30,104077.38806579144,True,SH
2008-10-31,102729.93558501113,True,SH
2008-11-03,102791.753807528,True,SH
2008-11-04,98526.7550558794,True,SH
2008-11-05,103842.49078375814,True,SH
2008-11-06,108787.38364059593,True,SH
2008-11-07,105795.72329604892,True,SH
2008-11-10,107056.67280230421,True,SH
2008-11-11,109529.10926111406,True,SH
2008-11-12,115079.78214946229,True,SH
2008-11-13,106685.79669923309,True,SH
2008-11-14,111556.50901833181,True,SH
2008-11-17,114474.01541076391,True,SH
2008-11-18,113447.92995451174,True,SH
2008-11-19,119999.89055820144,True,SH
2008-11-20,128109.52946550868,True,SH
2008-11-21,120012.27945904774,True,SH
2008-11-24,113719.91418221155,True,SH
2008-11-25,111630.70949528897,True,SH
2008-11-26,107810.79397007468,True,SH
2008-11-28,106636.3673775625,True,SH
2008-12-01,116402.52329261033,True,SH
2008-12-02,111507.0929894733,True,SH
2008-12-03,108156.9321498894,True,SH
2008-12-04,111544.14670310964,True,SH
2008-12-05,107625.37253455419,True,SH
2008-12-08,103793.06810849361,True,SH
2008-12-09,105758.66293600654,True,SH
2008-12-10,104695.48388768184,True,SH
2008-12-11,107341.01934522619,True,SH
2008-12-12,106698.18560007939,True,SH
2008-12-15,107946.76614470647,True,SH
2008-12-16,102581.5878023451,True,SH
2008-12-17,103496.37254316153,True,SH
2008-12-18,105659.75776782315,True,SH
2008-12-19,105795.72329604892,True,SH
2008-12-22,107192.66491615411,True,SH
2008-12-23,108444.94086253579,True,SH
2008-12-24,107856.8136854501,True,SH
2008-12-26,107268.70644758253,True,SH
2008-12-29,107742.0767780951,True,SH
2008-12-30,105260.46827895913,True,SH
2008-12-31,103309.59524081023,True,SH
2009-01-02,100354.59647194359,True,TLT
2009-01-05,97766.96047922061,True,TLT
2009-01-06,96783.73334685374,True,TLT
2009-01-07,97163.23449228115,True,TLT
2009-01-08,97085.607270656,True,TLT
2009-01-09,97232.20489054287,True,TLT
2009-01-12,98241.39156266753,True,TLT
2009-01-13,98344.90181172277,True,TLT
2009-01-14,99966.36199082503,True,TLT
2009-01-15,100130.29511810384,True,TLT
2009-01-16,98586.38564829902,True,TLT
2009-01-20,98569.12665323481,True,TLT
2009-01-21,95455.40282553007,True,TLT
2009-01-22,93618.30904628402,True,TLT
2009-01-23,92885.08047953396,True,TLT
2009-01-26,92074.33399448404,True,TLT
2009-01-27,94239.25030695759,True,TLT
2009-01-28,91884.55063077275,True,TLT
2009-01-29,89771.38944282681,True,TLT
2009-01-30,89486.73625792493,True,TLT
2009-02-02,91151.6936953287,True,GLD
2009-02-03,90772.07096929468,True,GLD
2009-02-04,91500.54487451266,True,GLD
2009-02-05,92465.0070328185,True,GLD
2009-02-06,91921.20937621058,True,GLD
2009-02-09,90618.16626753465,True,GLD
2009-02-10,92557.34515712353,True,GLD
2009-02-11,94691.47052413637,True,GLD
2009-02-12,95594.3661049872,True,GLD
2009-02-13,94958.23815199255,True,GLD
2009-02-17,97933.69252240122,True,GLD
2009-02-18,99431.6899364194,True,GLD
2009-02-19,98262.01889979409,True,GLD
2009-02-20,100344.84791816577,True,GLD
2009-02-23,100273.02676773354,True,GLD
2009-02-24,97194.96404420598,True,GLD
2009-02-25,95573.8491311144,True,GLD
2009-02-26,95481.50317889106,True,GLD
2009-02-27,95040.31387540205,True,GLD
2009-03-02,93296.08146323707,True,SH
2009-03-03,94031.99553807857,True,SH
2009-03-04,91699.8672468953,True,SH
2009-03-05,95358.74823210019,True,SH
2009-03-06,95462.36806894306,True,SH
2009-03-09,96540.3774449521,True,SH
2009-03-10,90632.24098579424,True,SH
2009-03-11,90124.3712348611,True,SH
2009-03-12,86486.22766416713,True,SH
2009-03-13,85750.332799529,True,SH
2009-03-16,85926.51917950755,True,SH
2009-03-17,83387.0359534185,True,SH
2009-03-18,81604.30026769855,True,SH
2009-03-19,82661.50499348497,True,SH
2009-03-20,84371.76058198427,True,SH
2009-03-23,78204.54091286338,True,SH
2009-03-24,79707.45597410938,True,SH
2009-03-25,79106.29667318215,True,SH
2009-03-26,77323.46013389465,True,SH
2009-03-27,78743.50237791038,True,SH
2009-03-30,81552.45192887043,True,SH
2009-03-31,81106.75600106336,True,SH
2009-04-01,79230.66833218845,True,GLD
2009-04-02,77289.7251899259,True,GLD
2009-04-03,76236.5598388138,True,GLD
2009-04-06,74217.27906526289,True,GLD
2009-04-07,75496.73837238453,True,GLD
2009-04-08,75383.59139437976,True,GLD
2009-04-09,75122.4748107127,True,GLD
2009-04-13,76488.97076556648,True,GLD
2009-04-14,76045.08186999125,True,GLD
2009-04-15,76158.22884799601,True,GLD
2009-04-16,74687.28493158128,True,GLD
2009-04-17,74173.7640616321,True,GLD
2009-04-20,75679.51732476325,True,GLD
2009-04-21,75627.29666421805,True,GLD
2009-04-22,76053.78088643508,True,GLD
2009-04-23,77289.7251899259,True,GLD
2009-04-24,78090.47297381474,True,GLD
2009-04-27,77472.50414230462,True,GLD
2009-04-28,76375.82378756172,True,GLD
2009-04-29,76880.64564106708,True,GLD
2009-04-30,75958.03858178853,True,GLD
2009-05-01,75679.51732476325,True,XLE
2009-05-04,78706.02753648511,True,XLE
2009-05-05,77649.1273231032,True,XLE
2009-05-06,80659.65157197842,True,XLE
2009-05-07,79618.7795564837,True,XLE
2009-05-08,83013.62683618684,True,XLE
2009-05-11,80483.50505600148,True,XLE
2009-05-12,80995.9533617056,True,XLE
2009-05-13,78321.71506441734,True,XLE
2009-05-14,78545.90393901529,True,XLE
2009-05-15,76864.4689017004,True,XLE
2009-05-18,79522.7581918025,True,XLE
2009-05-19,79907.04954635,True,XLE
2009-05-20,80179.26494142876,True,XLE
2009-05-21,77809.27731747336,True,XLE
2009-05-22,77841.30203696733,True,XLE
2009-05-26,79490.67539912778,True,XLE
2009-05-27,78625.93934084986,True,XLE
2009-05-28,81236.1598754306,True,XLE
2009-05-29,82757.40796271485,False,CASH
2009-06-01,82757.40796271485,False,CASH
2009-06-02,82757.40796271485,False,CASH
2009-06-03,82757.40796271485,False,CASH
2009-06-04,82757.40796271485,False,CASH
2009-06-05,82757.40796271485,False,CASH
2009-06-08,82757.40796271485,False,CASH
2009-06-09,82757.40796271485,False,CASH
2009-06-10,82757.40796271485,False,CASH
2009-06-11,82757.40796271485,False,CASH
2009-06-12,82757.40796271485,False,CASH
2009-06-15,82757.40796271485,False,CASH
2009-06-16,82757.40796271485,False,CASH
2009-06-17,82757.40796271485,False,CASH
2009-06-18,82757.40796271485,False,CASH
2009-06-19,82757.40796271485,False,CASH
2009-06-22,82757.40796271485,False,CASH
2009-06-23,82757.40796271485,False,CASH
2009-06-24,82757.40796271485,False,CASH
2009-06-25,82757.40796271485,False,CASH
2009-06-26,82757.40796271485,False,CASH
2009-06-29,82757.40796271485,False,CASH
2009-06-30,82757.40796271485,False,CASH
2009-07-01,82757.40796271485,False,CASH
2009-07-02,82757.40796271485,False,CASH
2009-07-06,82757.40796271485,False,CASH
2009-07-07,82757.40796271485,False,CASH
2009-07-08,82757.40796271485,False,CASH
2009-07-09,82757.40796271485,False,CASH
2009-07-10,82757.40796271485,False,CASH
2009-07-13,82757.40796271485,False,CASH
2009-07-14,82757.40796271485,False,CASH
2009-07-15,82757.40796271485,False,CASH
2009-07-16,82757.40796271485,False,CASH
2009-07-17,82757.40796271485,False,CASH
2009-07-20,82757.40796271485,False,CASH
2009-07-21,82757.40796271485,False,CASH
2009-07-22,82757.40796271485,False,CASH
2009-07-23,82757.40796271485,False,CASH
2009-07-24,82757.40796271485,False,CASH
2009-07-27,82757.40796271485,False,CASH
2009-07-28,82757.40796271485,False,CASH
2009-07-29,82757.40796271485,False,CASH
2009-07-30,82757.40796271485,False,CASH
2009-07-31,82757.40796271485,False,CASH
2009-08-03,82757.40796271485,False,CASH
2009-08-04,82757.40796271485,False,CASH
2009-08-05,82757.40796271485,False,CASH
2009-08-06,82757.40796271485,False,CASH
2009-08-07,82757.40796271485,False,CASH
2009-08-10,82757.40796271485,False,CASH
2009-08-11,82757.40796271485,False,CASH
2009-08-12,82757.40796271485,False,CASH
2009-08-13,82757.40796271485,False,CASH
2009-08-14,82757.40796271485,False,CASH
2009-08-17,82757.40796271485,False,CASH
2009-08-18,82757.40796271485,False,CASH
2009-08-19,82757.40796271485,False,CASH
2009-08-20,82757.40796271485,False,CASH
2009-08-21,82757.40796271485,False,CASH
2009-08-24,82757.40796271485,False,CASH
2009-08-25,82757.40796271485,False,CASH
2009-08-26,82757.40796271485,False,CASH
2009-08-27,82757.40796271485,False,CASH
2009-08-28,82757.40796271485,False,CASH
2009-08-31,82757.40796271485,False,CASH
2009-09-01,82757.40796271485,False,CASH
2009-09-02,82757.40796271485,False,CASH
2009-09-03,82757.40796271485,False,CASH
2009-09-04,82757.40796271485,False,CASH
2009-09-08,82757.40796271485,False,CASH
2009-09-09,82757.40796271485,False,CASH
2009-09-10,82757.40796271485,False,CASH
2009-09-11,82757.40796271485,False,CASH
2009-09-14,82757.40796271485,False,CASH
2009-09-15,82757.40796271485,False,CASH
2009-09-16,82757.40796271485,False,CASH
2009-09-17,82757.40796271485,False,CASH
2009-09-18,82757.40796271485,False,CASH
2009-09-21,82757.40796271485,False,CASH
2009-09-22,82757.40796271485,False,CASH
2009-09-23,82757.40796271485,False,CASH
2009-09-24,82757.40796271485,False,CASH
2009-09-25,82757.40796271485,False,CASH
2009-09-28,82757.40796271485,False,CASH
2009-09-29,82757.40796271485,False,CASH
2009-09-30,82757.40796271485,False,CASH
2009-10-01,82757.40796271485,False,CASH
2009-10-02,82757.40796271485,False,CASH
2009-10-05,82757.40796271485,False,CASH
2009-10-06,82757.40796271485,False,CASH
2009-10-07,82757.40796271485,False,CASH
2009-10-08,82757.40796271485,False,CASH
2009-10-09,82757.40796271485,False,CASH
2009-10-12,82757.40796271485,False,CASH
2009-10-13,82757.40796271485,False,CASH
2009-10-14,82757.40796271485,False,CASH
2009-10-15,82757.40796271485,False,CASH
2009-10-16,82757.40796271485,False,CASH
2009-10-19,82757.40796271485,False,CASH
2009-10-20,82757.40796271485,False,CASH
2009-10-21,82757.40796271485,False,CASH
2009-10-22,82757.40796271485,False,CASH
2009-10-23,82757.40796271485,False,CASH
2009-10-26,82757.40796271485,False,CASH
2009-10-27,82757.40796271485,False,CASH
2009-10-28,82757.40796271485,False,CASH
2009-10-29,82757.40796271485,False,CASH
2009-10-30,82757.40796271485,False,CASH
2009-11-02,82757.40796271485,False,CASH
2009-11-03,82757.40796271485,False,CASH
2009-11-04,82757.40796271485,False,CASH
2009-11-05,82757.40796271485,False,CASH
2009-11-06,82757.40796271485,False,CASH
2009-11-09,82757.40796271485,False,CASH
2009-11-10,82757.40796271485,False,CASH
2009-11-11,82757.40796271485,False,CASH
2009-11-12,82757.40796271485,False,CASH
2009-11-13,82757.40796271485,False,CASH
2009-11-16,82757.40796271485,False,CASH
2009-11-17,82757.40796271485,False,CASH
2009-11-18,82757.40796271485,False,CASH
2009-11-19,82757.40796271485,False,CASH
2009-11-20,82757.40796271485,False,CASH
2009-11-23,82757.40796271485,False,CASH
2009-11-24,82757.40796271485,False,CASH
2009-11-25,82757.40796271485,False,CASH
2009-11-27,82757.40796271485,False,CASH
2009-11-30,82757.40796271485,False,CASH
2009-12-01,82757.40796271485,False,CASH
2009-12-02,82757.40796271485,False,CASH
2009-12-03,82757.40796271485,False,CASH
2009-12-04,82757.40796271485,False,CASH
2009-12-07,82757.40796271485,False,CASH
2009-12-08,82757.40796271485,False,CASH
2009-12-09,82757.40796271485,False,CASH
2009-12-10,82757.40796271485,False,CASH
2009-12-11,82757.40796271485,False,CASH
2009-12-14,82757.40796271485,False,CASH
2009-12-15,82757.40796271485,False,CASH
2009-12-16,82757.40796271485,False,CASH
2009-12-17,82757.40796271485,False,CASH
2009-12-18,82757.40796271485,False,CASH
2009-12-21,82757.40796271485,False,CASH
2009-12-22,82757.40796271485,False,CASH
2009-12-23,82757.40796271485,False,CASH
2009-12-24,82757.40796271485,False,CASH
2009-12-28,82757.40796271485,False,CASH
2009-12-29,82757.40796271485,False,CASH
2009-12-30,82757.40796271485,False,CASH
2009-12-31,82757.40796271485,False,CASH
2010-01-04,82757.40796271485,False,CASH
2010-01-05,82757.40796271485,False,CASH
2010-01-06,82757.40796271485,False,CASH
2010-01-07,82757.40796271485,False,CASH
2010-01-08,82757.40796271485,False,CASH
2010-01-11,82757.40796271485,False,CASH
2010-01-12,82757.40796271485,False,CASH
2010-01-13,82757.40796271485,False,CASH
2010-01-14,82757.40796271485,False,CASH
2010-01-15,82757.40796271485,False,CASH
2010-01-19,82757.40796271485,False,CASH
2010-01-20,82757.40796271485,False,CASH
2010-01-21,82757.40796271485,False,CASH
2010-01-22,82757.40796271485,False,CASH
2010-01-25,82757.40796271485,False,CASH
2010-01-26,82757.40796271485,False,CASH
2010-01-27,82757.40796271485,False,CASH
2010-01-28,82757.40796271485,False,CASH
2010-01-29,82757.40796271485,False,CASH
2010-02-01,82757.40796271485,False,CASH
2010-02-02,82757.40796271485,False,CASH
2010-02-03,82757.40796271485,False,CASH
2010-02-04,82757.40796271485,False,CASH
2010-02-05,82757.40796271485,False,CASH
2010-02-08,82757.40796271485,False,CASH
2010-02-09,82757.40796271485,False,CASH
2010-02-10,82757.40796271485,False,CASH
2010-02-11,82757.40796271485,False,CASH
2010-02-12,82757.40796271485,False,CASH
2010-02-16,82757.40796271485,False,CASH
2010-02-17,82757.40796271485,False,CASH
2010-02-18,82757.40796271485,False,CASH
2010-02-19,82757.40796271485,False,CASH
2010-02-22,82757.40796271485,False,CASH
2010-02-23,82757.40796271485,False,CASH
2010-02-24,82757.40796271485,False,CASH
2010-02-25,82757.40796271485,False,CASH
2010-02-26,82757.40796271485,False,CASH
2010-03-01,82757.40796271485,False,CASH
2010-03-02,82757.40796271485,False,CASH
2010-03-03,82757.40796271485,False,CASH
2010-03-04,82757.40796271485,False,CASH
2010-03-05,82757.40796271485,False,CASH
2010-03-08,82757.40796271485,False,CASH
2010-03-09,82757.40796271485,False,CASH
2010-03-10,82757.40796271485,False,CASH
2010-03-11,82757.40796271485,False,CASH
2010-03-12,82757.40796271485,False,CASH
2010-03-15,82757.40796271485,False,CASH
2010-03-16,82757.40796271485,False,CASH
2010-03-17,82757.40796271485,False,CASH
2010-03-18,82757.40796271485,False,CASH
2010-03-19,82757.40796271485,False,CASH
2010-03-22,82757.40796271485,False,CASH
2010-03-23,82757.40796271485,False,CASH
2010-03-24,82757.40796271485,False,CASH
2010-03-25,82757.40796271485,False,CASH
2010-03-26,82757.40796271485,False,CASH
2010-03-29,82757.40796271485,False,CASH
2010-03-30,82757.40796271485,False,CASH
2010-03-31,82757.40796271485,False,CASH
2010-04-01,82757.40796271485,False,CASH
2010-04-05,82757.40796271485,False,CASH
2010-04-06,82757.40796271485,False,CASH
2010-04-07,82757.40796271485,False,CASH
2010-04-08,82757.40796271485,False,CASH
2010-04-09,82757.40796271485,False,CASH
2010-04-12,82757.40796271485,False,CASH
2010-04-13,82757.40796271485,False,CASH
2010-04-14,82757.40796271485,False,CASH
2010-04-15,82757.40796271485,False,CASH
2010-04-16,82757.40796271485,False,CASH
2010-04-19,82757.40796271485,False,CASH
2010-04-20,82757.40796271485,False,CASH
2010-04-21,82757.40796271485,False,CASH
2010-04-22,82757.40796271485,False,CASH
2010-04-23,82757.40796271485,False,CASH
2010-04-26,82757.40796271485,False,CASH
2010-04-27,82757.40796271485,False,CASH
2010-04-28,82757.40796271485,False,CASH
2010-04-29,82757.40796271485,False,CASH
2010-04-30,82757.40796271485,False,CASH
2010-05-03,82757.40796271485,False,CASH
2010-05-04,82757.40796271485,False,CASH
2010-05-05,82757.40796271485,False,CASH
2010-05-06,82757.40796271485,False,CASH
2010-05-07,82757.40796271485,False,CASH
2010-05-10,82757.40796271485,False,CASH
2010-05-11,82757.40796271485,False,CASH
2010-05-12,82757.40796271485,False,CASH
2010-05-13,82757.40796271485,False,CASH
2010-05-14,82757.40796271485,False,CASH
2010-05-17,82757.40796271485,False,CASH
2010-05-18,82757.40796271485,False,CASH
2010-05-19,82757.40796271485,False,CASH
2010-05-20,82757.40796271485,False,CASH
2010-05-21,82757.40796271485,False,CASH
2010-05-24,82757.40796271485,False,CASH
2010-05-25,82757.40796271485,False,CASH
2010-05-26,82757.40796271485,False,CASH
2010-05-27,82757.40796271485,False,CASH
2010-05-28,82757.40796271485,False,CASH
2010-06-01,82757.40796271485,False,CASH
2010-06-02,82757.40796271485,False,CASH
2010-06-03,82757.40796271485,False,CASH
2010-06-04,82757.40796271485,False,CASH
2010-06-07,82757.40796271485,False,CASH
2010-06-08,82757.40796271485,False,CASH
2010-06-09,82757.40796271485,False,CASH
2010-06-10,82757.40796271485,False,CASH
2010-06-11,82757.40796271485,False,CASH
2010-06-14,82757.40796271485,False,CASH
2010-06-15,82757.40796271485,False,CASH
2010-06-16,82757.40796271485,False,CASH
2010-06-17,82757.40796271485,False,CASH
2010-06-18,82757.40796271485,False,CASH
2010-06-21,82757.40796271485,False,CASH
2010-06-22,82757.40796271485,False,CASH
2010-06-23,82757.40796271485,False,CASH
2010-06-24,82757.40796271485,False,CASH
2010-06-25,82757.40796271485,False,CASH
2010-06-28,82757.40796271485,False,CASH
2010-06-29,82757.40796271485,False,CASH
2010-06-30,82757.40796271485,False,CASH
2010-07-01,82757.40796271485,False,CASH
2010-07-02,82757.40796271485,False,CASH
2010-07-06,82757.40796271485,False,CASH
2010-07-07,82757.40796271485,False,CASH
2010-07-08,82757.40796271485,False,CASH
2010-07-09,82757.40796271485,False,CASH
2010-07-12,82757.40796271485,False,CASH
2010-07-13,82757.40796271485,False,CASH
2010-07-14,82757.40796271485,False,CASH
2010-07-15,82757.40796271485,False,CASH
2010-07-16,82757.40796271485,False,CASH
2010-07-19,82757.40796271485,False,CASH
2010-07-20,82757.40796271485,False,CASH
2010-07-21,82757.40796271485,False,CASH
2010-07-22,82757.40796271485,False,CASH
2010-07-23,82757.40796271485,False,CASH
2010-07-26,82757.40796271485,False,CASH
2010-07-27,82757.40796271485,False,CASH
2010-07-28,82757.40796271485,False,CASH
2010-07-29,82757.40796271485,False,CASH
2010-07-30,82757.40796271485,False,CASH
2010-08-02,82757.40796271485,False,CASH
2010-08-03,82757.40796271485,False,CASH
2010-08-04,82757.40796271485,False,CASH
2010-08-05,82757.40796271485,False,CASH
2010-08-06,82757.40796271485,False,CASH
2010-08-09,82757.40796271485,False,CASH
2010-08-10,82757.40796271485,False,CASH
2010-08-11,82757.40796271485,False,CASH
2010-08-12,82757.40796271485,False,CASH
2010-08-13,82757.40796271485,False,CASH
2010-08-16,82757.40796271485,False,CASH
2010-08-17,82757.40796271485,False,CASH
2010-08-18,82757.40796271485,False,CASH
2010-08-19,82757.40796271485,False,CASH
2010-08-20,82757.40796271485,False,CASH
2010-08-23,82757.40796271485,False,CASH
2010-08-24,82757.40796271485,False,CASH
2010-08-25,82757.40796271485,False,CASH
2010-08-26,82757.40796271485,False,CASH
2010-08-27,82757.40796271485,False,CASH
2010-08-30,82757.40796271485,False,CASH
2010-08-31,82757.40796271485,False,CASH
2010-09-01,82757.40796271485,False,CASH
2010-09-02,82757.40796271485,False,CASH
2010-09-03,82757.40796271485,False,CASH
2010-09-07,82757.40796271485,False,CASH
2010-09-08,82757.40796271485,False,CASH
2010-09-09,82757.40796271485,False,CASH
2010-09-10,82757.40796271485,False,CASH
2010-09-13,82757.40796271485,False,CASH
2010-09-14,82757.40796271485,False,CASH
2010-09-15,82757.40796271485,False,CASH
2010-09-16,82757.40796271485,False,CASH
2010-09-17,82757.40796271485,False,CASH
2010-09-20,82757.40796271485,False,CASH
2010-09-21,82757.40796271485,False,CASH
2010-09-22,82757.40796271485,False,CASH
2010-09-23,82757.40796271485,False,CASH
2010-09-24,82757.40796271485,False,CASH
2010-09-27,82757.40796271485,False,CASH
2010-09-28,82757.40796271485,False,CASH
2010-09-29,82757.40796271485,False,CASH
2010-09-30,82757.40796271485,False,CASH
2010-10-01,82757.40796271485,False,CASH
2010-10-04,82757.40796271485,False,CASH
2010-10-05,82757.40796271485,False,CASH
2010-10-06,82757.40796271485,False,CASH
2010-10-07,82757.40796271485,False,CASH
2010-10-08,82757.40796271485,False,CASH
2010-10-11,82757.40796271485,False,CASH
2010-10-12,82757.40796271485,False,CASH
2010-10-13,82757.40796271485,False,CASH
2010-10-14,82757.40796271485,False,CASH
2010-10-15,82757.40796271485,False,CASH
2010-10-18,82757.40796271485,False,CASH
2010-10-19,82757.40796271485,False,CASH
2010-10-20,82757.40796271485,False,CASH
2010-10-21,82757.40796271485,False,CASH
2010-10-22,82757.40796271485,False,CASH
2010-10-25,82757.40796271485,False,CASH
2010-10-26,82757.40796271485,False,CASH
2010-10-27,82757.40796271485,False,CASH
2010-10-28,82757.40796271485,False,CASH
2010-10-29,82757.40796271485,False,CASH
2010-11-01,82757.40796271485,False,CASH
2010-11-02,82757.40796271485,False,CASH
2010-11-03,82757.40796271485,False,CASH
2010-11-04,82757.40796271485,False,CASH
2010-11-05,82757.40796271485,False,CASH
2010-11-08,82757.40796271485,False,CASH
2010-11-09,82757.40796271485,False,CASH
2010-11-10,82757.40796271485,False,CASH
2010-11-11,82757.40796271485,False,CASH
2010-11-12,82757.40796271485,False,CASH
2010-11-15,82757.40796271485,False,CASH
2010-11-16,82757.40796271485,False,CASH
2010-11-17,82757.40796271485,False,CASH
2010-11-18,82757.40796271485,False,CASH
2010-11-19,82757.40796271485,False,CASH
2010-11-22,82757.40796271485,False,CASH
2010-11-23,82757.40796271485,False,CASH
2010-11-24,82757.40796271485,False,CASH
2010-11-26,82757.40796271485,False,CASH
2010-11-29,82757.40796271485,False,CASH
2010-11-30,82757.40796271485,False,CASH
2010-12-01,82757.40796271485,False,CASH
2010-12-02,82757.40796271485,False,CASH
2010-12-03,82757.40796271485,False,CASH
2010-12-06,82757.40796271485,False,CASH
2010-12-07,82757.40796271485,False,CASH
2010-12-08,82757.40796271485,False,CASH
2010-12-09,82757.40796271485,False,CASH
2010-12-10,82757.40796271485,False,CASH
2010-12-13,82757.40796271485,False,CASH
2010-12-14,82757.40796271485,False,CASH
2010-12-15,82757.40796271485,False,CASH
2010-12-16,82757.40796271485,False,CASH
2010-12-17,82757.40796271485,False,CASH
2010-12-20,82757.40796271485,False,CASH
2010-12-21,82757.40796271485,False,CASH
2010-12-22,82757.40796271485,False,CASH
2010-12-23,82757.40796271485,False,CASH
2010-12-27,82757.40796271485,False,CASH
2010-12-28,82757.40796271485,False,CASH
2010-12-29,82757.40796271485,False,CASH
2010-12-30,82757.40796271485,False,CASH
2010-12-31,82757.40796271485,False,CASH
2011-01-03,82757.40796271485,False,CASH
2011-01-04,82757.40796271485,False,CASH
2011-01-05,82757.40796271485,False,CASH
2011-01-06,82757.40796271485,False,CASH
2011-01-07,82757.40796271485,False,CASH
2011-01-10,82757.40796271485,False,CASH
2011-01-11,82757.40796271485,False,CASH
2011-01-12,82757.40796271485,False,CASH
2011-01-13,82757.40796271485,False,CASH
2011-01-14,82757.40796271485,False,CASH
2011-01-18,82757.40796271485,False,CASH
2011-01-19,82757.40796271485,False,CASH
2011-01-20,82757.40796271485,False,CASH
2011-01-21,82757.40796271485,False,CASH
2011-01-24,82757.40796271485,False,CASH
2011-01-25,82757.40796271485,False,CASH
2011-01-26,82757.40796271485,False,CASH
2011-01-27,82757.40796271485,False,CASH
2011-01-28,82757.40796271485,False,CASH
2011-01-31,82757.40796271485,False,CASH
2011-02-01,82757.40796271485,False,CASH
2011-02-02,82757.40796271485,False,CASH
2011-02-03,82757.40796271485,False,CASH
2011-02-04,82757.40796271485,False,CASH
2011-02-07,82757.40796271485,False,CASH
2011-02-08,82757.40796271485,False,CASH
2011-02-09,82757.40796271485,False,CASH
2011-02-10,82757.40796271485,False,CASH
2011-02-11,82757.40796271485,False,CASH
2011-02-14,82757.40796271485,False,CASH
2011-02-15,82757.40796271485,False,CASH
2011-02-16,82757.40796271485,False,CASH
2011-02-17,82757.40796271485,False,CASH
2011-02-18,82757.40796271485,False,CASH
2011-02-22,82757.40796271485,False,CASH
2011-02-23,82757.40796271485,False,CASH
2011-02-24,82757.40796271485,False,CASH
2011-02-25,82757.40796271485,False,CASH
2011-02-28,82757.40796271485,False,CASH
2011-03-01,82757.40796271485,False,CASH
2011-03-02,82757.40796271485,False,CASH
2011-03-03,82757.40796271485,False,CASH
2011-03-04,82757.40796271485,False,CASH
2011-03-07,82757.40796271485,False,CASH
2011-03-08,82757.40796271485,False,CASH
2011-03-09,82757.40796271485,False,CASH
2011-03-10,82757.40796271485,False,CASH
2011-03-11,82757.40796271485,False,CASH
2011-03-14,82757.40796271485,False,CASH
2011-03-15,82757.40796271485,False,CASH
2011-03-16,82757.40796271485,False,CASH
2011-03-17,82757.40796271485,False,CASH
2011-03-18,82757.40796271485,False,CASH
2011-03-21,82757.40796271485,False,CASH
2011-03-22,82757.40796271485,False,CASH
2011-03-23,82757.40796271485,False,CASH
2011-03-24,82757.40796271485,False,CASH
2011-03-25,82757.40796271485,False,CASH
2011-03-28,82757.40796271485,False,CASH
2011-03-29,82757.40796271485,False,CASH
2011-03-30,82757.40796271485,False,CASH
2011-03-31,82757.40796271485,False,CASH
2011-04-01,82757.40796271485,False,CASH
2011-04-04,82757.40796271485,False,CASH
2011-04-05,82757.40796271485,False,CASH
2011-04-06,82757.40796271485,False,CASH
2011-04-07,82757.40796271485,False,CASH
2011-04-08,82757.40796271485,False,CASH
2011-04-11,82757.40796271485,False,CASH
2011-04-12,82757.40796271485,False,CASH
2011-04-13,82757.40796271485,False,CASH
2011-04-14,82757.40796271485,False,CASH
2011-04-15,82757.40796271485,False,CASH
2011-04-18,82757.40796271485,False,CASH
2011-04-19,82757.40796271485,False,CASH
2011-04-20,82757.40796271485,False,CASH
2011-04-21,82757.40796271485,False,CASH
2011-04-25,82757.40796271485,False,CASH
2011-04-26,82757.40796271485,False,CASH
2011-04-27,82757.40796271485,False,CASH
2011-04-28,82757.40796271485,False,CASH
2011-04-29,82757.40796271485,False,CASH
2011-05-02,82757.40796271485,False,CASH
2011-05-03,82757.40796271485,False,CASH
2011-05-04,82757.40796271485,False,CASH
2011-05-05,82757.40796271485,False,CASH
2011-05-06,82757.40796271485,False,CASH
2011-05-09,82757.40796271485,False,CASH
2011-05-10,82757.40796271485,False,CASH
2011-05-11,82757.40796271485,False,CASH
2011-05-12,82757.40796271485,False,CASH
2011-05-13,82757.40796271485,False,CASH
2011-05-16,82757.40796271485,False,CASH
2011-05-17,82757.40796271485,False,CASH
2011-05-18,82757.40796271485,False,CASH
2011-05-19,82757.40796271485,False,CASH
2011-05-20,82757.40796271485,False,CASH
2011-05-23,82757.40796271485,False,CASH
2011-05-24,82757.40796271485,False,CASH
2011-05-25,82757.40796271485,False,CASH
2011-05-26,82757.40796271485,False,CASH
2011-05-27,82757.40796271485,False,CASH
2011-05-31,82757.40796271485,False,CASH
2011-06-01,82757.40796271485,False,CASH
2011-06-02,82757.40796271485,False,CASH
2011-06-03,82757.40796271485,False,CASH
2011-06-06,82757.40796271485,False,CASH
2011-06-07,82757.40796271485,False,CASH
2011-06-08,82757.40796271485,False,CASH
2011-06-09,82757.40796271485,False,CASH
2011-06-10,82757.40796271485,False,CASH
2011-06-13,82757.40796271485,False,CASH
2011-06-14,82757.40796271485,False,CASH
2011-06-15,82757.40796271485,False,CASH
2011-06-16,82757.40796271485,False,CASH
2011-06-17,82757.40796271485,False,CASH
2011-06-20,82757.40796271485,False,CASH
2011-06-21,82757.40796271485,False,CASH
2011-06-22,82757.40796271485,False,CASH
2011-06-23,82757.40796271485,False,CASH
2011-06-24,82757.40796271485,False,CASH
2011-06-27,82757.40796271485,False,CASH
2011-06-28,82757.40796271485,False,CASH
2011-06-29,82757.40796271485,False,CASH
2011-06-30,82757.40796271485,False,CASH
2011-07-01,82757.40796271485,False,CASH
2011-07-05,82757.40796271485,False,CASH
2011-07-06,82757.40796271485,False,CASH
2011-07-07,82757.40796271485,False,CASH
2011-07-08,82757.40796271485,False,CASH
2011-07-11,82757.40796271485,False,CASH
2011-07-12,82757.40796271485,False,CASH
2011-07-13,82757.40796271485,False,CASH
2011-07-14,82757.40796271485,False,CASH
2011-07-15,82757.40796271485,False,CASH
2011-07-18,82757.40796271485,False,CASH
2011-07-19,82757.40796271485,False,CASH
2011-07-20,82757.40796271485,False,CASH
2011-07-21,82757.40796271485,False,CASH
2011-07-22,82757.40796271485,False,CASH
2011-07-25,82757.40796271485,False,CASH
2011-07-26,82757.40796271485,False,CASH
2011-07-27,82757.40796271485,False,CASH
2011-07-28,82757.40796271485,False,CASH
2011-07-29,82757.40796271485,False,CASH
2011-08-01,82757.40796271485,False,CASH
2011-08-02,82757.40796271485,False,CASH
2011-08-03,82757.40796271485,False,CASH
2011-08-04,82757.40796271485,False,CASH
2011-08-05,82757.40796271485,False,CASH
2011-08-08,82757.40796271485,False,CASH
2011-08-09,82757.40796271485,False,CASH
2011-08-10,82757.40796271485,False,CASH
2011-08-11,82757.40796271485,False,CASH
2011-08-12,82757.40796271485,False,CASH
2011-08-15,82757.40796271485,False,CASH
2011-08-16,82757.40796271485,False,CASH
2011-08-17,82757.40796271485,False,CASH
2011-08-18,82757.40796271485,False,CASH
2011-08-19,82757.40796271485,False,CASH
2011-08-22,82757.40796271485,False,CASH
2011-08-23,82757.40796271485,False,CASH
2011-08-24,82757.40796271485,False,CASH
2011-08-25,82757.40796271485,False,CASH
2011-08-26,82757.40796271485,False,CASH
2011-08-29,82757.40796271485,False,CASH
2011-08-30,82757.40796271485,True,GLD
2011-08-31,82119.74395832924,True,GLD
2011-09-01,82189.0521976383,True,GLD
2011-09-02,84670.39292518605,True,GLD
2011-09-06,84513.28249827622,True,GLD
2011-09-07,81824.01705280133,True,GLD
2011-09-08,84009.62382413557,True,GLD
2011-09-09,83496.72170119185,True,GLD
2011-09-12,81634.56513110915,True,GLD
2011-09-13,82498.64075102803,True,GLD
2011-09-14,81884.0888939929,True,GLD
2011-09-15,80585.65578855682,True,GLD
2011-09-16,81338.83822558123,True,GLD
2011-09-19,80081.99711441617,False,CASH
2011-09-20,80081.99711441617,False,CASH
2011-09-21,80081.99711441617,False,CASH
2011-09-22,80081.99711441617,False,CASH
2011-09-23,80081.99711441617,False,CASH
2011-09-26,80081.99711441617,True,TLT
2011-09-27,78856.05656323291,True,TLT
2011-09-28,78829.11171851133,True,TLT
2011-09-29,79374.69302187276,True,TLT
2011-09-30,81368.53478719486,True,TLT
2011-10-03,83607.75038341506,True,TLT
2011-10-04,82547.56168534963,True,TLT
2011-10-05,81953.30928964292,True,TLT
2011-10-06,80440.64519996835,True,TLT
2011-10-07,79846.36978103915,True,TLT
2011-10-10,78718.6386225936,True,TLT
2011-10-11,78455.30667815279,True,TLT
2011-10-12,77314.03786488273,True,TLT
2011-10-13,78083.89605293328,True,TLT
2011-10-14,76949.40374148298,True,TLT
2011-10-17,78279.73925784644,True,TLT
2011-10-18,77793.49647325095,True,TLT
2011-10-19,77766.4979076769,True,TLT
2011-10-20,77212.77405796126,True,TLT
2011-10-21,76395.67989176734,True,TLT
2011-10-24,76523.97296189285,True,TLT
2011-10-25,78468.83665856981,True,TLT
2011-10-26,77097.95724740029,True,TLT
2011-10-27,74484.58358807671,False,CASH
2011-10-28,74484.58358807671,False,CASH
2011-10-31,74484.58358807671,True,TLT
2011-11-01,76977.96635681397,True,TLT
2011-11-02,76017.69856695797,True,TLT
2011-11-03,74973.70246186852,True,TLT
2011-11-04,75063.94671299348,True,TLT
2011-11-07,75540.82994483659,True,TLT
2011-11-08,74574.17040172382,False,CASH
2011-11-09,74574.17040172382,True,TLT
2011-11-10,73462.96976214457,True,TLT
2011-11-11,73014.74096732018,False,CASH
2011-11-14,73014.74096732018,True,TLT
2011-11-15,72915.31267944007,True,TLT
2011-11-16,73580.13766901765,True,TLT
2011-11-17,74170.4319408544,True,TLT
2011-11-18,74151.83095563861,True,TLT
2011-11-21,74593.00040355488,True,TLT
2011-11-22,75425.55120226873,True,TLT
2011-11-23,76164.99142750556,True,TLT
2011-11-25,75058.98994685186,True,TLT
2011-11-28,75021.73163114132,True,TLT
2011-11-29,74406.5609186449,True,TLT
2011-11-30,73244.65787810563,True,TLT
2011-12-01,72877.12466662674,True,TLT
2011-12-02,73898.67866044313,True,TLT
2011-12-05,73749.15237641007,False,CASH
2011-12-06,73749.15237641007,False,CASH
2011-12-07,73749.15237641007,False,CASH
2011-12-08,73749.15237641007,True,XLU
2011-12-09,74688.1019648387,False,CASH
2011-12-12,74688.1019648387,True,TLT
2011-12-13,75384.31284467629,True,TLT
2011-12-14,76808.31582049705,True,TLT
2011-12-15,76523.54098839163,True,TLT
2011-12-16,77415.93756036951,True,TLT
2011-12-19,78396.93758512293,True,TLT
2011-12-20,76441.27095421767,True,TLT
2011-12-21,75377.9937388851,True,TLT
2011-12-22,75694.4786024297,False,CASH
2011-12-23,75694.4786024297,False,CASH
2011-12-27,75694.4786024297,False,CASH
2011-12-28,75694.4786024297,False,CASH
2011-12-29,75694.4786024297,False,CASH
2011-12-30,75694.4786024297,False,CASH
2012-01-03,75694.4786024297,False,CASH
2012-01-04,75694.4786024297,False,CASH
2012-01-05,75694.4786024297,False,CASH
2012-01-06,75694.4786024297,False,CASH
2012-01-09,75694.4786024297,False,CASH
2012-01-10,75694.4786024297,False,CASH
2012-01-11,75694.4786024297,False,CASH
2012-01-12,75694.4786024297,False,CASH
2012-01-13,75694.4786024297,False,CASH
2012-01-17,75694.4786024297,False,CASH
2012-01-18,75694.4786024297,False,CASH
2012-01-19,75694.4786024297,False,CASH
2012-01-20,75694.4786024297,False,CASH
2012-01-23,75694.4786024297,False,CASH
2012-01-24,75694.4786024297,False,CASH
2012-01-25,75694.4786024297,False,CASH
2012-01-26,75694.4786024297,False,CASH
2012-01-27,75694.4786024297,False,CASH
2012-01-30,75694.4786024297,False,CASH
2012-01-31,75694.4786024297,False,CASH
2012-02-01,75694.4786024297,False,CASH
2012-02-02,75694.4786024297,False,CASH
2012-02-03,75694.4786024297,False,CASH
2012-02-06,75694.4786024297,False,CASH
2012-02-07,75694.4786024297,False,CASH
2012-02-08,75694.4786024297,False,CASH
2012-02-09,75694.4786024297,False,CASH
2012-02-10,75694.4786024297,False,CASH
2012-02-13,75694.4786024297,False,CASH
2012-02-14,75694.4786024297,False,CASH
2012-02-15,75694.4786024297,False,CASH
2012-02-16,75694.4786024297,False,CASH
2012-02-17,75694.4786024297,False,CASH
2012-02-21,75694.4786024297,False,CASH
2012-02-22,75694.4786024297,False,CASH
2012-02-23,75694.4786024297,False,CASH
2012-02-24,75694.4786024297,False,CASH
2012-02-27,75694.4786024297,False,CASH
2012-02-28,75694.4786024297,False,CASH
2012-02-29,75694.4786024297,False,CASH
2012-03-01,75694.4786024297,False,CASH
2012-03-02,75694.4786024297,False,CASH
2012-03-05,75694.4786024297,False,CASH
2012-03-06,75694.4786024297,False,CASH
2012-03-07,75694.4786024297,False,CASH
2012-03-08,75694.4786024297,False,CASH
2012-03-09,75694.4786024297,False,CASH
2012-03-12,75694.4786024297,False,CASH
2012-03-13,75694.4786024297,False,CASH
2012-03-14,75694.4786024297,False,CASH
2012-03-15,75694.4786024297,False,CASH
2012-03-16,75694.4786024297,False,CASH
2012-03-19,75694.4786024297,False,CASH
2012-03-20,75694.4786024297,False,CASH
2012-03-21,75694.4786024297,False,CASH
2012-03-22,75694.4786024297,False,CASH
2012-03-23,75694.4786024297,False,CASH
2012-03-26,75694.4786024297,False,CASH
2012-03-27,75694.4786024297,False,CASH
2012-03-28,75694.4786024297,False,CASH
2012-03-29,75694.4786024297,False,CASH
2012-03-30,75694.4786024297,False,CASH
2012-04-02,75694.4786024297,False,CASH
2012-04-03,75694.4786024297,False,CASH
2012-04-04,75694.4786024297,False,CASH
2012-04-05,75694.4786024297,False,CASH
2012-04-09,75694.4786024297,False,CASH
2012-04-10,75694.4786024297,False,CASH
2012-04-11,75694.4786024297,False,CASH
2012-04-12,75694.4786024297,False,CASH
2012-04-13,75694.4786024297,False,CASH
2012-04-16,75694.4786024297,False,CASH
2012-04-17,75694.4786024297,False,CASH
2012-04-18,75694.4786024297,False,CASH
2012-04-19,75694.4786024297,False,CASH
2012-04-20,75694.4786024297,False,CASH
2012-04-23,75694.4786024297,False,CASH
2012-04-24,75694.4786024297,False,CASH
2012-04-25,75694.4786024297,False,CASH
2012-04-26,75694.4786024297,False,CASH
2012-04-27,75694.4786024297,False,CASH
2012-04-30,75694.4786024297,False,CASH
2012-05-01,75694.4786024297,False,CASH
2012-05-02,75694.4786024297,False,CASH
2012-05-03,75694.4786024297,False,CASH
2012-05-04,75694.4786024297,False,CASH
2012-05-07,75694.4786024297,False,CASH
2012-05-08,75694.4786024297,False,CASH
2012-05-09,75694.4786024297,False,CASH
2012-05-10,75694.4786024297,False,CASH
2012-05-11,75694.4786024297,False,CASH
2012-05-14,75694.4786024297,False,CASH
2012-05-15,75694.4786024297,False,CASH
2012-05-16,75694.4786024297,False,CASH
2012-05-17,75694.4786024297,False,CASH
2012-05-18,75694.4786024297,False,CASH
2012-05-21,75694.4786024297,False,CASH
2012-05-22,75694.4786024297,False,CASH
2012-05-23,75694.4786024297,False,CASH
2012-05-24,75694.4786024297,False,CASH
2012-05-25,75694.4786024297,False,CASH
2012-05-29,75694.4786024297,False,CASH
2012-05-30,75694.4786024297,False,CASH
2012-05-31,75694.4786024297,False,CASH
2012-06-01,75694.4786024297,False,CASH
2012-06-04,75694.4786024297,False,CASH
2012-06-05,75694.4786024297,False,CASH
2012-06-06,75694.4786024297,False,CASH
2012-06-07,75694.4786024297,False,CASH
2012-06-08,75694.4786024297,False,CASH
2012-06-11,75694.4786024297,False,CASH
2012-06-12,75694.4786024297,False,CASH
2012-06-13,75694.4786024297,False,CASH
2012-06-14,75694.4786024297,False,CASH
2012-06-15,75694.4786024297,False,CASH
2012-06-18,75694.4786024297,False,CASH
2012-06-19,75694.4786024297,False,CASH
2012-06-20,75694.4786024297,False,CASH
2012-06-21,75694.4786024297,False,CASH
2012-06-22,75694.4786024297,False,CASH
2012-06-25,75694.4786024297,False,CASH
2012-06-26,75694.4786024297,False,CASH
2012-06-27,75694.4786024297,False,CASH
2012-06-28,75694.4786024297,False,CASH
2012-06-29,75694.4786024297,False,CASH
2012-07-02,75694.4786024297,False,CASH
2012-07-03,75694.4786024297,False,CASH
2012-07-05,75694.4786024297,False,CASH
2012-07-06,75694.4786024297,False,CASH
2012-07-09,75694.4786024297,False,CASH
2012-07-10,75694.4786024297,False,CASH
2012-07-11,75694.4786024297,False,CASH
2012-07-12,75694.4786024297,False,CASH
2012-07-13,75694.4786024297,False,CASH
2012-07-16,75694.4786024297,False,CASH
2012-07-17,75694.4786024297,False,CASH
2012-07-18,75694.4786024297,False,CASH
2012-07-19,75694.4786024297,False,CASH
2012-07-20,75694.4786024297,False,CASH
2012-07-23,75694.4786024297,False,CASH
2012-07-24,75694.4786024297,False,CASH
2012-07-25,75694.4786024297,False,CASH
2012-07-26,75694.4786024297,False,CASH
2012-07-27,75694.4786024297,False,CASH
2012-07-30,75694.4786024297,False,CASH
2012-07-31,75694.4786024297,False,CASH
2012-08-01,75694.4786024297,False,CASH
2012-08-02,75694.4786024297,False,CASH
2012-08-03,75694.4786024297,False,CASH
2012-08-06,75694.4786024297,False,CASH
2012-08-07,75694.4786024297,False,CASH
2012-08-08,75694.4786024297,False,CASH
2012-08-09,75694.4786024297,False,CASH
2012-08-10,75694.4786024297,False,CASH
2012-08-13,75694.4786024297,False,CASH
2012-08-14,75694.4786024297,False,CASH
2012-08-15,75694.4786024297,False,CASH
2012-08-16,75694.4786024297,False,CASH
2012-08-17,75694.4786024297,False,CASH
2012-08-20,75694.4786024297,False,CASH
2012-08-21,75694.4786024297,False,CASH
2012-08-22,75694.4786024297,False,CASH
2012-08-23,75694.4786024297,False,CASH
2012-08-24,75694.4786024297,False,CASH
2012-08-27,75694.4786024297,False,CASH
2012-08-28,75694.4786024297,False,CASH
2012-08-29,75694.4786024297,False,CASH
2012-08-30,75694.4786024297,False,CASH
2012-08-31,75694.4786024297,False,CASH
2012-09-04,75694.4786024297,False,CASH
2012-09-05,75694.4786024297,False,CASH
2012-09-06,75694.4786024297,False,CASH
2012-09-07,75694.4786024297,False,CASH
2012-09-10,75694.4786024297,False,CASH
2012-09-11,75694.4786024297,False,CASH
2012-09-12,75694.4786024297,False,CASH
2012-09-13,75694.4786024297,False,CASH
2012-09-14,75694.4786024297,False,CASH
2012-09-17,75694.4786024297,False,CASH
2012-09-18,75694.4786024297,False,CASH
2012-09-19,75694.4786024297,False,CASH
2012-09-20,75694.4786024297,False,CASH
2012-09-21,75694.4786024297,False,CASH
2012-09-24,75694.4786024297,False,CASH
2012-09-25,75694.4786024297,False,CASH
2012-09-26,75694.4786024297,False,CASH
2012-09-27,75694.4786024297,False,CASH
2012-09-28,75694.4786024297,False,CASH
2012-10-01,75694.4786024297,False,CASH
2012-10-02,75694.4786024297,False,CASH
2012-10-03,75694.4786024297,False,CASH
2012-10-04,75694.4786024297,False,CASH
2012-10-05,75694.4786024297,False,CASH
2012-10-08,75694.4786024297,False,CASH
2012-10-09,75694.4786024297,False,CASH
2012-10-10,75694.4786024297,False,CASH
2012-10-11,75694.4786024297,False,CASH
2012-10-12,75694.4786024297,False,CASH
2012-10-15,75694.4786024297,False,CASH
2012-10-16,75694.4786024297,False,CASH
2012-10-17,75694.4786024297,False,CASH
2012-10-18,75694.4786024297,False,CASH
2012-10-19,75694.4786024297,False,CASH
2012-10-22,75694.4786024297,False,CASH
2012-10-23,75694.4786024297,False,CASH
2012-10-24,75694.4786024297,False,CASH
2012-10-25,75694.4786024297,False,CASH
2012-10-26,75694.4786024297,False,CASH
2012-10-31,75694.4786024297,False,CASH
2012-11-01,75694.4786024297,False,CASH
2012-11-02,75694.4786024297,False,CASH
2012-11-05,75694.4786024297,False,CASH
2012-11-06,75694.4786024297,False,CASH
2012-11-07,75694.4786024297,False,CASH
2012-11-08,75694.4786024297,False,CASH
2012-11-09,75694.4786024297,False,CASH
2012-11-12,75694.4786024297,False,CASH
2012-11-13,75694.4786024297,False,CASH
2012-11-14,75694.4786024297,False,CASH
2012-11-15,75694.4786024297,False,CASH
2012-11-16,75694.4786024297,False,CASH
2012-11-19,75694.4786024297,False,CASH
2012-11-20,75694.4786024297,False,CASH
2012-11-21,75694.4786024297,False,CASH
2012-11-23,75694.4786024297,False,CASH
2012-11-26,75694.4786024297,False,CASH
2012-11-27,75694.4786024297,False,CASH
2012-11-28,75694.4786024297,False,CASH
2012-11-29,75694.4786024297,False,CASH
2012-11-30,75694.4786024297,False,CASH
2012-12-03,75694.4786024297,False,CASH
2012-12-04,75694.4786024297,False,CASH
2012-12-05,75694.4786024297,False,CASH
2012-12-06,75694.4786024297,False,CASH
2012-12-07,75694.4786024297,False,CASH
2012-12-10,75694.4786024297,False,CASH
2012-12-11,75694.4786024297,False,CASH
2012-12-12,75694.4786024297,False,CASH
2012-12-13,75694.4786024297,False,CASH
2012-12-14,75694.4786024297,False,CASH
2012-12-17,75694.4786024297,False,CASH
2012-12-18,75694.4786024297,False,CASH
2012-12-19,75694.4786024297,False,CASH
2012-12-20,75694.4786024297,False,CASH
2012-12-21,75694.4786024297,False,CASH
2012-12-24,75694.4786024297,False,CASH
2012-12-26,75694.4786024297,False,CASH
2012-12-27,75694.4786024297,False,CASH
2012-12-28,75694.4786024297,False,CASH
2012-12-31,75694.4786024297,False,CASH
2013-01-02,75694.4786024297,False,CASH
2013-01-03,75694.4786024297,False,CASH
2013-01-04,75694.4786024297,False,CASH
2013-01-07,75694.4786024297,False,CASH
2013-01-08,75694.4786024297,False,CASH
2013-01-09,75694.4786024297,False,CASH
2013-01-10,75694.4786024297,False,CASH
2013-01-11,75694.4786024297,False,CASH
2013-01-14,75694.4786024297,False,CASH
2013-01-15,75694.4786024297,False,CASH
2013-01-16,75694.4786024297,False,CASH
2013-01-17,75694.4786024297,False,CASH
2013-01-18,75694.4786024297,False,CASH
2013-01-22,75694.4786024297,False,CASH
2013-01-23,75694.4786024297,False,CASH
2013-01-24,75694.4786024297,False,CASH
2013-01-25,75694.4786024297,False,CASH
2013-01-28,75694.4786024297,False,CASH
2013-01-29,75694.4786024297,False,CASH
2013-01-30,75694.4786024297,False,CASH
2013-01-31,75694.4786024297,False,CASH
2013-02-01,75694.4786024297,False,CASH
2013-02-04,75694.4786024297,False,CASH
2013-02-05,75694.4786024297,False,CASH
2013-02-06,75694.4786024297,False,CASH
2013-02-07,75694.4786024297,False,CASH
2013-02-08,75694.4786024297,False,CASH
2013-02-11,75694.4786024297,False,CASH
2013-02-12,75694.4786024297,False,CASH
2013-02-13,75694.4786024297,False,CASH
2013-02-14,75694.4786024297,False,CASH
2013-02-15,75694.4786024297,False,CASH
2013-02-19,75694.4786024297,False,CASH
2013-02-20,75694.4786024297,False,CASH
2013-02-21,75694.4786024297,False,CASH
2013-02-22,75694.4786024297,False,CASH
2013-02-25,75694.4786024297,False,CASH
2013-02-26,75694.4786024297,False,CASH
2013-02-27,75694.4786024297,False,CASH
2013-02-28,75694.4786024297,False,CASH
2013-03-01,75694.4786024297,False,CASH
2013-03-04,75694.4786024297,False,CASH
2013-03-05,75694.4786024297,False,CASH
2013-03-06,75694.4786024297,False,CASH
2013-03-07,75694.4786024297,False,CASH
2013-03-08,75694.4786024297,False,CASH
2013-03-11,75694.4786024297,False,CASH
2013-03-12,75694.4786024297,False,CASH
2013-03-13,75694.4786024297,False,CASH
2013-03-14,75694.4786024297,False,CASH
2013-03-15,75694.4786024297,False,CASH
2013-03-18,75694.4786024297,False,CASH
2013-03-19,75694.4786024297,False,CASH
2013-03-20,75694.4786024297,False,CASH
2013-03-21,75694.4786024297,False,CASH
2013-03-22,75694.4786024297,False,CASH
2013-03-25,75694.4786024297,False,CASH
2013-03-26,75694.4786024297,False,CASH
2013-03-27,75694.4786024297,False,CASH
2013-03-28,75694.4786024297,False,CASH
2013-04-01,75694.4786024297,False,CASH
2013-04-02,75694.4786024297,False,CASH
2013-04-03,75694.4786024297,False,CASH
2013-04-04,75694.4786024297,False,CASH
2013-04-05,75694.4786024297,False,CASH
2013-04-08,75694.4786024297,False,CASH
2013-04-09,75694.4786024297,False,CASH
2013-04-10,75694.4786024297,False,CASH
2013-04-11,75694.4786024297,False,CASH
2013-04-12,75694.4786024297,False,CASH
2013-04-15,75694.4786024297,False,CASH
2013-04-16,75694.4786024297,False,CASH
2013-04-17,75694.4786024297,False,CASH
2013-04-18,75694.4786024297,False,CASH
2013-04-19,75694.4786024297,False,CASH
2013-04-22,75694.4786024297,False,CASH
2013-04-23,75694.4786024297,False,CASH
2013-04-24,75694.4786024297,False,CASH
2013-04-25,75694.4786024297,False,CASH
2013-04-26,75694.4786024297,False,CASH
2013-04-29,75694.4786024297,False,CASH
2013-04-30,75694.4786024297,False,CASH
2013-05-01,75694.4786024297,False,CASH
2013-05-02,75694.4786024297,False,CASH
2013-05-03,75694.4786024297,False,CASH
2013-05-06,75694.4786024297,False,CASH
2013-05-07,75694.4786024297,False,CASH
2013-05-08,75694.4786024297,False,CASH
2013-05-09,75694.4786024297,False,CASH
2013-05-10,75694.4786024297,False,CASH
2013-05-13,75694.4786024297,False,CASH
2013-05-14,75694.4786024297,False,CASH
2013-05-15,75694.4786024297,False,CASH
2013-05-16,75694.4786024297,False,CASH
2013-05-17,75694.4786024297,False,CASH
2013-05-20,75694.4786024297,False,CASH
2013-05-21,75694.4786024297,False,CASH
2013-05-22,75694.4786024297,False,CASH
2013-05-23,75694.4786024297,False,CASH
2013-05-24,75694.4786024297,False,CASH
2013-05-28,75694.4786024297,False,CASH
2013-05-29,75694.4786024297,False,CASH
2013-05-30,75694.4786024297,False,CASH
2013-05-31,75694.4786024297,False,CASH
2013-06-03,75694.4786024297,False,CASH
2013-06-04,75694.4786024297,False,CASH
2013-06-05,75694.4786024297,False,CASH
2013-06-06,75694.4786024297,False,CASH
2013-06-07,75694.4786024297,False,CASH
2013-06-10,75694.4786024297,False,CASH
2013-06-11,75694.4786024297,False,CASH
2013-06-12,75694.4786024297,False,CASH
2013-06-13,75694.4786024297,False,CASH
2013-06-14,75694.4786024297,False,CASH
2013-06-17,75694.4786024297,False,CASH
2013-06-18,75694.4786024297,False,CASH
2013-06-19,75694.4786024297,False,CASH
2013-06-20,75694.4786024297,False,CASH
2013-06-21,75694.4786024297,False,CASH
2013-06-24,75694.4786024297,False,CASH
2013-06-25,75694.4786024297,False,CASH
2013-06-26,75694.4786024297,False,CASH
2013-06-27,75694.4786024297,False,CASH
2013-06-28,75694.4786024297,False,CASH
2013-07-01,75694.4786024297,False,CASH
2013-07-02,75694.4786024297,False,CASH
2013-07-03,75694.4786024297,False,CASH
2013-07-05,75694.4786024297,False,CASH
2013-07-08,75694.4786024297,False,CASH
2013-07-09,75694.4786024297,False,CASH
2013-07-10,75694.4786024297,False,CASH
2013-07-11,75694.4786024297,False,CASH
2013-07-12,75694.4786024297,False,CASH
2013-07-15,75694.4786024297,False,CASH
2013-07-16,75694.4786024297,False,CASH
2013-07-17,75694.4786024297,False,CASH
2013-07-18,75694.4786024297,False,CASH
2013-07-19,75694.4786024297,False,CASH
2013-07-22,75694.4786024297,False,CASH
2013-07-23,75694.4786024297,False,CASH
2013-07-24,75694.4786024297,False,CASH
2013-07-25,75694.4786024297,False,CASH
2013-07-26,75694.4786024297,False,CASH
2013-07-29,75694.4786024297,False,CASH
2013-07-30,75694.4786024297,False,CASH
2013-07-31,75694.4786024297,False,CASH
2013-08-01,75694.4786024297,False,CASH
2013-08-02,75694.4786024297,False,CASH
2013-08-05,75694.4786024297,False,CASH
2013-08-06,75694.4786024297,False,CASH
2013-08-07,75694.4786024297,False,CASH
2013-08-08,75694.4786024297,False,CASH
2013-08-09,75694.4786024297,False,CASH
2013-08-12,75694.4786024297,False,CASH
2013-08-13,75694.4786024297,False,CASH
2013-08-14,75694.4786024297,False,CASH
2013-08-15,75694.4786024297,False,CASH
2013-08-16,75694.4786024297,False,CASH
2013-08-19,75694.4786024297,False,CASH
2013-08-20,75694.4786024297,False,CASH
2013-08-21,75694.4786024297,False,CASH
2013-08-22,75694.4786024297,False,CASH
2013-08-23,75694.4786024297,False,CASH
2013-08-26,75694.4786024297,False,CASH
2013-08-27,75694.4786024297,False,CASH
2013-08-28,75694.4786024297,False,CASH
2013-08-29,75694.4786024297,False,CASH
2013-08-30,75694.4786024297,False,CASH
2013-09-03,75694.4786024297,False,CASH
2013-09-04,75694.4786024297,False,CASH
2013-09-05,75694.4786024297,False,CASH
2013-09-06,75694.4786024297,False,CASH
2013-09-09,75694.4786024297,False,CASH
2013-09-10,75694.4786024297,False,CASH
2013-09-11,75694.4786024297,False,CASH
2013-09-12,75694.4786024297,False,CASH
2013-09-13,75694.4786024297,False,CASH
2013-09-16,75694.4786024297,False,CASH
2013-09-17,75694.4786024297,False,CASH
2013-09-18,75694.4786024297,False,CASH
2013-09-19,75694.4786024297,False,CASH
2013-09-20,75694.4786024297,False,CASH
2013-09-23,75694.4786024297,False,CASH
2013-09-24,75694.4786024297,False,CASH
2013-09-25,75694.4786024297,False,CASH
2013-09-26,75694.4786024297,False,CASH
2013-09-27,75694.4786024297,False,CASH
2013-09-30,75694.4786024297,False,CASH
2013-10-01,75694.4786024297,False,CASH
2013-10-02,75694.4786024297,False,CASH
2013-10-03,75694.4786024297,False,CASH
2013-10-04,75694.4786024297,False,CASH
2013-10-07,75694.4786024297,False,CASH
2013-10-08,75694.4786024297,False,CASH
2013-10-09,75694.4786024297,False,CASH
2013-10-10,75694.4786024297,False,CASH
2013-10-11,75694.4786024297,False,CASH
2013-10-14,75694.4786024297,False,CASH
2013-10-15,75694.4786024297,False,CASH
2013-10-16,75694.4786024297,False,CASH
2013-10-17,75694.4786024297,False,CASH
2013-10-18,75694.4786024297,False,CASH
2013-10-21,75694.4786024297,False,CASH
2013-10-22,75694.4786024297,False,CASH
2013-10-23,75694.4786024297,False,CASH
2013-10-24,75694.4786024297,False,CASH
2013-10-25,75694.4786024297,False,CASH
2013-10-28,75694.4786024297,False,CASH
2013-10-29,75694.4786024297,False,CASH
2013-10-30,75694.4786024297,False,CASH
2013-10-31,75694.4786024297,False,CASH
2013-11-01,75694.4786024297,False,CASH
2013-11-04,75694.4786024297,False,CASH
2013-11-05,75694.4786024297,False,CASH
2013-11-06,75694.4786024297,False,CASH
2013-11-07,75694.4786024297,False,CASH
2013-11-08,75694.4786024297,False,CASH
2013-11-11,75694.4786024297,False,CASH
2013-11-12,75694.4786024297,False,CASH
2013-11-13,75694.4786024297,False,CASH
2013-11-14,75694.4786024297,False,CASH
2013-11-15,75694.4786024297,False,CASH
2013-11-18,75694.4786024297,False,CASH
2013-11-19,75694.4786024297,False,CASH
2013-11-20,75694.4786024297,False,CASH
2013-11-21,75694.4786024297,False,CASH
2013-11-22,75694.4786024297,False,CASH
2013-11-25,75694.4786024297,False,CASH
2013-11-26,75694.4786024297,False,CASH
2013-11-27,75694.4786024297,False,CASH
2013-11-29,75694.4786024297,False,CASH
2013-12-02,75694.4786024297,False,CASH
2013-12-03,75694.4786024297,False,CASH
2013-12-04,75694.4786024297,False,CASH
2013-12-05,75694.4786024297,False,CASH
2013-12-06,75694.4786024297,False,CASH
2013-12-09,75694.4786024297,False,CASH
2013-12-10,75694.4786024297,False,CASH
2013-12-11,75694.4786024297,False,CASH
2013-12-12,75694.4786024297,False,CASH
2013-12-13,75694.4786024297,False,CASH
2013-12-16,75694.4786024297,False,CASH
2013-12-17,75694.4786024297,False,CASH
2013-12-18,75694.4786024297,False,CASH
2013-12-19,75694.4786024297,False,CASH
2013-12-20,75694.4786024297,False,CASH
2013-12-23,75694.4786024297,False,CASH
2013-12-24,75694.4786024297,False,CASH
2013-12-26,75694.4786024297,False,CASH
2013-12-27,75694.4786024297,False,CASH
2013-12-30,75694.4786024297,False,CASH
2013-12-31,75694.4786024297,False,CASH
2014-01-02,75694.4786024297,False,CASH
2014-01-03,75694.4786024297,False,CASH
2014-01-06,75694.4786024297,False,CASH
2014-01-07,75694.4786024297,False,CASH
2014-01-08,75694.4786024297,False,CASH
2014-01-09,75694.4786024297,False,CASH
2014-01-10,75694.4786024297,False,CASH
2014-01-13,75694.4786024297,False,CASH
2014-01-14,75694.4786024297,False,CASH
2014-01-15,75694.4786024297,False,CASH
2014-01-16,75694.4786024297,False,CASH
2014-01-17,75694.4786024297,False,CASH
2014-01-21,75694.4786024297,False,CASH
2014-01-22,75694.4786024297,False,CASH
2014-01-23,75694.4786024297,False,CASH
2014-01-24,75694.4786024297,False,CASH
2014-01-27,75694.4786024297,False,CASH
2014-01-28,75694.4786024297,False,CASH
2014-01-29,75694.4786024297,False,CASH
2014-01-30,75694.4786024297,False,CASH
2014-01-31,75694.4786024297,False,CASH
2014-02-03,75694.4786024297,False,CASH
2014-02-04,75694.4786024297,False,CASH
2014-02-05,75694.4786024297,False,CASH
2014-02-06,75694.4786024297,False,CASH
2014-02-07,75694.4786024297,False,CASH
2014-02-10,75694.4786024297,False,CASH
2014-02-11,75694.4786024297,False,CASH
2014-02-12,75694.4786024297,False,CASH
2014-02-13,75694.4786024297,False,CASH
2014-02-14,75694.4786024297,False,CASH
2014-02-18,75694.4786024297,False,CASH
2014-02-19,75694.4786024297,False,CASH
2014-02-20,75694.4786024297,False,CASH
2014-02-21,75694.4786024297,False,CASH
2014-02-24,75694.4786024297,False,CASH
2014-02-25,75694.4786024297,False,CASH
2014-02-26,75694.4786024297,False,CASH
2014-02-27,75694.4786024297,False,CASH
2014-02-28,75694.4786024297,False,CASH
2014-03-03,75694.4786024297,False,CASH
2014-03-04,75694.4786024297,False,CASH
2014-03-05,75694.4786024297,False,CASH
2014-03-06,75694.4786024297,False,CASH
2014-03-07,75694.4786024297,False,CASH
2014-03-10,75694.4786024297,False,CASH
2014-03-11,75694.4786024297,False,CASH
2014-03-12,75694.4786024297,False,CASH
2014-03-13,75694.4786024297,False,CASH
2014-03-14,75694.4786024297,False,CASH
2014-03-17,75694.4786024297,False,CASH
2014-03-18,75694.4786024297,False,CASH
2014-03-19,75694.4786024297,False,CASH
2014-03-20,75694.4786024297,False,CASH
2014-03-21,75694.4786024297,False,CASH
2014-03-24,75694.4786024297,False,CASH
2014-03-25,75694.4786024297,False,CASH
2014-03-26,75694.4786024297,False,CASH
2014-03-27,75694.4786024297,False,CASH
2014-03-28,75694.4786024297,False,CASH
2014-03-31,75694.4786024297,False,CASH
2014-04-01,75694.4786024297,False,CASH
2014-04-02,75694.4786024297,False,CASH
2014-04-03,75694.4786024297,False,CASH
2014-04-04,75694.4786024297,False,CASH
2014-04-07,75694.4786024297,False,CASH
2014-04-08,75694.4786024297,False,CASH
2014-04-09,75694.4786024297,False,CASH
2014-04-10,75694.4786024297,False,CASH
2014-04-11,75694.4786024297,False,CASH
2014-04-14,75694.4786024297,False,CASH
2014-04-15,75694.4786024297,False,CASH
2014-04-16,75694.4786024297,False,CASH
2014-04-17,75694.4786024297,False,CASH
2014-04-21,75694.4786024297,False,CASH
2014-04-22,75694.4786024297,False,CASH
2014-04-23,75694.4786024297,False,CASH
2014-04-24,75694.4786024297,False,CASH
2014-04-25,75694.4786024297,False,CASH
2014-04-28,75694.4786024297,False,CASH
2014-04-29,75694.4786024297,False,CASH
2014-04-30,75694.4786024297,False,CASH
2014-05-01,75694.4786024297,False,CASH
2014-05-02,75694.4786024297,False,CASH
2014-05-05,75694.4786024297,False,CASH
2014-05-06,75694.4786024297,False,CASH
2014-05-07,75694.4786024297,False,CASH
2014-05-08,75694.4786024297,False,CASH
2014-05-09,75694.4786024297,False,CASH
2014-05-12,75694.4786024297,False,CASH
2014-05-13,75694.4786024297,False,CASH
2014-05-14,75694.4786024297,False,CASH
2014-05-15,75694.4786024297,False,CASH
2014-05-16,75694.4786024297,False,CASH
2014-05-19,75694.4786024297,False,CASH
2014-05-20,75694.4786024297,False,CASH
2014-05-21,75694.4786024297,False,CASH
2014-05-22,75694.4786024297,False,CASH
2014-05-23,75694.4786024297,False,CASH
2014-05-27,75694.4786024297,False,CASH
2014-05-28,75694.4786024297,False,CASH
2014-05-29,75694.4786024297,False,CASH
2014-05-30,75694.4786024297,False,CASH
2014-06-02,75694.4786024297,False,CASH
2014-06-03,75694.4786024297,False,CASH
2014-06-04,75694.4786024297,False,CASH
2014-06-05,75694.4786024297,False,CASH
2014-06-06,75694.4786024297,False,CASH
2014-06-09,75694.4786024297,False,CASH
2014-06-10,75694.4786024297,False,CASH
2014-06-11,75694.4786024297,False,CASH
2014-06-12,75694.4786024297,False,CASH
2014-06-13,75694.4786024297,False,CASH
2014-06-16,75694.4786024297,False,CASH
2014-06-17,75694.4786024297,False,CASH
2014-06-18,75694.4786024297,False,CASH
2014-06-19,75694.4786024297,False,CASH
2014-06-20,75694.4786024297,False,CASH
2014-06-23,75694.4786024297,False,CASH
2014-06-24,75694.4786024297,False,CASH
2014-06-25,75694.4786024297,False,CASH
2014-06-26,75694.4786024297,False,CASH
2014-06-27,75694.4786024297,False,CASH
2014-06-30,75694.4786024297,False,CASH
2014-07-01,75694.4786024297,False,CASH
2014-07-02,75694.4786024297,False,CASH
2014-07-03,75694.4786024297,False,CASH
2014-07-07,75694.4786024297,False,CASH
2014-07-08,75694.4786024297,False,CASH
2014-07-09,75694.4786024297,False,CASH
2014-07-10,75694.4786024297,False,CASH
2014-07-11,75694.4786024297,False,CASH
2014-07-14,75694.4786024297,False,CASH
2014-07-15,75694.4786024297,False,CASH
2014-07-16,75694.4786024297,False,CASH
2014-07-17,75694.4786024297,False,CASH
2014-07-18,75694.4786024297,False,CASH
2014-07-21,75694.4786024297,False,CASH
2014-07-22,75694.4786024297,False,CASH
2014-07-23,75694.4786024297,False,CASH
2014-07-24,75694.4786024297,False,CASH
2014-07-25,75694.4786024297,False,CASH
2014-07-28,75694.4786024297,False,CASH
2014-07-29,75694.4786024297,False,CASH
2014-07-30,75694.4786024297,False,CASH
2014-07-31,75694.4786024297,False,CASH
2014-08-01,75694.4786024297,False,CASH
2014-08-04,75694.4786024297,False,CASH
2014-08-05,75694.4786024297,False,CASH
2014-08-06,75694.4786024297,False,CASH
2014-08-07,75694.4786024297,False,CASH
2014-08-08,75694.4786024297,False,CASH
2014-08-11,75694.4786024297,False,CASH
2014-08-12,75694.4786024297,False,CASH
2014-08-13,75694.4786024297,False,CASH
2014-08-14,75694.4786024297,False,CASH
2014-08-15,75694.4786024297,False,CASH
2014-08-18,75694.4786024297,False,CASH
2014-08-19,75694.4786024297,False,CASH
2014-08-20,75694.4786024297,False,CASH
2014-08-21,75694.4786024297,False,CASH
2014-08-22,75694.4786024297,False,CASH
2014-08-25,75694.4786024297,False,CASH
2014-08-26,75694.4786024297,False,CASH
2014-08-27,75694.4786024297,False,CASH
2014-08-28,75694.4786024297,False,CASH
2014-08-29,75694.4786024297,False,CASH
2014-09-02,75694.4786024297,False,CASH
2014-09-03,75694.4786024297,False,CASH
2014-09-04,75694.4786024297,False,CASH
2014-09-05,75694.4786024297,False,CASH
2014-09-08,75694.4786024297,False,CASH
2014-09-09,75694.4786024297,False,CASH
2014-09-10,75694.4786024297,False,CASH
2014-09-11,75694.4786024297,False,CASH
2014-09-12,75694.4786024297,False,CASH
2014-09-15,75694.4786024297,False,CASH
2014-09-16,75694.4786024297,False,CASH
2014-09-17,75694.4786024297,False,CASH
2014-09-18,75694.4786024297,False,CASH
2014-09-19,75694.4786024297,False,CASH
2014-09-22,75694.4786024297,False,CASH
2014-09-23,75694.4786024297,False,CASH
2014-09-24,75694.4786024297,False,CASH
2014-09-25,75694.4786024297,False,CASH
2014-09-26,75694.4786024297,False,CASH
2014-09-29,75694.4786024297,False,CASH
2014-09-30,75694.4786024297,False,CASH
2014-10-01,75694.4786024297,False,CASH
2014-10-02,75694.4786024297,False,CASH
2014-10-03,75694.4786024297,False,CASH
2014-10-06,75694.4786024297,False,CASH
2014-10-07,75694.4786024297,False,CASH
2014-10-08,75694.4786024297,False,CASH
2014-10-09,75694.4786024297,False,CASH
2014-10-10,75694.4786024297,False,CASH
2014-10-13,75694.4786024297,False,CASH
2014-10-14,75694.4786024297,False,CASH
2014-10-15,75694.4786024297,False,CASH
2014-10-16,75694.4786024297,False,CASH
2014-10-17,75694.4786024297,False,CASH
2014-10-20,75694.4786024297,False,CASH
2014-10-21,75694.4786024297,False,CASH
2014-10-22,75694.4786024297,False,CASH
2014-10-23,75694.4786024297,False,CASH
2014-10-24,75694.4786024297,False,CASH
2014-10-27,75694.4786024297,False,CASH
2014-10-28,75694.4786024297,False,CASH
2014-10-29,75694.4786024297,False,CASH
2014-10-30,75694.4786024297,False,CASH
2014-10-31,75694.4786024297,False,CASH
2014-11-03,75694.4786024297,False,CASH
2014-11-04,75694.4786024297,False,CASH
2014-11-05,75694.4786024297,False,CASH
2014-11-06,75694.4786024297,False,CASH
2014-11-07,75694.4786024297,False,CASH
2014-11-10,75694.4786024297,False,CASH
2014-11-11,75694.4786024297,False,CASH
2014-11-12,75694.4786024297,False,CASH
2014-11-13,75694.4786024297,False,CASH
2014-11-14,75694.4786024297,False,CASH
2014-11-17,75694.4786024297,False,CASH
2014-11-18,75694.4786024297,False,CASH
2014-11-19,75694.4786024297,False,CASH
2014-11-20,75694.4786024297,False,CASH
2014-11-21,75694.4786024297,False,CASH
2014-11-24,75694.4786024297,False,CASH
2014-11-25,75694.4786024297,False,CASH
2014-11-26,75694.4786024297,False,CASH
2014-11-28,75694.4786024297,False,CASH
2014-12-01,75694.4786024297,False,CASH
2014-12-02,75694.4786024297,False,CASH
2014-12-03,75694.4786024297,False,CASH
2014-12-04,75694.4786024297,False,CASH
2014-12-05,75694.4786024297,False,CASH
2014-12-08,75694.4786024297,False,CASH
2014-12-09,75694.4786024297,False,CASH
2014-12-10,75694.4786024297,False,CASH
2014-12-11,75694.4786024297,False,CASH
2014-12-12,75694.4786024297,False,CASH
2014-12-15,75694.4786024297,False,CASH
2014-12-16,75694.4786024297,False,CASH
2014-12-17,75694.4786024297,False,CASH
2014-12-18,75694.4786024297,False,CASH
2014-12-19,75694.4786024297,False,CASH
2014-12-22,75694.4786024297,False,CASH
2014-12-23,75694.4786024297,False,CASH
2014-12-24,75694.4786024297,False,CASH
2014-12-26,75694.4786024297,False,CASH
2014-12-29,75694.4786024297,False,CASH
2014-12-30,75694.4786024297,False,CASH
2014-12-31,75694.4786024297,False,CASH
2015-01-02,75694.4786024297,False,CASH
2015-01-05,75694.4786024297,False,CASH
2015-01-06,75694.4786024297,False,CASH
2015-01-07,75694.4786024297,False,CASH
2015-01-08,75694.4786024297,False,CASH
2015-01-09,75694.4786024297,False,CASH
2015-01-12,75694.4786024297,False,CASH
2015-01-13,75694.4786024297,False,CASH
2015-01-14,75694.4786024297,False,CASH
2015-01-15,75694.4786024297,False,CASH
2015-01-16,75694.4786024297,False,CASH
2015-01-20,75694.4786024297,False,CASH
2015-01-21,75694.4786024297,False,CASH
2015-01-22,75694.4786024297,False,CASH
2015-01-23,75694.4786024297,False,CASH
2015-01-26,75694.4786024297,False,CASH
2015-01-27,75694.4786024297,False,CASH
2015-01-28,75694.4786024297,False,CASH
2015-01-29,75694.4786024297,False,CASH
2015-01-30,75694.4786024297,False,CASH
2015-02-02,75694.4786024297,False,CASH
2015-02-03,75694.4786024297,False,CASH
2015-02-04,75694.4786024297,False,CASH
2015-02-05,75694.4786024297,False,CASH
2015-02-06,75694.4786024297,False,CASH
2015-02-09,75694.4786024297,False,CASH
2015-02-10,75694.4786024297,False,CASH
2015-02-11,75694.4786024297,False,CASH
2015-02-12,75694.4786024297,False,CASH
2015-02-13,75694.4786024297,False,CASH
2015-02-17,75694.4786024297,False,CASH
2015-02-18,75694.4786024297,False,CASH
2015-02-19,75694.4786024297,False,CASH
2015-02-20,75694.4786024297,False,CASH
2015-02-23,75694.4786024297,False,CASH
2015-02-24,75694.4786024297,False,CASH
2015-02-25,75694.4786024297,False,CASH
2015-02-26,75694.4786024297,False,CASH
2015-02-27,75694.4786024297,False,CASH
2015-03-02,75694.4786024297,False,CASH
2015-03-03,75694.4786024297,False,CASH
2015-03-04,75694.4786024297,False,CASH
2015-03-05,75694.4786024297,False,CASH
2015-03-06,75694.4786024297,False,CASH
2015-03-09,75694.4786024297,False,CASH
2015-03-10,75694.4786024297,False,CASH
2015-03-11,75694.4786024297,False,CASH
2015-03-12,75694.4786024297,False,CASH
2015-03-13,75694.4786024297,False,CASH
2015-03-16,75694.4786024297,False,CASH
2015-03-17,75694.4786024297,False,CASH
2015-03-18,75694.4786024297,False,CASH
2015-03-19,75694.4786024297,False,CASH
2015-03-20,75694.4786024297,False,CASH
2015-03-23,75694.4786024297,False,CASH
2015-03-24,75694.4786024297,False,CASH
2015-03-25,75694.4786024297,False,CASH
2015-03-26,75694.4786024297,False,CASH
2015-03-27,75694.4786024297,False,CASH
2015-03-30,75694.4786024297,False,CASH
2015-03-31,75694.4786024297,False,CASH
2015-04-01,75694.4786024297,False,CASH
2015-04-02,75694.4786024297,False,CASH
2015-04-06,75694.4786024297,False,CASH
2015-04-07,75694.4786024297,False,CASH
2015-04-08,75694.4786024297,False,CASH
2015-04-09,75694.4786024297,False,CASH
2015-04-10,75694.4786024297,False,CASH
2015-04-13,75694.4786024297,False,CASH
2015-04-14,75694.4786024297,False,CASH
2015-04-15,75694.4786024297,False,CASH
2015-04-16,75694.4786024297,False,CASH
2015-04-17,75694.4786024297,False,CASH
2015-04-20,75694.4786024297,False,CASH
2015-04-21,75694.4786024297,False,CASH
2015-04-22,75694.4786024297,False,CASH
2015-04-23,75694.4786024297,False,CASH
2015-04-24,75694.4786024297,False,CASH
2015-04-27,75694.4786024297,False,CASH
2015-04-28,75694.4786024297,False,CASH
2015-04-29,75694.4786024297,False,CASH
2015-04-30,75694.4786024297,False,CASH
2015-05-01,75694.4786024297,False,CASH
2015-05-04,75694.4786024297,False,CASH
2015-05-05,75694.4786024297,False,CASH
2015-05-06,75694.4786024297,False,CASH
2015-05-07,75694.4786024297,False,CASH
2015-05-08,75694.4786024297,False,CASH
2015-05-11,75694.4786024297,False,CASH
2015-05-12,75694.4786024297,False,CASH
2015-05-13,75694.4786024297,False,CASH
2015-05-14,75694.4786024297,False,CASH
2015-05-15,75694.4786024297,False,CASH
2015-05-18,75694.4786024297,False,CASH
2015-05-19,75694.4786024297,False,CASH
2015-05-20,75694.4786024297,False,CASH
2015-05-21,75694.4786024297,False,CASH
2015-05-22,75694.4786024297,False,CASH
2015-05-26,75694.4786024297,False,CASH
2015-05-27,75694.4786024297,False,CASH
2015-05-28,75694.4786024297,False,CASH
2015-05-29,75694.4786024297,False,CASH
2015-06-01,75694.4786024297,False,CASH
2015-06-02,75694.4786024297,False,CASH
2015-06-03,75694.4786024297,False,CASH
2015-06-04,75694.4786024297,False,CASH
2015-06-05,75694.4786024297,False,CASH
2015-06-08,75694.4786024297,False,CASH
2015-06-09,75694.4786024297,False,CASH
2015-06-10,75694.4786024297,False,CASH
2015-06-11,75694.4786024297,False,CASH
2015-06-12,75694.4786024297,False,CASH
2015-06-15,75694.4786024297,False,CASH
2015-06-16,75694.4786024297,False,CASH
2015-06-17,75694.4786024297,False,CASH
2015-06-18,75694.4786024297,False,CASH
2015-06-19,75694.4786024297,False,CASH
2015-06-22,75694.4786024297,False,CASH
2015-06-23,75694.4786024297,False,CASH
2015-06-24,75694.4786024297,False,CASH
2015-06-25,75694.4786024297,False,CASH
2015-06-26,75694.4786024297,False,CASH
2015-06-29,75694.4786024297,False,CASH
2015-06-30,75694.4786024297,False,CASH
2015-07-01,75694.4786024297,False,CASH
2015-07-02,75694.4786024297,False,CASH
2015-07-06,75694.4786024297,False,CASH
2015-07-07,75694.4786024297,False,CASH
2015-07-08,75694.4786024297,False,CASH
2015-07-09,75694.4786024297,False,CASH
2015-07-10,75694.4786024297,False,CASH
2015-07-13,75694.4786024297,False,CASH
2015-07-14,75694.4786024297,False,CASH
2015-07-15,75694.4786024297,False,CASH
2015-07-16,75694.4786024297,False,CASH
2015-07-17,75694.4786024297,False,CASH
2015-07-20,75694.4786024297,False,CASH
2015-07-21,75694.4786024297,False,CASH
2015-07-22,75694.4786024297,False,CASH
2015-07-23,75694.4786024297,False,CASH
2015-07-24,75694.4786024297,False,CASH
2015-07-27,75694.4786024297,False,CASH
2015-07-28,75694.4786024297,False,CASH
2015-07-29,75694.4786024297,False,CASH
2015-07-30,75694.4786024297,False,CASH
2015-07-31,75694.4786024297,False,CASH
2015-08-03,75694.4786024297,False,CASH
2015-08-04,75694.4786024297,False,CASH
2015-08-05,75694.4786024297,False,CASH
2015-08-06,75694.4786024297,False,CASH
2015-08-07,75694.4786024297,False,CASH
2015-08-10,75694.4786024297,False,CASH
2015-08-11,75694.4786024297,False,CASH
2015-08-12,75694.4786024297,False,CASH
2015-08-13,75694.4786024297,False,CASH
2015-08-14,75694.4786024297,False,CASH
2015-08-17,75694.4786024297,False,CASH
2015-08-18,75694.4786024297,False,CASH
2015-08-19,75694.4786024297,False,CASH
2015-08-20,75694.4786024297,False,CASH
2015-08-21,75694.4786024297,False,CASH
2015-08-24,75694.4786024297,False,CASH
2015-08-25,75694.4786024297,False,CASH
2015-08-26,75694.4786024297,False,CASH
2015-08-27,75694.4786024297,False,CASH
2015-08-28,75694.4786024297,False,CASH
2015-08-31,75694.4786024297,False,CASH
2015-09-01,75694.4786024297,False,CASH
2015-09-02,75694.4786024297,False,CASH
2015-09-03,75694.4786024297,False,CASH
2015-09-04,75694.4786024297,False,CASH
2015-09-08,75694.4786024297,False,CASH
2015-09-09,75694.4786024297,False,CASH
2015-09-10,75694.4786024297,True,SH
2015-09-11,75387.47400090405,True,SH
2015-09-14,75728.59461521766,True,SH
2015-09-15,74671.14046762843,True,SH
2015-09-16,74057.09965372439,True,SH
2015-09-17,74227.67971766414,True,SH
2015-09-18,75489.79042841519,True,SH
2015-09-21,75080.46149666522,True,SH
2015-09-22,76035.59921674331,True,SH
2015-09-23,76172.05536518194,True,SH
2015-09-24,76410.82794113169,True,SH
2015-09-25,76410.82794113169,True,SH
2015-09-28,78321.08757586154,True,SH
2015-09-29,78286.97946578678,True,SH
2015-09-30,76786.07247094643,True,SH
2015-10-01,76683.73233529576,True,TLT
2015-10-02,77148.23977586253,True,TLT
2015-10-05,76101.49784891616,True,TLT
2015-10-06,76429.75640952392,True,TLT
2015-10-07,76175.80568352644,True,TLT
2015-10-08,75537.8607960058,True,TLT
2015-10-09,75736.08852097506,True,TLT
2015-10-12,76312.0797632598,True,TLT
2015-10-13,76442.14209861624,True,TLT
2015-10-14,77111.07010869842,True,TLT
2015-10-15,76733.26249177783,True,TLT
2015-10-16,76758.05276979321,True,TLT
2015-10-19,76547.45195561882,True,TLT
2015-10-20,76076.7516705059,True,TLT
2015-10-21,76832.33540462915,True,TLT
2015-10-22,76962.42293975993,False,CASH
2015-10-23,76962.42293975993,False,CASH
2015-10-26,76962.42293975993,False,CASH
2015-10-27,76962.42293975993,False,CASH
2015-10-28,76962.42293975993,False,CASH
2015-10-29,76962.42293975993,False,CASH
2015-10-30,76962.42293975993,False,CASH
2015-11-02,76962.42293975993,False,CASH
2015-11-03,76962.42293975993,False,CASH
2015-11-04,76962.42293975993,False,CASH
2015-11-05,76962.42293975993,False,CASH
2015-11-06,76962.42293975993,False,CASH
2015-11-09,76962.42293975993,False,CASH
2015-11-10,76962.42293975993,False,CASH
2015-11-11,76962.42293975993,False,CASH
2015-11-12,76962.42293975993,False,CASH
2015-11-13,76962.42293975993,False,CASH
2015-11-16,76962.42293975993,False,CASH
2015-11-17,76962.42293975993,False,CASH
2015-11-18,76962.42293975993,False,CASH
2015-11-19,76962.42293975993,False,CASH
2015-11-20,76962.42293975993,False,CASH
2015-11-23,76962.42293975993,False,CASH
2015-11-24,76962.42293975993,False,CASH
2015-11-25,76962.42293975993,False,CASH
2015-11-27,76962.42293975993,False,CASH
2015-11-30,76962.42293975993,False,CASH
2015-12-01,76962.42293975993,False,CASH
2015-12-02,76962.42293975993,False,CASH
2015-12-03,76962.42293975993,False,CASH
2015-12-04,76962.42293975993,False,CASH
2015-12-07,76962.42293975993,False,CASH
2015-12-08,76962.42293975993,False,CASH
2015-12-09,76962.42293975993,False,CASH
2015-12-10,76962.42293975993,False,CASH
2015-12-11,76962.42293975993,False,CASH
2015-12-14,76962.42293975993,False,CASH
2015-12-15,76962.42293975993,False,CASH
2015-12-16,76962.42293975993,False,CASH
2015-12-17,76962.42293975993,False,CASH
2015-12-18,76962.42293975993,False,CASH
2015-12-21,76962.42293975993,True,XLU
2015-12-22,77614.65769229516,True,XLU
2015-12-23,78810.37992669421,False,CASH
2015-12-24,78810.37992669421,False,CASH
2015-12-28,78810.37992669421,False,CASH
2015-12-29,78810.37992669421,False,CASH
2015-12-30,78810.37992669421,False,CASH
2015-12-31,78810.37992669421,True,XLU
2016-01-04,78646.51159156002,True,XLU
2016-01-05,79211.0025540445,True,XLU
2016-01-06,79065.32684626538,True,XLU
2016-01-07,78537.25481072567,True,XLU
2016-01-08,78500.84550441937,True,XLU
2016-01-11,78919.64151784779,True,XLU
2016-01-12,78610.087854296,True,XLU
2016-01-13,78573.64968607428,True,XLU
2016-01-14,79757.29126853547,True,XLU
2016-01-15,79047.11978795262,True,XLU
2016-01-19,80230.74212913685,True,XLU
2016-01-20,78428.0076505298,True,XLU
2016-01-21,78355.17941727872,True,XLU
2016-01-22,79757.29126853547,True,XLU
2016-01-25,79083.5387148974,True,XLU
2016-01-26,79629.81299843063,True,XLU
2016-01-27,79811.92206411225,True,XLU
2016-01-28,81086.57969686035,True,XLU
2016-01-29,82707.20510978576,True,XLU
2016-02-01,83490.23849585437,True,XLU
2016-02-02,83854.40852402523,True,XLU
2016-02-03,84892.3503471111,True,XLU
2016-02-04,84528.16107766329,True,XLU
2016-02-05,84801.30062458952,True,XLU
2016-02-08,84509.94920903129,True,XLU
2016-02-09,84801.30062458952,True,XLU
2016-02-10,84710.24128142948,True,XLU
2016-02-11,83217.05084573575,True,XLU
2016-02-12,82962.13278808,True,XLU
2016-02-16,83490.23849585437,True,XLU
2016-02-17,83326.33167816629,True,XLU
2016-02-18,84692.02941279748,True,XLU
2016-02-19,84127.55769158994,True,XLU
2016-02-22,85110.84466750284,True,XLU
2016-02-23,85183.6825213924,True,XLU
2016-02-24,85584.28590746575,True,XLU
2016-02-25,86458.34977477897,True,XLU
2016-02-26,84072.9220856939,True,XLU
2016-02-29,84309.6090334407,True,XLU
2016-03-01,83890.85150256619,True,GLD
2016-03-02,84539.07247786417,True,GLD
2016-03-03,85999.34679642464,True,GLD
2016-03-04,85864.0027610041,True,GLD
2016-03-07,86291.3983993585,True,GLD
2016-03-08,85892.49652817844,True,GLD
2016-03-09,85180.16865271097,True,GLD
2016-03-10,86547.83686929721,True,GLD
2016-03-11,85059.0742181928,False,CASH
2016-03-14,85059.0742181928,False,CASH
2016-03-15,85059.0742181928,False,CASH
2016-03-16,85059.0742181928,False,CASH
2016-03-17,85059.0742181928,False,CASH
2016-03-18,85059.0742181928,False,CASH
2016-03-21,85059.0742181928,False,CASH
2016-03-22,85059.0742181928,False,CASH
2016-03-23,85059.0742181928,False,CASH
2016-03-24,85059.0742181928,False,CASH
2016-03-28,85059.0742181928,False,CASH
2016-03-29,85059.0742181928,False,CASH
2016-03-30,85059.0742181928,False,CASH
2016-03-31,85059.0742181928,False,CASH
2016-04-01,85059.0742181928,False,CASH
2016-04-04,85059.0742181928,False,CASH
2016-04-05,85059.0742181928,False,CASH
2016-04-06,85059.0742181928,False,CASH
2016-04-07,85059.0742181928,False,CASH
2016-04-08,85059.0742181928,False,CASH
2016-04-11,85059.0742181928,False,CASH
2016-04-12,85059.0742181928,False,CASH
2016-04-13,85059.0742181928,False,CASH
2016-04-14,85059.0742181928,False,CASH
2016-04-15,85059.0742181928,False,CASH
2016-04-18,85059.0742181928,False,CASH
2016-04-19,85059.0742181928,False,CASH
2016-04-20,85059.0742181928,False,CASH
2016-04-21,85059.0742181928,False,CASH
2016-04-22,85059.0742181928,False,CASH
2016-04-25,85059.0742181928,False,CASH
2016-04-26,85059.0742181928,False,CASH
2016-04-27,85059.0742181928,False,CASH
2016-04-28,85059.0742181928,False,CASH
2016-04-29,85059.0742181928,False,CASH
2016-05-02,85059.0742181928,False,CASH
2016-05-03,85059.0742181928,False,CASH
2016-05-04,85059.0742181928,False,CASH
2016-05-05,85059.0742181928,False,CASH
2016-05-06,85059.0742181928,False,CASH
2016-05-09,85059.0742181928,False,CASH
2016-05-10,85059.0742181928,False,CASH
2016-05-11,85059.0742181928,False,CASH
2016-05-12,85059.0742181928,False,CASH
2016-05-13,85059.0742181928,False,CASH
2016-05-16,85059.0742181928,False,CASH
2016-05-17,85059.0742181928,False,CASH
2016-05-18,85059.0742181928,False,CASH
2016-05-19,85059.0742181928,False,CASH
2016-05-20,85059.0742181928,False,CASH
2016-05-23,85059.0742181928,False,CASH
2016-05-24,85059.0742181928,False,CASH
2016-05-25,85059.0742181928,False,CASH
2016-05-26,85059.0742181928,False,CASH
2016-05-27,85059.0742181928,False,CASH
2016-05-31,85059.0742181928,False,CASH
2016-06-01,85059.0742181928,False,CASH
2016-06-02,85059.0742181928,False,CASH
2016-06-03,85059.0742181928,False,CASH
2016-06-06,85059.0742181928,False,CASH
2016-06-07,85059.0742181928,False,CASH
2016-06-08,85059.0742181928,False,CASH
2016-06-09,85059.0742181928,False,CASH
2016-06-10,85059.0742181928,False,CASH
2016-06-13,85059.0742181928,False,CASH
2016-06-14,85059.0742181928,False,CASH
2016-06-15,85059.0742181928,False,CASH
2016-06-16,85059.0742181928,False,CASH
2016-06-17,85059.0742181928,False,CASH
2016-06-20,85059.0742181928,False,CASH
2016-06-21,85059.0742181928,False,CASH
2016-06-22,85059.0742181928,False,CASH
2016-06-23,85059.0742181928,False,CASH
2016-06-24,85059.0742181928,False,CASH
2016-06-27,85059.0742181928,False,CASH
2016-06-28,85059.0742181928,False,CASH
2016-06-29,85059.0742181928,False,CASH
2016-06-30,85059.0742181928,False,CASH
2016-07-01,85059.0742181928,False,CASH
2016-07-05,85059.0742181928,False,CASH
2016-07-06,85059.0742181928,False,CASH
2016-07-07,85059.0742181928,False,CASH
2016-07-08,85059.0742181928,False,CASH
2016-07-11,85059.0742181928,False,CASH
2016-07-12,85059.0742181928,False,CASH
2016-07-13,85059.0742181928,False,CASH
2016-07-14,85059.0742181928,False,CASH
2016-07-15,85059.0742181928,False,CASH
2016-07-18,85059.0742181928,False,CASH
2016-07-19,85059.0742181928,False,CASH
2016-07-20,85059.0742181928,False,CASH
2016-07-21,85059.0742181928,False,CASH
2016-07-22,85059.0742181928,False,CASH
2016-07-25,85059.0742181928,False,CASH
2016-07-26,85059.0742181928,False,CASH
2016-07-27,85059.0742181928,False,CASH
2016-07-28,85059.0742181928,False,CASH
2016-07-29,85059.0742181928,False,CASH
2016-08-01,85059.0742181928,False,CASH
2016-08-02,85059.0742181928,False,CASH
2016-08-03,85059.0742181928,False,CASH
2016-08-04,85059.0742181928,False,CASH
2016-08-05,85059.0742181928,False,CASH
2016-08-08,85059.0742181928,False,CASH
2016-08-09,85059.0742181928,False,CASH
2016-08-10,85059.0742181928,False,CASH
2016-08-11,85059.0742181928,False,CASH
2016-08-12,85059.0742181928,False,CASH
2016-08-15,85059.0742181928,False,CASH
2016-08-16,85059.0742181928,False,CASH
2016-08-17,85059.0742181928,False,CASH
2016-08-18,85059.0742181928,False,CASH
2016-08-19,85059.0742181928,False,CASH
2016-08-22,85059.0742181928,False,CASH
2016-08-23,85059.0742181928,False,CASH
2016-08-24,85059.0742181928,False,CASH
2016-08-25,85059.0742181928,False,CASH
2016-08-26,85059.0742181928,False,CASH
2016-08-29,85059.0742181928,False,CASH
2016-08-30,85059.0742181928,False,CASH
2016-08-31,85059.0742181928,False,CASH
2016-09-01,85059.0742181928,False,CASH
2016-09-02,85059.0742181928,False,CASH
2016-09-06,85059.0742181928,False,CASH
2016-09-07,85059.0742181928,False,CASH
2016-09-08,85059.0742181928,False,CASH
2016-09-09,85059.0742181928,False,CASH
2016-09-12,85059.0742181928,False,CASH
2016-09-13,85059.0742181928,False,CASH
2016-09-14,85059.0742181928,False,CASH
2016-09-15,85059.0742181928,False,CASH
2016-09-16,85059.0742181928,False,CASH
2016-09-19,85059.0742181928,False,CASH
2016-09-20,85059.0742181928,False,CASH
2016-09-21,85059.0742181928,False,CASH
2016-09-22,85059.0742181928,False,CASH
2016-09-23,85059.0742181928,False,CASH
2016-09-26,85059.0742181928,False,CASH
2016-09-27,85059.0742181928,False,CASH
2016-09-28,85059.0742181928,False,CASH
2016-09-29,85059.0742181928,False,CASH
2016-09-30,85059.0742181928,False,CASH
2016-10-03,85059.0742181928,False,CASH
2016-10-04,85059.0742181928,False,CASH
2016-10-05,85059.0742181928,False,CASH
2016-10-06,85059.0742181928,False,CASH
2016-10-07,85059.0742181928,False,CASH
2016-10-10,85059.0742181928,False,CASH
2016-10-11,85059.0742181928,False,CASH
2016-10-12,85059.0742181928,False,CASH
2016-10-13,85059.0742181928,False,CASH
2016-10-14,85059.0742181928,False,CASH
2016-10-17,85059.0742181928,False,CASH
2016-10-18,85059.0742181928,False,CASH
2016-10-19,85059.0742181928,False,CASH
2016-10-20,85059.0742181928,False,CASH
2016-10-21,85059.0742181928,False,CASH
2016-10-24,85059.0742181928,False,CASH
2016-10-25,85059.0742181928,False,CASH
2016-10-26,85059.0742181928,False,CASH
2016-10-27,85059.0742181928,False,CASH
2016-10-28,85059.0742181928,False,CASH
2016-10-31,85059.0742181928,False,CASH
2016-11-01,85059.0742181928,False,CASH
2016-11-02,85059.0742181928,False,CASH
2016-11-03,85059.0742181928,False,CASH
2016-11-04,85059.0742181928,False,CASH
2016-11-07,85059.0742181928,False,CASH
2016-11-08,85059.0742181928,False,CASH
2016-11-09,85059.0742181928,False,CASH
2016-11-10,85059.0742181928,False,CASH
2016-11-11,85059.0742181928,False,CASH
2016-11-14,85059.0742181928,False,CASH
2016-11-15,85059.0742181928,False,CASH
2016-11-16,85059.0742181928,False,CASH
2016-11-17,85059.0742181928,False,CASH
2016-11-18,85059.0742181928,False,CASH
2016-11-21,85059.0742181928,False,CASH
2016-11-22,85059.0742181928,False,CASH
2016-11-23,85059.0742181928,False,CASH
2016-11-25,85059.0742181928,False,CASH
2016-11-28,85059.0742181928,False,CASH
2016-11-29,85059.0742181928,False,CASH
2016-11-30,85059.0742181928,False,CASH
2016-12-01,85059.0742181928,False,CASH
2016-12-02,85059.0742181928,False,CASH
2016-12-05,85059.0742181928,False,CASH
2016-12-06,85059.0742181928,False,CASH
2016-12-07,85059.0742181928,False,CASH
2016-12-08,85059.0742181928,False,CASH
2016-12-09,85059.0742181928,False,CASH
2016-12-12,85059.0742181928,False,CASH
2016-12-13,85059.0742181928,False,CASH
2016-12-14,85059.0742181928,False,CASH
2016-12-15,85059.0742181928,False,CASH
2016-12-16,85059.0742181928,False,CASH
2016-12-19,85059.0742181928,False,CASH
2016-12-20,85059.0742181928,False,CASH
2016-12-21,85059.0742181928,False,CASH
2016-12-22,85059.0742181928,False,CASH
2016-12-23,85059.0742181928,False,CASH
2016-12-27,85059.0742181928,False,CASH
2016-12-28,85059.0742181928,False,CASH
2016-12-29,85059.0742181928,False,CASH
2016-12-30,85059.0742181928,False,CASH
2017-01-03,85059.0742181928,False,CASH
2017-01-04,85059.0742181928,False,CASH
2017-01-05,85059.0742181928,False,CASH
2017-01-06,85059.0742181928,False,CASH
2017-01-09,85059.0742181928,False,CASH
2017-01-10,85059.0742181928,False,CASH
2017-01-11,85059.0742181928,False,CASH
2017-01-12,85059.0742181928,False,CASH
2017-01-13,85059.0742181928,False,CASH
2017-01-17,85059.0742181928,False,CASH
2017-01-18,85059.0742181928,False,CASH
2017-01-19,85059.0742181928,False,CASH
2017-01-20,85059.0742181928,False,CASH
2017-01-23,85059.0742181928,False,CASH
2017-01-24,85059.0742181928,False,CASH
2017-01-25,85059.0742181928,False,CASH
2017-01-26,85059.0742181928,False,CASH
2017-01-27,85059.0742181928,False,CASH
2017-01-30,85059.0742181928,False,CASH
2017-01-31,85059.0742181928,False,CASH
2017-02-01,85059.0742181928,False,CASH
2017-02-02,85059.0742181928,False,CASH
2017-02-03,85059.0742181928,False,CASH
2017-02-06,85059.0742181928,False,CASH
2017-02-07,85059.0742181928,False,CASH
2017-02-08,85059.0742181928,False,CASH
2017-02-09,85059.0742181928,False,CASH
2017-02-10,85059.0742181928,False,CASH
2017-02-13,85059.0742181928,False,CASH
2017-02-14,85059.0742181928,False,CASH
2017-02-15,85059.0742181928,False,CASH
2017-02-16,85059.0742181928,False,CASH
2017-02-17,85059.0742181928,False,CASH
2017-02-21,85059.0742181928,False,CASH
2017-02-22,85059.0742181928,False,CASH
2017-02-23,85059.0742181928,False,CASH
2017-02-24,85059.0742181928,False,CASH
2017-02-27,85059.0742181928,False,CASH
2017-02-28,85059.0742181928,False,CASH
2017-03-01,85059.0742181928,False,CASH
2017-03-02,85059.0742181928,False,CASH
2017-03-03,85059.0742181928,False,CASH
2017-03-06,85059.0742181928,False,CASH
2017-03-07,85059.0742181928,False,CASH
2017-03-08,85059.0742181928,False,CASH
2017-03-09,85059.0742181928,False,CASH
2017-03-10,85059.0742181928,False,CASH
2017-03-13,85059.0742181928,False,CASH
2017-03-14,85059.0742181928,False,CASH
2017-03-15,85059.0742181928,False,CASH
2017-03-16,85059.0742181928,False,CASH
2017-03-17,85059.0742181928,False,CASH
2017-03-20,85059.0742181928,False,CASH
2017-03-21,85059.0742181928,False,CASH
2017-03-22,85059.0742181928,False,CASH
2017-03-23,85059.0742181928,False,CASH
2017-03-24,85059.0742181928,False,CASH
2017-03-27,85059.0742181928,False,CASH
2017-03-28,85059.0742181928,False,CASH
2017-03-29,85059.0742181928,False,CASH
2017-03-30,85059.0742181928,False,CASH
2017-03-31,85059.0742181928,False,CASH
2017-04-03,85059.0742181928,False,CASH
2017-04-04,85059.0742181928,False,CASH
2017-04-05,85059.0742181928,False,CASH
2017-04-06,85059.0742181928,False,CASH
2017-04-07,85059.0742181928,False,CASH
2017-04-10,85059.0742181928,False,CASH
2017-04-11,85059.0742181928,False,CASH
2017-04-12,85059.0742181928,False,CASH
2017-04-13,85059.0742181928,False,CASH
2017-04-17,85059.0742181928,False,CASH
2017-04-18,85059.0742181928,False,CASH
2017-04-19,85059.0742181928,False,CASH
2017-04-20,85059.0742181928,False,CASH
2017-04-21,85059.0742181928,False,CASH
2017-04-24,85059.0742181928,False,CASH
2017-04-25,85059.0742181928,False,CASH
2017-04-26,85059.0742181928,False,CASH
2017-04-27,85059.0742181928,False,CASH
2017-04-28,85059.0742181928,False,CASH
2017-05-01,85059.0742181928,False,CASH
2017-05-02,85059.0742181928,False,CASH
2017-05-03,85059.0742181928,False,CASH
2017-05-04,85059.0742181928,False,CASH
2017-05-05,85059.0742181928,False,CASH
2017-05-08,85059.0742181928,False,CASH
2017-05-09,85059.0742181928,False,CASH
2017-05-10,85059.0742181928,False,CASH
2017-05-11,85059.0742181928,False,CASH
2017-05-12,85059.0742181928,False,CASH
2017-05-15,85059.0742181928,False,CASH
2017-05-16,85059.0742181928,False,CASH
2017-05-17,85059.0742181928,False,CASH
2017-05-18,85059.0742181928,False,CASH
2017-05-19,85059.0742181928,False,CASH
2017-05-22,85059.0742181928,False,CASH
2017-05-23,85059.0742181928,False,CASH
2017-05-24,85059.0742181928,False,CASH
2017-05-25,85059.0742181928,False,CASH
2017-05-26,85059.0742181928,False,CASH
2017-05-30,85059.0742181928,False,CASH
2017-05-31,85059.0742181928,False,CASH
2017-06-01,85059.0742181928,False,CASH
2017-06-02,85059.0742181928,False,CASH
2017-06-05,85059.0742181928,False,CASH
2017-06-06,85059.0742181928,False,CASH
2017-06-07,85059.0742181928,False,CASH
2017-06-08,85059.0742181928,False,CASH
2017-06-09,85059.0742181928,False,CASH
2017-06-12,85059.0742181928,False,CASH
2017-06-13,85059.0742181928,False,CASH
2017-06-14,85059.0742181928,False,CASH
2017-06-15,85059.0742181928,False,CASH
2017-06-16,85059.0742181928,False,CASH
2017-06-19,85059.0742181928,False,CASH
2017-06-20,85059.0742181928,False,CASH
2017-06-21,85059.0742181928,False,CASH
2017-06-22,85059.0742181928,False,CASH
2017-06-23,85059.0742181928,False,CASH
2017-06-26,85059.0742181928,False,CASH
2017-06-27,85059.0742181928,False,CASH
2017-06-28,85059.0742181928,False,CASH
2017-06-29,85059.0742181928,False,CASH
2017-06-30,85059.0742181928,False,CASH
2017-07-03,85059.0742181928,False,CASH
2017-07-05,85059.0742181928,False,CASH
2017-07-06,85059.0742181928,False,CASH
2017-07-07,85059.0742181928,False,CASH
2017-07-10,85059.0742181928,False,CASH
2017-07-11,85059.0742181928,False,CASH
2017-07-12,85059.0742181928,False,CASH
2017-07-13,85059.0742181928,False,CASH
2017-07-14,85059.0742181928,False,CASH
2017-07-17,85059.0742181928,False,CASH
2017-07-18,85059.0742181928,False,CASH
2017-07-19,85059.0742181928,False,CASH
2017-07-20,85059.0742181928,False,CASH
2017-07-21,85059.0742181928,False,CASH
2017-07-24,85059.0742181928,False,CASH
2017-07-25,85059.0742181928,False,CASH
2017-07-26,85059.0742181928,False,CASH
2017-07-27,85059.0742181928,False,CASH
2017-07-28,85059.0742181928,False,CASH
2017-07-31,85059.0742181928,False,CASH
2017-08-01,85059.0742181928,False,CASH
2017-08-02,85059.0742181928,False,CASH
2017-08-03,85059.0742181928,False,CASH
2017-08-04,85059.0742181928,False,CASH
2017-08-07,85059.0742181928,False,CASH
2017-08-08,85059.0742181928,False,CASH
2017-08-09,85059.0742181928,False,CASH
2017-08-10,85059.0742181928,False,CASH
2017-08-11,85059.0742181928,False,CASH
2017-08-14,85059.0742181928,False,CASH
2017-08-15,85059.0742181928,False,CASH
2017-08-16,85059.0742181928,False,CASH
2017-08-17,85059.0742181928,False,CASH
2017-08-18,85059.0742181928,False,CASH
2017-08-21,85059.0742181928,False,CASH
2017-08-22,85059.0742181928,False,CASH
2017-08-23,85059.0742181928,False,CASH
2017-08-24,85059.0742181928,False,CASH
2017-08-25,85059.0742181928,False,CASH
2017-08-28,85059.0742181928,False,CASH
2017-08-29,85059.0742181928,False,CASH
2017-08-30,85059.0742181928,False,CASH
2017-08-31,85059.0742181928,False,CASH
2017-09-01,85059.0742181928,False,CASH
2017-09-05,85059.0742181928,False,CASH
2017-09-06,85059.0742181928,False,CASH
2017-09-07,85059.0742181928,False,CASH
2017-09-08,85059.0742181928,False,CASH
2017-09-11,85059.0742181928,False,CASH
2017-09-12,85059.0742181928,False,CASH
2017-09-13,85059.0742181928,False,CASH
2017-09-14,85059.0742181928,False,CASH
2017-09-15,85059.0742181928,False,CASH
2017-09-18,85059.0742181928,False,CASH
2017-09-19,85059.0742181928,False,CASH
2017-09-20,85059.0742181928,False,CASH
2017-09-21,85059.0742181928,False,CASH
2017-09-22,85059.0742181928,False,CASH
2017-09-25,85059.0742181928,False,CASH
2017-09-26,85059.0742181928,False,CASH
2017-09-27,85059.0742181928,False,CASH
2017-09-28,85059.0742181928,False,CASH
2017-09-29,85059.0742181928,False,CASH
2017-10-02,85059.0742181928,False,CASH
2017-10-03,85059.0742181928,False,CASH
2017-10-04,85059.0742181928,False,CASH
2017-10-05,85059.0742181928,False,CASH
2017-10-06,85059.0742181928,False,CASH
2017-10-09,85059.0742181928,False,CASH
2017-10-10,85059.0742181928,False,CASH
2017-10-11,85059.0742181928,False,CASH
2017-10-12,85059.0742181928,False,CASH
2017-10-13,85059.0742181928,False,CASH
2017-10-16,85059.0742181928,False,CASH
2017-10-17,85059.0742181928,False,CASH
2017-10-18,85059.0742181928,False,CASH
2017-10-19,85059.0742181928,False,CASH
2017-10-20,85059.0742181928,False,CASH
2017-10-23,85059.0742181928,False,CASH
2017-10-24,85059.0742181928,False,CASH
2017-10-25,85059.0742181928,False,CASH
2017-10-26,85059.0742181928,False,CASH
2017-10-27,85059.0742181928,False,CASH
2017-10-30,85059.0742181928,False,CASH
2017-10-31,85059.0742181928,False,CASH
2017-11-01,85059.0742181928,False,CASH
2017-11-02,85059.0742181928,False,CASH
2017-11-03,85059.0742181928,False,CASH
2017-11-06,85059.0742181928,False,CASH
2017-11-07,85059.0742181928,False,CASH
2017-11-08,85059.0742181928,False,CASH
2017-11-09,85059.0742181928,False,CASH
2017-11-10,85059.0742181928,False,CASH
2017-11-13,85059.0742181928,False,CASH
2017-11-14,85059.0742181928,False,CASH
2017-11-15,85059.0742181928,False,CASH
2017-11-16,85059.0742181928,False,CASH
2017-11-17,85059.0742181928,False,CASH
2017-11-20,85059.0742181928,False,CASH
2017-11-21,85059.0742181928,False,CASH
2017-11-22,85059.0742181928,False,CASH
2017-11-24,85059.0742181928,False,CASH
2017-11-27,85059.0742181928,False,CASH
2017-11-28,85059.0742181928,False,CASH
2017-11-29,85059.0742181928,False,CASH
2017-11-30,85059.0742181928,False,CASH
2017-12-01,85059.0742181928,False,CASH
2017-12-04,85059.0742181928,False,CASH
2017-12-05,85059.0742181928,False,CASH
2017-12-06,85059.0742181928,False,CASH
2017-12-07,85059.0742181928,False,CASH
2017-12-08,85059.0742181928,False,CASH
2017-12-11,85059.0742181928,False,CASH
2017-12-12,85059.0742181928,False,CASH
2017-12-13,85059.0742181928,False,CASH
2017-12-14,85059.0742181928,False,CASH
2017-12-15,85059.0742181928,False,CASH
2017-12-18,85059.0742181928,False,CASH
2017-12-19,85059.0742181928,False,CASH
2017-12-20,85059.0742181928,False,CASH
2017-12-21,85059.0742181928,False,CASH
2017-12-22,85059.0742181928,False,CASH
2017-12-26,85059.0742181928,False,CASH
2017-12-27,85059.0742181928,False,CASH
2017-12-28,85059.0742181928,False,CASH
2017-12-29,85059.0742181928,False,CASH
2018-01-02,85059.0742181928,False,CASH
2018-01-03,85059.0742181928,False,CASH
2018-01-04,85059.0742181928,False,CASH
2018-01-05,85059.0742181928,False,CASH
2018-01-08,85059.0742181928,False,CASH
2018-01-09,85059.0742181928,False,CASH
2018-01-10,85059.0742181928,False,CASH
2018-01-11,85059.0742181928,False,CASH
2018-01-12,85059.0742181928,False,CASH
2018-01-16,85059.0742181928,False,CASH
2018-01-17,85059.0742181928,False,CASH
2018-01-18,85059.0742181928,False,CASH
2018-01-19,85059.0742181928,False,CASH
2018-01-22,85059.0742181928,False,CASH
2018-01-23,85059.0742181928,False,CASH
2018-01-24,85059.0742181928,False,CASH
2018-01-25,85059.0742181928,False,CASH
2018-01-26,85059.0742181928,False,CASH
2018-01-29,85059.0742181928,False,CASH
2018-01-30,85059.0742181928,False,CASH
2018-01-31,85059.0742181928,False,CASH
2018-02-01,85059.0742181928,False,CASH
2018-02-02,85059.0742181928,False,CASH
2018-02-05,85059.0742181928,False,CASH
2018-02-06,85059.0742181928,False,CASH
2018-02-07,85059.0742181928,False,CASH
2018-02-08,85059.0742181928,False,CASH
2018-02-09,85059.0742181928,False,CASH
2018-02-12,85059.0742181928,False,CASH
2018-02-13,85059.0742181928,False,CASH
2018-02-14,85059.0742181928,False,CASH
2018-02-15,85059.0742181928,False,CASH
2018-02-16,85059.0742181928,False,CASH
2018-02-20,85059.0742181928,False,CASH
2018-02-21,85059.0742181928,False,CASH
2018-02-22,85059.0742181928,False,CASH
2018-02-23,85059.0742181928,False,CASH
2018-02-26,85059.0742181928,False,CASH
2018-02-27,85059.0742181928,False,CASH
2018-02-28,85059.0742181928,False,CASH
2018-03-01,85059.0742181928,False,CASH
2018-03-02,85059.0742181928,False,CASH
2018-03-05,85059.0742181928,False,CASH
2018-03-06,85059.0742181928,False,CASH
2018-03-07,85059.0742181928,False,CASH
2018-03-08,85059.0742181928,False,CASH
2018-03-09,85059.0742181928,False,CASH
2018-03-12,85059.0742181928,False,CASH
2018-03-13,85059.0742181928,False,CASH
2018-03-14,85059.0742181928,False,CASH
2018-03-15,85059.0742181928,False,CASH
2018-03-16,85059.0742181928,False,CASH
2018-03-19,85059.0742181928,False,CASH
2018-03-20,85059.0742181928,False,CASH
2018-03-21,85059.0742181928,False,CASH
2018-03-22,85059.0742181928,False,CASH
2018-03-23,85059.0742181928,False,CASH
2018-03-26,85059.0742181928,False,CASH
2018-03-27,85059.0742181928,False,CASH
2018-03-28,85059.0742181928,False,CASH
2018-03-29,85059.0742181928,False,CASH
2018-04-02,85059.0742181928,False,CASH
2018-04-03,85059.0742181928,False,CASH
2018-04-04,85059.0742181928,False,CASH
2018-04-05,85059.0742181928,False,CASH
2018-04-06,85059.0742181928,False,CASH
2018-04-09,85059.0742181928,False,CASH
2018-04-10,85059.0742181928,False,CASH
2018-04-11,85059.0742181928,False,CASH
2018-04-12,85059.0742181928,False,CASH
2018-04-13,85059.0742181928,False,CASH
2018-04-16,85059.0742181928,False,CASH
2018-04-17,85059.0742181928,False,CASH
2018-04-18,85059.0742181928,False,CASH
2018-04-19,85059.0742181928,False,CASH
2018-04-20,85059.0742181928,False,CASH
2018-04-23,85059.0742181928,False,CASH
2018-04-24,85059.0742181928,False,CASH
2018-04-25,85059.0742181928,False,CASH
2018-04-26,85059.0742181928,False,CASH
2018-04-27,85059.0742181928,False,CASH
2018-04-30,85059.0742181928,False,CASH
2018-05-01,85059.0742181928,False,CASH
2018-05-02,85059.0742181928,False,CASH
2018-05-03,85059.0742181928,False,CASH
2018-05-04,85059.0742181928,False,CASH
2018-05-07,85059.0742181928,False,CASH
2018-05-08,85059.0742181928,False,CASH
2018-05-09,85059.0742181928,False,CASH
2018-05-10,85059.0742181928,False,CASH
2018-05-11,85059.0742181928,False,CASH
2018-05-14,85059.0742181928,False,CASH
2018-05-15,85059.0742181928,False,CASH
2018-05-16,85059.0742181928,False,CASH
2018-05-17,85059.0742181928,False,CASH
2018-05-18,85059.0742181928,False,CASH
2018-05-21,85059.0742181928,False,CASH
2018-05-22,85059.0742181928,False,CASH
2018-05-23,85059.0742181928,False,CASH
2018-05-24,85059.0742181928,False,CASH
2018-05-25,85059.0742181928,False,CASH
2018-05-29,85059.0742181928,False,CASH
2018-05-30,85059.0742181928,False,CASH
2018-05-31,85059.0742181928,False,CASH
2018-06-01,85059.0742181928,False,CASH
2018-06-04,85059.0742181928,False,CASH
2018-06-05,85059.0742181928,False,CASH
2018-06-06,85059.0742181928,False,CASH
2018-06-07,85059.0742181928,False,CASH
2018-06-08,85059.0742181928,False,CASH
2018-06-11,85059.0742181928,False,CASH
2018-06-12,85059.0742181928,False,CASH
2018-06-13,85059.0742181928,False,CASH
2018-06-14,85059.0742181928,False,CASH
2018-06-15,85059.0742181928,False,CASH
2018-06-18,85059.0742181928,False,CASH
2018-06-19,85059.0742181928,False,CASH
2018-06-20,85059.0742181928,False,CASH
2018-06-21,85059.0742181928,False,CASH
2018-06-22,85059.0742181928,False,CASH
2018-06-25,85059.0742181928,False,CASH
2018-06-26,85059.0742181928,False,CASH
2018-06-27,85059.0742181928,False,CASH
2018-06-28,85059.0742181928,False,CASH
2018-06-29,85059.0742181928,False,CASH
2018-07-02,85059.0742181928,False,CASH
2018-07-03,85059.0742181928,False,CASH
2018-07-05,85059.0742181928,False,CASH
2018-07-06,85059.0742181928,False,CASH
2018-07-09,85059.0742181928,False,CASH
2018-07-10,85059.0742181928,False,CASH
2018-07-11,85059.0742181928,False,CASH
2018-07-12,85059.0742181928,False,CASH
2018-07-13,85059.0742181928,False,CASH
2018-07-16,85059.0742181928,False,CASH
2018-07-17,85059.0742181928,False,CASH
2018-07-18,85059.0742181928,False,CASH
2018-07-19,85059.0742181928,False,CASH
2018-07-20,85059.0742181928,False,CASH
2018-07-23,85059.0742181928,False,CASH
2018-07-24,85059.0742181928,False,CASH
2018-07-25,85059.0742181928,False,CASH
2018-07-26,85059.0742181928,False,CASH
2018-07-27,85059.0742181928,False,CASH
2018-07-30,85059.0742181928,False,CASH
2018-07-31,85059.0742181928,False,CASH
2018-08-01,85059.0742181928,False,CASH
2018-08-02,85059.0742181928,False,CASH
2018-08-03,85059.0742181928,False,CASH
2018-08-06,85059.0742181928,False,CASH
2018-08-07,85059.0742181928,False,CASH
2018-08-08,85059.0742181928,False,CASH
2018-08-09,85059.0742181928,False,CASH
2018-08-10,85059.0742181928,False,CASH
2018-08-13,85059.0742181928,False,CASH
2018-08-14,85059.0742181928,False,CASH
2018-08-15,85059.0742181928,False,CASH
2018-08-16,85059.0742181928,False,CASH
2018-08-17,85059.0742181928,False,CASH
2018-08-20,85059.0742181928,False,CASH
2018-08-21,85059.0742181928,False,CASH
2018-08-22,85059.0742181928,False,CASH
2018-08-23,85059.0742181928,False,CASH
2018-08-24,85059.0742181928,False,CASH
2018-08-27,85059.0742181928,False,CASH
2018-08-28,85059.0742181928,False,CASH
2018-08-29,85059.0742181928,False,CASH
2018-08-30,85059.0742181928,False,CASH
2018-08-31,85059.0742181928,False,CASH
2018-09-04,85059.0742181928,False,CASH
2018-09-05,85059.0742181928,False,CASH
2018-09-06,85059.0742181928,False,CASH
2018-09-07,85059.0742181928,False,CASH
2018-09-10,85059.0742181928,False,CASH
2018-09-11,85059.0742181928,False,CASH
2018-09-12,85059.0742181928,False,CASH
2018-09-13,85059.0742181928,False,CASH
2018-09-14,85059.0742181928,False,CASH
2018-09-17,85059.0742181928,False,CASH
2018-09-18,85059.0742181928,False,CASH
2018-09-19,85059.0742181928,False,CASH
2018-09-20,85059.0742181928,False,CASH
2018-09-21,85059.0742181928,False,CASH
2018-09-24,85059.0742181928,False,CASH
2018-09-25,85059.0742181928,False,CASH
2018-09-26,85059.0742181928,False,CASH
2018-09-27,85059.0742181928,False,CASH
2018-09-28,85059.0742181928,False,CASH
2018-10-01,85059.0742181928,False,CASH
2018-10-02,85059.0742181928,False,CASH
2018-10-03,85059.0742181928,False,CASH
2018-10-04,85059.0742181928,False,CASH
2018-10-05,85059.0742181928,False,CASH
2018-10-08,85059.0742181928,False,CASH
2018-10-09,85059.0742181928,False,CASH
2018-10-10,85059.0742181928,False,CASH
2018-10-11,85059.0742181928,False,CASH
2018-10-12,85059.0742181928,False,CASH
2018-10-15,85059.0742181928,False,CASH
2018-10-16,85059.0742181928,False,CASH
2018-10-17,85059.0742181928,False,CASH
2018-10-18,85059.0742181928,False,CASH
2018-10-19,85059.0742181928,False,CASH
2018-10-22,85059.0742181928,False,CASH
2018-10-23,85059.0742181928,False,CASH
2018-10-24,85059.0742181928,False,CASH
2018-10-25,85059.0742181928,False,CASH
2018-10-26,85059.0742181928,False,CASH
2018-10-29,85059.0742181928,False,CASH
2018-10-30,85059.0742181928,False,CASH
2018-10-31,85059.0742181928,False,CASH
2018-11-01,85059.0742181928,False,CASH
2018-11-02,85059.0742181928,False,CASH
2018-11-05,85059.0742181928,False,CASH
2018-11-06,85059.0742181928,False,CASH
2018-11-07,85059.0742181928,False,CASH
2018-11-08,85059.0742181928,False,CASH
2018-11-09,85059.0742181928,False,CASH
2018-11-12,85059.0742181928,True,XLU
2018-11-13,85415.82298031553,True,XLU
2018-11-14,84531.69543251353,True,XLU
2018-11-15,83833.74642526614,True,XLU
2018-11-16,85121.1187812139,True,XLU
2018-11-19,85493.36373359477,True,XLU
2018-11-20,85136.61497147205,True,XLU
2018-11-21,83880.27984753197,True,XLU
2018-11-23,83926.79831930067,True,XLU
2018-11-26,84423.14734822085,True,XLU
2018-11-27,85059.0742181928,True,XLU
2018-11-28,84997.03713042027,False,CASH
2018-11-29,84997.03713042027,False,CASH
2018-11-30,84997.03713042027,False,CASH
2018-12-03,84997.03713042027,False,CASH
2018-12-04,84997.03713042027,False,CASH
2018-12-06,84997.03713042027,False,CASH
2018-12-07,84997.03713042027,False,CASH
2018-12-10,84997.03713042027,False,CASH
2018-12-11,84997.03713042027,False,CASH
2018-12-12,84997.03713042027,False,CASH
2018-12-13,84997.03713042027,False,CASH
2018-12-14,84997.03713042027,False,CASH
2018-12-17,84997.03713042027,False,CASH
2018-12-18,84997.03713042027,False,CASH
2018-12-19,84997.03713042027,True,SH
2018-12-20,86452.27482109748,True,SH
2018-12-21,88177.0156460995,True,SH
2018-12-24,90521.56353935473,True,SH
2018-12-26,86095.19879839515,True,SH
2018-12-27,85311.53070460708,True,SH
2018-12-28,85500.68492459384,True,SH
2018-12-31,84662.99487584211,True,SH
2019-01-02,84662.99487584211,True,SH
2019-01-03,86797.79991358759,True,SH
2019-01-04,83798.24742304019,True,SH
2019-01-07,83230.76000224349,True,SH
2019-01-08,82447.09190845542,True,SH
2019-01-09,82068.76489785459,True,SH
2019-01-10,81717.4767206766,True,SH
2019-01-11,81744.50936389033,True,SH
2019-01-14,82257.93768846868,True,SH
2019-01-15,81339.14351986664,True,SH
2019-01-16,81122.97522729351,True,SH
2019-01-17,80501.45347111492,True,SH
2019-01-18,79474.5534904944,True,SH
2019-01-22,80555.49399670593,True,SH
2019-01-23,80447.4067553148,True,SH
2019-01-24,80339.31951392368,True,SH
2019-01-25,79717.77299690862,True,SH
2019-01-28,80366.32739630094,True,SH
2019-01-29,80474.4208279012,True,SH
2019-01-30,79177.33678995301,True,SH
2019-01-31,78555.78408272883,False,CASH
2019-02-01,78555.78408272883,False,CASH
2019-02-04,78555.78408272883,False,CASH
2019-02-05,78555.78408272883,False,CASH
2019-02-06,78555.78408272883,False,CASH
2019-02-07,78555.78408272883,False,CASH
2019-02-08,78555.78408272883,False,CASH
2019-02-11,78555.78408272883,False,CASH
2019-02-12,78555.78408272883,False,CASH
2019-02-13,78555.78408272883,False,CASH
2019-02-14,78555.78408272883,False,CASH
2019-02-15,78555.78408272883,False,CASH
2019-02-19,78555.78408272883,False,CASH
2019-02-20,78555.78408272883,False,CASH
2019-02-21,78555.78408272883,False,CASH
2019-02-22,78555.78408272883,False,CASH
2019-02-25,78555.78408272883,False,CASH
2019-02-26,78555.78408272883,False,CASH
2019-02-27,78555.78408272883,False,CASH
2019-02-28,78555.78408272883,False,CASH
2019-03-01,78555.78408272883,False,CASH
2019-03-04,78555.78408272883,False,CASH
2019-03-05,78555.78408272883,False,CASH
2019-03-06,78555.78408272883,False,CASH
2019-03-07,78555.78408272883,False,CASH
2019-03-08,78555.78408272883,False,CASH
2019-03-11,78555.78408272883,False,CASH
2019-03-12,78555.78408272883,False,CASH
2019-03-13,78555.78408272883,False,CASH
2019-03-14,78555.78408272883,False,CASH
2019-03-15,78555.78408272883,False,CASH
2019-03-18,78555.78408272883,False,CASH
2019-03-19,78555.78408272883,False,CASH
2019-03-20,78555.78408272883,False,CASH
2019-03-21,78555.78408272883,False,CASH
2019-03-22,78555.78408272883,False,CASH
2019-03-25,78555.78408272883,False,CASH
2019-03-26,78555.78408272883,False,CASH
2019-03-27,78555.78408272883,False,CASH
2019-03-28,78555.78408272883,False,CASH
2019-03-29,78555.78408272883,False,CASH
2019-04-01,78555.78408272883,False,CASH
2019-04-02,78555.78408272883,False,CASH
2019-04-03,78555.78408272883,False,CASH
2019-04-04,78555.78408272883,False,CASH
2019-04-05,78555.78408272883,False,CASH
2019-04-08,78555.78408272883,False,CASH
2019-04-09,78555.78408272883,False,CASH
2019-04-10,78555.78408272883,False,CASH
2019-04-11,78555.78408272883,False,CASH
2019-04-12,78555.78408272883,False,CASH
2019-04-15,78555.78408272883,False,CASH
2019-04-16,78555.78408272883,False,CASH
2019-04-17,78555.78408272883,False,CASH
2019-04-18,78555.78408272883,False,CASH
2019-04-22,78555.78408272883,False,CASH
2019-04-23,78555.78408272883,False,CASH
2019-04-24,78555.78408272883,False,CASH
2019-04-25,78555.78408272883,False,CASH
2019-04-26,78555.78408272883,False,CASH
2019-04-29,78555.78408272883,False,CASH
2019-04-30,78555.78408272883,False,CASH
2019-05-01,78555.78408272883,False,CASH
2019-05-02,78555.78408272883,False,CASH
2019-05-03,78555.78408272883,False,CASH
2019-05-06,78555.78408272883,False,CASH
2019-05-07,78555.78408272883,False,CASH
2019-05-08,78555.78408272883,False,CASH
2019-05-09,78555.78408272883,False,CASH
2019-05-10,78555.78408272883,False,CASH
2019-05-13,78555.78408272883,False,CASH
2019-05-14,78555.78408272883,False,CASH
2019-05-15,78555.78408272883,False,CASH
2019-05-16,78555.78408272883,False,CASH
2019-05-17,78555.78408272883,False,CASH
2019-05-20,78555.78408272883,False,CASH
2019-05-21,78555.78408272883,False,CASH
2019-05-22,78555.78408272883,False,CASH
2019-05-23,78555.78408272883,False,CASH
2019-05-24,78555.78408272883,False,CASH
2019-05-28,78555.78408272883,False,CASH
2019-05-29,78555.78408272883,False,CASH
2019-05-30,78555.78408272883,False,CASH
2019-05-31,78555.78408272883,False,CASH
2019-06-03,78555.78408272883,False,CASH
2019-06-04,78555.78408272883,False,CASH
2019-06-05,78555.78408272883,False,CASH
2019-06-06,78555.78408272883,False,CASH
2019-06-07,78555.78408272883,False,CASH
2019-06-10,78555.78408272883,False,CASH
2019-06-11,78555.78408272883,False,CASH
2019-06-12,78555.78408272883,False,CASH
2019-06-13,78555.78408272883,False,CASH
2019-06-14,78555.78408272883,False,CASH
2019-06-17,78555.78408272883,False,CASH
2019-06-18,78555.78408272883,False,CASH
2019-06-19,78555.78408272883,False,CASH
2019-06-20,78555.78408272883,False,CASH
2019-06-21,78555.78408272883,False,CASH
2019-06-24,78555.78408272883,False,CASH
2019-06-25,78555.78408272883,False,CASH
2019-06-26,78555.78408272883,False,CASH
2019-06-27,78555.78408272883,False,CASH
2019-06-28,78555.78408272883,False,CASH
2019-07-01,78555.78408272883,False,CASH
2019-07-02,78555.78408272883,False,CASH
2019-07-03,78555.78408272883,False,CASH
2019-07-05,78555.78408272883,False,CASH
2019-07-08,78555.78408272883,False,CASH
2019-07-09,78555.78408272883,False,CASH
2019-07-10,78555.78408272883,False,CASH
2019-07-11,78555.78408272883,False,CASH
2019-07-12,78555.78408272883,False,CASH
2019-07-15,78555.78408272883,False,CASH
2019-07-16,78555.78408272883,False,CASH
2019-07-17,78555.78408272883,False,CASH
2019-07-18,78555.78408272883,False,CASH
2019-07-19,78555.78408272883,False,CASH
2019-07-22,78555.78408272883,False,CASH
2019-07-23,78555.78408272883,False,CASH
2019-07-24,78555.78408272883,False,CASH
2019-07-25,78555.78408272883,False,CASH
2019-07-26,78555.78408272883,False,CASH
2019-07-29,78555.78408272883,False,CASH
2019-07-30,78555.78408272883,False,CASH
2019-07-31,78555.78408272883,False,CASH
2019-08-01,78555.78408272883,False,CASH
2019-08-02,78555.78408272883,False,CASH
2019-08-05,78555.78408272883,False,CASH
2019-08-06,78555.78408272883,False,CASH
2019-08-07,78555.78408272883,False,CASH
2019-08-08,78555.78408272883,False,CASH
2019-08-09,78555.78408272883,False,CASH
2019-08-12,78555.78408272883,False,CASH
2019-08-13,78555.78408272883,False,CASH
2019-08-14,78555.78408272883,False,CASH
2019-08-15,78555.78408272883,False,CASH
2019-08-16,78555.78408272883,False,CASH
2019-08-19,78555.78408272883,False,CASH
2019-08-20,78555.78408272883,False,CASH
2019-08-21,78555.78408272883,False,CASH
2019-08-22,78555.78408272883,False,CASH
2019-08-23,78555.78408272883,False,CASH
2019-08-26,78555.78408272883,False,CASH
2019-08-27,78555.78408272883,False,CASH
2019-08-28,78555.78408272883,False,CASH
2019-08-29,78555.78408272883,False,CASH
2019-08-30,78555.78408272883,False,CASH
2019-09-03,78555.78408272883,False,CASH
2019-09-04,78555.78408272883,False,CASH
2019-09-05,78555.78408272883,False,CASH
2019-09-06,78555.78408272883,False,CASH
2019-09-09,78555.78408272883,False,CASH
2019-09-10,78555.78408272883,False,CASH
2019-09-11,78555.78408272883,False,CASH
2019-09-12,78555.78408272883,False,CASH
2019-09-13,78555.78408272883,False,CASH
2019-09-16,78555.78408272883,False,CASH
2019-09-17,78555.78408272883,False,CASH
2019-09-18,78555.78408272883,False,CASH
2019-09-19,78555.78408272883,False,CASH
2019-09-20,78555.78408272883,False,CASH
2019-09-23,78555.78408272883,False,CASH
2019-09-24,78555.78408272883,False,CASH
2019-09-25,78555.78408272883,False,CASH
2019-09-26,78555.78408272883,False,CASH
2019-09-27,78555.78408272883,False,CASH
2019-09-30,78555.78408272883,False,CASH
2019-10-01,78555.78408272883,False,CASH
2019-10-02,78555.78408272883,False,CASH
2019-10-03,78555.78408272883,False,CASH
2019-10-04,78555.78408272883,False,CASH
2019-10-07,78555.78408272883,False,CASH
2019-10-08,78555.78408272883,False,CASH
2019-10-09,78555.78408272883,False,CASH
2019-10-10,78555.78408272883,False,CASH
2019-10-11,78555.78408272883,False,CASH
2019-10-14,78555.78408272883,False,CASH
2019-10-15,78555.78408272883,False,CASH
2019-10-16,78555.78408272883,False,CASH
2019-10-17,78555.78408272883,False,CASH
2019-10-18,78555.78408272883,False,CASH
2019-10-21,78555.78408272883,False,CASH
2019-10-22,78555.78408272883,False,CASH
2019-10-23,78555.78408272883,False,CASH
2019-10-24,78555.78408272883,False,CASH
2019-10-25,78555.78408272883,False,CASH
2019-10-28,78555.78408272883,False,CASH
2019-10-29,78555.78408272883,False,CASH
2019-10-30,78555.78408272883,False,CASH
2019-10-31,78555.78408272883,False,CASH
2019-11-01,78555.78408272883,False,CASH
2019-11-04,78555.78408272883,False,CASH
2019-11-05,78555.78408272883,False,CASH
2019-11-06,78555.78408272883,False,CASH
2019-11-07,78555.78408272883,False,CASH
2019-11-08,78555.78408272883,False,CASH
2019-11-11,78555.78408272883,False,CASH
2019-11-12,78555.78408272883,False,CASH
2019-11-13,78555.78408272883,False,CASH
2019-11-14,78555.78408272883,False,CASH
2019-11-15,78555.78408272883,False,CASH
2019-11-18,78555.78408272883,False,CASH
2019-11-19,78555.78408272883,False,CASH
2019-11-20,78555.78408272883,False,CASH
2019-11-21,78555.78408272883,False,CASH
2019-11-22,78555.78408272883,False,CASH
2019-11-25,78555.78408272883,False,CASH
2019-11-26,78555.78408272883,False,CASH
2019-11-27,78555.78408272883,False,CASH
2019-11-29,78555.78408272883,False,CASH
2019-12-02,78555.78408272883,False,CASH
2019-12-03,78555.78408272883,False,CASH
2019-12-04,78555.78408272883,False,CASH
2019-12-05,78555.78408272883,False,CASH
2019-12-06,78555.78408272883,False,CASH
2019-12-09,78555.78408272883,False,CASH
2019-12-10,78555.78408272883,False,CASH
2019-12-11,78555.78408272883,False,CASH
2019-12-12,78555.78408272883,False,CASH
2019-12-13,78555.78408272883,False,CASH
2019-12-16,78555.78408272883,False,CASH
2019-12-17,78555.78408272883,False,CASH
2019-12-18,78555.78408272883,False,CASH
2019-12-19,78555.78408272883,False,CASH
2019-12-20,78555.78408272883,False,CASH
2019-12-23,78555.78408272883,False,CASH
2019-12-24,78555.78408272883,False,CASH
2019-12-26,78555.78408272883,False,CASH
2019-12-27,78555.78408272883,False,CASH
2019-12-30,78555.78408272883,False,CASH
2019-12-31,78555.78408272883,False,CASH
2020-01-02,78555.78408272883,False,CASH
2020-01-03,78555.78408272883,False,CASH
2020-01-06,78555.78408272883,False,CASH
2020-01-07,78555.78408272883,False,CASH
2020-01-08,78555.78408272883,False,CASH
2020-01-09,78555.78408272883,False,CASH
2020-01-10,78555.78408272883,False,CASH
2020-01-13,78555.78408272883,False,CASH
2020-01-14,78555.78408272883,False,CASH
2020-01-15,78555.78408272883,False,CASH
2020-01-16,78555.78408272883,False,CASH
2020-01-17,78555.78408272883,False,CASH
2020-01-21,78555.78408272883,False,CASH
2020-01-22,78555.78408272883,False,CASH
2020-01-23,78555.78408272883,False,CASH
2020-01-24,78555.78408272883,False,CASH
2020-01-27,78555.78408272883,False,CASH
2020-01-28,78555.78408272883,False,CASH
2020-01-29,78555.78408272883,False,CASH
2020-01-30,78555.78408272883,False,CASH
2020-01-31,78555.78408272883,False,CASH
2020-02-03,78555.78408272883,False,CASH
2020-02-04,78555.78408272883,False,CASH
2020-02-05,78555.78408272883,False,CASH
2020-02-06,78555.78408272883,False,CASH
2020-02-07,78555.78408272883,False,CASH
2020-02-10,78555.78408272883,False,CASH
2020-02-11,78555.78408272883,False,CASH
2020-02-12,78555.78408272883,False,CASH
2020-02-13,78555.78408272883,False,CASH
2020-02-14,78555.78408272883,False,CASH
2020-02-18,78555.78408272883,False,CASH
2020-02-19,78555.78408272883,False,CASH
2020-02-20,78555.78408272883,False,CASH
2020-02-21,78555.78408272883,False,CASH
2020-02-24,78555.78408272883,False,CASH
2020-02-25,78555.78408272883,False,CASH
2020-02-26,78555.78408272883,False,CASH
2020-02-27,78555.78408272883,False,CASH
2020-02-28,78555.78408272883,False,CASH
2020-03-02,78555.78408272883,False,CASH
2020-03-03,78555.78408272883,False,CASH
2020-03-04,78555.78408272883,False,CASH
2020-03-05,78555.78408272883,False,CASH
2020-03-06,78555.78408272883,False,CASH
2020-03-09,78555.78408272883,False,CASH
2020-03-10,78555.78408272883,False,CASH
2020-03-11,78555.78408272883,False,CASH
2020-03-12,78555.78408272883,False,CASH
2020-03-13,78555.78408272883,False,CASH
2020-03-16,78555.78408272883,False,CASH
2020-03-17,78555.78408272883,False,CASH
2020-03-18,78555.78408272883,False,CASH
2020-03-19,78555.78408272883,False,CASH
2020-03-20,78555.78408272883,False,CASH
2020-03-23,78555.78408272883,True,SH
2020-03-24,71291.49937525071,True,SH
2020-03-25,70320.39382232766,True,SH
2020-03-26,66189.58314232709,True,SH
2020-03-27,68170.43915310026,True,SH
2020-03-30,65899.69195657752,True,SH
2020-03-31,66817.64988546654,True,SH
2020-04-01,69885.56248358297,True,TLT
2020-04-02,70329.04496749389,True,TLT
2020-04-03,70496.4033233445,True,TLT
2020-04-06,70312.305318777,True,TLT
2020-04-07,69575.95905808889,True,TLT
2020-04-08,69069.72767684652,True,TLT
2020-04-09,69195.24072403675,True,TLT
2020-04-13,68563.5039218678,True,TLT
2020-04-14,68546.77952567823,True,TLT
2020-04-15,70362.5318911913,True,TLT
2020-04-16,71161.61179668356,True,TLT
2020-04-17,70207.7339915761,True,TLT
2020-04-20,70772.51982514115,True,TLT
2020-04-21,71663.66398544445,True,TLT
2020-04-22,70931.48929097419,True,TLT
2020-04-23,71308.02843254486,True,TLT
2020-04-24,71475.38678839547,True,TLT
2020-04-27,70144.98509424464,True,TLT
2020-04-28,70952.40813217255,True,TLT
2020-04-29,70584.26550688312,True,TLT
2020-04-30,69760.07994144736,True,TLT
2020-05-01,70357.43754707155,True,TLT
2020-05-04,70026.48058335092,True,TLT
2020-05-05,69578.26218971191,True,TLT
2020-05-06,68455.54653360527,True,TLT
2020-05-07,69599.19628343757,True,TLT
2020-05-08,68694.29434350545,True,TLT
2020-05-11,68158.10699863668,True,TLT
2020-05-12,68857.70229478415,True,TLT
2020-05-13,69339.41523838424,True,TLT
2020-05-14,70018.09169333335,True,TLT
2020-05-15,69837.97459839236,True,TLT
2020-05-18,68304.74479614389,True,TLT
2020-05-19,68560.29326487017,True,TLT
2020-05-20,68765.53127228197,True,TLT
2020-05-21,68937.28998225997,True,TLT
2020-05-22,69352.04433099252,True,TLT
2020-05-26,68422.05198364418,False,CASH
2020-05-27,68422.05198364418,False,CASH
2020-05-28,68422.05198364418,False,CASH
2020-05-29,68422.05198364418,False,CASH
2020-06-01,68422.05198364418,False,CASH
2020-06-02,68422.05198364418,False,CASH
2020-06-03,68422.05198364418,False,CASH
2020-06-04,68422.05198364418,False,CASH
2020-06-05,68422.05198364418,False,CASH
2020-06-08,68422.05198364418,False,CASH
2020-06-09,68422.05198364418,False,CASH
2020-06-10,68422.05198364418,False,CASH
2020-06-11,68422.05198364418,False,CASH
2020-06-12,68422.05198364418,False,CASH
2020-06-15,68422.05198364418,False,CASH
2020-06-16,68422.05198364418,False,CASH
2020-06-17,68422.05198364418,False,CASH
2020-06-18,68422.05198364418,False,CASH
2020-06-19,68422.05198364418,False,CASH
2020-06-22,68422.05198364418,False,CASH
2020-06-23,68422.05198364418,False,CASH
2020-06-24,68422.05198364418,False,CASH
2020-06-25,68422.05198364418,False,CASH
2020-06-26,68422.05198364418,False,CASH
2020-06-29,68422.05198364418,False,CASH
2020-06-30,68422.05198364418,False,CASH
2020-07-01,68422.05198364418,False,CASH
2020-07-02,68422.05198364418,False,CASH
2020-07-06,68422.05198364418,False,CASH
2020-07-07,68422.05198364418,False,CASH
2020-07-08,68422.05198364418,False,CASH
2020-07-09,68422.05198364418,False,CASH
2020-07-10,68422.05198364418,False,CASH
2020-07-13,68422.05198364418,False,CASH
2020-07-14,68422.05198364418,False,CASH
2020-07-15,68422.05198364418,False,CASH
2020-07-16,68422.05198364418,False,CASH
2020-07-17,68422.05198364418,False,CASH
2020-07-20,68422.05198364418,False,CASH
2020-07-21,68422.05198364418,False,CASH
2020-07-22,68422.05198364418,False,CASH
2020-07-23,68422.05198364418,False,CASH
2020-07-24,68422.05198364418,False,CASH
2020-07-27,68422.05198364418,False,CASH
2020-07-28,68422.05198364418,False,CASH
2020-07-29,68422.05198364418,False,CASH
2020-07-30,68422.05198364418,False,CASH
2020-07-31,68422.05198364418,False,CASH
2020-08-03,68422.05198364418,False,CASH
2020-08-04,68422.05198364418,False,CASH
2020-08-05,68422.05198364418,False,CASH
2020-08-06,68422.05198364418,False,CASH
2020-08-07,68422.05198364418,False,CASH
2020-08-10,68422.05198364418,False,CASH
2020-08-11,68422.05198364418,False,CASH
2020-08-12,68422.05198364418,False,CASH
2020-08-13,68422.05198364418,False,CASH
2020-08-14,68422.05198364418,False,CASH
2020-08-17,68422.05198364418,False,CASH
2020-08-18,68422.05198364418,False,CASH
2020-08-19,68422.05198364418,False,CASH
2020-08-20,68422.05198364418,False,CASH
2020-08-21,68422.05198364418,False,CASH
2020-08-24,68422.05198364418,False,CASH
2020-08-25,68422.05198364418,False,CASH
2020-08-26,68422.05198364418,False,CASH
2020-08-27,68422.05198364418,False,CASH
2020-08-28,68422.05198364418,False,CASH
2020-08-31,68422.05198364418,False,CASH
2020-09-01,68422.05198364418,False,CASH
2020-09-02,68422.05198364418,False,CASH
2020-09-03,68422.05198364418,False,CASH
2020-09-04,68422.05198364418,False,CASH
2020-09-08,68422.05198364418,False,CASH
2020-09-09,68422.05198364418,False,CASH
2020-09-10,68422.05198364418,False,CASH
2020-09-11,68422.05198364418,False,CASH
2020-09-14,68422.05198364418,False,CASH
2020-09-15,68422.05198364418,False,CASH
2020-09-16,68422.05198364418,False,CASH
2020-09-17,68422.05198364418,False,CASH
2020-09-18,68422.05198364418,False,CASH
2020-09-21,68422.05198364418,False,CASH
2020-09-22,68422.05198364418,False,CASH
2020-09-23,68422.05198364418,False,CASH
2020-09-24,68422.05198364418,False,CASH
2020-09-25,68422.05198364418,False,CASH
2020-09-28,68422.05198364418,False,CASH
2020-09-29,68422.05198364418,False,CASH
2020-09-30,68422.05198364418,False,CASH
2020-10-01,68422.05198364418,False,CASH
2020-10-02,68422.05198364418,False,CASH
2020-10-05,68422.05198364418,False,CASH
2020-10-06,68422.05198364418,False,CASH
2020-10-07,68422.05198364418,False,CASH
2020-10-08,68422.05198364418,False,CASH
2020-10-09,68422.05198364418,False,CASH
2020-10-12,68422.05198364418,False,CASH
2020-10-13,68422.05198364418,False,CASH
2020-10-14,68422.05198364418,False,CASH
2020-10-15,68422.05198364418,False,CASH
2020-10-16,68422.05198364418,False,CASH
2020-10-19,68422.05198364418,False,CASH
2020-10-20,68422.05198364418,False,CASH
2020-10-21,68422.05198364418,False,CASH
2020-10-22,68422.05198364418,False,CASH
2020-10-23,68422.05198364418,False,CASH
2020-10-26,68422.05198364418,False,CASH
2020-10-27,68422.05198364418,False,CASH
2020-10-28,68422.05198364418,False,CASH
2020-10-29,68422.05198364418,False,CASH
2020-10-30,68422.05198364418,False,CASH
2020-11-02,68422.05198364418,False,CASH
2020-11-03,68422.05198364418,False,CASH
2020-11-04,68422.05198364418,False,CASH
2020-11-05,68422.05198364418,False,CASH
2020-11-06,68422.05198364418,False,CASH
2020-11-09,68422.05198364418,False,CASH
2020-11-10,68422.05198364418,False,CASH
2020-11-11,68422.05198364418,False,CASH
2020-11-12,68422.05198364418,False,CASH
2020-11-13,68422.05198364418,False,CASH
2020-11-16,68422.05198364418,False,CASH
2020-11-17,68422.05198364418,False,CASH
2020-11-18,68422.05198364418,False,CASH
2020-11-19,68422.05198364418,False,CASH
2020-11-20,68422.05198364418,False,CASH
2020-11-23,68422.05198364418,False,CASH
2020-11-24,68422.05198364418,False,CASH
2020-11-25,68422.05198364418,False,CASH
2020-11-27,68422.05198364418,False,CASH
2020-11-30,68422.05198364418,False,CASH
2020-12-01,68422.05198364418,False,CASH
2020-12-02,68422.05198364418,False,CASH
2020-12-03,68422.05198364418,False,CASH
2020-12-04,68422.05198364418,False,CASH
2020-12-07,68422.05198364418,False,CASH
2020-12-08,68422.05198364418,False,CASH
2020-12-09,68422.05198364418,False,CASH
2020-12-10,68422.05198364418,False,CASH
2020-12-11,68422.05198364418,False,CASH
2020-12-14,68422.05198364418,False,CASH
2020-12-15,68422.05198364418,False,CASH
2020-12-16,68422.05198364418,False,CASH
2020-12-17,68422.05198364418,False,CASH
2020-12-18,68422.05198364418,False,CASH
2020-12-21,68422.05198364418,False,CASH
2020-12-22,68422.05198364418,False,CASH
2020-12-23,68422.05198364418,False,CASH
2020-12-24,68422.05198364418,False,CASH
2020-12-28,68422.05198364418,False,CASH
2020-12-29,68422.05198364418,False,CASH
2020-12-30,68422.05198364418,False,CASH
2020-12-31,68422.05198364418,False,CASH
2021-01-04,68422.05198364418,False,CASH
2021-01-05,68422.05198364418,False,CASH
2021-01-06,68422.05198364418,False,CASH
2021-01-07,68422.05198364418,False,CASH
2021-01-08,68422.05198364418,False,CASH
2021-01-11,68422.05198364418,False,CASH
2021-01-12,68422.05198364418,False,CASH
2021-01-13,68422.05198364418,False,CASH
2021-01-14,68422.05198364418,False,CASH
2021-01-15,68422.05198364418,False,CASH
2021-01-19,68422.05198364418,False,CASH
2021-01-20,68422.05198364418,False,CASH
2021-01-21,68422.05198364418,False,CASH
2021-01-22,68422.05198364418,False,CASH
2021-01-25,68422.05198364418,False,CASH
2021-01-26,68422.05198364418,False,CASH
2021-01-27,68422.05198364418,False,CASH
2021-01-28,68422.05198364418,False,CASH
2021-01-29,68422.05198364418,False,CASH
2021-02-01,68422.05198364418,False,CASH
2021-02-02,68422.05198364418,False,CASH
2021-02-03,68422.05198364418,False,CASH
2021-02-04,68422.05198364418,False,CASH
2021-02-05,68422.05198364418,False,CASH
2021-02-08,68422.05198364418,False,CASH
2021-02-09,68422.05198364418,False,CASH
2021-02-10,68422.05198364418,False,CASH
2021-02-11,68422.05198364418,False,CASH
2021-02-12,68422.05198364418,False,CASH
2021-02-16,68422.05198364418,False,CASH
2021-02-17,68422.05198364418,False,CASH
2021-02-18,68422.05198364418,False,CASH
2021-02-19,68422.05198364418,False,CASH
2021-02-22,68422.05198364418,False,CASH
2021-02-23,68422.05198364418,False,CASH
2021-02-24,68422.05198364418,False,CASH
2021-02-25,68422.05198364418,False,CASH
2021-02-26,68422.05198364418,False,CASH
2021-03-01,68422.05198364418,False,CASH
2021-03-02,68422.05198364418,False,CASH
2021-03-03,68422.05198364418,False,CASH
2021-03-04,68422.05198364418,False,CASH
2021-03-05,68422.05198364418,False,CASH
2021-03-08,68422.05198364418,False,CASH
2021-03-09,68422.05198364418,False,CASH
2021-03-10,68422.05198364418,False,CASH
2021-03-11,68422.05198364418,False,CASH
2021-03-12,68422.05198364418,False,CASH
2021-03-15,68422.05198364418,False,CASH
2021-03-16,68422.05198364418,False,CASH
2021-03-17,68422.05198364418,False,CASH
2021-03-18,68422.05198364418,False,CASH
2021-03-19,68422.05198364418,False,CASH
2021-03-22,68422.05198364418,False,CASH
2021-03-23,68422.05198364418,False,CASH
2021-03-24,68422.05198364418,False,CASH
2021-03-25,68422.05198364418,False,CASH
2021-03-26,68422.05198364418,False,CASH
2021-03-29,68422.05198364418,False,CASH
2021-03-30,68422.05198364418,False,CASH
2021-03-31,68422.05198364418,False,CASH
2021-04-01,68422.05198364418,False,CASH
2021-04-05,68422.05198364418,False,CASH
2021-04-06,68422.05198364418,False,CASH
2021-04-07,68422.05198364418,False,CASH
2021-04-08,68422.05198364418,False,CASH
2021-04-09,68422.05198364418,False,CASH
2021-04-12,68422.05198364418,False,CASH
2021-04-13,68422.05198364418,False,CASH
2021-04-14,68422.05198364418,False,CASH
2021-04-15,68422.05198364418,False,CASH
2021-04-16,68422.05198364418,False,CASH
2021-04-19,68422.05198364418,False,CASH
2021-04-20,68422.05198364418,False,CASH
2021-04-21,68422.05198364418,False,CASH
2021-04-22,68422.05198364418,False,CASH
2021-04-23,68422.05198364418,False,CASH
2021-04-26,68422.05198364418,False,CASH
2021-04-27,68422.05198364418,False,CASH
2021-04-28,68422.05198364418,False,CASH
2021-04-29,68422.05198364418,False,CASH
2021-04-30,68422.05198364418,False,CASH
2021-05-03,68422.05198364418,False,CASH
2021-05-04,68422.05198364418,False,CASH
2021-05-05,68422.05198364418,False,CASH
2021-05-06,68422.05198364418,False,CASH
2021-05-07,68422.05198364418,False,CASH
2021-05-10,68422.05198364418,False,CASH
2021-05-11,68422.05198364418,False,CASH
2021-05-12,68422.05198364418,False,CASH
2021-05-13,68422.05198364418,False,CASH
2021-05-14,68422.05198364418,False,CASH
2021-05-17,68422.05198364418,False,CASH
2021-05-18,68422.05198364418,False,CASH
2021-05-19,68422.05198364418,False,CASH
2021-05-20,68422.05198364418,False,CASH
2021-05-21,68422.05198364418,False,CASH
2021-05-24,68422.05198364418,False,CASH
2021-05-25,68422.05198364418,False,CASH
2021-05-26,68422.05198364418,False,CASH
2021-05-27,68422.05198364418,False,CASH
2021-05-28,68422.05198364418,False,CASH
2021-06-01,68422.05198364418,False,CASH
2021-06-02,68422.05198364418,False,CASH
2021-06-03,68422.05198364418,False,CASH
2021-06-04,68422.05198364418,False,CASH
2021-06-07,68422.05198364418,False,CASH
2021-06-08,68422.05198364418,False,CASH
2021-06-09,68422.05198364418,False,CASH
2021-06-10,68422.05198364418,False,CASH
2021-06-11,68422.05198364418,False,CASH
2021-06-14,68422.05198364418,False,CASH
2021-06-15,68422.05198364418,False,CASH
2021-06-16,68422.05198364418,False,CASH
2021-06-17,68422.05198364418,False,CASH
2021-06-18,68422.05198364418,False,CASH
2021-06-21,68422.05198364418,False,CASH
2021-06-22,68422.05198364418,False,CASH
2021-06-23,68422.05198364418,False,CASH
2021-06-24,68422.05198364418,False,CASH
2021-06-25,68422.05198364418,False,CASH
2021-06-28,68422.05198364418,False,CASH
2021-06-29,68422.05198364418,False,CASH
2021-06-30,68422.05198364418,False,CASH
2021-07-01,68422.05198364418,False,CASH
2021-07-02,68422.05198364418,False,CASH
2021-07-06,68422.05198364418,False,CASH
2021-07-07,68422.05198364418,False,CASH
2021-07-08,68422.05198364418,False,CASH
2021-07-09,68422.05198364418,False,CASH
2021-07-12,68422.05198364418,False,CASH
2021-07-13,68422.05198364418,False,CASH
2021-07-14,68422.05198364418,False,CASH
2021-07-15,68422.05198364418,False,CASH
2021-07-16,68422.05198364418,False,CASH
2021-07-19,68422.05198364418,False,CASH
2021-07-20,68422.05198364418,False,CASH
2021-07-21,68422.05198364418,False,CASH
2021-07-22,68422.05198364418,False,CASH
2021-07-23,68422.05198364418,False,CASH
2021-07-26,68422.05198364418,False,CASH
2021-07-27,68422.05198364418,False,CASH
2021-07-28,68422.05198364418,False,CASH
2021-07-29,68422.05198364418,False,CASH
2021-07-30,68422.05198364418,False,CASH
2021-08-02,68422.05198364418,False,CASH
2021-08-03,68422.05198364418,False,CASH
2021-08-04,68422.05198364418,False,CASH
2021-08-05,68422.05198364418,False,CASH
2021-08-06,68422.05198364418,False,CASH
2021-08-09,68422.05198364418,False,CASH
2021-08-10,68422.05198364418,False,CASH
2021-08-11,68422.05198364418,False,CASH
2021-08-12,68422.05198364418,False,CASH
2021-08-13,68422.05198364418,False,CASH
2021-08-16,68422.05198364418,False,CASH
2021-08-17,68422.05198364418,False,CASH
2021-08-18,68422.05198364418,False,CASH
2021-08-19,68422.05198364418,False,CASH
2021-08-20,68422.05198364418,False,CASH
2021-08-23,68422.05198364418,False,CASH
2021-08-24,68422.05198364418,False,CASH
2021-08-25,68422.05198364418,False,CASH
2021-08-26,68422.05198364418,False,CASH
2021-08-27,68422.05198364418,False,CASH
2021-08-30,68422.05198364418,False,CASH
2021-08-31,68422.05198364418,False,CASH
2021-09-01,68422.05198364418,False,CASH
2021-09-02,68422.05198364418,False,CASH
2021-09-03,68422.05198364418,False,CASH
2021-09-07,68422.05198364418,False,CASH
2021-09-08,68422.05198364418,False,CASH
2021-09-09,68422.05198364418,False,CASH
2021-09-10,68422.05198364418,False,CASH
2021-09-13,68422.05198364418,False,CASH
2021-09-14,68422.05198364418,False,CASH
2021-09-15,68422.05198364418,False,CASH
2021-09-16,68422.05198364418,False,CASH
2021-09-17,68422.05198364418,False,CASH
2021-09-20,68422.05198364418,False,CASH
2021-09-21,68422.05198364418,False,CASH
2021-09-22,68422.05198364418,False,CASH
2021-09-23,68422.05198364418,False,CASH
2021-09-24,68422.05198364418,False,CASH
2021-09-27,68422.05198364418,False,CASH
2021-09-28,68422.05198364418,False,CASH
2021-09-29,68422.05198364418,False,CASH
2021-09-30,68422.05198364418,False,CASH
2021-10-01,68422.05198364418,False,CASH
2021-10-04,68422.05198364418,False,CASH
2021-10-05,68422.05198364418,False,CASH
2021-10-06,68422.05198364418,False,CASH
2021-10-07,68422.05198364418,False,CASH
2021-10-08,68422.05198364418,False,CASH
2021-10-11,68422.05198364418,False,CASH
2021-10-12,68422.05198364418,False,CASH
2021-10-13,68422.05198364418,False,CASH
2021-10-14,68422.05198364418,False,CASH
2021-10-15,68422.05198364418,False,CASH
2021-10-18,68422.05198364418,False,CASH
2021-10-19,68422.05198364418,False,CASH
2021-10-20,68422.05198364418,False,CASH
2021-10-21,68422.05198364418,False,CASH
2021-10-22,68422.05198364418,False,CASH
2021-10-25,68422.05198364418,False,CASH
2021-10-26,68422.05198364418,False,CASH
2021-10-27,68422.05198364418,False,CASH
2021-10-28,68422.05198364418,False,CASH
2021-10-29,68422.05198364418,False,CASH
2021-11-01,68422.05198364418,False,CASH
2021-11-02,68422.05198364418,False,CASH
2021-11-03,68422.05198364418,False,CASH
2021-11-04,68422.05198364418,False,CASH
2021-11-05,68422.05198364418,False,CASH
2021-11-08,68422.05198364418,False,CASH
2021-11-09,68422.05198364418,False,CASH
2021-11-10,68422.05198364418,False,CASH
2021-11-11,68422.05198364418,False,CASH
2021-11-12,68422.05198364418,False,CASH
2021-11-15,68422.05198364418,False,CASH
2021-11-16,68422.05198364418,False,CASH
2021-11-17,68422.05198364418,False,CASH
2021-11-18,68422.05198364418,False,CASH
2021-11-19,68422.05198364418,False,CASH
2021-11-22,68422.05198364418,False,CASH
2021-11-23,68422.05198364418,False,CASH
2021-11-24,68422.05198364418,False,CASH
2021-11-26,68422.05198364418,False,CASH
2021-11-29,68422.05198364418,False,CASH
2021-11-30,68422.05198364418,False,CASH
2021-12-01,68422.05198364418,False,CASH
2021-12-02,68422.05198364418,False,CASH
2021-12-03,68422.05198364418,False,CASH
2021-12-06,68422.05198364418,False,CASH
2021-12-07,68422.05198364418,False,CASH
2021-12-08,68422.05198364418,False,CASH
2021-12-09,68422.05198364418,False,CASH
2021-12-10,68422.05198364418,False,CASH
2021-12-13,68422.05198364418,False,CASH
2021-12-14,68422.05198364418,False,CASH
2021-12-15,68422.05198364418,False,CASH
2021-12-16,68422.05198364418,False,CASH
2021-12-17,68422.05198364418,False,CASH
2021-12-20,68422.05198364418,False,CASH
2021-12-21,68422.05198364418,False,CASH
2021-12-22,68422.05198364418,False,CASH
2021-12-23,68422.05198364418,False,CASH
2021-12-27,68422.05198364418,False,CASH
2021-12-28,68422.05198364418,False,CASH
2021-12-29,68422.05198364418,False,CASH
2021-12-30,68422.05198364418,False,CASH
2021-12-31,68422.05198364418,False,CASH
2022-01-03,68422.05198364418,False,CASH
2022-01-04,68422.05198364418,False,CASH
2022-01-05,68422.05198364418,False,CASH
2022-01-06,68422.05198364418,False,CASH
2022-01-07,68422.05198364418,False,CASH
2022-01-10,68422.05198364418,False,CASH
2022-01-11,68422.05198364418,False,CASH
2022-01-12,68422.05198364418,False,CASH
2022-01-13,68422.05198364418,False,CASH
2022-01-14,68422.05198364418,False,CASH
2022-01-18,68422.05198364418,False,CASH
2022-01-19,68422.05198364418,False,CASH
2022-01-20,68422.05198364418,False,CASH
2022-01-21,68422.05198364418,False,CASH
2022-01-24,68422.05198364418,False,CASH
2022-01-25,68422.05198364418,False,CASH
2022-01-26,68422.05198364418,False,CASH
2022-01-27,68422.05198364418,False,CASH
2022-01-28,68422.05198364418,False,CASH
2022-01-31,68422.05198364418,False,CASH
2022-02-01,68422.05198364418,False,CASH
2022-02-02,68422.05198364418,False,CASH
2022-02-03,68422.05198364418,False,CASH
2022-02-04,68422.05198364418,False,CASH
2022-02-07,68422.05198364418,False,CASH
2022-02-08,68422.05198364418,False,CASH
2022-02-09,68422.05198364418,False,CASH
2022-02-10,68422.05198364418,False,CASH
2022-02-11,68422.05198364418,False,CASH
2022-02-14,68422.05198364418,False,CASH
2022-02-15,68422.05198364418,False,CASH
2022-02-16,68422.05198364418,False,CASH
2022-02-17,68422.05198364418,False,CASH
2022-02-18,68422.05198364418,False,CASH
2022-02-22,68422.05198364418,False,CASH
2022-02-23,68422.05198364418,False,CASH
2022-02-24,68422.05198364418,False,CASH
2022-02-25,68422.05198364418,False,CASH
2022-02-28,68422.05198364418,False,CASH
2022-03-01,68422.05198364418,False,CASH
2022-03-02,68422.05198364418,False,CASH
2022-03-03,68422.05198364418,False,CASH
2022-03-04,68422.05198364418,False,CASH
2022-03-07,68422.05198364418,False,CASH
2022-03-08,68422.05198364418,False,CASH
2022-03-09,68422.05198364418,False,CASH
2022-03-10,68422.05198364418,False,CASH
2022-03-11,68422.05198364418,False,CASH
2022-03-14,68422.05198364418,False,CASH
2022-03-15,68422.05198364418,False,CASH
2022-03-16,68422.05198364418,False,CASH
2022-03-17,68422.05198364418,False,CASH
2022-03-18,68422.05198364418,False,CASH
2022-03-21,68422.05198364418,False,CASH
2022-03-22,68422.05198364418,False,CASH
2022-03-23,68422.05198364418,False,CASH
2022-03-24,68422.05198364418,False,CASH
2022-03-25,68422.05198364418,False,CASH
2022-03-28,68422.05198364418,False,CASH
2022-03-29,68422.05198364418,False,CASH
2022-03-30,68422.05198364418,False,CASH
2022-03-31,68422.05198364418,False,CASH
2022-04-01,68422.05198364418,False,CASH
2022-04-04,68422.05198364418,False,CASH
2022-04-05,68422.05198364418,False,CASH
2022-04-06,68422.05198364418,False,CASH
2022-04-07,68422.05198364418,False,CASH
2022-04-08,68422.05198364418,False,CASH
2022-04-11,68422.05198364418,False,CASH
2022-04-12,68422.05198364418,False,CASH
2022-04-13,68422.05198364418,False,CASH
2022-04-14,68422.05198364418,False,CASH
2022-04-18,68422.05198364418,False,CASH
2022-04-19,68422.05198364418,False,CASH
2022-04-20,68422.05198364418,False,CASH
2022-04-21,68422.05198364418,False,CASH
2022-04-22,68422.05198364418,False,CASH
2022-04-25,68422.05198364418,False,CASH
2022-04-26,68422.05198364418,False,CASH
2022-04-27,68422.05198364418,False,CASH
2022-04-28,68422.05198364418,False,CASH
2022-04-29,68422.05198364418,False,CASH
2022-05-02,68422.05198364418,False,CASH
2022-05-03,68422.05198364418,False,CASH
2022-05-04,68422.05198364418,False,CASH
2022-05-05,68422.05198364418,False,CASH
2022-05-06,68422.05198364418,False,CASH
2022-05-09,68422.05198364418,True,SH
2022-05-10,68292.47010660959,True,SH
2022-05-11,69415.55195000427,True,SH
2022-05-12,69458.75077265267,True,SH
2022-05-13,67860.5013346731,True,SH
2022-05-16,68076.48085700448,True,SH
2022-05-17,66737.42435491529,True,SH
2022-05-18,69372.36771826647,True,SH
2022-05-19,69804.32189929236,True,SH
2022-05-20,69761.12307664397,True,SH
2022-05-23,68508.43990166724,True,SH
2022-05-24,68983.59776897839,True,SH
2022-05-25,68378.85316099579,True,SH
2022-05-26,66996.5978362582,True,SH
2022-05-27,65355.15930290397,True,SH
2022-05-31,65700.71583863307,True,SH
2022-06-01,66262.26162396728,True,XLE
2022-06-02,66052.89556152363,True,XLE
2022-06-03,66927.73418379576,True,XLE
2022-06-06,66852.96574735048,True,XLE
2022-06-07,68849.35060775225,True,XLE
2022-06-08,68998.8809168261,True,XLE
2022-06-09,67473.54180070141,True,XLE
2022-06-10,66329.54074551625,True,XLE
2022-06-13,62867.65252235956,True,XLE
2022-06-14,62987.26495474852,True,XLE
2022-06-15,61596.536592255645,True,XLE
2022-06-16,58127.152490385895,True,XLE
2022-06-17,54949.356101309364,True,XLE
2022-06-21,57796.08670183108,True,XLE
2022-06-22,55482.41350420438,True,XLE
2022-06-23,53425.838444329034,True,XLE
2022-06-24,54128.993876041684,True,XLE
2022-06-27,55716.81396368098,True,XLE
2022-06-28,57221.44423800207,True,XLE
2022-06-29,55232.90313860039,True,XLE
2022-06-30,54068.51158672335,True,XLE
2022-07-01,54877.53481857875,True,SH
2022-07-05,54743.11894675736,True,SH
2022-07-06,54541.487571416226,True,SH
2022-07-07,53734.958286247165,True,SH
2022-07-08,53802.17000596238,True,SH
2022-07-11,54373.46394783496,True,SH
2022-07-12,54911.1577055567,True,SH
2022-07-13,55146.381697439625,True,SH
2022-07-14,55348.01685658528,True,SH
2022-07-15,54272.648260164395,True,SH
2022-07-18,54709.514978802006,True,SH
2022-07-19,53264.495167263245,True,SH
2022-07-20,52861.22106516742,True,SH
2022-07-21,52357.13505920554,True,SH
2022-07-22,52861.22106516742,True,SH
2022-07-25,52827.61331340755,True,SH
2022-07-26,53432.518790844515,True,SH
2022-07-27,52021.08402823849,True,SH
2022-07-28,51416.18990221509,True,SH
2022-07-29,50676.87612056578,True,SH
2022-08-01,50811.29199238717,True,XLU
2022-08-02,50708.331080896045,True,XLU
2022-08-03,51024.05752890257,True,XLU
2022-08-04,51133.8856315033,True,XLU
2022-08-05,50948.56538184985,True,XLU
2022-08-08,51024.05752890257,True,XLU
2022-08-09,51593.73505189978,True,XLU
2022-08-10,51820.24670942261,True,XLU
2022-08-11,51813.385387707116,True,XLU
2022-08-12,52657.59795084147,True,XLU
2022-08-15,53096.86927548559,True,XLU
2022-08-16,53247.87704716747,False,CASH
2022-08-17,53247.87704716747,True,XLU
2022-08-18,53447.25997804249,True,XLU
2022-08-19,53419.75685680187,True,XLU
2022-08-22,52691.00057414677,True,XLU
2022-08-23,52374.74995536641,True,XLU
2022-08-24,52539.74516581894,True,XLU
2022-08-25,52862.880383781165,True,XLU
2022-08-26,52051.61473740419,True,XLU
2022-08-29,52209.74886566608,True,XLU
2022-08-30,51446.59898334068,True,XLU
2022-08-31,51109.71808400595,True,XLU
2022-09-01,51845.35308659511,True,SH
2022-09-02,52407.802272633846,True,SH
2022-09-06,52573.23157171401,True,SH
2022-09-07,51646.83569252024,True,SH
2022-09-08,51349.06891465242,True,SH
2022-09-09,50521.91496865602,True,SH
2022-09-12,49992.542701718616,True,SH
2022-09-13,52176.20795945764,True,SH
2022-09-14,51977.68311478719,True,SH
2022-09-15,52573.23157171401,True,SH
2022-09-16,53003.35072956067,True,SH
2022-09-19,52606.32339200651,True,SH
2022-09-20,53201.860673039955,True,SH
2022-09-21,54542.07753223734,True,SH
2022-09-22,55008.81636738618,True,SH
2022-09-23,55975.64662882184,True,SH
2022-09-26,56509.06829445991,True,SH
2022-09-27,56675.74556830063,True,SH
2022-09-28,55542.234307726445,True,SH
2022-09-29,56709.08698354523,True,SH
2022-09-30,57609.241865087264,True,SH
2022-10-03,56142.34252915152,True,XLE
2022-10-04,58555.09779604453,True,XLE
2022-10-05,59765.1441182021,True,XLE
2022-10-06,60827.65086067553,True,XLE
2022-10-07,60355.42282568737,True,XLE
2022-10-10,59115.84324259325,True,XLE
2022-10-11,58643.63421635488,True,XLE
2022-10-12,59115.84324259325,True,XLE
2022-10-13,61528.59217323632,True,XLE
2022-10-14,59233.90025134028,True,XLE
2022-10-17,59971.73754725949,True,XLE
2022-10-18,60495.61235544951,True,XLE
2022-10-19,62281.19293149884,True,XLE
2022-10-20,62340.23410837222,True,XLE
2022-10-21,64140.55913801506,True,XLE
2022-10-24,64443.06438230452,True,XLE
2022-10-25,64509.46194534983,True,XLE
2022-10-26,65387.51411603091,True,XLE
2022-10-27,65623.60912477519,True,XLE
2022-10-28,65852.34141109762,True,XLE
2022-10-31,66405.7304714744,True,XLE
2022-11-01,67047.63694341174,True,XLE
2022-11-02,65431.77282181118,True,XLE
2022-11-03,66641.82548021869,True,XLE
2022-11-04,67453.46107910466,True,XLE
2022-11-07,68611.86696431029,True,XLE
2022-11-08,68678.2645273556,True,XLE
2022-11-09,65321.09120798587,True,XLE
2022-11-10,66774.6396150591,True,XLE
2022-11-11,68715.17318321388,True,XLE
2022-11-14,68693.03432594884,True,XLE
2022-11-15,69416.10815952474,True,XLE
2022-11-16,67999.47474455972,True,XLE
2022-11-17,68147.02699674372,True,XLE
2022-11-18,67608.38872621038,True,XLE
2022-11-21,66693.47858967049,True,XLE
2022-11-22,68781.57708250913,True,XLE
2022-11-23,68036.35171916833,True,XLE
2022-11-25,67785.48057558088,True,XLE
2022-11-28,65926.12704156451,True,XLE
2022-11-29,66922.2108759929,True,XLE
2022-11-30,67254.26205371879,False,CASH
2022-12-01,67254.26205371879,False,CASH
2022-12-02,67254.26205371879,False,CASH
2022-12-05,67254.26205371879,True,XLE
2022-12-06,65481.3903157862,True,XLE
2022-12-07,65327.88462735494,True,XLE
2022-12-08,65036.24952334934,True,XLE
2022-12-09,63455.25495287624,True,XLE
2022-12-12,65120.67073167513,True,XLE
2022-12-13,66356.32199089407,False,CASH
2022-12-14,66356.32199089407,True,GLD
2022-12-15,65270.77839274222,True,GLD
2022-12-16,65839.20343547342,True,GLD
2022-12-19,65653.67970740904,True,GLD
2022-12-20,66743.16856843814,True,GLD
2022-12-21,66632.64097485412,True,GLD
2022-12-22,65827.36162353957,True,GLD
2022-12-23,66024.7331868399,True,GLD
2022-12-27,66581.32244093936,True,GLD
2022-12-28,66281.3198331116,True,GLD
2022-12-29,66652.37933584457,True,GLD
2022-12-30,66964.22375560619,True,GLD
2023-01-03,67524.75827258288,True,XLE
2023-01-04,67516.75410309974,True,XLE
2023-01-05,68748.8521647973,True,XLE
2023-01-06,70052.93334797244,True,XLE
2023-01-09,69804.9129017363,True,XLE
2023-01-10,70300.96059469243,True,XLE
2023-01-11,70516.97116347982,False,CASH
2023-01-12,70516.97116347982,False,CASH
2023-01-13,70516.97116347982,False,CASH
2023-01-17,70516.97116347982,False,CASH
2023-01-18,70516.97116347982,True,GLD
2023-01-19,71635.97113388784,True,GLD
2023-01-20,71397.03611772554,False,CASH
2023-01-23,71397.03611772554,False,CASH
2023-01-24,71397.03611772554,False,CASH
2023-01-25,71397.03611772554,False,CASH
2023-01-26,71397.03611772554,False,CASH
2023-01-27,71397.03611772554,False,CASH
2023-01-30,71397.03611772554,False,CASH
2023-01-31,71397.03611772554,False,CASH
2023-02-01,71397.03611772554,False,CASH
2023-02-02,71397.03611772554,False,CASH
2023-02-03,71397.03611772554,False,CASH
2023-02-06,71397.03611772554,False,CASH
2023-02-07,71397.03611772554,False,CASH
2023-02-08,71397.03611772554,False,CASH
2023-02-09,71397.03611772554,False,CASH
2023-02-10,71397.03611772554,False,CASH
2023-02-13,71397.03611772554,False,CASH
2023-02-14,71397.03611772554,False,CASH
2023-02-15,71397.03611772554,False,CASH
2023-02-16,71397.03611772554,False,CASH
2023-02-17,71397.03611772554,False,CASH
2023-02-21,71397.03611772554,False,CASH
2023-02-22,71397.03611772554,False,CASH
2023-02-23,71397.03611772554,False,CASH
2023-02-24,71397.03611772554,False,CASH
2023-02-27,71397.03611772554,False,CASH
2023-02-28,71397.03611772554,False,CASH
2023-03-01,71397.03611772554,False,CASH
2023-03-02,71397.03611772554,False,CASH
2023-03-03,71397.03611772554,False,CASH
2023-03-06,71397.03611772554,False,CASH
2023-03-07,71397.03611772554,False,CASH
2023-03-08,71397.03611772554,False,CASH
2023-03-09,71397.03611772554,False,CASH
2023-03-10,71397.03611772554,False,CASH
2023-03-13,71397.03611772554,False,CASH
2023-03-14,71397.03611772554,False,CASH
2023-03-15,71397.03611772554,False,CASH
2023-03-16,71397.03611772554,False,CASH
2023-03-17,71397.03611772554,False,CASH
2023-03-20,71397.03611772554,False,CASH
2023-03-21,71397.03611772554,False,CASH
2023-03-22,71397.03611772554,False,CASH
2023-03-23,71397.03611772554,False,CASH
2023-03-24,71397.03611772554,False,CASH
2023-03-27,71397.03611772554,False,CASH
2023-03-28,71397.03611772554,False,CASH
2023-03-29,71397.03611772554,False,CASH
2023-03-30,71397.03611772554,False,CASH
2023-03-31,71397.03611772554,False,CASH
2023-04-03,71397.03611772554,False,CASH
2023-04-04,71397.03611772554,False,CASH
2023-04-05,71397.03611772554,False,CASH
2023-04-06,71397.03611772554,False,CASH
2023-04-10,71397.03611772554,False,CASH
2023-04-11,71397.03611772554,False,CASH
2023-04-12,71397.03611772554,False,CASH
2023-04-13,71397.03611772554,False,CASH
2023-04-14,71397.03611772554,False,CASH
2023-04-17,71397.03611772554,False,CASH
2023-04-18,71397.03611772554,False,CASH
2023-04-19,71397.03611772554,False,CASH
2023-04-20,71397.03611772554,False,CASH
2023-04-21,71397.03611772554,False,CASH
2023-04-24,71397.03611772554,False,CASH
2023-04-25,71397.03611772554,False,CASH
2023-04-26,71397.03611772554,False,CASH
2023-04-27,71397.03611772554,False,CASH
2023-04-28,71397.03611772554,False,CASH
2023-05-01,71397.03611772554,False,CASH
2023-05-02,71397.03611772554,False,CASH
2023-05-03,71397.03611772554,False,CASH
2023-05-04,71397.03611772554,False,CASH
2023-05-05,71397.03611772554,False,CASH
2023-05-08,71397.03611772554,False,CASH
2023-05-09,71397.03611772554,False,CASH
2023-05-10,71397.03611772554,False,CASH
2023-05-11,71397.03611772554,False,CASH
2023-05-12,71397.03611772554,False,CASH
2023-05-15,71397.03611772554,False,CASH
2023-05-16,71397.03611772554,False,CASH
2023-05-17,71397.03611772554,False,CASH
2023-05-18,71397.03611772554,False,CASH
2023-05-19,71397.03611772554,False,CASH
2023-05-22,71397.03611772554,False,CASH
2023-05-23,71397.03611772554,False,CASH
2023-05-24,71397.03611772554,False,CASH
2023-05-25,71397.03611772554,False,CASH
2023-05-26,71397.03611772554,False,CASH
2023-05-30,71397.03611772554,False,CASH
2023-05-31,71397.03611772554,False,CASH
2023-06-01,71397.03611772554,False,CASH
2023-06-02,71397.03611772554,False,CASH
2023-06-05,71397.03611772554,False,CASH
2023-06-06,71397.03611772554,False,CASH
2023-06-07,71397.03611772554,False,CASH
2023-06-08,71397.03611772554,False,CASH
2023-06-09,71397.03611772554,False,CASH
2023-06-12,71397.03611772554,False,CASH
2023-06-13,71397.03611772554,False,CASH
2023-06-14,71397.03611772554,False,CASH
2023-06-15,71397.03611772554,False,CASH
2023-06-16,71397.03611772554,False,CASH
2023-06-20,71397.03611772554,False,CASH
2023-06-21,71397.03611772554,False,CASH
2023-06-22,71397.03611772554,False,CASH
2023-06-23,71397.03611772554,False,CASH
2023-06-26,71397.03611772554,False,CASH
2023-06-27,71397.03611772554,False,CASH
2023-06-28,71397.03611772554,False,CASH
2023-06-29,71397.03611772554,False,CASH
2023-06-30,71397.03611772554,False,CASH
2023-07-03,71397.03611772554,False,CASH
2023-07-05,71397.03611772554,False,CASH
2023-07-06,71397.03611772554,False,CASH
2023-07-07,71397.03611772554,False,CASH
2023-07-10,71397.03611772554,False,CASH
2023-07-11,71397.03611772554,False,CASH
2023-07-12,71397.03611772554,False,CASH
2023-07-13,71397.03611772554,False,CASH
2023-07-14,71397.03611772554,False,CASH
2023-07-17,71397.03611772554,False,CASH
2023-07-18,71397.03611772554,False,CASH
2023-07-19,71397.03611772554,False,CASH
2023-07-20,71397.03611772554,False,CASH
2023-07-21,71397.03611772554,False,CASH
2023-07-24,71397.03611772554,False,CASH
2023-07-25,71397.03611772554,False,CASH
2023-07-26,71397.03611772554,False,CASH
2023-07-27,71397.03611772554,False,CASH
2023-07-28,71397.03611772554,False,CASH
2023-07-31,71397.03611772554,False,CASH
2023-08-01,71397.03611772554,False,CASH
2023-08-02,71397.03611772554,False,CASH
2023-08-03,71397.03611772554,False,CASH
2023-08-04,71397.03611772554,False,CASH
2023-08-07,71397.03611772554,False,CASH
2023-08-08,71397.03611772554,False,CASH
2023-08-09,71397.03611772554,False,CASH
2023-08-10,71397.03611772554,False,CASH
2023-08-11,71397.03611772554,False,CASH
2023-08-14,71397.03611772554,False,CASH
2023-08-15,71397.03611772554,False,CASH
2023-08-16,71397.03611772554,False,CASH
2023-08-17,71397.03611772554,False,CASH
2023-08-18,71397.03611772554,False,CASH
2023-08-21,71397.03611772554,False,CASH
2023-08-22,71397.03611772554,False,CASH
2023-08-23,71397.03611772554,False,CASH
2023-08-24,71397.03611772554,False,CASH
2023-08-25,71397.03611772554,False,CASH
2023-08-28,71397.03611772554,False,CASH
2023-08-29,71397.03611772554,False,CASH
2023-08-30,71397.03611772554,False,CASH
2023-08-31,71397.03611772554,False,CASH
2023-09-01,71397.03611772554,False,CASH
2023-09-05,71397.03611772554,False,CASH
2023-09-06,71397.03611772554,False,CASH
2023-09-07,71397.03611772554,False,CASH
2023-09-08,71397.03611772554,False,CASH
2023-09-11,71397.03611772554,False,CASH
2023-09-12,71397.03611772554,False,CASH
2023-09-13,71397.03611772554,False,CASH
2023-09-14,71397.03611772554,False,CASH
2023-09-15,71397.03611772554,False,CASH
2023-09-18,71397.03611772554,False,CASH
2023-09-19,71397.03611772554,False,CASH
2023-09-20,71397.03611772554,False,CASH
2023-09-21,71397.03611772554,False,CASH
2023-09-22,71397.03611772554,False,CASH
2023-09-25,71397.03611772554,False,CASH
2023-09-26,71397.03611772554,False,CASH
2023-09-27,71397.03611772554,False,CASH
2023-09-28,71397.03611772554,False,CASH
2023-09-29,71397.03611772554,False,CASH
2023-10-02,71397.03611772554,False,CASH
2023-10-03,71397.03611772554,False,CASH
2023-10-04,71397.03611772554,False,CASH
2023-10-05,71397.03611772554,False,CASH
2023-10-06,71397.03611772554,False,CASH
2023-10-09,71397.03611772554,False,CASH
2023-10-10,71397.03611772554,False,CASH
2023-10-11,71397.03611772554,False,CASH
2023-10-12,71397.03611772554,False,CASH
2023-10-13,71397.03611772554,False,CASH
2023-10-16,71397.03611772554,False,CASH
2023-10-17,71397.03611772554,False,CASH
2023-10-18,71397.03611772554,False,CASH
2023-10-19,71397.03611772554,False,CASH
2023-10-20,71397.03611772554,False,CASH
2023-10-23,71397.03611772554,False,CASH
2023-10-24,71397.03611772554,False,CASH
2023-10-25,71397.03611772554,False,CASH
2023-10-26,71397.03611772554,False,CASH
2023-10-27,71397.03611772554,False,CASH
2023-10-30,71397.03611772554,False,CASH
2023-10-31,71397.03611772554,False,CASH
2023-11-01,71397.03611772554,False,CASH
2023-11-02,71397.03611772554,False,CASH
2023-11-03,71397.03611772554,False,CASH
2023-11-06,71397.03611772554,False,CASH
2023-11-07,71397.03611772554,False,CASH
2023-11-08,71397.03611772554,False,CASH
2023-11-09,71397.03611772554,False,CASH
2023-11-10,71397.03611772554,False,CASH
2023-11-13,71397.03611772554,False,CASH
2023-11-14,71397.03611772554,False,CASH
2023-11-15,71397.03611772554,False,CASH
2023-11-16,71397.03611772554,False,CASH
2023-11-17,71397.03611772554,False,CASH
2023-11-20,71397.03611772554,False,CASH
2023-11-21,71397.03611772554,False,CASH
2023-11-22,71397.03611772554,False,CASH
2023-11-24,71397.03611772554,False,CASH
2023-11-27,71397.03611772554,False,CASH
2023-11-28,71397.03611772554,False,CASH
2023-11-29,71397.03611772554,False,CASH
2023-11-30,71397.03611772554,False,CASH
2023-12-01,71397.03611772554,False,CASH
2023-12-04,71397.03611772554,False,CASH
2023-12-05,71397.03611772554,False,CASH
2023-12-06,71397.03611772554,False,CASH
2023-12-07,71397.03611772554,False,CASH
2023-12-08,71397.03611772554,False,CASH
2023-12-11,71397.03611772554,False,CASH
2023-12-12,71397.03611772554,False,CASH
2023-12-13,71397.03611772554,False,CASH
2023-12-14,71397.03611772554,False,CASH
2023-12-15,71397.03611772554,False,CASH
2023-12-18,71397.03611772554,False,CASH
2023-12-19,71397.03611772554,False,CASH
2023-12-20,71397.03611772554,False,CASH
2023-12-21,71397.03611772554,False,CASH
2023-12-22,71397.03611772554,False,CASH
2023-12-26,71397.03611772554,False,CASH
2023-12-27,71397.03611772554,False,CASH
2023-12-28,71397.03611772554,False,CASH
2023-12-29,71397.03611772554,False,CASH
2024-01-02,71397.03611772554,False,CASH
2024-01-03,71397.03611772554,False,CASH
2024-01-04,71397.03611772554,False,CASH
2024-01-05,71397.03611772554,False,CASH
2024-01-08,71397.03611772554,False,CASH
2024-01-09,71397.03611772554,False,CASH
2024-01-10,71397.03611772554,False,CASH
2024-01-11,71397.03611772554,False,CASH
2024-01-12,71397.03611772554,False,CASH
2024-01-16,71397.03611772554,False,CASH
2024-01-17,71397.03611772554,False,CASH
2024-01-18,71397.03611772554,False,CASH
2024-01-19,71397.03611772554,False,CASH
2024-01-22,71397.03611772554,False,CASH
2024-01-23,71397.03611772554,False,CASH
2024-01-24,71397.03611772554,False,CASH
2024-01-25,71397.03611772554,False,CASH
2024-01-26,71397.03611772554,False,CASH
2024-01-29,71397.03611772554,False,CASH
2024-01-30,71397.03611772554,False,CASH
2024-01-31,71397.03611772554,False,CASH
2024-02-01,71397.03611772554,False,CASH
2024-02-02,71397.03611772554,False,CASH
2024-02-05,71397.03611772554,False,CASH
2024-02-06,71397.03611772554,False,CASH
2024-02-07,71397.03611772554,False,CASH
2024-02-08,71397.03611772554,False,CASH
2024-02-09,71397.03611772554,False,CASH
2024-02-12,71397.03611772554,False,CASH
2024-02-13,71397.03611772554,False,CASH
2024-02-14,71397.03611772554,False,CASH
2024-02-15,71397.03611772554,False,CASH
2024-02-16,71397.03611772554,False,CASH
2024-02-20,71397.03611772554,False,CASH
2024-02-21,71397.03611772554,False,CASH
2024-02-22,71397.03611772554,False,CASH
2024-02-23,71397.03611772554,False,CASH
2024-02-26,71397.03611772554,False,CASH
2024-02-27,71397.03611772554,False,CASH
2024-02-28,71397.03611772554,False,CASH
2024-02-29,71397.03611772554,False,CASH
2024-03-01,71397.03611772554,False,CASH
2024-03-04,71397.03611772554,False,CASH
2024-03-05,71397.03611772554,False,CASH
2024-03-06,71397.03611772554,False,CASH
2024-03-07,71397.03611772554,False,CASH
2024-03-08,71397.03611772554,False,CASH
2024-03-11,71397.03611772554,False,CASH
2024-03-12,71397.03611772554,False,CASH
2024-03-13,71397.03611772554,False,CASH
2024-03-14,71397.03611772554,False,CASH
2024-03-15,71397.03611772554,False,CASH
2024-03-18,71397.03611772554,False,CASH
2024-03-19,71397.03611772554,False,CASH
2024-03-20,71397.03611772554,False,CASH
2024-03-21,71397.03611772554,False,CASH
2024-03-22,71397.03611772554,False,CASH
2024-03-25,71397.03611772554,False,CASH
2024-03-26,71397.03611772554,False,CASH
2024-03-27,71397.03611772554,False,CASH
2024-03-28,71397.03611772554,False,CASH
2024-04-01,71397.03611772554,False,CASH
2024-04-02,71397.03611772554,False,CASH
2024-04-03,71397.03611772554,False,CASH
2024-04-04,71397.03611772554,False,CASH
2024-04-05,71397.03611772554,False,CASH
2024-04-08,71397.03611772554,False,CASH
2024-04-09,71397.03611772554,False,CASH
2024-04-10,71397.03611772554,False,CASH
2024-04-11,71397.03611772554,False,CASH
2024-04-12,71397.03611772554,False,CASH
2024-04-15,71397.03611772554,False,CASH
2024-04-16,71397.03611772554,False,CASH
2024-04-17,71397.03611772554,False,CASH
2024-04-18,71397.03611772554,False,CASH
2024-04-19,71397.03611772554,False,CASH
2024-04-22,71397.03611772554,False,CASH
2024-04-23,71397.03611772554,False,CASH
2024-04-24,71397.03611772554,False,CASH
2024-04-25,71397.03611772554,False,CASH
2024-04-26,71397.03611772554,False,CASH
2024-04-29,71397.03611772554,False,CASH
2024-04-30,71397.03611772554,False,CASH
2024-05-01,71397.03611772554,False,CASH
2024-05-02,71397.03611772554,False,CASH
2024-05-03,71397.03611772554,False,CASH
2024-05-06,71397.03611772554,False,CASH
2024-05-07,71397.03611772554,False,CASH
2024-05-08,71397.03611772554,False,CASH
2024-05-09,71397.03611772554,False,CASH
2024-05-10,71397.03611772554,False,CASH
2024-05-13,71397.03611772554,False,CASH
2024-05-14,71397.03611772554,False,CASH
2024-05-15,71397.03611772554,False,CASH
2024-05-16,71397.03611772554,False,CASH
2024-05-17,71397.03611772554,False,CASH
2024-05-20,71397.03611772554,False,CASH
2024-05-21,71397.03611772554,False,CASH
2024-05-22,71397.03611772554,False,CASH
2024-05-23,71397.03611772554,False,CASH
2024-05-24,71397.03611772554,False,CASH
2024-05-28,71397.03611772554,False,CASH
2024-05-29,71397.03611772554,False,CASH
2024-05-30,71397.03611772554,False,CASH
2024-05-31,71397.03611772554,False,CASH
2024-06-03,71397.03611772554,False,CASH
2024-06-04,71397.03611772554,False,CASH
2024-06-05,71397.03611772554,False,CASH
2024-06-06,71397.03611772554,False,CASH
2024-06-07,71397.03611772554,False,CASH
2024-06-10,71397.03611772554,False,CASH
2024-06-11,71397.03611772554,False,CASH
2024-06-12,71397.03611772554,False,CASH
2024-06-13,71397.03611772554,False,CASH
2024-06-14,71397.03611772554,False,CASH
2024-06-17,71397.03611772554,False,CASH
2024-06-18,71397.03611772554,False,CASH
2024-06-20,71397.03611772554,False,CASH
2024-06-21,71397.03611772554,False,CASH
2024-06-24,71397.03611772554,False,CASH
2024-06-25,71397.03611772554,False,CASH
2024-06-26,71397.03611772554,False,CASH
2024-06-27,71397.03611772554,False,CASH
2024-06-28,71397.03611772554,False,CASH
2024-07-01,71397.03611772554,False,CASH
2024-07-02,71397.03611772554,False,CASH
2024-07-03,71397.03611772554,False,CASH
2024-07-05,71397.03611772554,False,CASH
2024-07-08,71397.03611772554,False,CASH
2024-07-09,71397.03611772554,False,CASH
2024-07-10,71397.03611772554,False,CASH
2024-07-11,71397.03611772554,False,CASH
2024-07-12,71397.03611772554,False,CASH
2024-07-15,71397.03611772554,False,CASH
2024-07-16,71397.03611772554,False,CASH
2024-07-17,71397.03611772554,False,CASH
2024-07-18,71397.03611772554,False,CASH
2024-07-19,71397.03611772554,False,CASH
2024-07-22,71397.03611772554,False,CASH
2024-07-23,71397.03611772554,False,CASH
2024-07-24,71397.03611772554,False,CASH
2024-07-25,71397.03611772554,False,CASH
2024-07-26,71397.03611772554,False,CASH
2024-07-29,71397.03611772554,False,CASH
2024-07-30,71397.03611772554,False,CASH
2024-07-31,71397.03611772554,False,CASH
2024-08-01,71397.03611772554,False,CASH
2024-08-02,71397.03611772554,False,CASH
2024-08-05,71397.03611772554,False,CASH
2024-08-06,71397.03611772554,False,CASH
2024-08-07,71397.03611772554,False,CASH
2024-08-08,71397.03611772554,False,CASH
2024-08-09,71397.03611772554,False,CASH
2024-08-12,71397.03611772554,False,CASH
2024-08-13,71397.03611772554,False,CASH
2024-08-14,71397.03611772554,False,CASH
2024-08-15,71397.03611772554,False,CASH
2024-08-16,71397.03611772554,False,CASH
2024-08-19,71397.03611772554,False,CASH
2024-08-20,71397.03611772554,False,CASH
2024-08-21,71397.03611772554,False,CASH
2024-08-22,71397.03611772554,False,CASH
2024-08-23,71397.03611772554,False,CASH
2024-08-26,71397.03611772554,False,CASH
2024-08-27,71397.03611772554,False,CASH
2024-08-28,71397.03611772554,False,CASH
2024-08-29,71397.03611772554,False,CASH
2024-08-30,71397.03611772554,False,CASH
2024-09-03,71397.03611772554,False,CASH
2024-09-04,71397.03611772554,False,CASH
2024-09-05,71397.03611772554,False,CASH
2024-09-06,71397.03611772554,False,CASH
2024-09-09,71397.03611772554,False,CASH
2024-09-10,71397.03611772554,False,CASH
2024-09-11,71397.03611772554,False,CASH
2024-09-12,71397.03611772554,False,CASH
2024-09-13,71397.03611772554,False,CASH
2024-09-16,71397.03611772554,False,CASH
2024-09-17,71397.03611772554,False,CASH
2024-09-18,71397.03611772554,False,CASH
2024-09-19,71397.03611772554,False,CASH
2024-09-20,71397.03611772554,False,CASH
2024-09-23,71397.03611772554,False,CASH
2024-09-24,71397.03611772554,False,CASH
2024-09-25,71397.03611772554,False,CASH
2024-09-26,71397.03611772554,False,CASH
2024-09-27,71397.03611772554,False,CASH
2024-09-30,71397.03611772554,False,CASH
2024-10-01,71397.03611772554,False,CASH
2024-10-02,71397.03611772554,False,CASH
2024-10-03,71397.03611772554,False,CASH
2024-10-04,71397.03611772554,False,CASH
2024-10-07,71397.03611772554,False,CASH
2024-10-08,71397.03611772554,False,CASH
2024-10-09,71397.03611772554,False,CASH
2024-10-10,71397.03611772554,False,CASH
2024-10-11,71397.03611772554,False,CASH
2024-10-14,71397.03611772554,False,CASH
2024-10-15,71397.03611772554,False,CASH
2024-10-16,71397.03611772554,False,CASH
2024-10-17,71397.03611772554,False,CASH
2024-10-18,71397.03611772554,False,CASH
2024-10-21,71397.03611772554,False,CASH
2024-10-22,71397.03611772554,False,CASH
2024-10-23,71397.03611772554,False,CASH
2024-10-24,71397.03611772554,False,CASH
2024-10-25,71397.03611772554,False,CASH
2024-10-28,71397.03611772554,False,CASH
2024-10-29,71397.03611772554,False,CASH
2024-10-30,71397.03611772554,False,CASH
2024-10-31,71397.03611772554,False,CASH
2024-11-01,71397.03611772554,False,CASH
2024-11-04,71397.03611772554,False,CASH
2024-11-05,71397.03611772554,False,CASH
2024-11-06,71397.03611772554,False,CASH
2024-11-07,71397.03611772554,False,CASH
2024-11-08,71397.03611772554,False,CASH
2024-11-11,71397.03611772554,False,CASH
2024-11-12,71397.03611772554,False,CASH
2024-11-13,71397.03611772554,False,CASH
2024-11-14,71397.03611772554,False,CASH
2024-11-15,71397.03611772554,False,CASH
2024-11-18,71397.03611772554,False,CASH
2024-11-19,71397.03611772554,False,CASH
2024-11-20,71397.03611772554,False,CASH
2024-11-21,71397.03611772554,False,CASH
2024-11-22,71397.03611772554,False,CASH
2024-11-25,71397.03611772554,False,CASH
2024-11-26,71397.03611772554,False,CASH
2024-11-27,71397.03611772554,False,CASH
2024-11-29,71397.03611772554,False,CASH
2024-12-02,71397.03611772554,False,CASH
2024-12-03,71397.03611772554,False,CASH
2024-12-04,71397.03611772554,False,CASH
2024-12-05,71397.03611772554,False,CASH
2024-12-06,71397.03611772554,False,CASH
2024-12-09,71397.03611772554,False,CASH
2024-12-10,71397.03611772554,False,CASH
2024-12-11,71397.03611772554,False,CASH
2024-12-12,71397.03611772554,False,CASH
2024-12-13,71397.03611772554,False,CASH
2024-12-16,71397.03611772554,False,CASH
2024-12-17,71397.03611772554,False,CASH
2024-12-18,71397.03611772554,False,CASH
2024-12-19,71397.03611772554,False,CASH
2024-12-20,71397.03611772554,False,CASH
2024-12-23,71397.03611772554,False,CASH
2024-12-24,71397.03611772554,False,CASH
2024-12-26,71397.03611772554,False,CASH
2024-12-27,71397.03611772554,False,CASH
2024-12-30,71397.03611772554,False,CASH
2024-12-31,71397.03611772554,False,CASH
2025-01-02,71397.03611772554,False,CASH
2025-01-03,71397.03611772554,False,CASH
2025-01-06,71397.03611772554,False,CASH
2025-01-07,71397.03611772554,False,CASH
2025-01-08,71397.03611772554,False,CASH
2025-01-10,71397.03611772554,False,CASH
2025-01-13,71397.03611772554,False,CASH
2025-01-14,71397.03611772554,False,CASH
2025-01-15,71397.03611772554,False,CASH
2025-01-16,71397.03611772554,False,CASH
2025-01-17,71397.03611772554,False,CASH
2025-01-21,71397.03611772554,False,CASH
2025-01-22,71397.03611772554,False,CASH
2025-01-23,71397.03611772554,False,CASH
2025-01-24,71397.03611772554,False,CASH
2025-01-27,71397.03611772554,False,CASH
2025-01-28,71397.03611772554,False,CASH
2025-01-29,71397.03611772554,False,CASH
2025-01-30,71397.03611772554,False,CASH
2025-01-31,71397.03611772554,False,CASH
2025-02-03,71397.03611772554,False,CASH
2025-02-04,71397.03611772554,False,CASH
2025-02-05,71397.03611772554,False,CASH
2025-02-06,71397.03611772554,False,CASH
2025-02-07,71397.03611772554,False,CASH
2025-02-10,71397.03611772554,False,CASH
2025-02-11,71397.03611772554,False,CASH
2025-02-12,71397.03611772554,False,CASH
2025-02-13,71397.03611772554,False,CASH
2025-02-14,71397.03611772554,False,CASH
2025-02-18,71397.03611772554,False,CASH
2025-02-19,71397.03611772554,False,CASH
2025-02-20,71397.03611772554,False,CASH
2025-02-21,71397.03611772554,False,CASH
2025-02-24,71397.03611772554,False,CASH
2025-02-25,71397.03611772554,False,CASH
2025-02-26,71397.03611772554,False,CASH
2025-02-27,71397.03611772554,False,CASH
2025-02-28,71397.03611772554,False,CASH
2025-03-03,71397.03611772554,False,CASH
2025-03-04,71397.03611772554,False,CASH
2025-03-05,71397.03611772554,False,CASH
2025-03-06,71397.03611772554,False,CASH
2025-03-07,71397.03611772554,False,CASH
2025-03-10,71397.03611772554,False,CASH
2025-03-11,71397.03611772554,False,CASH
2025-03-12,71397.03611772554,False,CASH
2025-03-13,71397.03611772554,False,CASH
2025-03-14,71397.03611772554,False,CASH
2025-03-17,71397.03611772554,False,CASH
2025-03-18,71397.03611772554,False,CASH
2025-03-19,71397.03611772554,False,CASH
2025-03-20,71397.03611772554,False,CASH
2025-03-21,71397.03611772554,False,CASH
2025-03-24,71397.03611772554,False,CASH
2025-03-25,71397.03611772554,False,CASH
2025-03-26,71397.03611772554,False,CASH
2025-03-27,71397.03611772554,False,CASH
2025-03-28,71397.03611772554,False,CASH
2025-03-31,71397.03611772554,False,CASH
2025-04-01,71397.03611772554,False,CASH
2025-04-02,71397.03611772554,False,CASH
2025-04-03,71397.03611772554,False,CASH
2025-04-04,71397.03611772554,False,CASH
2025-04-07,71397.03611772554,False,CASH
2025-04-08,71397.03611772554,False,CASH
2025-04-09,71397.03611772554,False,CASH
2025-04-10,71397.03611772554,False,CASH
2025-04-11,71397.03611772554,False,CASH
2025-04-14,71397.03611772554,False,CASH
2025-04-15,71397.03611772554,False,CASH
2025-04-16,71397.03611772554,False,CASH
2025-04-17,71397.03611772554,False,CASH
2025-04-21,71397.03611772554,False,CASH
2025-04-22,71397.03611772554,False,CASH
2025-04-23,71397.03611772554,True,GLD
2025-04-24,72436.31115373415,True,GLD
2025-04-25,71650.97987113007,True,GLD
2025-04-28,72671.44053806757,True,GLD
2025-04-29,71963.6987950386,True,GLD
2025-04-30,71425.25049575286,True,GLD
2025-05-01,69941.58465465535,True,GLD
2025-05-02,70063.85652687952,True,GLD
2025-05-05,72156.50661233104,True,GLD
2025-05-06,74178.62075271428,True,GLD
2025-05-07,73066.45618160866,True,GLD
2025-05-08,71627.46549758085,True,GLD
2025-05-09,72147.09942779549,True,GLD
2025-05-12,70113.23168842732,False,CASH
2025-05-13,70113.23168842732,False,CASH
2025-05-14,70113.23168842732,False,CASH
2025-05-15,70113.23168842732,False,CASH
2025-05-16,70113.23168842732,False,CASH
2025-05-19,70113.23168842732,False,CASH
2025-05-20,70113.23168842732,False,CASH
2025-05-21,70113.23168842732,False,CASH
2025-05-22,70113.23168842732,False,CASH
2025-05-23,70113.23168842732,False,CASH
2025-05-27,70113.23168842732,False,CASH
2025-05-28,70113.23168842732,False,CASH
2025-05-29,70113.23168842732,False,CASH
2025-05-30,70113.23168842732,False,CASH
2025-06-02,70113.23168842732,False,CASH
2025-06-03,70113.23168842732,False,CASH
2025-06-04,70113.23168842732,False,CASH
2025-06-05,70113.23168842732,False,CASH
2025-06-06,70113.23168842732,False,CASH
2025-06-09,70113.23168842732,False,CASH
2025-06-10,70113.23168842732,False,CASH
2025-06-11,70113.23168842732,False,CASH
2025-06-12,70113.23168842732,False,CASH
2025-06-13,70113.23168842732,False,CASH
2025-06-16,70113.23168842732,False,CASH
2025-06-17,70113.23168842732,False,CASH
2025-06-18,70113.23168842732,False,CASH
2025-06-20,70113.23168842732,False,CASH
2025-06-23,70113.23168842732,False,CASH
2025-06-24,70113.23168842732,False,CASH
2025-06-25,70113.23168842732,False,CASH
2025-06-26,70113.23168842732,False,CASH
2025-06-27,70113.23168842732,False,CASH
2025-06-30,70113.23168842732,False,CASH
2025-07-01,70113.23168842732,False,CASH
2025-07-02,70113.23168842732,False,CASH
2025-07-03,70113.23168842732,False,CASH
2025-07-07,70113.23168842732,False,CASH
2025-07-08,70113.23168842732,False,CASH
2025-07-09,70113.23168842732,False,CASH
2025-07-10,70113.23168842732,False,CASH
2025-07-11,70113.23168842732,False,CASH
2025-07-14,70113.23168842732,False,CASH
2025-07-15,70113.23168842732,False,CASH
2025-07-16,70113.23168842732,False,CASH
2025-07-17,70113.23168842732,False,CASH
2025-07-18,70113.23168842732,False,CASH
2025-07-21,70113.23168842732,False,CASH
2025-07-22,70113.23168842732,False,CASH
2025-07-23,70113.23168842732,False,CASH
2025-07-24,70113.23168842732,False,CASH
2025-07-25,70113.23168842732,False,CASH
2025-07-28,70113.23168842732,False,CASH
2025-07-29,70113.23168842732,False,CASH
2025-07-30,70113.23168842732,False,CASH
2025-07-31,70113.23168842732,False,CASH
2025-08-01,70113.23168842732,False,CASH
2025-08-04,70113.23168842732,False,CASH
2025-08-05,70113.23168842732,False,CASH
2025-08-06,70113.23168842732,False,CASH
2025-08-07,70113.23168842732,False,CASH
2025-08-08,70113.23168842732,False,CASH
2025-08-11,70113.23168842732,False,CASH
2025-08-12,70113.23168842732,False,CASH
2025-08-13,70113.23168842732,False,CASH
2025-08-14,70113.23168842732,False,CASH
2025-08-15,70113.23168842732,False,CASH
2025-08-18,70113.23168842732,False,CASH
2025-08-19,70113.23168842732,False,CASH
2025-08-20,70113.23168842732,False,CASH
2025-08-21,70113.23168842732,False,CASH
2025-08-22,70113.23168842732,False,CASH
2025-08-25,70113.23168842732,False,CASH
2025-08-26,70113.23168842732,False,CASH
2025-08-27,70113.23168842732,False,CASH
2025-08-28,70113.23168842732,False,CASH
2025-08-29,70113.23168842732,False,CASH
2025-09-02,70113.23168842732,False,CASH
2025-09-03,70113.23168842732,False,CASH
2025-09-04,70113.23168842732,False,CASH
2025-09-05,70113.23168842732,False,CASH
2025-09-08,70113.23168842732,False,CASH
2025-09-09,70113.23168842732,False,CASH
2025-09-10,70113.23168842732,False,CASH
2025-09-11,70113.23168842732,False,CASH
2025-09-12,70113.23168842732,False,CASH
2025-09-15,70113.23168842732,False,CASH
2025-09-16,70113.23168842732,False,CASH
2025-09-17,70113.23168842732,False,CASH
2025-09-18,70113.23168842732,False,CASH
2025-09-19,70113.23168842732,False,CASH
2025-09-22,70113.23168842732,False,CASH
2025-09-23,70113.23168842732,False,CASH
2025-09-24,70113.23168842732,False,CASH
2025-09-25,70113.23168842732,False,CASH
2025-09-26,70113.23168842732,False,CASH
2025-09-29,70113.23168842732,False,CASH
2025-09-30,70113.23168842732,False,CASH
2025-10-01,70113.23168842732,False,CASH
2025-10-02,70113.23168842732,False,CASH
2025-10-03,70113.23168842732,False,CASH
2025-10-06,70113.23168842732,False,CASH
2025-10-07,70113.23168842732,False,CASH
2025-10-08,70113.23168842732,False,CASH
2025-10-09,70113.23168842732,False,CASH
2025-10-10,70113.23168842732,False,CASH
2025-10-13,70113.23168842732,False,CASH
2025-10-14,70113.23168842732,False,CASH
2025-10-15,70113.23168842732,False,CASH
2025-10-16,70113.23168842732,False,CASH
2025-10-17,70113.23168842732,False,CASH
2025-10-20,70113.23168842732,False,CASH
2025-10-21,70113.23168842732,False,CASH
2025-10-22,70113.23168842732,False,CASH
2025-10-23,70113.23168842732,False,CASH
2025-10-24,70113.23168842732,False,CASH
2025-10-27,70113.23168842732,False,CASH
2025-10-28,70113.23168842732,False,CASH
2025-10-29,70113.23168842732,False,CASH
2025-10-30,70113.23168842732,False,CASH
2025-10-31,70113.23168842732,False,CASH
2025-11-03,70113.23168842732,False,CASH
2025-11-04,70113.23168842732,False,CASH
2025-11-05,70113.23168842732,False,CASH
2025-11-06,70113.23168842732,False,CASH
2025-11-07,70113.23168842732,False,CASH
2025-11-10,70113.23168842732,False,CASH
2025-11-11,70113.23168842732,False,CASH
2025-11-12,70113.23168842732,False,CASH
2025-11-13,70113.23168842732,False,CASH
2025-11-14,70113.23168842732,False,CASH
2025-11-17,70113.23168842732,False,CASH
2025-11-18,70113.23168842732,False,CASH
2025-11-19,70113.23168842732,False,CASH
2025-11-20,70113.23168842732,False,CASH
2025-11-21,70113.23168842732,False,CASH
2025-11-24,70113.23168842732,False,CASH
2025-11-25,70113.23168842732,False,CASH
2025-11-26,70113.23168842732,False,CASH
2025-11-28,70113.23168842732,False,CASH
2025-12-01,70113.23168842732,False,CASH
2025-12-02,70113.23168842732,False,CASH
2025-12-03,70113.23168842732,False,CASH
2025-12-04,70113.23168842732,False,CASH
2025-12-05,70113.23168842732,False,CASH
2025-12-08,70113.23168842732,False,CASH
2025-12-09,70113.23168842732,False,CASH
2025-12-10,70113.23168842732,False,CASH
2025-12-11,70113.23168842732,False,CASH
2025-12-12,70113.23168842732,False,CASH
2025-12-15,70113.23168842732,False,CASH
2025-12-16,70113.23168842732,False,CASH
2025-12-17,70113.23168842732,False,CASH
2025-12-18,70113.23168842732,False,CASH
2025-12-19,70113.23168842732,False,CASH
2025-12-22,70113.23168842732,False,CASH
2025-12-23,70113.23168842732,False,CASH
2025-12-24,70113.23168842732,False,CASH
2025-12-26,70113.23168842732,False,CASH
2025-12-29,70113.23168842732,False,CASH
2025-12-30,70113.23168842732,False,CASH
2025-12-31,70113.23168842732,False,CASH
2026-01-02,70113.23168842732,False,CASH
2026-01-05,70113.23168842732,False,CASH
2026-01-06,70113.23168842732,False,CASH
2026-01-07,70113.23168842732,False,CASH
2026-01-08,70113.23168842732,False,CASH
2026-01-09,70113.23168842732,False,CASH
2026-01-12,70113.23168842732,False,CASH
2026-01-13,70113.23168842732,False,CASH
2026-01-14,70113.23168842732,False,CASH
2026-01-15,70113.23168842732,False,CASH
2026-01-16,70113.23168842732,False,CASH
2026-01-20,70113.23168842732,False,CASH
2026-01-21,70113.23168842732,False,CASH
2026-01-22,70113.23168842732,False,CASH
2026-01-23,70113.23168842732,False,CASH
2026-01-26,70113.23168842732,False,CASH
2026-01-27,70113.23168842732,False,CASH
2026-01-28,70113.23168842732,False,CASH
2026-01-29,70113.23168842732,False,CASH
2026-01-30,70113.23168842732,False,CASH
2026-02-02,70113.23168842732,False,CASH
2026-02-03,70113.23168842732,False,CASH
2026-02-04,70113.23168842732,False,CASH
2026-02-05,70113.23168842732,False,CASH
2026-02-06,70113.23168842732,False,CASH
2026-02-09,70113.23168842732,False,CASH
2026-02-10,70113.23168842732,False,CASH
2026-02-11,70113.23168842732,False,CASH
2026-02-12,70113.23168842732,False,CASH
2026-02-13,70113.23168842732,False,CASH
2026-02-17,70113.23168842732,False,CASH
2026-02-18,70113.23168842732,False,CASH
2026-02-19,70113.23168842732,False,CASH
2026-02-20,70113.23168842732,False,CASH
2026-02-23,70113.23168842732,False,CASH
2026-02-24,70113.23168842732,False,CASH
2026-02-25,70113.23168842732,False,CASH
2026-02-26,70113.23168842732,False,CASH
2026-02-27,70113.23168842732,False,CASH
2026-03-02,70113.23168842732,False,CASH
2026-03-03,70113.23168842732,False,CASH
2026-03-04,70113.23168842732,False,CASH
2026-03-05,70113.23168842732,False,CASH
2026-03-06,70113.23168842732,False,CASH
2026-03-09,70113.23168842732,False,CASH
2026-03-10,70113.23168842732,False,CASH
2026-03-11,70113.23168842732,False,CASH
2026-03-12,70113.23168842732,False,CASH
2026-03-13,70113.23168842732,False,CASH
2026-03-16,70113.23168842732,False,CASH
2026-03-17,70113.23168842732,False,CASH
2026-03-18,70113.23168842732,False,CASH
2026-03-19,70113.23168842732,False,CASH
2026-03-20,70113.23168842732,False,CASH
2026-03-23,70113.23168842732,False,CASH
2026-03-24,70113.23168842732,False,CASH
2026-03-25,70113.23168842732,False,CASH
2026-03-26,70113.23168842732,False,CASH
2026-03-27,70113.23168842732,False,CASH
2026-03-30,70113.23168842732,False,CASH
2026-03-31,70113.23168842732,False,CASH
2026-04-01,70113.23168842732,False,CASH
2026-04-02,70113.23168842732,False,CASH
2026-04-06,70113.23168842732,False,CASH
2026-04-07,70113.23168842732,False,CASH
2026-04-08,70113.23168842732,False,CASH
2026-04-09,70113.23168842732,False,CASH
2026-04-10,70113.23168842732,False,CASH
2026-04-13,70113.23168842732,False,CASH
2026-04-14,70113.23168842732,False,CASH
