date,equity,peak,dd
2004-10-25,100085.06743936459,100085.06743936459,0.0
2004-10-27,100010.92337312546,100085.06743936459,-0.07408104738905676
2004-10-27,100138.6762765412,100138.6762765412,0.0
2004-11-04,100419.51603732213,100419.51603732213,0.0
2004-11-05,100437.19416848203,100437.19416848203,0.0
2004-11-05,100572.3689110374,100572.3689110374,0.0
2004-11-11,100673.23362878662,100673.23362878662,0.0
2004-11-15,100824.93490593838,100824.93490593838,0.0
2004-11-19,100761.4946912128,100824.93490593838,-0.06292115614531239
2004-11-22,100895.03763701498,100895.03763701498,0.0
2004-11-24,101943.71862885491,101943.71862885491,0.0
2004-11-24,102162.95568167802,102162.95568167802,0.0
2004-11-24,102463.24020016789,102463.24020016789,0.0
2004-11-24,102637.87768247507,102637.87768247507,0.0
2004-11-24,102618.55832379802,102637.87768247507,-0.0188228353053222
2004-11-24,102768.70893254022,102768.70893254022,0.0
2004-11-26,102699.07106574679,102768.70893254022,-0.06776174140627292
2004-11-26,102702.28353498127,102768.70893254022,-0.06463581984138368
2004-11-26,102679.68171164788,102768.70893254022,-0.08662872368162289
2004-11-26,102853.0141175153,102853.0141175153,0.0
2004-11-29,102870.89653313016,102870.89653313016,0.0
2004-11-29,102871.68471901212,102871.68471901212,0.0
2004-11-29,102849.74463727964,102871.68471901212,-0.021327619735602273
2004-11-30,102734.22082658089,102871.68471901212,-0.13362655895711792
2004-11-30,103062.89397252248,103062.89397252248,0.0
2004-12-02,103197.5016049518,103197.5016049518,0.0
2004-12-02,103446.08407168239,103446.08407168239,0.0
2004-12-06,103593.02621857899,103593.02621857899,0.0
2004-12-09,103619.66465793557,103619.66465793557,0.0
2004-12-10,103592.56693228644,103619.66465793557,-0.02615114200435334
2004-12-10,103407.79520857651,103619.66465793557,-0.20446837968301945
2004-12-10,103604.75198499688,103619.66465793557,-0.014391740204835354
2004-12-10,103735.51123430578,103735.51123430578,0.0
2004-12-10,103861.19628995952,103861.19628995952,0.0
2004-12-10,103985.71371185656,103985.71371185656,0.0
2004-12-10,104167.48745555688,104167.48745555688,0.0
2004-12-10,104379.67722842118,104379.67722842118,0.0
2004-12-13,104525.69502377567,104525.69502377567,0.0
2004-12-13,104653.60165155164,104653.60165155164,0.0
2004-12-13,104948.61777496219,104948.61777496219,0.0
2004-12-13,105060.62978326449,105060.62978326449,0.0
2004-12-13,105280.04127293489,105280.04127293489,0.0
2004-12-13,105437.3357492221,105437.3357492221,0.0
2004-12-13,105427.20274592952,105437.3357492221,-0.009610450814763628
2004-12-13,105569.06109049359,105569.06109049359,0.0
2004-12-14,105722.65386325719,105722.65386325719,0.0
2004-12-14,105914.56152456289,105914.56152456289,0.0
2004-12-14,106060.32650934182,106060.32650934182,0.0
2004-12-14,106382.72432521377,106382.72432521377,0.0
2004-12-14,106553.32469999322,106553.32469999322,0.0
2004-12-14,106674.36168116539,106674.36168116539,0.0
2004-12-15,106843.19997181893,106843.19997181893,0.0
2004-12-15,107138.58051939664,107138.58051939664,0.0
2004-12-16,107379.10938526703,107379.10938526703,0.0
2004-12-16,107439.06578916633,107439.06578916633,0.0
2004-12-16,107272.63097956713,107439.06578916633,-0.1549108868144917
2004-12-16,106930.53084268334,107439.06578916633,-0.47332405838386465
2004-12-16,106924.144065028,107439.06578916633,-0.47926861645352536
2004-12-17,106924.32607997663,107439.06578916633,-0.47909920419431284
2004-12-17,106995.4879164555,107439.06578916633,-0.41286460325454055
2004-12-20,107063.49470823926,107439.06578916633,-0.3495665921593843
2004-12-20,107082.93762367437,107439.06578916633,-0.331469901451683
2004-12-20,106882.83119387442,107439.06578916633,-0.5177209902247691
2004-12-21,106864.89136059851,107439.06578916633,-0.5344186719703508
2004-12-21,106859.47007174515,107439.06578916633,-0.5394645915467591
2004-12-23,106897.71952872131,107439.06578916633,-0.5038635215865817
2004-12-23,107035.60293073696,107439.06578916633,-0.37552714691423833
2004-12-23,107153.85087160736,107439.06578916633,-0.26546667682187974
2004-12-28,107268.37400160266,107439.06578916633,-0.15887311222403017
2004-12-28,107434.44007025393,107439.06578916633,-0.00430543478614946
2004-12-28,107522.27200326102,107522.27200326102,0.0
2004-12-28,107629.03268780731,107629.03268780731,0.0
2004-12-29,107614.28369072708,107629.03268780731,-0.013703548858428009
2004-12-29,107741.56957916118,107741.56957916118,0.0
2004-12-30,107780.82009069742,107780.82009069742,0.0
2004-12-30,107790.42413638762,107790.42413638762,0.0
2005-01-05,107474.90206409318,107790.42413638762,-0.29271809144679184
2005-01-06,107459.98680018219,107790.42413638762,-0.30655537247662046
2005-01-06,107571.3845801164,107790.42413638762,-0.20320873400968384
2005-01-07,107651.59947700548,107790.42413638762,-0.12879127296733084
2005-01-10,107791.70811807454,107791.70811807454,0.0
2005-01-10,107915.06657184639,107915.06657184639,0.0
2005-01-10,108031.58572166637,108031.58572166637,0.0
2005-01-10,108145.06926427294,108145.06926427294,0.0
2005-01-10,108265.62159430163,108265.62159430163,0.0
2005-01-10,108441.34178738881,108441.34178738881,0.0
2005-01-12,108273.50240684334,108441.34178738881,-0.1547743487668536
2005-01-12,108011.11797582095,108441.34178738881,-0.3967341278489194
2005-01-12,107735.17031052397,108441.34178738881,-0.6512013455618845
2005-01-12,107641.62875144048,108441.34178738881,-0.7374613987313552
2005-01-12,107659.83921847558,108441.34178738881,-0.7206684794120793
2005-01-12,107452.35625604616,108441.34178738881,-0.9120004557686748
2005-01-12,107151.37930980852,108441.34178738881,-1.1895486133963635
2005-01-12,107116.40153084508,108441.34178738881,-1.2218036356848345
2005-01-12,107075.56703873239,108441.34178738881,-1.2594594701107353
2005-01-12,107037.30133580344,108441.34178738881,-1.294746476245332
2005-01-12,106947.73259060015,108441.34178738881,-1.3773429691759493
2005-01-12,106749.19275500334,108441.34178738881,-1.5604279737732418
2005-01-12,106655.2510702186,108441.34178738881,-1.6470570058714697
2005-01-12,106493.56713030225,108441.34178738881,-1.7961550687056078
2005-01-12,106441.94020154733,108441.34178738881,-1.8437632298588906
2005-01-12,106239.21554178662,108441.34178738881,-2.0307073015748043
2005-01-12,106077.22177071637,108441.34178738881,-2.1800910775408537
2005-01-13,106063.39593180882,108441.34178738881,-2.192840679011717
2005-01-13,106112.64304075223,108441.34178738881,-2.147427086620021
2005-01-13,106072.70269043307,108441.34178738881,-2.184258381457247
2005-01-13,106113.08373484231,108441.34178738881,-2.1470206972459898
2005-01-13,106182.455816352,108441.34178738881,-2.083048709841314
2005-01-13,106134.03726386774,108441.34178738881,-2.1276982426543545
2005-01-13,106122.76212986314,108441.34178738881,-2.138095692389623
2005-01-13,106127.31950316229,108441.34178738881,-2.1338930762802777
2005-01-13,105979.63171431619,108441.34178738881,-2.2700844830001063
2005-01-13,105906.11282952514,108441.34178738881,-2.337880476280223
2005-01-13,105943.4736444269,108441.34178738881,-2.3034279194546143
2005-01-13,105912.45971544729,108441.34178738881,-2.332027647628775
2005-01-13,105921.0431190841,108441.34178738881,-2.324112397323549
2005-01-13,105562.93199476773,108441.34178738881,-2.6543472675435176
2005-01-14,105596.2888369931,108441.34178738881,-2.6235870042753136
2005-01-14,105634.22824978485,108441.34178738881,-2.5886008890480308
2005-01-14,105724.11227966892,108441.34178738881,-2.505713653974627
2005-01-14,105731.94425934217,108441.34178738881,-2.498491334936368
2005-01-14,105753.68234372108,108441.34178738881,-2.478445396717037
2005-01-14,105621.62283437548,108441.34178738881,-2.600225067799052
2005-01-14,105569.95484750243,108441.34178738881,-2.647871091005168
2005-01-14,105660.45493887394,108441.34178738881,-2.564415750191569
2005-01-14,105683.30535262405,108441.34178738881,-2.543344069065643
2005-01-14,105573.1347529529,108441.34178738881,-2.6449387172461813
2005-01-14,105522.39113187909,108441.34178738881,-2.691732329569143
2005-01-14,105567.92538562776,108441.34178738881,-2.6497425745567544
2005-01-14,105636.75793836209,108441.34178738881,-2.5862681176754663
2005-01-14,105538.19051823691,108441.34178738881,-2.6771628064542483
2005-01-14,105505.87137239536,108441.34178738881,-2.70696615018723
2005-01-14,105539.08499002042,108441.34178738881,-2.6763379625628247
2005-01-14,105487.79325804839,108441.34178738881,-2.7236370194783985
2005-01-14,105499.3705871972,108441.34178738881,-2.7129608982150586
2005-01-14,105467.33085008246,108441.34178738881,-2.742506583086386
2005-01-14,105483.84301476447,108441.34178738881,-2.7272797660719132
2005-01-14,105452.10980151962,108441.34178738881,-2.7565427876481925
2005-01-14,105480.01269509751,108441.34178738881,-2.730811924198902
2005-01-14,105488.65081237728,108441.34178738881,-2.722846219295779
2005-01-18,105601.28397446321,108441.34178738881,-2.618980700638921
2005-01-18,105663.46170368842,108441.34178738881,-2.561643039373982
2005-01-18,105642.10272988239,108441.34178738881,-2.5813393779234457
2005-01-18,105730.0411531716,108441.34178738881,-2.5002462986238396
2005-01-18,105830.69419208175,108441.34178738881,-2.40742834077572
2005-01-19,105840.55837773262,108441.34178738881,-2.398332007690672
2005-01-19,105850.6163291134,108441.34178738881,-2.3890569920785496
2005-01-20,105839.79762548776,108441.34178738881,-2.399033541102494
2005-01-20,105839.09762548776,108441.34178738881,-2.3996790513741852
2005-01-21,105724.419924769,108441.34178738881,-2.5054299567287144
2005-01-21,105576.65971914402,108441.34178738881,-2.64168814312655
2005-01-21,105424.70846049904,108441.34178738881,-2.7818111406295714
2005-01-24,105379.22962353649,108441.34178738881,-2.8237497926352906
2005-01-26,105754.96672534803,108441.34178738881,-2.4772609945270827
2005-01-26,105625.3031399903,108441.34178738881,-2.596831246259998
2005-01-27,105694.65559863436,108441.34178738881,-2.5328773542286407
2005-01-27,105789.26548820946,108441.34178738881,-2.4456321320507386
2005-01-27,105972.83535818043,108441.34178738881,-2.2763517939939946
2005-01-27,106272.22390465726,108441.34178738881,-2.0002683911679546
2005-01-27,106704.17815030068,108441.34178738881,-1.6019385305043827
2005-01-27,106800.60027806286,108441.34178738881,-1.5130221392343173
2005-01-27,106898.28507903022,108441.34178738881,-1.4229413643589217
2005-01-27,107086.8056538583,108441.34178738881,-1.2490956965344668
2005-01-27,107212.32605017001,108441.34178738881,-1.1333461177826605
2005-01-27,107321.91181630739,108441.34178738881,-1.0322907782496722
2005-01-27,107335.32327154181,108441.34178738881,-1.0199233038036994
2005-01-28,107453.70809185198,108441.34178738881,-0.9107538501996739
2005-01-28,107523.76882564288,108441.34178738881,-0.846146816907644
2005-01-31,107525.35094737927,108441.34178738881,-0.8446878514334925
2005-01-31,107619.88800586593,108441.34178738881,-0.7575097909922894
2005-01-31,107706.81124917544,108441.34178738881,-0.6773528675562632
2005-01-31,107858.13962416592,108441.34178738881,-0.5378042669061752
2005-02-01,107926.29163132336,108441.34178738881,-0.47495738025380074
2005-02-01,108104.05766795347,108441.34178738881,-0.31102909082093555
2005-02-01,108076.28806271027,108441.34178738881,-0.3366370414285973
2005-02-02,108159.25137289942,108441.34178738881,-0.26013180014173554
2005-02-02,108140.18317513983,108441.34178738881,-0.27771568230817095
2005-02-02,108157.80349314153,108441.34178738881,-0.2614669733644452
2005-02-02,108208.4416188432,108441.34178738881,-0.2147706443933932
2005-02-02,108215.06846343422,108441.34178738881,-0.2086596497470735
2005-02-02,108255.95196496442,108441.34178738881,-0.17095862091771843
2005-02-02,108268.6506796952,108441.34178738881,-0.15924840549482358
2005-02-02,108327.19588622653,108441.34178738881,-0.10526050238853996
2005-02-02,108256.16710711557,108441.34178738881,-0.17076022596280033
2005-02-02,108309.89007084581,108441.34178738881,-0.1212191903718106
2005-02-02,108421.21363299662,108441.34178738881,-0.018561329157709597
2005-02-02,108492.639325178,108492.639325178,0.0
2005-02-03,108408.64925503702,108492.639325178,-0.07741545478420961
2005-02-03,107898.13137308929,108492.639325178,-0.5479707709080872
2005-02-03,107849.01842563675,108492.639325178,-0.593239231292145
2005-02-04,107910.84732465338,108492.639325178,-0.5362502047543011
2005-02-04,107905.54116302982,108492.639325178,-0.5411410080904249
2005-02-04,107869.80748465586,108492.639325178,-0.5740775082956203
2005-02-07,107914.60083809648,108492.639325178,-0.5327905106529857
2005-02-08,107916.91906180231,108492.639325178,-0.5306537539842802
2005-02-10,107578.129370529,108492.639325178,-0.8429235018497363
2005-02-10,107578.51938961173,108492.639325178,-0.8425640128695143
2005-02-10,107740.7002179489,108492.639325178,-0.6930784538989326
2005-02-11,107818.48858870841,108492.639325178,-0.6213792388707567
2005-02-11,107960.77043102059,108492.639325178,-0.490235003467167
2005-02-14,108081.8989100358,108492.639325178,-0.3785882781513946
2005-02-14,108303.01741479899,108492.639325178,-0.17477859471246227
2005-02-14,108417.65711235591,108492.639325178,-0.06911271887979849
2005-02-14,108368.50344734004,108492.639325178,-0.11441870951805898
2005-02-15,108396.56311156882,108492.639325178,-0.08855551326502141
2005-02-15,108542.19711281925,108542.19711281925,0.0
2005-02-15,108679.97021766263,108679.97021766263,0.0
2005-02-15,108860.36035178421,108860.36035178421,0.0
2005-02-16,108841.03104672016,108860.36035178421,-0.01775605463879281
2005-02-16,108942.48847808753,108942.48847808753,0.0
2005-02-17,109109.56230924917,109109.56230924917,0.0
2005-02-22,108752.81119544193,109109.56230924917,-0.3269659471239602
2005-02-22,108646.69352994623,109109.56230924917,-0.42422384391115947
2005-02-22,108430.7375584655,109109.56230924917,-0.6221496415315882
2005-02-22,108326.6444898175,109109.56230924917,-0.7175519751537943
2005-02-24,108435.5389854801,109109.56230924917,-0.617749085876347
2005-02-24,108882.87312454311,109109.56230924917,-0.2077628943864301
2005-02-25,108994.12910052037,109109.56230924917,-0.1057956848929826
2005-02-25,109123.58984155158,109123.58984155158,0.0
2005-02-25,109256.97577589705,109256.97577589705,0.0
2005-02-25,109350.28967002284,109350.28967002284,0.0
2005-02-25,109469.46064811418,109469.46064811418,0.0
2005-02-25,109644.66488724007,109644.66488724007,0.0
2005-02-25,109198.05714707782,109644.66488724007,-0.4073228192375279
2005-02-25,109381.5301981842,109644.66488724007,-0.23998859345000906
2005-02-25,109542.05818530206,109644.66488724007,-0.09358111682272496
2005-02-25,109688.69139124549,109688.69139124549,0.0
2005-02-28,109771.15632905741,109771.15632905741,0.0
2005-02-28,109660.2016365354,109771.15632905741,-0.10107818504653479
2005-02-28,109837.36292320905,109837.36292320905,0.0
2005-02-28,109871.83220530662,109871.83220530662,0.0
2005-02-28,109881.14315393382,109881.14315393382,0.0
2005-02-28,110025.79065054674,110025.79065054674,0.0
2005-02-28,110214.36826822835,110214.36826822835,0.0
2005-02-28,110348.42828396882,110348.42828396882,0.0
2005-02-28,110524.72811791732,110524.72811791732,0.0
2005-02-28,110666.50720281797,110666.50720281797,0.0
2005-03-01,110711.67898065111,110711.67898065111,0.0
2005-03-01,110852.89091269123,110852.89091269123,0.0
2005-03-01,110988.86030880961,110988.86030880961,0.0
2005-03-02,111108.25545907258,111108.25545907258,0.0
2005-03-02,111158.32431614243,111158.32431614243,0.0
2005-03-02,111318.28231280466,111318.28231280466,0.0
2005-03-02,111461.47912777429,111461.47912777429,0.0
2005-03-02,111447.12764896998,111461.47912777429,-0.012875729728885479
2005-03-02,111599.95227992877,111599.95227992877,0.0
2005-03-02,111627.26961819941,111627.26961819941,0.0
2005-03-03,111746.28325147179,111746.28325147179,0.0
2005-03-03,111881.43427482872,111881.43427482872,0.0
2005-03-03,112023.15881429666,112023.15881429666,0.0
2005-03-03,112103.56832668332,112103.56832668332,0.0
2005-03-03,112095.66428421185,112103.56832668332,-0.007050660910670909
2005-03-03,112175.89260743283,112175.89260743283,0.0
2005-03-03,112243.92237991202,112243.92237991202,0.0
2005-03-03,112202.87955703979,112243.92237991202,-0.03656574182547957
2005-03-04,112353.56091686829,112353.56091686829,0.0
2005-03-07,112450.3002543284,112450.3002543284,0.0
2005-03-07,112509.80520332347,112509.80520332347,0.0
2005-03-11,112468.62577543494,112509.80520332347,-0.03660074587643052
2005-03-14,112639.53525926752,112639.53525926752,0.0
2005-03-14,112854.10456160414,112854.10456160414,0.0
2005-03-14,114577.12289420754,114577.12289420754,0.0
2005-03-14,114698.0112593622,114698.0112593622,0.0
2005-03-14,114847.84928116931,114847.84928116931,0.0
2005-03-14,115065.85394864099,115065.85394864099,0.0
2005-03-15,115279.87681656652,115279.87681656652,0.0
2005-03-15,115408.86851942373,115408.86851942373,0.0
2005-03-16,115343.25217476078,115408.86851942373,-0.05685554802221049
2005-03-16,115390.72419309108,115408.86851942373,-0.015721778200777702
2005-03-16,115588.45999666715,115588.45999666715,0.0
2005-03-17,115802.94189794673,115802.94189794673,0.0
2005-03-17,116179.93170585587,116179.93170585587,0.0
2005-03-17,116373.24310429973,116373.24310429973,0.0
2005-03-18,116214.12025984946,116373.24310429973,-0.13673490589899903
2005-03-18,116139.25146982823,116373.24310429973,-0.2010699609546729
2005-03-18,116232.23626840525,116373.24310429973,-0.12116774623880415
2005-03-21,116227.23282927771,116373.24310429973,-0.12546722178324352
2005-03-21,116115.13528877718,116373.24310429973,-0.2217930931865716
2005-03-21,116322.16773244126,116373.24310429973,-0.04388927428334904
2005-03-21,115972.15918612175,116373.24310429973,-0.3446530383436304
2005-03-21,116007.87987775661,116373.24310429973,-0.31395810308015987
2005-03-21,115950.32130090741,116373.24310429973,-0.3634184217185388
2005-03-21,115950.80368854395,116373.24310429973,-0.3630039040651049
2005-03-21,115549.96182744668,116373.24310429973,-0.7074489417770967
2005-03-21,115467.72088952256,116373.24310429973,-0.7781189134392302
2005-03-21,115124.06930722899,116373.24310429973,-1.0734201125177656
2005-03-22,115267.13953455027,116373.24310429973,-0.9504792856534203
2005-03-22,115261.90002218373,116373.24310429973,-0.9549816198900264
2005-03-22,114952.72033085546,116373.24310429973,-1.2206609831876285
2005-03-22,114838.46423895411,116373.24310429973,-1.3188417065682996
2005-03-22,114497.9410723168,116373.24310429973,-1.6114546453794318
2005-03-22,114150.74230689528,116373.24310429973,-1.9098039533129934
2005-03-22,114111.6561605617,116373.24310429973,-1.9433908374548607
2005-03-23,113618.5169625669,116373.24310429973,-2.3671473512720724
2005-03-23,113075.98316161234,116373.24310429973,-2.8333488478380016
2005-03-23,113118.36979952121,116373.24310429973,-2.7969258378932818
2005-03-28,113276.17399280597,116373.24310429973,-2.6613240542914243
2005-03-28,113422.0773079066,116373.24310429973,-2.5359487436026407
2005-03-28,113547.91741752402,116373.24310429973,-2.4278138267948
2005-03-28,113665.13362999364,116373.24310429973,-2.3270894597987173
2005-03-28,113753.64691529605,116373.24310429973,-2.251029634583499
2005-03-28,113818.7488357962,116373.24310429973,-2.1950872901377037
2005-03-28,113730.56496814132,116373.24310429973,-2.27086404543174
2005-03-28,113775.89761159789,116373.24310429973,-2.2319095209660618
2005-03-28,113637.6280886106,116373.24310429973,-2.35072508311669
2005-03-29,113550.9552047841,116373.24310429973,-2.425203443875973
2005-03-29,113476.52685711275,116373.24310429973,-2.489160025033241
2005-03-29,113410.7932375917,116373.24310429973,-2.5456451910109026
2005-03-29,113439.59287955842,116373.24310429973,-2.520897541810385
2005-03-29,113144.04325885477,116373.24310429973,-2.774864530114356
2005-03-29,112996.9295852948,116373.24310429973,-2.9012799067384494
2005-03-29,112951.40435903621,116373.24310429973,-2.9403999183873326
2005-03-29,112974.95250177242,116373.24310429973,-2.920164903784272
2005-03-29,112656.0931326199,116373.24310429973,-3.194162053512873
2005-03-29,112515.97778093394,116373.24310429973,-3.3145637437539746
2005-03-29,112416.839408585,116373.24310429973,-3.3997537493810315
2005-03-29,112474.53934840174,116373.24310429973,-3.3501719569710477
2005-03-29,112277.28112604059,116373.24310429973,-3.519676747848415
2005-03-29,111622.19007313091,116373.24310429973,-4.0825991477359445
2005-03-29,111682.0201011775,116373.24310429973,-4.031186961866922
2005-03-29,111581.78995965404,116373.24310429973,-4.117315129175654
2005-03-30,111414.23380187833,116373.24310429973,-4.261296815434523
2005-03-30,111554.30911913927,116373.24310429973,-4.140929526937289
2005-03-30,111406.57975001681,116373.24310429973,-4.267873973256499
2005-03-31,111412.9938759906,116373.24310429973,-4.262362288781016
2005-03-31,111095.68847719578,116373.24310429973,-4.535024105475801
2005-04-01,111302.76215207418,116373.24310429973,-4.357084856422816
2005-04-01,110940.51252664172,116373.24310429973,-4.668367429434722
2005-04-01,110988.09529905475,116373.24310429973,-4.627479360026543
2005-04-01,110564.92853416971,116373.24310429973,-4.9911082781497385
2005-04-01,110502.1611115219,116373.24310429973,-5.045044579118472
2005-04-01,110506.15269178424,116373.24310429973,-5.041614598002654
2005-04-01,110711.00671106396,116373.24310429973,-4.865582708012167
2005-04-04,110901.64759026104,116373.24310429973,-4.701764226966474
2005-04-04,111086.97695689737,116373.24310429973,-4.542509950216423
2005-04-04,111249.68930933744,116373.24310429973,-4.402690565536874
2005-04-05,111383.39791842672,116373.24310429973,-4.28779421520534
2005-04-06,111428.8306740511,116373.24310429973,-4.2487536639476415
2005-04-06,111431.45880564279,116373.24310429973,-4.2464952998069
2005-04-06,111546.71209448953,116373.24310429973,-4.14745768104479
2005-04-07,111548.42189782916,116373.24310429973,-4.14598844009728
2005-04-07,111529.01021604112,116373.24310429973,-4.162668977023321
2005-04-07,111614.3474067239,116373.24310429973,-4.089338382802191
2005-04-08,111540.37565168185,116373.24310429973,-4.152902612060415
2005-04-08,111463.36996786747,116373.24310429973,-4.219073908623288
2005-04-08,111610.04867125231,116373.24310429973,-4.093032303635638
2005-04-11,111225.2452682742,116373.24310429973,-4.423695429207581
2005-04-12,111204.91051924307,116373.24310429973,-4.441169161561077
2005-04-12,111193.15762620886,116373.24310429973,-4.451268470234355
2005-04-13,111092.31421347262,116373.24310429973,-4.537923623984655
2005-04-18,110834.01194999479,116373.24310429973,-4.759883807088196
2005-04-19,110973.45762066952,116373.24310429973,-4.64005757645737
2005-04-20,110700.1321781309,116373.24310429973,-4.874927238286471
2005-04-20,110801.85003167046,116373.24310429973,-4.787520674005711
2005-04-21,110895.24699349751,116373.24310429973,-4.70726428573668
2005-04-21,110806.67044856105,116373.24310429973,-4.783378470212117
2005-04-21,110834.73725300355,116373.24310429973,-4.759260551269752
2005-04-21,110697.51289720112,116373.24310429973,-4.877177997017523
2005-04-21,110781.93911492956,116373.24310429973,-4.804630205552459
2005-04-21,110778.97838229344,116373.24310429973,-4.807174375120253
2005-04-21,110673.33283333776,116373.24310429973,-4.897956024009249
2005-04-21,110552.62230791926,116373.24310429973,-5.001683068300963
2005-04-21,110516.44377725649,116373.24310429973,-5.032771426498858
2005-04-22,110358.57387865789,116373.24310429973,-5.168429670943507
2005-04-22,110367.01799597836,116373.24310429973,-5.161173606666859
2005-04-22,110305.12438541549,116373.24310429973,-5.214359037365387
2005-04-25,110186.3039323237,116373.24310429973,-5.316461934837526
2005-05-04,110314.9087421856,116373.24310429973,-5.205951299891458
2005-05-04,110381.78662089669,116373.24310429973,-5.148482867348805
2005-05-04,110467.85628401273,116373.24310429973,-5.074522856593671
2005-05-05,110605.99353890904,116373.24310429973,-4.955820952950316
2005-05-05,110708.20993166952,116373.24310429973,-4.867985991894128
2005-05-09,110785.6029370036,116373.24310429973,-4.8014818683777705
2005-05-09,110825.11156634621,116373.24310429973,-4.767531942871953
2005-05-10,111158.67895973139,116373.24310429973,-4.48089612824039
2005-05-10,110909.66971181963,116373.24310429973,-4.694870785360313
2005-05-13,110840.10636112187,116373.24310429973,-4.754646854877783
2005-05-17,111026.57246245276,116373.24310429973,-4.5944157773922365
2005-05-17,111158.71316983186,116373.24310429973,-4.480866731362249
2005-05-18,111224.6655935252,116373.24310429973,-4.4241935460715025
2005-05-18,111344.25854141441,116373.24310429973,-4.321426840685436
2005-05-18,111513.68619475065,116373.24310429973,-4.175836970697545
2005-05-18,111681.18794355041,116373.24310429973,-4.031902038292482
2005-05-18,111982.5705313831,116373.24310429973,-3.7729227576664566
2005-05-19,112106.12817095415,116373.24310429973,-3.6667491766308977
2005-05-19,112092.58716234152,116373.24310429973,-3.6783850202762447
2005-05-19,112309.49061451147,116373.24310429973,-3.49199900371095
2005-05-19,112435.43707525624,116373.24310429973,-3.383772698947841
2005-05-20,112692.48035484961,116373.24310429973,-3.162894365804716
2005-05-20,112830.59705541137,116373.24310429973,-3.0442101245844437
2005-05-24,112954.15608465303,116373.24310429973,-2.938035349399292
2005-05-24,113087.97375662498,116373.24310429973,-2.8230452808901467
2005-05-26,113282.21312318997,116373.24310429973,-2.656134605047849
2005-05-31,113551.90891921609,116373.24310429973,-2.424383913194735
2005-05-31,114006.77934282762,116373.24310429973,-2.0335119124859027
2005-06-01,114167.5528479978,116373.24310429973,-1.8953585871325125
2005-06-01,114385.45661097468,116373.24310429973,-1.708112999431919
2005-06-02,114468.38700317332,116373.24310429973,-1.6368505769141273
2005-06-02,114189.39422803398,116373.24310429973,-1.876590200643005
2005-06-02,114307.46102273492,116373.24310429973,-1.7751349248841974
2005-06-03,114301.5660036243,116373.24310429973,-1.7802005387257993
2005-06-03,114405.10486006537,116373.24310429973,-1.6912291792628078
2005-06-03,114446.29858302767,116373.24310429973,-1.655831245972094
2005-06-07,114590.90150481272,116373.24310429973,-1.5315733685359174
2005-06-08,114723.03978838635,116373.24310429973,-1.4180264052917975
2005-06-09,114683.21786646034,116373.24310429973,-1.4522455443857523
2005-06-09,114688.05999069363,116373.24310429973,-1.4480846873845046
2005-06-10,114833.67192260263,116373.24310429973,-1.3229597634546095
2005-06-13,114955.48769644104,116373.24310429973,-1.2182829747109758
2005-06-16,114820.06848067578,116373.24310429973,-1.3346492563001964
2005-06-16,114617.07886707185,116373.24310429973,-1.5090790549283928
2005-06-16,114913.91116419193,116373.24310429973,-1.2540098575751433
2005-06-16,115070.63108242663,116373.24310429973,-1.119339795923398
2005-06-16,115197.73708089003,116373.24310429973,-1.0101170956936847
2005-06-16,115348.95299847916,116373.24310429973,-0.8801766441299168
2005-06-21,115276.30745611564,116373.24310429973,-0.9426012534521913
2005-06-22,115246.73368839656,116373.24310429973,-0.9680141120528335
2005-06-24,115275.21550951702,116373.24310429973,-0.9435395675951116
2005-06-27,115331.9528791734,116373.24310429973,-0.8947849156296789
2005-06-27,115523.33167078356,116373.24310429973,-0.7303323434532433
2005-06-28,115505.37129637931,116373.24310429973,-0.7457657660555139
2005-06-28,115707.92518676308,116373.24310429973,-0.5717103861584065
2005-06-28,115744.11432991995,116373.24310429973,-0.540612908601275
2005-06-28,115875.83081702566,116373.24310429973,-0.42742839677352923
2005-06-29,115901.28585459394,116373.24310429973,-0.4055547797037877
2005-06-29,116026.24488814862,116373.24310429973,-0.2981769751317462
2005-06-29,116205.7603744524,116373.24310429973,-0.14391858934208143
2005-06-29,116252.35096959173,116373.24310429973,-0.10388310189108792
2005-06-29,116636.37330659601,116636.37330659601,0.0
2005-06-29,116774.45056029329,116774.45056029329,0.0
2005-06-29,116938.20794317863,116938.20794317863,0.0
2005-06-29,117113.28713403798,117113.28713403798,0.0
2005-06-29,117267.11562173872,117267.11562173872,0.0
2005-06-30,117062.53544912876,117267.11562173872,-0.17445655717316477
2005-06-30,117017.47344655164,117267.11562173872,-0.21288335938297961
2005-06-30,117105.20026431812,117267.11562173872,-0.13807396605786715
2005-06-30,117394.86627185476,117394.86627185476,0.0
2005-07-01,117129.96132840498,117394.86627185476,-0.2256529198102443
2005-07-01,117066.32378000148,117394.86627185476,-0.27986103846523
2005-07-01,117191.13944927635,117394.86627185476,-0.1735398054857273
2005-07-05,117265.86006413959,117394.86627185476,-0.10989084259989998
2005-07-05,117090.32123756135,117394.86627185476,-0.2594193800503691
2005-07-05,117027.64219975065,117394.86627185476,-0.3128110144558707
2005-07-05,117078.35673327983,117394.86627185476,-0.2696110559400269
2005-07-05,117106.91330747033,117394.86627185476,-0.2452858234171908
2005-07-05,117018.54838252104,117394.86627185476,-0.32055736446112276
2005-07-05,116999.57187157113,117394.86627185476,-0.33672204998150035
2005-07-05,117083.29654723662,117394.86627185476,-0.26540319394940654
2005-07-05,117252.25764150522,117394.86627185476,-0.12147773993736358
2005-07-05,117391.51622012578,117394.86627185476,-0.0028536611824418606
2005-07-05,117499.34717555874,117499.34717555874,0.0
2005-07-05,117447.54534951896,117499.34717555874,-0.04408690540414822
2005-07-05,117423.08476945297,117499.34717555874,-0.06490453601569944
2005-07-05,117455.67180769252,117499.34717555874,-0.03717073236242266
2005-07-05,117543.70805142935,117543.70805142935,0.0
2005-07-05,117624.2167926178,117624.2167926178,0.0
2005-07-06,117736.91265170438,117736.91265170438,0.0
2005-07-06,117781.57553035983,117781.57553035983,0.0
2005-07-07,117857.57509701533,117857.57509701533,0.0
2005-07-08,117861.10892631685,117861.10892631685,0.0
2005-07-11,117978.73302345593,117978.73302345593,0.0
2005-07-12,118083.3536276389,118083.3536276389,0.0
2005-07-14,117986.4069389727,118083.3536276389,-0.08210021623532256
2005-07-19,117955.77273699711,118083.3536276389,-0.10804307865789917
2005-07-20,118085.90488213745,118085.90488213745,0.0
2005-07-21,118175.75040657306,118175.75040657306,0.0
2005-07-22,118067.1391694597,118175.75040657306,-0.09190653474989313
2005-07-22,117857.11984937124,118175.75040657306,-0.2696243147224346
2005-07-22,117987.38554040463,118175.75040657306,-0.1593938397009327
2005-07-22,118117.661793537,118175.75040657306,-0.049154427059875556
2005-07-22,118345.75004421269,118345.75004421269,0.0
2005-07-22,118419.55048005305,118419.55048005305,0.0
2005-07-25,118416.07490541786,118419.55048005305,-0.002934966921507568
2005-07-25,118432.67364077002,118432.67364077002,0.0
2005-07-26,118434.50612377965,118434.50612377965,0.0
2005-07-26,118467.81352266774,118467.81352266774,0.0
2005-07-26,118550.53783597301,118550.53783597301,0.0
2005-07-27,118754.99423255198,118754.99423255198,0.0
2005-07-27,118783.1596607955,118783.1596607955,0.0
2005-07-28,118854.20810645954,118854.20810645954,0.0
2005-07-29,118955.6319500581,118955.6319500581,0.0
2005-08-01,118874.67446973268,118955.6319500581,-0.06805687044679876
2005-08-01,119130.57308118328,119130.57308118328,0.0
2005-08-02,119203.40465937484,119203.40465937484,0.0
2005-08-03,119362.33608547204,119362.33608547204,0.0
2005-08-04,119243.90781216191,119362.33608547204,-0.09921745602006729
2005-08-05,119317.43440296681,119362.33608547204,-0.037617965580927615
2005-08-08,119203.5973759774,119362.33608547204,-0.1329889433304684
2005-08-08,119170.72968115512,119362.33608547204,-0.1605250119934928
2005-08-08,119316.88830831298,119362.33608547204,-0.038075475606071454
2005-08-10,119495.75778050796,119495.75778050796,0.0
2005-08-11,119672.25660011872,119672.25660011872,0.0
2005-08-11,119858.44603867893,119858.44603867893,0.0
2005-08-11,120322.97363041647,120322.97363041647,0.0
2005-08-11,120450.50716016004,120450.50716016004,0.0
2005-08-12,120364.48694679175,120450.50716016004,-0.0714154015590085
2005-08-12,120495.44676170163,120495.44676170163,0.0
2005-08-12,120861.05688150415,120861.05688150415,0.0
2005-08-12,120986.99554085484,120986.99554085484,0.0
2005-08-12,121121.08235892316,121121.08235892316,0.0
2005-08-15,121197.60137312225,121197.60137312225,0.0
2005-08-15,121396.54974642086,121396.54974642086,0.0
2005-08-15,121477.9332118011,121477.9332118011,0.0
2005-08-15,121508.30336093888,121508.30336093888,0.0
2005-08-15,121650.45217728987,121650.45217728987,0.0
2005-08-15,121769.43600274537,121769.43600274537,0.0
2005-08-15,121823.43303859806,121823.43303859806,0.0
2005-08-16,121461.62698679992,121823.43303859806,-0.296992165442836
2005-08-16,121336.17066637446,121823.43303859806,-0.39997425788289837
2005-08-16,120793.11382895346,121823.43303859806,-0.845747968141858
2005-08-16,120953.56641227535,121823.43303859806,-0.7140388385271501
2005-08-17,120902.04233097564,121823.43303859806,-0.7563329029895943
2005-08-17,120897.40057803792,121823.43303859806,-0.7601431329444919
2005-08-17,120873.70971276189,121823.43303859806,-0.7795900198734836
2005-08-17,120778.64325709711,121823.43303859806,-0.8576262837461837
2005-08-17,120722.86201706491,121823.43303859806,-0.9034148801113235
2005-08-17,120652.80641814928,121823.43303859806,-0.9609207286728488
2005-08-17,120418.48675127531,121823.43303859806,-1.153264402651999
2005-08-18,120131.41201764076,121823.43303859806,-1.3889126079883207
2005-08-18,120112.04112196981,121823.43303859806,-1.4048134040731
2005-08-18,120243.82681080072,121823.43303859806,-1.2966357854131918
2005-08-18,119976.49292507704,121823.43303859806,-1.5160795156181845
2005-08-18,119985.51201087607,121823.43303859806,-1.5086761076086757
2005-08-18,119779.1908418539,121823.43303859806,-1.678036930790214
2005-08-19,119741.52855251508,121823.43303859806,-1.7089524027970482
2005-08-19,119770.85502615722,121823.43303859806,-1.684879469609515
2005-08-19,119696.08957770401,121823.43303859806,-1.7462514459102667
2005-08-19,119672.05152756986,121823.43303859806,-1.7659833230496518
2005-08-19,119666.9125886492,121823.43303859806,-1.7702016731588883
2005-08-19,119746.84100439053,121823.43303859806,-1.704591622819878
2005-08-22,119910.55679431626,121823.43303859806,-1.5702038569835157
2005-08-22,120029.66504842558,121823.43303859806,-1.472432639132856
2005-08-23,120152.6953632372,121823.43303859806,-1.3714419579946537
2005-08-24,120294.50933589165,121823.43303859806,-1.2550325208960333
2005-08-25,120459.17637860666,121823.43303859806,-1.1198639095642242
2005-08-25,120842.09936580247,121823.43303859806,-0.8055376936263718
2005-08-26,120779.75298170233,121823.43303859806,-0.8567153550541057
2005-08-26,120637.80807684718,121823.43303859806,-0.9732322691770016
2005-08-26,120535.31564842042,121823.43303859806,-1.0573642180724891
2005-08-26,120282.36326402471,121823.43303859806,-1.2650027471193348
2005-08-26,120247.53662047285,121823.43303859806,-1.2935905505354686
2005-08-26,120095.21712982043,121823.43303859806,-1.4186235485828596
2005-08-29,120186.70845874476,121823.43303859806,-1.3435219637380629
2005-08-29,120319.69824791148,121823.43303859806,-1.2343559471108803
2005-08-29,120526.16663042306,121823.43303859806,-1.0648742822441857
2005-08-29,120581.26396162329,121823.43303859806,-1.0196470793769223
2005-08-30,120392.34374103669,121823.43303859806,-1.1747241576322571
2005-08-30,120607.32524813338,121823.43303859806,-0.9982544081477116
2005-08-30,120443.65904011902,121823.43303859806,-1.1326014741694863
2005-08-30,120286.05719109357,121823.43303859806,-1.2619705496375173
2005-08-31,120023.68322934606,121823.43303859806,-1.4773428759652265
2005-08-31,120005.01215161712,121823.43303859806,-1.4926692193978772
2005-08-31,120483.67455175912,121823.43303859806,-1.0997543357807482
2005-08-31,120980.11319405178,121823.43303859806,-0.6922476435868316
2005-08-31,121105.96559044879,121823.43303859806,-0.5889404281702928
2005-09-01,120835.46375961923,121823.43303859806,-0.8109845982306211
2005-09-01,120730.33427726242,121823.43303859806,-0.8972811995778414
2005-09-01,120853.21903870496,121823.43303859806,-0.7964099973981981
2005-09-01,121165.17490994085,121823.43303859806,-0.5403378580282248
2005-09-01,121421.24689880882,121823.43303859806,-0.33013857002520053
2005-09-02,121056.87685558075,121823.43303859806,-0.6292354138258749
2005-09-02,121139.3875949435,121823.43303859806,-0.5615056369638055
2005-09-02,121045.50663292666,121823.43303859806,-0.638568776357605
2005-09-06,120797.93109812956,121823.43303859806,-0.8417936639033846
2005-09-06,120864.35496966445,121823.43303859806,-0.7872689555791283
2005-09-06,120882.20179419618,121823.43303859806,-0.7726192087393066
2005-09-06,121252.02376564089,121823.43303859806,-0.46904709439285636
2005-09-07,121168.7966798737,121823.43303859806,-0.5373648914629927
2005-09-07,121154.5175786347,121823.43303859806,-0.5490860364700325
2005-09-07,121330.45049079953,121823.43303859806,-0.4046697219921015
2005-09-08,120904.26539793979,121823.43303859806,-0.754508075935641
2005-09-09,120872.93651458033,121823.43303859806,-0.7802247074391464
2005-09-09,120802.63481851378,121823.43303859806,-0.8379325673418314
2005-09-09,120871.31743679754,121823.43303859806,-0.7815537438506175
2005-09-09,120632.10524822566,121823.43303859806,-0.9779134938636462
2005-09-09,120550.4401248045,121823.43303859806,-1.04494913830759
2005-09-12,121044.6773606182,121823.43303859806,-0.6392494929387876
2005-09-16,121122.65569184808,121823.43303859806,-0.5752401892400681
2005-09-16,121183.10238696045,121823.43303859806,-0.5256219067761154
2005-09-19,121527.37991953133,121823.43303859806,-0.24301820403708702
2005-09-19,121717.28203186569,121823.43303859806,-0.08713512998663925
2005-09-19,121887.18989901985,121887.18989901985,0.0
2005-09-20,122025.89190924462,122025.89190924462,0.0
2005-09-22,121931.70887200668,122025.89190924462,-0.07718283043403705
2005-09-22,121013.03565176419,122025.89190924462,-0.8300338900482892
2005-09-22,120925.09280431036,122025.89190924462,-0.9021028961238485
2005-09-23,121000.33767024858,122025.89190924462,-0.8404398631716427
2005-09-23,121204.93477341396,122025.89190924462,-0.672772903345164
2005-09-23,121339.85275855513,122025.89190924462,-0.5622078560177336
2005-09-23,121558.77655646826,122025.89190924462,-0.3828001954894658
2005-09-26,121780.54472088636,122025.89190924462,-0.2010615817016339
2005-09-26,121932.43350901372,122025.89190924462,-0.07658899170383203
2005-09-26,122068.00479084862,122068.00479084862,0.0
2005-09-26,122262.59600576235,122262.59600576235,0.0
2005-09-26,122440.43802162471,122440.43802162471,0.0
2005-09-26,122656.02560409224,122656.02560409224,0.0
2005-09-26,122866.68477119638,122866.68477119638,0.0
2005-09-26,122411.44394045004,122866.68477119638,-0.37051608545806214
2005-09-26,122187.21546385538,122866.68477119638,-0.5530134621979232
2005-09-26,122193.83950980859,122866.68477119638,-0.5476222156077283
2005-09-26,122191.06235715204,122866.68477119638,-0.549882513150321
2005-09-26,122053.16719425764,122866.68477119638,-0.6621140453603703
2005-09-26,122040.71128640101,122866.68477119638,-0.6722517876456928
2005-09-26,122172.02102634874,122866.68477119638,-0.5653800671363841
2005-09-27,121929.46328799003,122866.68477119638,-0.7627954517952942
2005-09-27,121751.93454072157,122866.68477119638,-0.9072843729369799
2005-09-27,121898.90718978208,122866.68477119638,-0.7876647630043088
2005-09-27,121553.62929507386,122866.68477119638,-1.068683084082318
2005-09-27,121835.10047646172,122866.68477119638,-0.8395964265298447
2005-09-27,122112.01829355441,122866.68477119638,-0.6142157079010568
2005-09-27,122032.97117049168,122866.68477119638,-0.6785513927206906
2005-09-27,121756.50346803658,122866.68477119638,-0.9035657674227889
2005-09-27,121527.1830697338,122866.68477119638,-1.0902074097278782
2005-09-27,121643.25165594,122866.68477119638,-0.9957403160463495
2005-09-27,121417.87598113247,122866.68477119638,-1.1791713862564894
2005-09-27,121296.68730575117,122866.68477119638,-1.2778056707307393
2005-09-27,121353.87261071922,122866.68477119638,-1.2312631070776698
2005-09-27,121247.54803285131,122866.68477119638,-1.317799647121792
2005-09-27,120915.92145739033,122866.68477119638,-1.5877072922076314
2005-09-27,120617.21451765049,122866.68477119638,-1.8308219658851215
2005-09-27,120072.71764602486,122866.68477119638,-2.273982675103893
2005-09-27,119990.67876072388,122866.68477119638,-2.340753326117838
2005-09-27,120208.29030943876,122866.68477119638,-2.1636414026374275
2005-09-28,120472.04023017368,122866.68477119638,-1.9489779068117892
2005-09-29,120555.26412788806,122866.68477119638,-1.8812427857174365
2005-09-29,120690.13330715585,122866.68477119638,-1.7714740721569298
2005-09-30,120961.81597840994,122866.68477119638,-1.5503541878204854
2005-09-30,121006.33585302299,122866.68477119638,-1.5141198947768066
2005-09-30,121130.36239173706,122866.68477119638,-1.4131759009309308
2005-09-30,121297.56139637361,122866.68477119638,-1.2770942568726467
2005-09-30,121513.07811065183,122866.68477119638,-1.1016872987704132
2005-10-06,121413.0176261692,122866.68477119638,-1.1831255541192607
2005-10-07,121221.66550738689,122866.68477119638,-1.3388651829198945
2005-10-10,120971.20932859975,122866.68477119638,-1.5427090314403762
2005-10-11,120451.47784267896,122866.68477119638,-1.9657134340484939
2005-10-14,120285.74515168212,122866.68477119638,-2.1006016596936057
2005-10-14,120126.67089173548,122866.68477119638,-2.2300706530524335
2005-10-14,119917.87092097448,122866.68477119638,-2.4000109189185057
2005-10-18,119770.63161600768,122866.68477119638,-2.5198475575003902
2005-10-18,119862.66361856091,122866.68477119638,-2.4449436055262566
2005-10-18,119835.46543114423,122866.68477119638,-2.467079945794027
2005-11-03,119731.70690808739,122866.68477119638,-2.5515279987793074
2005-11-07,119953.53721796596,122866.68477119638,-2.370982466610303
2005-11-10,120108.32670358174,122866.68477119638,-2.2450008094149205
2005-11-11,120009.18827346274,122866.68477119638,-2.325688613683111
2005-11-11,120126.25472301329,122866.68477119638,-2.2304093687286706
2005-11-11,120565.80078760492,122866.68477119638,-1.8726671008306157
2005-11-14,120696.12331371603,122866.68477119638,-1.7665988640634276
2005-11-15,120605.2914826621,122866.68477119638,-1.840526008124554
2005-11-17,120601.55530145194,122866.68477119638,-1.8435668496814956
2005-11-17,120665.47598990666,122866.68477119638,-1.7915424229023813
2005-11-17,120825.68875804768,122866.68477119638,-1.661146808794806
2005-11-21,120972.7388870125,122866.68477119638,-1.5414641387214152
2005-11-21,121119.6712885856,122866.68477119638,-1.42187728582739
2005-11-28,121161.68941798444,122866.68477119638,-1.3876791388869978
2005-12-01,121329.2481118215,122866.68477119638,-1.2513047472859842
2005-12-01,121482.67911051646,122866.68477119638,-1.1264287493857499
2005-12-01,121882.09084196521,122866.68477119638,-0.8013514249730819
2005-12-01,122094.02179510113,122866.68477119638,-0.6288628829972178
2005-12-02,122272.67164313812,122866.68477119638,-0.4834615088414201
2005-12-02,122666.46326059442,122866.68477119638,-0.16295834055815223
2005-12-02,122829.78581772836,122866.68477119638,-0.030031699428310098
2005-12-02,123408.84440149098,123408.84440149098,0.0
2005-12-05,123550.11982536799,123550.11982536799,0.0
2005-12-05,123709.46056708838,123709.46056708838,0.0
2005-12-05,123994.39616456609,123994.39616456609,0.0
2005-12-05,124312.48458223628,124312.48458223628,0.0
2005-12-06,124388.35521557885,124388.35521557885,0.0
2005-12-06,124540.07726238001,124540.07726238001,0.0
2005-12-07,124667.37391877962,124667.37391877962,0.0
2005-12-08,124773.20676729333,124773.20676729333,0.0
2005-12-08,125156.14728571774,125156.14728571774,0.0
2005-12-09,124921.08656678058,125156.14728571774,-0.18781396202660985
2005-12-12,125225.16806218229,125225.16806218229,0.0
2005-12-12,125376.5284528335,125376.5284528335,0.0
2005-12-12,125518.84785800101,125518.84785800101,0.0
2005-12-12,125621.5670676136,125621.5670676136,0.0
2005-12-12,125371.28496164523,125621.5670676136,-0.19923498154872363
2005-12-13,125499.94658245058,125621.5670676136,-0.09681497214373369
2005-12-13,125701.97593222432,125701.97593222432,0.0
2005-12-13,125891.69746194349,125891.69746194349,0.0
2005-12-13,126022.34720853012,126022.34720853012,0.0
2005-12-13,126143.31581901084,126143.31581901084,0.0
2005-12-14,126165.31725495795,126165.31725495795,0.0
2005-12-14,126295.65913266096,126295.65913266096,0.0
2005-12-14,126458.05265277735,126458.05265277735,0.0
2005-12-14,126615.04044341587,126615.04044341587,0.0
2005-12-16,127575.40010690989,127575.40010690989,0.0
2005-12-16,127396.57229562868,127575.40010690989,-0.1401742115888731
2005-12-16,127401.0243432491,127575.40010690989,-0.13668447327201197
2005-12-16,127468.96992078994,127575.40010690989,-0.0834253202661009
2005-12-16,127111.65509963945,127575.40010690989,-0.3635066061966596
2005-12-16,126943.72724324645,127575.40010690989,-0.49513688621324004
2005-12-16,126917.38600168125,127575.40010690989,-0.5157844730858847
2005-12-19,127071.93796733765,127575.40010690989,-0.39463888739547526
2005-12-19,126491.82457125021,127575.40010690989,-0.849360875804918
2005-12-19,126339.24040624728,127575.40010690989,-0.9689640006041074
2005-12-19,125960.60920649048,127575.40010690989,-1.265754133685798
2005-12-21,126166.42128028734,127575.40010690989,-1.1044283031382292
2005-12-21,126345.19052261506,127575.40010690989,-0.9643000008339389
2005-12-21,126268.39452752564,127575.40010690989,-1.0244965552049685
2005-12-21,126420.94284483178,127575.40010690989,-0.9049215296292705
2005-12-22,126565.56408927191,127575.40010690989,-0.7915601415255004
2005-12-22,126733.43153679736,127575.40010690989,-0.65997721301046
2005-12-22,126801.48080056874,127575.40010690989,-0.6066367855343557
2005-12-22,126713.25374767838,127575.40010690989,-0.6757935765900182
2005-12-22,125727.75902425937,127575.40010690989,-1.4482737903249123
2005-12-22,125948.64044469366,127575.40010690989,-1.2751358497429577
2005-12-22,125914.74828428254,127575.40010690989,-1.3017022256921782
2005-12-22,125750.97518290975,127575.40010690989,-1.4300758002492995
2005-12-22,125961.368790452,127575.40010690989,-1.265158733662841
2005-12-22,125866.15727690622,127575.40010690989,-1.339790295441991
2005-12-22,125908.03875625129,127575.40010690989,-1.3069614904294449
2005-12-22,126074.9618850894,127575.40010690989,-1.1761187662849557
2005-12-23,125993.13795680161,127575.40010690989,-1.2402564669852643
2005-12-23,126139.17391455261,127575.40010690989,-1.1257861556018667
2005-12-23,126423.53139169913,127575.40010690989,-0.902892496708204
2005-12-23,126646.95594397085,127575.40010690989,-0.7277611217844399
2005-12-23,126821.96537482506,127575.40010690989,-0.590579948370488
2005-12-27,126796.8940099645,127575.40010690989,-0.6102321421629822
2005-12-27,126694.45831270565,127575.40010690989,-0.6905263816268604
2005-12-27,126517.39190930233,127575.40010690989,-0.8293199133382572
2005-12-27,126365.45978516982,127575.40010690989,-0.9484119357855216
2005-12-27,126388.29615229636,127575.40010690989,-0.9305116453632283
2005-12-27,126115.40489765527,127575.40010690989,-1.1444175037124085
2005-12-27,125951.57596577289,127575.40010690989,-1.2728348410243746
2005-12-27,125783.9007076446,127575.40010690989,-1.4042671218463658
2005-12-27,125799.11330564838,127575.40010690989,-1.3923427242030635
2005-12-27,125676.70368524104,127575.40010690989,-1.4882935268693787
2005-12-27,125628.60942115501,127575.40010690989,-1.5259922243029957
2005-12-27,125374.57074255512,127575.40010690989,-1.7251204875786723
2005-12-27,125144.11109984218,127575.40010690989,-1.9057663193924979
2005-12-27,125196.07832392618,127575.40010690989,-1.865031801577581
2005-12-28,125238.0913661753,127575.40010690989,-1.8320998709593639
2005-12-28,125113.37790443134,127575.40010690989,-1.9298565400659842
2005-12-28,125097.44204753113,127575.40010690989,-1.9423478643235232
2005-12-28,125040.22829786788,127575.40010690989,-1.9871948721442343
2005-12-28,125025.91059438312,127575.40010690989,-1.9984178065600882
2005-12-29,125084.82526528274,127575.40010690989,-1.9522375313265863
2005-12-29,125048.61145373018,127575.40010690989,-1.9806237339347788
2005-12-30,125042.22084829121,127575.40010690989,-1.9856330111415212
2005-12-30,124843.20123812511,127575.40010690989,-2.14163456786744
2005-12-30,124912.9526950518,127575.40010690989,-2.086959875984647
2006-01-03,125283.49526904436,127575.40010690989,-1.7965100136428194
2006-01-03,125210.57791486708,127575.40010690989,-1.8536662946469706
2006-01-05,125270.84265004634,127575.40010690989,-1.8064277712884298
2006-01-05,125353.35436243264,127575.40010690989,-1.7417509509005211
2006-01-05,125634.45335336926,127575.40010690989,-1.5214114570004014
2006-01-05,125898.18126973456,127575.40010690989,-1.3146882829838649
2006-01-05,126436.99238924877,127575.40010690989,-0.892341091391535
2006-01-06,126563.21174705299,127575.40010690989,-0.7934040253909995
2006-01-06,126653.94339645703,127575.40010690989,-0.722284005913884
2006-01-06,126798.03775604434,127575.40010690989,-0.6093356165954437
2006-01-06,126859.36118073804,127575.40010690989,-0.5612672392732468
2006-01-06,126952.14537669714,127575.40010690989,-0.4885383308149171
2006-01-09,127104.05048018892,127575.40010690989,-0.3694674885016806
2006-01-09,127323.42926350395,127575.40010690989,-0.19750739029216297
2006-01-09,127441.95540178023,127575.40010690989,-0.10460065578303562
2006-01-09,127544.16065053952,127575.40010690989,-0.024487053416404697
2006-01-10,127757.01288416733,127757.01288416733,0.0
2006-01-11,127739.71541407175,127757.01288416733,-0.0135393507605449
2006-01-11,127575.94706104485,127757.01288416733,-0.14172671936737163
2006-01-11,127657.73357770253,127757.01288416733,-0.07770947693870427
2006-01-11,127786.30294463533,127786.30294463533,0.0
2006-01-12,127676.17106726694,127786.30294463533,-0.08618441478513118
2006-01-12,127652.75544697086,127786.30294463533,-0.10450846028649656
2006-01-12,127653.2346184321,127786.30294463533,-0.1041334815523057
2006-01-12,127615.17342712384,127786.30294463533,-0.13391851361850363
2006-01-13,127568.00288320253,127786.30294463533,-0.17083212864166314
2006-01-17,127659.83707743927,127786.30294463533,-0.098966684442586
2006-01-17,127903.04817372581,127903.04817372581,0.0
2006-01-19,128013.43792054815,128013.43792054815,0.0
2006-01-19,128116.2947800989,128116.2947800989,0.0
2006-01-19,128200.59285921683,128200.59285921683,0.0
2006-01-23,128186.86096396153,128200.59285921683,-0.010711257217338215
2006-01-23,128096.77173441781,128200.59285921683,-0.08098334218550504
2006-01-23,128176.96342675008,128200.59285921683,-0.0184316093551165
2006-01-24,128224.50299609473,128224.50299609473,0.0
2006-01-24,128388.5934071332,128388.5934071332,0.0
2006-01-24,128471.89465588647,128471.89465588647,0.0
2006-01-24,128577.98945699238,128577.98945699238,0.0
2006-01-25,128496.73506945356,128577.98945699238,-0.06319463220880461
2006-01-25,128554.54989292346,128577.98945699238,-0.018229841801001515
2006-01-25,128648.95221037026,128648.95221037026,0.0
2006-01-26,128837.7072931084,128837.7072931084,0.0
2006-01-26,128981.38499897774,128981.38499897774,0.0
2006-01-26,129196.82597973618,129196.82597973618,0.0
2006-01-26,129427.88656614539,129427.88656614539,0.0
2006-01-26,129467.01444983634,129467.01444983634,0.0
2006-01-26,129558.51761520858,129558.51761520858,0.0
2006-01-26,129450.24400185922,129558.51761520858,-0.08357120422675318
2006-01-26,129328.47570989993,129558.51761520858,-0.1775583030302035
2006-01-26,129391.7264296165,129558.51761520858,-0.12873810897362697
2006-01-27,129253.62946537344,129558.51761520858,-0.23532852601838516
2006-01-27,129169.470916468,129558.51761520858,-0.3002864696986255
2006-01-27,129143.27920380069,129558.51761520858,-0.32050259531461694
2006-01-27,129156.99516365214,129558.51761520858,-0.3099159043706899
2006-01-27,129272.90065770739,129558.51761520858,-0.22045401781261215
2006-01-27,129270.2943718052,129558.51761520858,-0.22246568477991413
2006-01-27,129355.2373731639,129558.51761520858,-0.156902259910405
2006-01-27,129077.93130718912,129558.51761520858,-0.3709414995367615
2006-01-27,128934.23791833429,129558.51761520858,-0.481851528070439
2006-01-30,128954.13413019615,129558.51761520858,-0.4664945972965336
2006-01-30,129079.43561703386,129558.51761520858,-0.3697803949853782
2006-02-01,129156.23710395792,129558.51761520858,-0.3105010142563089
2006-02-02,129381.43892162135,129558.51761520858,-0.13667854252019032
2006-02-03,129419.98096843928,129558.51761520858,-0.10692978687881517
2006-02-03,129283.2937314545,129558.51761520858,-0.2124321031300308
2006-02-06,129498.27849092697,129558.51761520858,-0.04649568811872316
2006-02-06,129658.41926993075,129658.41926993075,0.0
2006-02-07,129563.06811704558,129658.41926993075,-0.07354027098437704
2006-02-09,129931.32698892773,129931.32698892773,0.0
2006-02-09,130059.7913345159,130059.7913345159,0.0
2006-02-10,129890.23300103506,130059.7913345159,-0.13036952600111457
2006-02-10,129930.0530091447,130059.7913345159,-0.09975283217048547
2006-02-10,130119.57108253338,130119.57108253338,0.0
2006-02-13,129980.26977519903,130119.57108253338,-0.10705638373645505
2006-02-13,130426.05180891237,130426.05180891237,0.0
2006-02-13,130809.37404720964,130809.37404720964,0.0
2006-02-14,130944.81968064963,130944.81968064963,0.0
2006-02-14,130538.98259636521,130944.81968064963,-0.3099298508136314
2006-02-15,129968.19789121338,130944.81968064963,-0.7458269764455365
2006-02-15,129627.5421734058,130944.81968064963,-1.0059790913885875
2006-02-15,129673.39373957219,130944.81968064963,-0.9709631462918608
2006-02-15,129954.68459973893,130944.81968064963,-0.7561468130816118
2006-02-15,130488.11928623321,130944.81968064963,-0.34877316684251086
2006-02-16,130667.4485771436,130944.81968064963,-0.21182289164434542
2006-02-16,130817.70195241096,130944.81968064963,-0.09707732505087273
2006-02-17,130959.78885264012,130959.78885264012,0.0
2006-02-17,131262.00428195714,131262.00428195714,0.0
2006-02-17,131453.48175935808,131453.48175935808,0.0
2006-02-17,131611.86728760696,131611.86728760696,0.0
2006-02-17,131771.7519519731,131771.7519519731,0.0
2006-02-17,131913.97153741826,131913.97153741826,0.0
2006-02-17,131856.24545877415,131913.97153741826,-0.04376039775872373
2006-02-17,131877.16864015485,131913.97153741826,-0.02789916552013312
2006-02-21,132052.48609270473,132052.48609270473,0.0
2006-02-21,131923.08010025107,132052.48609270473,-0.09799587745951949
2006-02-21,131878.4444763028,132052.48609270473,-0.13179730389910554
2006-02-21,132040.64567752377,132052.48609270473,-0.00896644624519943
2006-02-23,131762.76165894716,132052.48609270473,-0.21940096875887166
2006-02-27,132012.2108977581,132052.48609270473,-0.03049938409970102
2006-02-28,132246.00469387992,132246.00469387992,0.0
2006-03-01,132499.29298043734,132499.29298043734,0.0
2006-03-02,132433.881582099,132499.29298043734,-0.04936735650958239
2006-03-03,132711.06980114098,132711.06980114098,0.0
2006-03-06,132673.86297438035,132711.06980114098,-0.02803596325188952
2006-03-06,132373.87953657427,132711.06980114098,-0.2540784767027891
2006-03-07,132171.6313271359,132711.06980114098,-0.406475868827975
2006-03-09,132296.0707377771,132711.06980114098,-0.3127087016823316
2006-03-09,132299.61752423923,132711.06980114098,-0.3100361390487502
2006-03-09,132182.37868311553,132711.06980114098,-0.39837755721332324
2006-03-09,132136.6356778636,132711.06980114098,-0.4328456730385233
2006-03-09,132165.66881390163,132711.06980114098,-0.41096872179283855
2006-03-09,132066.6774541418,132711.06980114098,-0.4855603590301487
2006-03-09,132321.55231614044,132711.06980114098,-0.29350790825830075
2006-03-09,132229.46608944627,132711.06980114098,-0.36289641279839285
2006-03-10,132110.23647933657,132711.06980114098,-0.45273790852920087
2006-03-10,132391.2511288942,132711.06980114098,-0.24098869274885826
2006-03-10,132550.18464898373,132711.06980114098,-0.12122963999787405
2006-03-10,132704.67675265225,132711.06980114098,-0.004817268445140474
2006-03-10,132835.85662315882,132835.85662315882,0.0
2006-03-13,133891.8555232582,133891.8555232582,0.0
2006-03-13,134067.12267624872,134067.12267624872,0.0
2006-03-13,134279.50707643674,134279.50707643674,0.0
2006-03-13,134568.44894287476,134568.44894287476,0.0
2006-03-13,134960.32883239485,134960.32883239485,0.0
2006-03-13,135185.38425642787,135185.38425642787,0.0
2006-03-14,135402.5748075734,135402.5748075734,0.0
2006-03-14,135617.1858131285,135617.1858131285,0.0
2006-03-14,135880.89396004204,135880.89396004204,0.0
2006-03-14,136037.04651556187,136037.04651556187,0.0
2006-03-14,136239.10786076638,136239.10786076638,0.0
2006-03-14,136480.46283493427,136480.46283493427,0.0
2006-03-14,136640.11842936114,136640.11842936114,0.0
2006-03-15,136807.93661720186,136807.93661720186,0.0
2006-03-15,136972.91037332252,136972.91037332252,0.0
2006-03-15,137129.88732925637,137129.88732925637,0.0
2006-03-15,137321.94079782546,137321.94079782546,0.0
2006-03-16,137452.5400085729,137452.5400085729,0.0
2006-03-16,137029.19415728762,137452.5400085729,-0.3079942002227552
2006-03-17,137086.74899473053,137452.5400085729,-0.2661216837604798
2006-03-21,136768.4750684758,137452.5400085729,-0.49767355339845776
2006-03-22,137344.0477091988,137452.5400085729,-0.07893073446828257
2006-03-23,137301.72047092108,137452.5400085729,-0.10972480948144418
2006-03-23,137463.5697345779,137463.5697345779,0.0
2006-03-24,138097.9516964738,138097.9516964738,0.0
2006-03-27,137919.5850254633,138097.9516964738,-0.12915953409833017
2006-03-27,137974.22351336098,138097.9516964738,-0.08959450997852424
2006-03-28,138180.25150813785,138180.25150813785,0.0
2006-03-29,138446.82640625603,138446.82640625603,0.0
2006-03-29,138797.24056534702,138797.24056534702,0.0
2006-03-29,139036.2862797056,139036.2862797056,0.0
2006-03-31,139041.72486217902,139041.72486217902,0.0
2006-03-31,139228.1091890257,139228.1091890257,0.0
2006-03-31,139653.38874373914,139653.38874373914,0.0
2006-04-03,139555.37822950783,139653.38874373914,-0.07018126456720539
2006-04-03,139323.77275992348,139653.38874373914,-0.23602433623755312
2006-04-03,139614.0524918342,139653.38874373914,-0.028167058643386863
2006-04-04,139717.11063760394,139717.11063760394,0.0
2006-04-04,139423.9564719263,139717.11063760394,-0.20981980255662291
2006-04-04,139570.32579689074,139717.11063760394,-0.10505860022680051
2006-04-04,139760.98650846008,139760.98650846008,0.0
2006-04-04,139915.17383117843,139915.17383117843,0.0
2006-04-05,140239.15284224035,140239.15284224035,0.0
2006-04-05,140400.20853428094,140400.20853428094,0.0
2006-04-05,140451.26123875074,140451.26123875074,0.0
2006-04-05,140522.82555048316,140522.82555048316,0.0
2006-04-06,140468.20434129474,140522.82555048316,-0.03886999067550051
2006-04-06,140641.21643867393,140641.21643867393,0.0
2006-04-06,140681.29268520765,140681.29268520765,0.0
2006-04-07,140063.63791160783,140681.29268520765,-0.4390454209017675
2006-04-10,139720.7232448917,140681.29268520765,-0.6827982754361946
2006-04-10,139651.89196718522,140681.29268520765,-0.7317253761136845
2006-04-11,139440.89218396466,140681.29268520765,-0.8817096271773239
2006-04-12,139530.88673271172,140681.29268520765,-0.817739111247798
2006-04-13,139442.160267421,140681.29268520765,-0.8808082397702868
2006-04-13,139362.25548198933,140681.29268520765,-0.9376066839034785
2006-04-13,139222.69758236725,140681.29268520765,-1.036808146271578
2006-04-17,139439.8155445503,140681.29268520765,-0.8824749310736754
2006-04-17,139544.03913306355,140681.29268520765,-0.8083900356878667
2006-04-17,139771.51109034105,140681.29268520765,-0.6466969257258306
2006-04-17,139532.0835359432,140681.29268520765,-0.8168883917181097
2006-04-17,139641.5477726035,140681.29268520765,-0.7390783044130275
2006-04-17,139443.27471313113,140681.29268520765,-0.8800160621545742
2006-04-17,139566.7968769939,140681.29268520765,-0.7922132267490405
2006-04-18,139676.9318512308,140681.29268520765,-0.7139263613565451
2006-04-18,139864.73637260374,140681.29268520765,-0.5804299185898542
2006-04-18,139964.62208743885,140681.29268520765,-0.5094284990488666
2006-04-18,140172.17119013474,140681.29268520765,-0.36189708336852494
2006-04-18,140428.32250035595,140681.29268520765,-0.1798179274750857
2006-04-18,140534.69230501362,140681.29268520765,-0.10420744464017774
2006-04-18,140632.47303095975,140681.29268520765,-0.034702307119922726
2006-04-18,140998.2575251685,140998.2575251685,0.0
2006-04-18,141105.4056863685,141105.4056863685,0.0
2006-04-18,141146.75690732905,141146.75690732905,0.0
2006-04-18,141262.40727246623,141262.40727246623,0.0
2006-04-19,141361.86758917748,141361.86758917748,0.0
2006-04-20,141589.51524250078,141589.51524250078,0.0
2006-04-20,141603.0043709203,141603.0043709203,0.0
2006-04-20,141680.65766532216,141680.65766532216,0.0
2006-04-20,141757.00979622419,141757.00979622419,0.0
2006-04-20,141575.98159058217,141757.00979622419,-0.12770317736120365
2006-04-20,141459.04503533334,141757.00979622419,-0.2101940223761536
2006-04-20,141530.27221042314,141757.00979622419,-0.15994805909562043
2006-04-20,141508.25770744233,141757.00979622419,-0.17547780468806093
2006-04-20,141542.80156530236,141757.00979622419,-0.15110944512003216
2006-04-20,141384.63718458705,141757.00979622419,-0.2626837375960638
2006-04-20,141388.63578157287,141757.00979622419,-0.2598629973790033
2006-04-20,141203.69952464648,141757.00979622419,-0.39032304107789084
2006-04-21,141328.39709108707,141757.00979622419,-0.302357326634673
2006-04-27,141930.84236199321,141930.84236199321,0.0
2006-04-28,142167.4671347118,142167.4671347118,0.0
2006-04-28,142313.60774484547,142313.60774484547,0.0
2006-04-28,142312.2052316856,142313.60774484547,-0.000985508822452239
2006-04-28,142177.0051621027,142313.60774484547,-0.0959870141073898
2006-04-28,142307.86145451484,142313.60774484547,-0.004037765904250074
2006-05-01,142137.42269908276,142313.60774484547,-0.12380056169934073
2006-05-01,142265.30003633304,142313.60774484547,-0.03394454632831018
2006-05-01,142418.68127596052,142418.68127596052,0.0
2006-05-01,142730.4472831469,142730.4472831469,0.0
2006-05-02,142831.0202400467,142831.0202400467,0.0
2006-05-03,142914.10669889898,142914.10669889898,0.0
2006-05-03,143210.03739753956,143210.03739753956,0.0
2006-05-03,143364.39102343126,143364.39102343126,0.0
2006-05-03,143170.1891849017,143364.39102343126,-0.13546030303843878
2006-05-03,143155.64721805608,143364.39102343126,-0.14560366342369233
2006-05-04,143269.28288845607,143364.39102343126,-0.06634013808885561
2006-05-04,143103.2971632793,143364.39102343126,-0.1821190452441576
2006-05-04,143150.0437013943,143364.39102343126,-0.14951224673492686
2006-05-04,143008.28203296365,143364.39102343126,-0.24839431041800136
2006-05-04,142932.70170109734,143364.39102343126,-0.30111335126682454
2006-05-04,143109.66286475334,143364.39102343126,-0.17767882028410792
2006-05-05,143097.2210893617,143364.39102343126,-0.18635724824157857
2006-05-05,143201.4978550984,143364.39102343126,-0.11362177676759852
2006-05-05,143321.61942468022,143364.39102343126,-0.029834185773547493
2006-05-08,143969.5110773712,143969.5110773712,0.0
2006-05-08,144222.86599906036,144222.86599906036,0.0
2006-05-08,144423.3973651136,144423.3973651136,0.0
2006-05-08,144948.61268147087,144948.61268147087,0.0
2006-05-10,144975.21536068706,144975.21536068706,0.0
2006-05-10,145001.8558850126,145001.8558850126,0.0
2006-05-10,144722.87481591196,145001.8558850126,-0.19239827476544583
2006-05-10,144546.3250722711,145001.8558850126,-0.3141551602641065
2006-05-10,144764.55263495946,145001.8558850126,-0.16365531917144827
2006-05-11,144725.5703840813,145001.8558850126,-0.19053928602844075
2006-05-11,144216.9409798056,145001.8558850126,-0.5413136958946521
2006-05-11,143953.0839048892,145001.8558850126,-0.7232817633417558
2006-05-12,143634.47053915492,145001.8558850126,-0.9430123066438703
2006-05-12,143443.53603993283,145001.8558850126,-1.0746895862598629
2006-05-12,143390.06622357614,145001.8558850126,-1.111564849704143
2006-05-12,142687.6328846034,145001.8558850126,-1.5959954348752552
2006-05-12,142436.1574099254,145001.8558850126,-1.7694245769666717
2006-05-15,142823.05075160842,145001.8558850126,-1.502604997781537
2006-05-17,142606.06777853455,145001.8558850126,-1.6522465121949388
2006-05-18,142425.49461049784,145001.8558850126,-1.7767781376245457
2006-05-18,142207.29904573323,145001.8558850126,-1.9272559114660341
2006-05-18,142301.21330677884,145001.8558850126,-1.8624882845467772
2006-05-19,142549.3406231968,145001.8558850126,-1.6913681875635185
2006-05-19,142926.8236039632,145001.8558850126,-1.4310384293942588
2006-05-19,143254.69883175008,145001.8558850126,-1.2049204767751565
2006-05-22,142321.81797084367,145001.8558850126,-1.848278353274472
2006-05-22,141530.6103351223,145001.8558850126,-2.393931807771495
2006-05-22,141409.1455282558,145001.8558850126,-2.4776995679323264
2006-05-22,141348.63208850697,145001.8558850126,-2.519432440507973
2006-05-22,141195.0306502056,145001.8558850126,-2.6253631110941407
2006-05-22,141104.1466468908,145001.8558850126,-2.6880409318434646
2006-05-22,140867.66159469547,145001.8558850126,-2.85113198385238
2006-05-22,140697.0614780793,145001.8558850126,-2.9687857308164607
2006-05-22,140221.96894601788,145001.8558850126,-3.296431559321008
2006-05-22,140366.1337430224,145001.8558850126,-3.1970088339189005
2006-05-22,140109.78768987412,145001.8558850126,-3.373796952652742
2006-05-22,139447.53576190642,145001.8558850126,-3.8305165745677034
2006-05-22,138894.7561613321,145001.8558850126,-4.211739005963804
2006-05-23,138488.5434214902,145001.8558850126,-4.491882137486222
2006-05-23,137955.49763077887,145001.8558850126,-4.85949521902777
2006-05-23,137683.83971597496,145001.8558850126,-5.046843107195038
2006-05-23,137380.4438896188,145001.8558850126,-5.256078930077719
2006-05-23,136987.42203082505,145001.8558850126,-5.527125018691516
2006-05-23,136849.93988540056,145001.8558850126,-5.6219390778532965
2006-05-23,136398.00667131896,145001.8558850126,-5.933613167349077
2006-05-23,136191.25715087244,145001.8558850126,-6.076197218556309
2006-05-23,136087.4560959133,145001.8558850126,-6.147783236766615
2006-05-23,135756.31743191596,145001.8558850126,-6.376151806241992
2006-05-23,135420.83211616272,145001.8558850126,-6.607518028215919
2006-05-23,135404.55613910675,145001.8558850126,-6.618742696311814
2006-05-23,135053.8179151076,145001.8558850126,-6.860628030715599
2006-05-23,135016.096502218,145001.8558850126,-6.886642465261536
2006-05-23,134769.47946239435,145001.8558850126,-7.056721005510849
2006-05-24,134858.9170052076,145001.8558850126,-6.995040730960314
2006-05-24,134677.76756419695,145001.8558850126,-7.1199697809404
2006-05-24,134675.40334871487,145001.8558850126,-7.121600253507563
2006-05-24,134449.52972878053,145001.8558850126,-7.277373170037308
2006-05-24,134142.43106798033,145001.8558850126,-7.489162639162261
2006-05-24,133729.2036385198,145001.8558850126,-7.774143425744898
2006-05-24,133368.3514333911,145001.8558850126,-8.023003830273002
2006-05-24,132827.8226554152,145001.8558850126,-8.395777526634896
2006-05-24,132502.77102676863,145001.8558850126,-8.619948194425746
2006-05-24,132580.18865195636,145001.8558850126,-8.566557412138714
2006-05-24,132252.15524412153,145001.8558850126,-8.792784453049803
2006-05-24,131916.27688304495,145001.8558850126,-9.024421737294588
2006-05-24,131165.36305464816,145001.8558850126,-9.542286714824442
2006-05-24,130970.17029858887,145001.8558850126,-9.676900685706357
2006-05-24,130638.4164591362,145001.8558850126,-9.905693508686324
2006-05-24,129777.49129330611,145001.8558850126,-10.499427403039244
2006-05-24,129521.35257970242,145001.8558850126,-10.676072530813894
2006-05-24,129036.14700930945,145001.8558850126,-11.010692779245566
2006-05-24,128764.69772965823,145001.8558850126,-11.197896782942237
2006-05-25,128801.00568036563,145001.8558850126,-11.172857137424739
2006-05-25,128855.8408158418,145001.8558850126,-11.13504028663929
2006-05-25,129095.97585831991,145001.8558850126,-10.969432032170781
2006-05-25,129354.71098307725,145001.8558850126,-10.790996298932637
2006-05-25,129535.67280420377,145001.8558850126,-10.666196640319976
2006-05-25,128956.2279535474,145001.8558850126,-11.065808663986681
2006-05-25,128509.51874269645,145001.8558850126,-11.373880038745623
2006-05-25,128728.80004631283,145001.8558850126,-11.222653489072865
2006-05-25,128217.33247529171,145001.8558850126,-11.57538523026293
2006-05-25,128019.4544840153,145001.8558850126,-11.711851063799111
2006-05-30,128105.68869773248,145001.8558850126,-11.652379953453075
2006-05-30,128085.86100115017,145001.8558850126,-11.666054051940494
2006-05-30,128107.39987982243,145001.8558850126,-11.651199842978269
2006-05-30,128272.88065534504,145001.8558850126,-11.53707663089067
2006-05-30,128272.29955776704,145001.8558850126,-11.537477382711714
2006-05-30,128255.07467283284,145001.8558850126,-11.549356461658027
2006-05-30,128072.02151194343,145001.8558850126,-11.675598405095338
2006-05-31,128108.68242185347,145001.8558850126,-11.650315342553629
2006-06-01,128259.32984144527,145001.8558850126,-11.546421900175027
2006-06-01,128337.3963133115,145001.8558850126,-11.49258364314738
2006-06-02,128320.98174027928,145001.8558850126,-11.503903893451788
2006-06-02,128323.86461999532,145001.8558850126,-11.501915725991143
2006-06-02,128497.75377538045,145001.8558850126,-11.381993705459886
2006-06-02,128566.92326196349,145001.8558850126,-11.334291221818651
2006-06-02,128518.27695114305,145001.8558850126,-11.367839972297409
2006-06-05,128573.53789562634,145001.8558850126,-11.329729463886322
2006-06-05,128441.78319539159,145001.8558850126,-11.42059361140402
2006-06-07,128586.28320813554,145001.8558850126,-11.320939705692258
2006-06-13,128924.8268074246,145001.8558850126,-11.087464349654383
2006-06-15,128524.54990747386,145001.8558850126,-11.363513850888465
2006-06-15,128574.57933763116,145001.8558850126,-11.329011237213662
2006-06-15,128243.63413195165,145001.8558850126,-11.557246388867137
2006-06-15,128435.89311139986,145001.8558850126,-11.424655686303533
2006-06-15,128627.69015508652,145001.8558850126,-11.292383556049726
2006-06-15,128790.82608339845,145001.8558850126,-11.17987745927169
2006-06-15,129005.21529191533,145001.8558850126,-11.032024725106075
2006-06-15,129135.48231170674,145001.8558850126,-10.942186550969383
2006-06-15,129390.7255629638,145001.8558850126,-10.766158975529617
2006-06-15,129916.52511043315,145001.8558850126,-10.403543239158406
2006-06-15,130223.96328356334,145001.8558850126,-10.19151962659583
2006-06-16,130100.4647347949,145001.8558850126,-10.276689949426986
2006-06-16,130180.73127917007,145001.8558850126,-10.221334420433747
2006-06-16,129645.67628437927,145001.8558850126,-10.590333142226042
2006-06-19,129488.83023210047,145001.8558850126,-10.69850144898425
2006-06-19,129332.46026839637,145001.8558850126,-10.80634142299679
2006-06-19,129068.16558752254,145001.8558850126,-10.988611283793206
2006-06-19,128687.19765904704,145001.8558850126,-11.251344423414265
2006-06-19,128412.15485130115,145001.8558850126,-11.441026690628833
2006-06-19,128107.09698791431,145001.8558850126,-11.651408731275787
2006-06-19,127776.81153898114,145001.8558850126,-11.879188884100234
2006-06-19,127474.89669200078,145001.8558850126,-12.08740335496865
2006-06-19,126747.55029555176,145001.8558850126,-12.589015139183198
2006-06-19,126335.41433232592,145001.8558850126,-12.87324320006586
2006-06-19,125964.40798979571,145001.8558850126,-13.12910636834449
2006-06-19,125708.97949761013,145001.8558850126,-13.305261694513653
2006-06-19,125621.59319203929,145001.8558850126,-13.365527340796232
2006-06-19,125561.67577691744,145001.8558850126,-13.406849167166069
2006-06-19,125344.31947255487,145001.8558850126,-13.556748148138384
2006-06-19,125341.23563780307,145001.8558850126,-13.55887490350505
2006-06-19,125036.69231848184,145001.8558850126,-13.768902090717555
2006-06-19,124797.41368811853,145001.8558850126,-13.933919723700864
2006-06-19,124572.47509472324,145001.8558850126,-14.089047802595017
2006-06-19,123535.16482315138,145001.8558850126,-14.804425040521163
2006-06-19,123533.51569009748,145001.8558850126,-14.805562359105009
2006-06-19,123388.97426815398,145001.8558850126,-14.905244822519908
2006-06-19,122781.14630552316,145001.8558850126,-15.32443115563335
2006-06-19,122596.40826517889,145001.8558850126,-15.45183507002929
2006-06-19,122475.91890624742,145001.8558850126,-15.53493011608651
2006-06-26,122480.36948028089,145001.8558850126,-15.531860793969004
2006-06-26,122355.7121978009,145001.8558850126,-15.617830233269734
2006-07-17,121855.49856508816,145001.8558850126,-15.962800737033083
2006-07-18,121530.81598224844,145001.8558850126,-16.186716893731926
2006-07-18,121455.52261759687,145001.8558850126,-16.238642687503337
2006-07-19,121272.74480170026,145001.8558850126,-16.36469474027262
2006-07-19,121375.63251128528,145001.8558850126,-16.293738607361732
2006-07-20,121244.4847549109,145001.8558850126,-16.384184178264206
2006-07-20,120778.617870202,145001.8558850126,-16.705467572787335
2006-07-20,120971.53276470638,145001.8558850126,-16.572424520802283
2006-07-21,120714.72297067943,145001.8558850126,-16.74953245673836
2006-07-21,120435.56697972062,145001.8558850126,-16.942051365724037
2006-07-21,120181.90553977054,145001.8558850126,-17.1169880507767
2006-07-31,120262.10097062953,145001.8558850126,-17.061681564960004
2006-08-14,120271.39201558335,145001.8558850126,-17.055274029761847
2006-08-14,120429.82981750171,145001.8558850126,-16.946007978681777
2006-08-14,120344.89133745202,145001.8558850126,-17.004585491039307
2006-08-15,120490.20623924184,145001.8558850126,-16.904369600075082
2006-08-15,120760.6456743412,145001.8558850126,-16.71786203198312
2006-08-15,121007.10564754573,145001.8558850126,-16.547891812153672
2006-08-15,121169.14067982377,145001.8558850126,-16.436144944302175
2006-08-15,121290.80866303171,145001.8558850126,-16.35223706431999
2006-08-16,121263.03542500694,145001.8558850126,-16.371390776426132
2006-08-16,121600.51747237172,145001.8558850126,-16.138647515793377
2006-08-16,122101.1996569762,145001.8558850126,-15.793353876930215
2006-08-16,122274.64093756975,145001.8558850126,-15.6737407316122
2006-08-16,122461.57453093538,145001.8558850126,-15.544822662098756
2006-08-17,122620.92809203856,145001.8558850126,-15.434925061043531
2006-08-17,122758.49280672237,145001.8558850126,-15.34005405829382
2006-08-18,123003.04482149017,145001.8558850126,-15.171399655027606
2006-08-21,123051.02379078232,145001.8558850126,-15.138311134195021
2006-08-21,122539.16142652296,145001.8558850126,-15.491315143099065
2006-08-23,122228.92454215509,145001.8558850126,-15.705268876638787
2006-08-28,122600.7275152919,145001.8558850126,-15.448856314973606
2006-08-28,122639.8720081515,145001.8558850126,-15.42186045852702
2006-08-29,122801.3317949313,145001.8558850126,-15.310510306631144
2006-08-29,122924.77449755343,145001.8558850126,-15.225378497890702
2006-08-29,123162.04773085842,145001.8558850126,-15.061743879659915
2006-08-30,123293.32477223784,145001.8558850126,-14.971209147826189
2006-08-31,123463.09649468664,145001.8558850126,-14.85412669987226
2006-09-01,123525.1787351616,145001.8558850126,-14.81131190960904
2006-09-01,123571.63181246795,145001.8558850126,-14.779275714608062
2006-09-01,123670.27244535711,145001.8558850126,-14.711248562619481
2006-09-01,123535.43708135569,145001.8558850126,-14.804237278645536
2006-09-05,123584.39734878359,145001.8558850126,-14.770472009139793
2006-09-05,123705.50485259217,145001.8558850126,-14.686950661727094
2006-09-05,123834.57870702859,145001.8558850126,-14.597935349717039
2006-09-05,123679.14424011293,145001.8558850126,-14.705130161788215
2006-09-05,123788.14856591857,145001.8558850126,-14.62995572685403
2006-09-05,124096.03333283315,145001.8558850126,-14.417624122520131
2006-09-05,124265.15843545087,145001.8558850126,-14.300987613569626
2006-09-06,124308.31577309436,145001.8558850126,-14.271224313382818
2006-09-08,124288.35534277034,145001.8558850126,-14.284989951210136
2006-09-11,124414.93601821878,145001.8558850126,-14.197694050977788
2006-09-11,124500.06942213434,145001.8558850126,-14.138982110088511
2006-09-11,124753.31632703546,145001.8558850126,-13.964331307617444
2006-09-12,125139.99446981738,145001.8558850126,-13.69766013956801
2006-09-12,125433.47858318589,145001.8558850126,-13.495259893324786
2006-09-13,125627.72499097587,145001.8558850126,-13.361298568068355
2006-09-14,125990.99964193671,145001.8558850126,-13.110767532624976
2006-09-15,126138.66488913374,145001.8558850126,-13.008930734540039
2006-09-15,126322.310289432,145001.8558850126,-12.882280355358757
2006-09-15,127342.20939892417,145001.8558850126,-12.17891066173156
2006-09-18,127265.2576132223,145001.8558850126,-12.231980179519585
2006-09-18,127241.27522555404,145001.8558850126,-12.24851954553107
2006-09-18,127114.87848393957,145001.8558850126,-12.335688596467014
2006-09-18,126702.53508989718,145001.8558850126,-12.620059711254244
2006-09-18,126850.1520092695,145001.8558850126,-12.518256242277007
2006-09-18,126993.26877058546,145001.8558850126,-12.41955629085745
2006-09-19,126888.88885551965,145001.8558850126,-12.491541517824883
2006-09-20,126872.32701870124,145001.8558850126,-12.50296332806126
2006-09-20,126780.34898643443,145001.8558850126,-12.566395641879192
2006-09-20,126075.75001425788,145001.8558850126,-13.052319748074979
2006-09-20,126220.94985825675,145001.8558850126,-12.952183206295809
2006-09-20,126335.58937666805,145001.8558850126,-12.873122481375008
2006-09-25,126466.6263916005,145001.8558850126,-12.782753282903258
2006-09-26,126591.8160452977,145001.8558850126,-12.696416695738142
2006-09-27,126907.18625848065,145001.8558850126,-12.478922780740914
2006-09-27,127106.27223611223,145001.8558850126,-12.341623863829497
2006-09-27,127576.06887787659,145001.8558850126,-12.017630326714418
2006-09-28,127666.06162329507,145001.8558850126,-11.955567158716178
2006-09-28,127664.32142327882,145001.8558850126,-11.956767281297806
2006-09-28,127962.01086807218,145001.8558850126,-11.75146684360587
2006-09-28,128144.29612864496,145001.8558850126,-11.625754479815619
2006-10-02,128047.04649463492,145001.8558850126,-11.692822334510634
2006-10-02,128184.15776266617,145001.8558850126,-11.598264049587728
2006-10-02,128173.8817210977,145001.8558850126,-11.605350884101505
2006-10-04,128172.01182759937,145001.8558850126,-11.606640449319077
2006-10-04,128178.88934036488,145001.8558850126,-11.601897397774298
2006-10-05,128339.4680191482,145001.8558850126,-11.491154898788174
2006-10-05,128471.07675982863,145001.8558850126,-11.400391411743708
2006-10-05,128712.97700717919,145001.8558850126,-11.233565790185885
2006-10-06,128710.52932518747,145001.8558850126,-11.235253825126389
2006-10-06,128826.53057604792,145001.8558850126,-11.1552539863985
2006-10-06,128931.85865270869,145001.8558850126,-11.08261486325218
2006-10-06,129048.67051586948,145001.8558850126,-11.002055988713755
2006-10-06,129154.77510161194,145001.8558850126,-10.928881348917004
2006-10-06,129373.66503192238,145001.8558850126,-10.777924708414401
2006-10-06,129431.26156136986,145001.8558850126,-10.73820347236819
2006-10-09,129540.15941341447,145001.8558850126,-10.66310246667419
2006-10-09,129697.92541195136,145001.8558850126,-10.554299722341035
2006-10-09,129818.85355472418,145001.8558850126,-10.47090207061118
2006-10-10,129792.2150479974,145001.8558850126,-10.489273219424549
2006-10-10,129873.16797351094,145001.8558850126,-10.433444330187616
2006-10-11,129909.92542460698,145001.8558850126,-10.408094688369797
2006-10-12,129994.73323010973,145001.8558850126,-10.349607295236007
2006-10-13,130080.31094580686,145001.8558850126,-10.290588936350314
2006-10-13,130155.10524650305,145001.8558850126,-10.239007320211899
2006-10-13,130238.02297356332,145001.8558850126,-10.181823412768658
2006-10-16,131430.95872769825,145001.8558850126,-9.359119629528163
2006-10-17,131515.2796023136,145001.8558850126,-9.300968046501385
2006-10-17,131595.0777570644,145001.8558850126,-9.245935540700847
2006-10-18,131717.22717194678,145001.8558850126,-9.161695643123776
2006-10-19,131784.12527563734,145001.8558850126,-9.11555961039354
2006-10-19,131854.42422289465,145001.8558850126,-9.06707819832592
2006-10-20,131945.90510955168,145001.8558850126,-9.003988739160949
2006-10-20,131713.85199176194,145001.8558850126,-9.164023323803614
2006-10-20,131747.70232521737,145001.8558850126,-9.140678565042547
2006-10-23,131820.94043517156,145001.8558850126,-9.090170170162226
2006-10-23,132386.49834675126,145001.8558850126,-8.700135223279759
2006-10-23,132952.07591544883,145001.8558850126,-8.310086719937791
2006-10-24,133033.556462965,145001.8558850126,-8.253893958114945
2006-10-25,133544.87816165024,145001.8558850126,-7.901262817248226
2006-10-25,133811.9813672369,145001.8558850126,-7.717056067647393
2006-10-25,134160.95857055314,145001.8558850126,-7.476385214721917
2006-10-26,134356.22347291114,145001.8558850126,-7.341721488408753
2006-10-26,134318.43924511626,145001.8558850126,-7.367779243024558
2006-10-26,134542.84872619956,145001.8558850126,-7.213016064502717
2006-10-27,134544.8517599395,145001.8558850126,-7.211634679604072
2006-10-27,134440.64026089184,145001.8558850126,-7.283503759080068
2006-10-30,134517.55905613012,145001.8558850126,-7.23045699304469
2006-10-31,134465.79981477154,145001.8558850126,-7.26615256469284
2006-10-31,134411.80903273437,145001.8558850126,-7.303387110214787
2006-10-31,134187.4516768089,145001.8558850126,-7.458114340812011
2006-10-31,134281.04554305787,145001.8558850126,-7.39356767299337
2006-11-03,134546.83168340992,145001.8558850126,-7.210269232618358
2006-11-06,134864.54625342813,145001.8558850126,-6.991158540497182
2006-11-06,135157.37304668943,145001.8558850126,-6.789211612663705
2006-11-06,135454.60400384714,145001.8558850126,-6.58422736929415
2006-11-06,135614.3916956119,145001.8558850126,-6.4740303716147
2006-11-06,135585.6251555171,145001.8558850126,-6.4938691108633995
2006-11-06,135528.75432328827,145001.8558850126,-6.533089872474843
2006-11-06,135757.9917696422,145001.8558850126,-6.374997105347983
2006-11-07,135761.70997837564,145001.8558850126,-6.3724328562832
2006-11-07,135905.7950674322,145001.8558850126,-6.273065101176114
2006-11-07,136075.96041359988,145001.8558850126,-6.155711192062956
2006-11-08,136203.02461660554,145001.8558850126,-6.068081828817822
2006-11-08,136403.2679240547,145001.8558850126,-5.929984763627187
2006-11-09,136490.20119026804,145001.8558850126,-5.870031554281869
2006-11-09,136520.26151747568,145001.8558850126,-5.849300559478962
2006-11-09,136527.50358625807,145001.8558850126,-5.844306093209417
2006-11-09,136957.35504861292,145001.8558850126,-5.547860603093946
2006-11-10,137010.74392273204,145001.8558850126,-5.511041161168006
2006-11-13,136807.1081471825,145001.8558850126,-5.651477829586254
2006-11-13,136367.41701307322,145001.8558850126,-5.954709213367959
2006-11-13,136391.3070623129,145001.8558850126,-5.938233528216299
2006-11-13,136202.23140738148,145001.8558850126,-6.068628862660407
2006-11-13,136332.71109569378,145001.8558850126,-5.97864402245548
2006-11-14,136549.06151876727,145001.8558850126,-5.8294387438381845
2006-11-14,136784.18620904285,145001.8558850126,-5.667285860455756
2006-11-14,136959.5960982527,145001.8558850126,-5.546315071399826
2006-11-14,137096.89782440453,145001.8558850126,-5.4516254377300895
2006-11-14,137075.5564383659,145001.8558850126,-5.4663434466192715
2006-11-15,137143.28208510135,145001.8558850126,-5.419636701852386
2006-11-15,137445.1346361694,145001.8558850126,-5.211465193132246
2006-11-17,137388.1682765476,145001.8558850126,-5.250751834861136
2006-11-20,137572.1156373669,145001.8558850126,-5.123893209710046
2006-11-21,137622.32252977043,145001.8558850126,-5.0892682098456605
2006-11-24,138413.45480822102,145001.8558850126,-4.543666725215035
2006-11-27,138347.48190431102,145001.8558850126,-4.5891646972977655
2006-11-28,138151.7876285408,145001.8558850126,-4.724124539415516
2006-11-29,138082.59290135605,145001.8558850126,-4.771844430145478
2006-11-30,138035.24755371272,145001.8558850126,-4.804495976123538
2006-11-30,138364.31626531066,145001.8558850126,-4.577554941755749
2006-11-30,138451.23109847744,145001.8558850126,-4.517614444693625
2006-12-01,139412.42104172002,145001.8558850126,-3.8547333130170647
2006-12-01,139453.8057688337,145001.8558850126,-3.826192487204122
2006-12-01,139603.34475299116,145001.8558850126,-3.723063473272017
2006-12-04,139897.53882144214,145001.8558850126,-3.520173609100711
2006-12-04,140184.7380338347,145001.8558850126,-3.322107721847302
2006-12-04,140537.6094782787,145001.8558850126,-3.0787512197596136
2006-12-04,140851.24917532437,145001.8558850126,-2.8624507488922695
2006-12-04,141368.89172661045,145001.8558850126,-2.5054604551290076
2006-12-04,141357.0252642104,145001.8558850126,-2.513644117557078
2006-12-04,141394.00166579368,145001.8558850126,-2.488143477335884
2006-12-04,141568.137322025,145001.8558850126,-2.3680514583968946
2006-12-04,141556.0694198994,145001.8558850126,-2.37637404299551
2006-12-05,141713.40904643261,145001.8558850126,-2.2678653445565167
2006-12-05,141920.377711581,145001.8558850126,-2.1251301610065068
2006-12-05,142061.29739289705,145001.8558850126,-2.027945417779642
2006-12-05,142560.54224754716,145001.8558850126,-1.6836430282667691
2006-12-06,142610.4001825059,145001.8558850126,-1.649258685628923
2006-12-06,142363.56278242657,145001.8558850126,-1.8194891965232596
2006-12-06,142422.61129394328,145001.8558850126,-1.7787666063492857
2006-12-06,142375.508907512,145001.8558850126,-1.8112505950153523
2006-12-06,142456.1298301672,145001.8558850126,-1.7556506703363741
2006-12-07,142580.27144336887,145001.8558850126,-1.6700368604689197
2006-12-07,142629.59820008988,145001.8558850126,-1.6360188429615234
2006-12-08,141965.97320116052,145001.8558850126,-2.0936853982472825
2006-12-11,142016.8520051336,145001.8558850126,-2.05859701702447
2006-12-11,142357.06901092053,145001.8558850126,-1.8239676023108287
2006-12-13,142206.93890536472,145001.8558850126,-1.9275042809550442
2006-12-13,142249.6688119279,145001.8558850126,-1.8980357570507251
2006-12-13,142590.74499046378,145001.8558850126,-1.662813816990625
2006-12-14,142077.92600857178,145001.8558850126,-2.0164775537490436
2006-12-14,142272.8609529365,145001.8558850126,-1.8820413817601194
2006-12-14,142413.69090398186,145001.8558850126,-1.7849185206865035
2006-12-15,142613.4875224939,145001.8558850126,-1.6471295128889167
2006-12-18,142707.13776586103,145001.8558850126,-1.5825439647967652
2006-12-19,142849.95192595775,145001.8558850126,-1.484052701202199
2006-12-19,143012.35313620843,145001.8558850126,-1.3720533000500734
2006-12-19,143189.69553570534,145001.8558850126,-1.2497497623370535
2006-12-19,143247.05143199247,145001.8558850126,-1.2101944780704743
2006-12-19,143291.98149753176,145001.8558850126,-1.1792086225687923
2006-12-19,143231.4963574039,145001.8558850126,-1.2209219784142669
2006-12-20,143173.22387439615,145001.8558850126,-1.2611093833630422
2006-12-20,143051.74064844378,145001.8558850126,-1.3448898461791217
2006-12-20,142728.74331762618,145001.8558850126,-1.5676437749796859
2006-12-20,142588.08945580662,145001.8558850126,-1.664645196762247
2006-12-20,142478.97739462007,145001.8558850126,-1.7398939310081556
2006-12-20,142420.61715167138,145001.8558850126,-1.7801418592794822
2006-12-20,141771.0266546215,145001.8558850126,-2.2281295716333234
2006-12-20,141946.24322228297,145001.8558850126,-2.1072921060767342
2006-12-21,141687.25934058568,145001.8558850126,-2.2858993936294305
2006-12-21,141792.6038591981,145001.8558850126,-2.2132489313512314
2006-12-21,141781.158108367,145001.8558850126,-2.221142451583262
2006-12-21,141798.86785420123,145001.8558850126,-2.2089289900891713
2006-12-21,141599.0285183389,145001.8558850126,-2.34674745775128
2006-12-21,141554.06776495182,145001.8558850126,-2.377754477015038
2006-12-22,141193.60183003172,145001.8558850126,-2.626348491705407
2006-12-22,141017.1141066985,145001.8558850126,-2.748062605125578
2006-12-26,141080.70842857455,145001.8558850126,-2.7042050134499953
2006-12-26,140865.44174586012,145001.8558850126,-2.8526628944892116
2006-12-26,140858.41465944808,145001.8558850126,-2.857509098952699
2006-12-26,140785.66673005896,145001.8558850126,-2.907679442597688
2006-12-26,140635.74162040357,145001.8558850126,-3.0110747465683385
2006-12-26,140449.71412933207,145001.8558850126,-3.1393679259459977
2006-12-26,140354.6085996871,145001.8558850126,-3.204957106901297
2006-12-26,140301.89500697056,145001.8558850126,-3.241310843475781
2006-12-26,140162.51422860514,145001.8558850126,-3.337434287906692
2006-12-26,140184.41309209008,145001.8558850126,-3.3223318167339757
2006-12-26,140358.69687380886,145001.8558850126,-3.202137643593881
2006-12-27,140548.25029742182,145001.8558850126,-3.0714128177245636
2006-12-28,140688.68479653445,145001.8558850126,-2.974562678631177
2006-12-28,140792.62952874062,145001.8558850126,-2.902877573932514
2006-12-28,140656.17210924652,145001.8558850126,-2.9969849346012776
2006-12-29,140478.42124950062,145001.8558850126,-3.1195701654322896
2006-12-29,140464.2708697221,145001.8558850126,-3.1293289231338104
2006-12-29,140536.88419620687,145001.8558850126,-3.079251407889897
2007-01-03,140545.11871414972,145001.8558850126,-3.073572502683758
2007-01-03,140535.7398085588,145001.8558850126,-3.0800406306492047
2007-01-03,140618.59468324977,145001.8558850126,-3.0229000691127577
2007-01-04,140769.22989172168,145001.8558850126,-2.9190150480883608
2007-01-08,140910.16841727964,145001.8558850126,-2.821817308998925
2007-01-09,140995.95283972964,145001.8558850126,-2.7626563955565286
2007-01-10,141129.54258969528,145001.8558850126,-2.670526712698138
2007-01-10,141247.99520613663,145001.8558850126,-2.5888362986559286
2007-01-10,141304.9459907554,145001.8558850126,-2.5495603981709554
2007-01-10,141405.53238309184,145001.8558850126,-2.4801913602903616
2007-01-10,141496.0216111554,145001.8558850126,-2.4177857948503494
2007-01-10,141730.543771632,145001.8558850126,-2.2560484439418373
2007-01-11,141967.90346259202,145001.8558850126,-2.0923542005052163
2007-01-11,142109.96836980575,145001.8558850126,-1.99437965642325
2007-01-11,142246.89037047196,145001.8558850126,-1.8999518990469673
2007-01-11,142423.27581357438,145001.8558850126,-1.7783083228141927
2007-01-12,142558.340350727,145001.8558850126,-1.6851615583619324
2007-01-12,142543.95657229022,145001.8558850126,-1.6950812785951581
2007-01-12,142479.129658888,145001.8558850126,-1.7397889225122267
2007-01-12,142853.84580117397,145001.8558850126,-1.4813673043895477
2007-01-12,142983.2185933241,145001.8558850126,-1.3921458310777024
2007-01-12,143158.07513657634,145001.8558850126,-1.2715566550392199
2007-01-16,143012.04977147683,145001.8558850126,-1.372262514428574
2007-01-16,143178.9280628683,145001.8558850126,-1.2571755106292488
2007-01-16,143136.71870364604,145001.8558850126,-1.2862850409622528
2007-01-16,143100.7353507059,145001.8558850126,-1.311100828815814
2007-01-16,143071.18020085944,145001.8558850126,-1.3314834298977516
2007-01-16,143078.99717303354,145001.8558850126,-1.3260924836051065
2007-01-16,143063.45369934756,145001.8558850126,-1.3368119834288201
2007-01-18,142846.77322636734,145001.8558850126,-1.4862448797581287
2007-01-19,142579.03148771866,145001.8558850126,-1.670891991351651
2007-01-19,142509.19043241048,145001.8558850126,-1.719057619909924
2007-01-19,142614.79486981404,145001.8558850126,-1.6462279055873015
2007-01-22,142545.6339236821,145001.8558850126,-1.6939244993376539
2007-01-22,142568.8803134485,145001.8558850126,-1.67789271158948
2007-01-23,142615.86485761535,145001.8558850126,-1.6454899924104112
2007-01-24,142875.3446550383,145001.8558850126,-1.4665406983898484
2007-01-24,142979.25309670443,145001.8558850126,-1.3948806213295
2007-01-24,143070.384042777,145001.8558850126,-1.3320324974097324
2007-01-24,143187.7058508421,145001.8558850126,-1.2511219412316648
2007-01-24,143358.87297984504,145001.8558850126,-1.1330771562471988
2007-01-25,143378.46756059004,145001.8558850126,-1.1195638252450475
2007-01-25,143521.42028249375,145001.8558850126,-1.0209770030066658
2007-01-26,143659.8258475953,145001.8558850126,-0.9255261108392625
2007-01-29,143766.50877421073,145001.8558850126,-0.8519526203730174
2007-01-29,143706.77064643963,145001.8558850126,-0.8931508018766172
2007-01-29,143686.5445934311,145001.8558850126,-0.9070996254175779
2007-01-29,143684.40320411118,145001.8558850126,-0.9085764267363371
2007-01-29,143635.29936190843,145001.8558850126,-0.942440712060856
2007-01-30,143791.38799817866,145001.8558850126,-0.8347947544849691
2007-01-30,143911.79088486903,145001.8558850126,-0.7517593436928146
2007-01-30,143837.22421500774,145001.8558850126,-0.8031839750578249
2007-01-31,143875.48496287706,145001.8558850126,-0.7767975901141277
2007-01-31,143843.6899139056,145001.8558850126,-0.7987249294418882
2007-01-31,143712.35971406734,145001.8558850126,-0.8892963218124881
2007-01-31,143353.1681256952,145001.8558850126,-1.1370114880631732
2007-01-31,143377.1997900387,145001.8558850126,-1.1204381385727018
2007-01-31,143555.48226444115,145001.8558850126,-0.9974862816365853
2007-02-01,143703.75250112577,145001.8558850126,-0.8952322547624741
2007-02-01,143655.52812239298,145001.8558850126,-0.9284900213189463
2007-02-01,143910.2799567422,145001.8558850126,-0.7528013497537825
2007-02-01,144083.20961885242,145001.8558850126,-0.633541040253082
2007-02-02,144307.32664985422,145001.8558850126,-0.47897954886118405
2007-02-02,144444.27699842083,145001.8558850126,-0.3845322414589885
2007-02-02,144536.09018969853,145001.8558850126,-0.3212136096267787
2007-02-05,144494.59859919333,145001.8558850126,-0.34982813338715524
2007-02-05,144348.1049162479,145001.8558850126,-0.4508569664674771
2007-02-05,144464.72225632815,145001.8558850126,-0.3704322440606524
2007-02-06,144636.0987406025,145001.8558850126,-0.2522430779783624
2007-02-08,144610.1183253768,145001.8558850126,-0.2701603763930123
2007-02-08,144513.95988038823,145001.8558850126,-0.336475696567138
2007-02-09,144416.02185821725,145001.8558850126,-0.40401829564162023
2007-02-14,144587.66503720052,145001.8558850126,-0.2856452045279551
2007-02-14,144907.71118873666,145001.8558850126,-0.06492654573372757
2007-02-15,145343.60713046274,145343.60713046274,0.0
2007-02-15,145511.96148327168,145511.96148327168,0.0
2007-02-15,145853.58641465555,145853.58641465555,0.0
2007-02-15,145932.0729558265,145932.0729558265,0.0
2007-02-15,145706.07868025423,145932.0729558265,-0.15486265013221695
2007-02-15,145245.8623004698,145932.0729558265,-0.47022607262244154
2007-02-16,145129.89950784287,145932.0729558265,-0.5496896136234888
2007-02-16,144479.04894008924,145932.0729558265,-0.9956851748258863
2007-02-16,144684.24058717664,145932.0729558265,-0.8550775325637842
2007-02-16,144928.55232186298,145932.0729558265,-0.6876628376733082
2007-02-16,145071.45821269645,145932.0729558265,-0.5897365299474339
2007-02-16,145267.25352845187,145932.0729558265,-0.45556772675727986
2007-02-20,145553.16345395744,145932.0729558265,-0.25964785820849157
2007-02-20,145935.829154283,145935.829154283,0.0
2007-02-20,146083.04153094877,146083.04153094877,0.0
2007-02-20,145915.62420694268,146083.04153094877,-0.11460421569236236
2007-02-20,145991.9876666135,146083.04153094877,-0.062330208476644076
2007-02-20,145981.90849887452,146083.04153094877,-0.06922982367726137
2007-02-20,145930.78289957411,146083.04153094877,-0.10422745157753356
2007-02-20,145150.44583177968,146083.04153094877,-0.6384010692791563
2007-02-20,145126.32192860232,146083.04153094877,-0.6549148979375278
2007-02-20,145177.9741520475,146083.04153094877,-0.6195567736105222
2007-02-20,145118.20665949196,146083.04153094877,-0.6604701417394883
2007-02-21,145396.6113878091,146083.04153094877,-0.46989036916666954
2007-02-21,145429.63162341103,146083.04153094877,-0.4472866259423518
2007-02-21,145751.10532182868,146083.04153094877,-0.22722432778055626
2007-02-23,145493.13046127732,146083.04153094877,-0.40381899465481197
2007-02-23,145469.1500453227,146083.04153094877,-0.4202346002605814
2007-02-26,145547.58075077285,146083.04153094877,-0.3665454761649971
2007-03-02,144988.49515702695,146083.04153094877,-0.7492631331131869
2007-03-02,144650.14120958716,146083.04153094877,-0.9808806733107609
2007-03-05,143856.52311393007,146083.04153094877,-1.5241457144407786
2007-03-05,143110.0732567689,146083.04153094877,-2.035122107962155
2007-03-05,142965.09322217683,146083.04153094877,-2.1343670532156747
2007-03-05,142631.35837490574,146083.04153094877,-2.3628226246314594
2007-03-07,141912.1976550081,146083.04153094877,-2.8551184533333127
2007-03-07,142031.67341955827,146083.04153094877,-2.773332256045745
2007-03-07,141914.20312813853,146083.04153094877,-2.8537456224356097
2007-03-07,141550.6535560769,146083.04153094877,-3.1026106297982956
2007-03-07,141211.9140595098,146083.04153094877,-3.334492094626175
2007-03-07,141199.64921613646,146083.04153094877,-3.3428878969347933
2007-03-09,141365.8726495558,146083.04153094877,-3.2291009496770453
2007-03-12,141582.44482864285,146083.04153094877,-3.0808481635785463
2007-03-14,141723.13703680533,146083.04153094877,-2.984538416267683
2007-03-19,142442.29459420565,146083.04153094877,-2.4922447524285696
2007-03-19,142700.1979066391,146083.04153094877,-2.315699063257103
2007-03-19,142851.423322328,146083.04153094877,-2.212178891371277
2007-03-20,143025.8694113392,146083.04153094877,-2.0927631897381396
2007-03-20,143210.59986455453,146083.04153094877,-1.9663074072740272
2007-03-20,143404.29773295476,146083.04153094877,-1.8337130510980657
2007-03-21,143489.94751815617,146083.04153094877,-1.7750821625953306
2007-03-21,143645.16968308995,146083.04153094877,-1.6688260473700132
2007-03-21,143980.5147230167,146083.04153094877,-1.439268231204394
2007-03-21,144140.67308689267,146083.04153094877,-1.3296330797196605
2007-03-21,144323.4409040605,146083.04153094877,-1.2045208043642035
2007-03-22,144480.12027669154,146083.04153094877,-1.0972671690420988
2007-03-27,144340.46040816596,146083.04153094877,-1.192870236353636
2007-04-02,144624.3601254375,146083.04153094877,-0.9985289122024782
2007-04-02,144697.6801564946,146083.04153094877,-0.9483382601673627
2007-04-02,144904.52903064023,146083.04153094877,-0.8067414861832986
2007-04-02,145086.5445422418,146083.04153094877,-0.6821441957010765
2007-04-02,145241.78621859796,146083.04153094877,-0.5758747240846469
2007-04-02,145472.3302035103,146083.04153094877,-0.41805764792287126
2007-04-03,145700.43341676056,146083.04153094877,-0.2619113828535385
2007-04-03,145844.38984689044,146083.04153094877,-0.1633671380040203
2007-04-03,145991.4678348528,146083.04153094877,-0.06268605523014217
2007-04-04,146216.21289757572,146216.21289757572,0.0
2007-04-04,146380.1893896363,146380.1893896363,0.0
2007-04-04,146528.43139232506,146528.43139232506,0.0
2007-04-04,146683.4058919323,146683.4058919323,0.0
2007-04-04,146870.07958274346,146870.07958274346,0.0
2007-04-05,147103.34778511684,147103.34778511684,0.0
2007-04-05,147281.58795808774,147281.58795808774,0.0
2007-04-05,147526.61908579792,147526.61908579792,0.0
2007-04-05,147678.60752418035,147678.60752418035,0.0
2007-04-05,147788.79071186495,147788.79071186495,0.0
2007-04-05,147792.4392979934,147792.4392979934,0.0
2007-04-05,147475.57510508987,147792.4392979934,-0.2143981075139063
2007-04-05,147452.35099055732,147792.4392979934,-0.2301121147005166
2007-04-05,147644.41574754752,147792.4392979934,-0.10015637548780416
2007-04-05,147749.362700172,147792.4392979934,-0.029146685734409452
2007-04-09,147938.8190825731,147938.8190825731,0.0
2007-04-09,147997.46977840448,147997.46977840448,0.0
2007-04-09,148127.23113038903,148127.23113038903,0.0
2007-04-09,148205.97718980638,148205.97718980638,0.0
2007-04-09,148160.33087109687,148205.97718980638,-0.0307992427667394
2007-04-09,147818.07323573314,148205.97718980638,-0.261733002560651
2007-04-09,147748.38829836578,148205.97718980638,-0.3087519816117565
2007-04-09,147899.253403649,148205.97718980638,-0.20695777051188846
2007-04-09,148292.84562151536,148292.84562151536,0.0
2007-04-09,148258.93849228913,148292.84562151536,-0.022864979820242826
2007-04-09,148239.0977276198,148292.84562151536,-0.036244428158541134
2007-04-09,148250.10607594645,148292.84562151536,-0.02882104351682235
2007-04-09,148200.75944210298,148292.84562151536,-0.06209751996222873
2007-04-09,148200.7596277185,148292.84562151536,-0.06209739479399973
2007-04-09,148244.1679993039,148292.84562151536,-0.03282533422798805
2007-04-09,148181.13160236657,148292.84562151536,-0.07533338421053058
2007-04-09,148329.10117731238,148329.10117731238,0.0
2007-04-09,148217.38269744895,148329.10117731238,-0.07531797804793416
2007-04-09,148312.41164804198,148329.10117731238,-0.01125168907377705
2007-04-09,148358.98266152717,148358.98266152717,0.0
2007-04-10,148556.3740146794,148556.3740146794,0.0
2007-04-10,148579.11216812424,148579.11216812424,0.0
2007-04-10,148377.59731792068,148579.11216812424,-0.13562798112263286
2007-04-11,148212.2132894474,148579.11216812424,-0.24693839754654248
2007-04-12,148268.7674901751,148579.11216812424,-0.20887503863798842
2007-04-16,148503.6079782496,148579.11216812424,-0.0508174996961828
2007-04-16,148627.77249493042,148627.77249493042,0.0
2007-04-16,148755.23465607056,148755.23465607056,0.0
2007-04-16,148967.2429646852,148967.2429646852,0.0
2007-04-16,149067.68825582837,149067.68825582837,0.0
2007-04-16,149181.96927427055,149181.96927427055,0.0
2007-04-16,149305.0150868375,149305.0150868375,0.0
2007-04-16,149465.22879721716,149465.22879721716,0.0
2007-04-18,149579.52203953007,149579.52203953007,0.0
2007-04-18,149612.48603683617,149612.48603683617,0.0
2007-04-19,149649.11464620757,149649.11464620757,0.0
2007-04-19,149700.92806351482,149700.92806351482,0.0
2007-04-20,149793.63004257833,149793.63004257833,0.0
2007-04-23,149863.59940253437,149863.59940253437,0.0
2007-04-23,149847.20427806675,149863.59940253437,-0.010940031156983129
2007-04-23,150095.8245120086,150095.8245120086,0.0
2007-04-24,150115.1925320418,150115.1925320418,0.0
2007-04-25,150387.18747332247,150387.18747332247,0.0
2007-04-27,150591.7248524909,150591.7248524909,0.0
2007-04-30,150744.85193266277,150744.85193266277,0.0
2007-05-01,150747.31814135992,150747.31814135992,0.0
2007-05-01,150629.18444910677,150747.31814135992,-0.07836536908893527
2007-05-01,150616.6908489168,150747.31814135992,-0.08665314517942682
2007-05-01,150762.22805674447,150762.22805674447,0.0
2007-05-02,149987.53989556577,150762.22805674447,-0.5138476468304221
2007-05-03,150078.47580501268,150762.22805674447,-0.4535302114760678
2007-05-03,150288.3895470805,150762.22805674447,-0.31429524209845416
2007-05-04,149985.32368183226,150762.22805674447,-0.5153176527875353
2007-05-04,150217.10841905742,150762.22805674447,-0.3615757373139087
2007-05-04,150471.1991424106,150762.22805674447,-0.19303834792381522
2007-05-04,150793.4631599162,150793.4631599162,0.0
2007-05-04,150838.81645308275,150838.81645308275,0.0
2007-05-04,151085.2047994478,151085.2047994478,0.0
2007-05-04,151359.17825772986,151359.17825772986,0.0
2007-05-04,151725.4184035434,151725.4184035434,0.0
2007-05-07,151910.51812269306,151910.51812269306,0.0
2007-05-07,151858.46704271523,151910.51812269306,-0.03426430284161607
2007-05-07,152195.66566649146,152195.66566649146,0.0
2007-05-08,152385.024031426,152385.024031426,0.0
2007-05-09,152577.56230286072,152577.56230286072,0.0
2007-05-09,152746.5851557359,152746.5851557359,0.0
2007-05-09,153015.54393964866,153015.54393964866,0.0
2007-05-09,153057.45270406024,153057.45270406024,0.0
2007-05-10,153064.74448714813,153064.74448714813,0.0
2007-05-10,152815.30325589632,153064.74448714813,-0.1629645233378707
2007-05-10,152720.8816162086,153064.74448714813,-0.22465190928954484
2007-05-10,152548.49085269563,153064.74448714813,-0.33727795135466104
2007-05-10,152472.08900799855,153064.74448714813,-0.3871926753187337
2007-05-10,152338.60544341037,153064.74448714813,-0.4743999319835046
2007-05-10,152274.51349830176,153064.74448714813,-0.5162723731673656
2007-05-10,152341.95798100668,153064.74448714813,-0.47220965779101165
2007-05-10,152134.63454218468,153064.74448714813,-0.6076578562096935
2007-05-11,152394.6643841291,153064.74448714813,-0.43777559964194235
2007-05-14,152446.9325679801,153064.74448714813,-0.40362783816614933
2007-05-14,152625.7761011623,153064.74448714813,-0.2867860835338715
2007-05-16,152942.03655157483,153064.74448714813,-0.08016734094088097
2007-05-16,153089.51929837832,153089.51929837832,0.0
2007-05-16,153380.29657580747,153380.29657580747,0.0
2007-05-17,153058.66701560898,153380.29657580747,-0.20969418326787856
2007-05-18,153004.1574990033,153380.29657580747,-0.24523298311543898
2007-05-18,153251.26457695948,153380.29657580747,-0.08412553745729404
2007-05-18,153460.96475014248,153460.96475014248,0.0
2007-05-18,153643.70356179797,153643.70356179797,0.0
2007-05-18,153782.07100446484,153782.07100446484,0.0
2007-05-18,154054.8290011932,154054.8290011932,0.0
2007-05-21,154222.69089149224,154222.69089149224,0.0
2007-05-21,154468.29908474418,154468.29908474418,0.0
2007-05-21,154864.9679613776,154864.9679613776,0.0
2007-05-21,154868.09818747887,154868.09818747887,0.0
2007-05-21,154930.29820923848,154930.29820923848,0.0
2007-05-21,155078.11525657037,155078.11525657037,0.0
2007-05-22,155227.79159991047,155227.79159991047,0.0
2007-05-22,155390.86422761812,155390.86422761812,0.0
2007-05-22,155569.70197408507,155569.70197408507,0.0
2007-05-23,155888.3205416311,155888.3205416311,0.0
2007-05-24,155240.35160648866,155888.3205416311,-0.4156622721260257
2007-05-24,155014.92223838528,155888.3205416311,-0.560271802410359
2007-05-24,155384.61955462044,155888.3205416311,-0.3231165652824859
2007-05-29,155370.65008409353,155888.3205416311,-0.33207776935368893
2007-05-29,154908.8128324201,155888.3205416311,-0.6283393815570781
2007-05-29,154996.28283936917,155888.3205416311,-0.5722286949802059
2007-05-29,154614.47628504963,155888.3205416311,-0.8171518252012263
2007-05-29,154772.1037525618,155888.3205416311,-0.7160361887221883
2007-05-29,154859.5500472291,155888.3205416311,-0.6599407132154376
2007-05-29,154937.02544486447,155888.3205416311,-0.610241417356594
2007-05-30,155093.97572130515,155888.3205416311,-0.5095601887081885
2007-05-30,155247.2831606991,155888.3205416311,-0.4112157849316374
2007-05-31,155123.01068259776,155888.3205416311,-0.49093470015861274
2007-05-31,155286.13531950777,155888.3205416311,-0.3862927126490686
2007-06-01,155572.21302334723,155888.3205416311,-0.2027781922247756
2007-06-01,155640.94515320737,155888.3205416311,-0.1586875704120978
2007-06-01,155820.7055000211,155888.3205416311,-0.043374026594854447
2007-06-01,155867.12738869182,155888.3205416311,-0.013595087089048333
2007-06-01,156124.98252004036,156124.98252004036,0.0
2007-06-01,156146.6292788158,156146.6292788158,0.0
2007-06-04,156242.679254284,156242.679254284,0.0
2007-06-04,156324.29114762973,156324.29114762973,0.0
2007-06-04,156386.89388961258,156386.89388961258,0.0
2007-06-04,156304.3669157222,156386.89388961258,-0.05277102948833171
2007-06-04,156358.03000144006,156386.89388961258,-0.018456718114047324
2007-06-04,156308.54421810948,156386.89388961258,-0.05009989619615847
2007-06-04,156455.40429061235,156455.40429061235,0.0
2007-06-08,156141.6048647702,156455.40429061235,-0.20056796840285418
2007-06-11,156318.91695449175,156455.40429061235,-0.08723721416939692
2007-06-12,156149.4989298992,156455.40429061235,-0.19552239956182804
2007-06-13,156549.16749849977,156549.16749849977,0.0
2007-06-13,156777.0398215342,156777.0398215342,0.0
2007-06-13,156964.33294839563,156964.33294839563,0.0
2007-06-13,157127.84766579425,157127.84766579425,0.0
2007-06-13,157298.95284902494,157298.95284902494,0.0
2007-06-13,157650.06269035034,157650.06269035034,0.0
2007-06-14,157731.58825662933,157731.58825662933,0.0
2007-06-14,157885.1881941523,157885.1881941523,0.0
2007-06-15,159705.40719024919,159705.40719024919,0.0
2007-06-15,159319.45448474563,159705.40719024919,-0.2416653964907972
2007-06-15,159518.7945587061,159705.40719024919,-0.1168480359094989
2007-06-15,159402.95449264444,159705.40719024919,-0.18938162641196746
2007-06-15,159460.45904210457,159705.40719024919,-0.15337498739339372
2007-06-15,159535.4143765674,159705.40719024919,-0.1064414891596451
2007-06-18,159732.38400423288,159732.38400423288,0.0
2007-06-18,159949.07786722347,159949.07786722347,0.0
2007-06-19,159864.36921700017,159949.07786722347,-0.0529597615396181
2007-06-19,159858.66140469565,159949.07786722347,-0.0565282799584985
2007-06-19,159785.2517710783,159949.07786722347,-0.10242390786470751
2007-06-19,159832.09403594394,159949.07786722347,-0.0731381717477878
2007-06-19,159834.28239950677,159949.07786722347,-0.07177000908501245
2007-06-19,160039.5464456518,160039.5464456518,0.0
2007-06-21,159671.715735959,160039.5464456518,-0.22983738573497
2007-06-22,159546.02577615113,160039.5464456518,-0.3083741990410223
2007-06-26,159443.710627521,160039.5464456518,-0.3723053653698814
2007-06-27,159707.53151184818,160039.5464456518,-0.20745805719735855
2007-06-27,160071.1784074717,160071.1784074717,0.0
2007-06-27,160273.33035649612,160273.33035649612,0.0
2007-06-27,160563.164245129,160563.164245129,0.0
2007-06-28,161054.984237417,161054.984237417,0.0
2007-06-28,161282.626050186,161282.626050186,0.0
2007-06-28,161459.50338727047,161459.50338727047,0.0
2007-06-28,161630.7079131622,161630.7079131622,0.0
2007-06-29,161581.62564332853,161630.7079131622,-0.030366921278366234
2007-06-29,161505.73082726242,161630.7079131622,-0.07732261246229932
2007-07-02,161612.8447052293,161630.7079131622,-0.011051865182994173
2007-07-02,161836.0976755959,161836.0976755959,0.0
2007-07-02,161938.7662936198,161938.7662936198,0.0
2007-07-02,162188.75344683882,162188.75344683882,0.0
2007-07-02,162374.52077291525,162374.52077291525,0.0
2007-07-02,162645.31015136736,162645.31015136736,0.0
2007-07-02,162935.49634869822,162935.49634869822,0.0
2007-07-02,163195.91693717713,163195.91693717713,0.0
2007-07-02,163437.09708168564,163437.09708168564,0.0
2007-07-02,163762.46800888385,163762.46800888385,0.0
2007-07-02,163944.95956600268,163944.95956600268,0.0
2007-07-02,164023.2942783002,164023.2942783002,0.0
2007-07-02,164371.10264314714,164371.10264314714,0.0
2007-07-02,164327.94602268565,164371.10264314714,-0.026255600751908074
2007-07-02,164427.10041199139,164427.10041199139,0.0
2007-07-02,164573.18333064733,164573.18333064733,0.0
2007-07-02,164495.92296801906,164573.18333064733,-0.04694590033726207
2007-07-02,164506.19359732376,164573.18333064733,-0.040705133101169244
2007-07-03,164713.70383071707,164713.70383071707,0.0
2007-07-03,164973.3022376197,164973.3022376197,0.0
2007-07-03,163936.25971097106,164973.3022376197,-0.6286123345915299
2007-07-03,164134.59523762128,164973.3022376197,-0.508389532501683
2007-07-03,164200.7284340536,164973.3022376197,-0.4683023210951592
2007-07-03,164365.78619521833,164973.3022376197,-0.3682511255829362
2007-07-03,164281.6835011431,164973.3022376197,-0.4192307040568501
2007-07-03,164337.28356531635,164973.3022376197,-0.38552824225295784
2007-07-05,164512.95078675647,164973.3022376197,-0.2790460302480748
2007-07-05,164708.71130224515,164973.3022376197,-0.1603840935386307
2007-07-05,165053.55917060183,165053.55917060183,0.0
2007-07-05,164860.17012200312,165053.55917060183,-0.11716745132337128
2007-07-05,164975.52616284447,165053.55917060183,-0.04727738568588139
2007-07-06,164890.34009630926,165053.55917060183,-0.09888855176026128
2007-07-06,164814.03057666848,165053.55917060183,-0.14512173814184456
2007-07-06,164879.38543819255,165053.55917060183,-0.1055255841100974
2007-07-06,164986.47416813113,165053.55917060183,-0.04064438404588614
2007-07-09,164861.67509024087,165053.55917060183,-0.11625564533426962
2007-07-12,164973.70861201338,165053.55917060183,-0.048378574197192055
2007-07-12,165157.389537817,165157.389537817,0.0
2007-07-13,165356.17092051436,165356.17092051436,0.0
2007-07-13,165504.01229575113,165504.01229575113,0.0
2007-07-16,165624.42413372753,165624.42413372753,0.0
2007-07-16,165755.66997581712,165755.66997581712,0.0
2007-07-19,165677.54197266002,165755.66997581712,-0.04713443779539587
2007-07-23,165307.89985225545,165755.66997581712,-0.27013864661582737
2007-07-23,165523.0529256287,165755.66997581712,-0.1403373110689707
2007-07-23,165886.8344753568,165886.8344753568,0.0
2007-07-24,166645.95758099653,166645.95758099653,0.0
2007-07-25,167154.11643610918,167154.11643610918,0.0
2007-07-26,166758.370169041,167154.11643610918,-0.2367553222773521
2007-07-26,166371.66204029688,167154.11643610918,-0.4681035756073474
2007-07-27,165920.2128794238,167154.11643610918,-0.7381831707130001
2007-07-27,165447.61986129484,167154.11643610918,-1.02091208472668
2007-07-27,165048.1911070674,167154.11643610918,-1.2598704560451104
2007-07-27,164933.84507972287,167154.11643610918,-1.328278000999727
2007-07-27,164360.60557918303,167154.11643610918,-1.6712187031265278
2007-07-27,163913.36419106481,167154.11643610918,-1.9387809969269094
2007-07-27,163547.4745829814,167154.11643610918,-2.1576745640639547
2007-07-27,163179.47046261173,167154.11643610918,-2.377833138806764
2007-07-27,162704.49293744794,167154.11643610918,-2.6619885848650373
2007-07-30,161883.43769555454,167154.11643610918,-3.1531851281504224
2007-07-30,161544.03739564135,167154.11643610918,-3.356231458776039
2007-07-30,161294.97597815032,167154.11643610918,-3.5052325260553054
2007-07-30,161074.13222467666,167154.11643610918,-3.637352367422222
2007-07-30,160608.77810782444,167154.11643610918,-3.915750606588585
2007-07-30,160757.2285121644,167154.11643610918,-3.8269401079271863
2007-07-31,160603.64060910494,167154.11643610918,-3.9188241167294287
2007-07-31,160356.63302865622,167154.11643610918,-4.066596475385724
2007-07-31,159910.51313184306,167154.11643610918,-4.333487836678444
2007-07-31,159391.0435748059,167154.11643610918,-4.644260654071622
2007-07-31,159043.99582111227,167154.11643610918,-4.851882076201703
2007-07-31,158715.84688026863,167154.11643610918,-5.04819727790903
2007-07-31,158585.09380136256,167154.11643610918,-5.126420346352604
2007-07-31,158169.05388454694,167154.11643610918,-5.375316350642535
2007-08-02,157883.84628632956,167154.11643610918,-5.545941881319429
2007-08-02,157943.82632435404,167154.11643610918,-5.510058805686404
2007-08-02,157827.56133095588,167154.11643610918,-5.579614372654806
2007-08-02,158012.5961746523,167154.11643610918,-5.468917222239637
2007-08-02,157930.2162861848,167154.11643610918,-5.5182010150794065
2007-08-02,157729.23530265756,167154.11643610918,-5.638437948403182
2007-08-02,157263.74305486336,167154.11643610918,-5.916918824446774
2007-08-02,157145.65913294457,167154.11643610918,-5.987562565945013
2007-08-02,156597.68784484253,167154.11643610918,-6.31538655244641
2007-08-02,156667.4749843056,167154.11643610918,-6.273636375453467
2007-08-02,156578.27900059344,167154.11643610918,-6.326997899305767
2007-08-02,155912.92099558684,167154.11643610918,-6.725048524197742
2007-08-02,156002.37889939925,167154.11643610918,-6.671530306567368
2007-08-03,155368.28147485855,167154.11643610918,-7.0508792798743265
2007-08-03,155268.835685508,167154.11643610918,-7.110372753006086
2007-08-03,155026.8662095696,167154.11643610918,-7.255131064136822
2007-08-03,154605.30319410271,167154.11643610918,-7.507331263841749
2007-08-03,154302.08680648287,167154.11643610918,-7.688730558148536
2007-08-03,154120.26335732793,167154.11643610918,-7.797506490821685
2007-08-03,153594.1754562374,167154.11643610918,-8.112238734518249
2007-08-06,153707.09667054293,167154.11643610918,-8.044683584389059
2007-08-06,153850.61939711138,167154.11643610918,-7.958821070423805
2007-08-07,153979.99520824442,167154.11643610918,-7.881421952836121
2007-08-08,153626.48026512313,167154.11643610918,-8.092912372969694
2007-08-13,154233.09738038242,167154.11643610918,-7.730003502884434
2007-08-13,154784.12057958407,167154.11643610918,-7.400353709657674
2007-08-13,155909.66651413095,167154.11643610918,-6.726995518699154
2007-08-15,154958.73043586477,167154.11643610918,-7.295893311072491
2007-08-23,154999.01844416952,167154.11643610918,-7.271790998091077
2007-08-28,155009.8420418961,167154.11643610918,-7.265315777523759
2007-09-12,155234.2516143806,167154.11643610918,-7.131062683870352
2007-09-14,155461.74578195185,167154.11643610918,-6.99496423028653
2007-09-14,155766.80373401238,167154.11643610918,-6.81246321950398
2007-09-14,156093.676572794,167154.11643610918,-6.616911446235768
2007-09-17,156513.22895943385,167154.11643610918,-6.365914105826143
2007-09-17,156697.58152972173,167154.11643610918,-6.255625125681075
2007-09-18,157124.99498097508,167154.11643610918,-5.999924901022403
2007-09-18,157185.9768645776,167154.11643610918,-5.963442470973594
2007-09-19,157372.24450065836,167154.11643610918,-5.852007802146899
2007-09-19,157412.99134805257,167154.11643610918,-5.827630988543396
2007-09-19,157870.5158193527,167154.11643610918,-5.553916837163218
2007-09-19,157682.94955906257,167154.11643610918,-5.666128408310388
2007-09-20,157763.7052996763,167154.11643610918,-5.617816262408434
2007-09-21,158175.95925522936,167154.11643610918,-5.3711852105727305
2007-09-26,158274.1368957153,167154.11643610918,-5.3124504078773676
2007-09-26,158398.82642242184,167154.11643610918,-5.237854861345185
2007-09-28,158659.60661107433,167154.11643610918,-5.081843035724271
2007-09-28,158953.7773482614,167154.11643610918,-4.905855304486119
2007-10-01,159018.18034525702,167154.11643610918,-4.867326192329782
2007-10-03,159521.13973249713,167154.11643610918,-4.566430588940702
2007-10-04,159632.81638368845,167154.11643610918,-4.499619999065698
2007-10-05,159619.4463179836,167154.11643610918,-4.507618644860323
2007-10-05,159694.5663951303,167154.11643610918,-4.4626780363079614
2007-10-05,159839.43596127635,167154.11643610918,-4.376009775163806
2007-10-09,159866.95256362506,167154.11643610918,-4.359547959603776
2007-10-10,160005.92956867337,167154.11643610918,-4.276404924893395
2007-10-15,159999.51163438283,167154.11643610918,-4.280244455996414
2007-10-16,160096.70183589958,167154.11643610918,-4.222100388958791
2007-10-16,159756.07604023544,167154.11643610918,-4.425879872782837
2007-10-18,160267.07594854952,167154.11643610918,-4.120174025263728
2007-10-19,160212.47532990636,167154.11643610918,-4.152838861647838
2007-10-22,159765.30412791917,167154.11643610918,-4.420359166574409
2007-10-22,159368.99073890946,167154.11643610918,-4.65745376972239
2007-10-22,159010.96275183375,167154.11643610918,-4.871644119747396
2007-10-22,158822.82371357575,167154.11643610918,-4.9841983554846365
2007-10-22,158330.4411445053,167154.11643610918,-5.278766374249907
2007-10-22,158234.23546433612,167154.11643610918,-5.336321451097785
2007-10-22,158114.29848143016,167154.11643610918,-5.4080737868841435
2007-10-22,157821.79731615112,167154.11643610918,-5.583062696230473
2007-10-23,157951.27271513475,167154.11643610918,-5.505604000181476
2007-10-24,158469.12087518748,167154.11643610918,-5.195801184017709
2007-10-24,158359.96128911964,167154.11643610918,-5.261105938932051
2007-10-24,158264.42265491575,167154.11643610918,-5.31826195533229
2007-10-25,158292.83178284604,167154.11643610918,-5.301266186076943
2007-10-25,157937.0925517903,167154.11643610918,-5.514087287130545
2007-10-26,157903.07430242162,167154.11643610918,-5.534438714958933
2007-10-26,158063.0933721262,167154.11643610918,-5.438707258793604
2007-10-26,158295.37864488736,167154.11643610918,-5.299742525101301
2007-10-26,158364.43176523683,167154.11643610918,-5.258431475261934
2007-10-26,158511.2322302385,167154.11643610918,-5.170608053301651
2007-10-26,158653.15520061177,167154.11643610918,-5.08570259395718
2007-10-29,158519.00887286983,167154.11643610918,-5.165955674528614
2007-10-31,158206.25653308944,167154.11643610918,-5.35305985505888
2007-10-31,158268.19277936625,167154.11643610918,-5.3160064772556
2007-11-01,158280.416454325,167154.11643610918,-5.308693660066669
2007-11-01,158432.61945515047,167154.11643610918,-5.2176381694388585
2007-11-02,158534.3084923566,167154.11643610918,-5.156802672608611
2007-11-08,158473.56209038378,167154.11643610918,-5.193144225702236
2007-11-13,158559.40411927618,167154.11643610918,-5.141789206320941
2007-11-13,157765.24651165074,167154.11643610918,-5.616894231885173
2007-11-13,157342.4536559144,167154.11643610918,-5.869830183898019
2007-11-13,157419.29654017932,167154.11643610918,-5.823858905473483
2007-11-13,157700.8185083188,167154.11643610918,-5.655438304089679
2007-11-14,157882.4711921495,167154.11643610918,-5.546764531822673
2007-11-15,157565.89387387433,167154.11643610918,-5.736157006877977
2007-11-15,157220.61104495768,167154.11643610918,-5.9427225622339686
2007-11-23,156664.11494720785,167154.11643610918,-6.275646518649086
2007-11-23,156568.30004622517,167154.11643610918,-6.3329678117321135
2007-12-19,156366.33441697826,167154.11643610918,-6.453793809651284
2007-12-19,156556.94105838306,167154.11643610918,-6.339763329595682
2007-12-21,156600.50902039537,167154.11643610918,-6.3136987833306994
2007-12-21,156335.64120154662,167154.11643610918,-6.472156034935385
2007-12-21,156511.63441844896,167154.11643610918,-6.366868040445817
2007-12-21,156721.52501353555,167154.11643610918,-6.241300929349983
2007-12-21,156911.78002794445,167154.11643610918,-6.127480810249521
2007-12-21,157006.25079133702,167154.11643610918,-6.070963647880576
2007-12-24,157046.86140943549,167154.11643610918,-6.046668333493875
2007-12-26,157143.10341170817,167154.11643610918,-5.989091526936752
2008-05-09,157804.32537186358,167154.11643610918,-5.593515292110284
2008-05-19,157827.83409453937,167154.11643610918,-5.5794511917596505
2008-05-22,158010.38505502781,167154.11643610918,-5.470240025214303
2008-05-22,158313.63509045992,167154.11643610918,-5.288820601093797
2008-05-23,158776.29379583956,167154.11643610918,-5.012034892644625
2008-05-28,158932.42728324482,167154.11643610918,-4.91862798724847
2008-05-29,159087.51363369377,167154.11643610918,-4.825847531848659
2009-06-10,158907.95991349517,167154.11643610918,-4.933265598496889
2009-06-11,159096.1334042473,167154.11643610918,-4.8206907515447694
2009-06-16,159264.93153695067,167154.11643610918,-4.719707218322663
2009-06-16,159422.41998598332,167154.11643610918,-4.625489706728896
2009-06-17,159144.20526611138,167154.11643610918,-4.791931745850483
2009-06-17,158513.45628817042,167154.11643610918,-5.169277509980709
2009-06-17,158416.22367732282,167154.11643610918,-5.227446948413153
2009-06-18,158673.74822062664,167154.11643610918,-5.073382813592845
2009-06-18,158904.34095280513,167154.11643610918,-4.935430642808812
2009-06-18,159202.82166124647,167154.11643610918,-4.756864469982649
2009-06-18,158950.1021344533,167154.11643610918,-4.908054002242696
2009-06-19,158147.65806653444,167154.11643610918,-5.388116405148331
2009-06-19,157585.6251592039,167154.11643610918,-5.7243527595460835
2009-06-19,157274.1032393177,167154.11643610918,-5.910720841007766
2009-06-19,157100.36102903646,167154.11643610918,-6.014662170115049
2009-06-19,156541.93587353092,167154.11643610918,-6.348740185907728
2009-06-19,156711.28222490358,167154.11643610918,-6.247428680703255
2009-06-19,156939.3832111577,167154.11643610918,-6.110967197661467
2009-06-22,156684.02993068326,167154.11643610918,-6.263732373846665
2009-06-22,155414.19931927303,167154.11643610918,-7.023408915761559
2009-06-23,155798.05414846604,167154.11643610918,-6.793767649738819
2009-06-23,155370.4540946099,167154.11643610918,-7.049579509460258
2009-06-24,155256.08260353075,167154.11643610918,-7.118002288101696
2009-06-24,155058.31220623464,167154.11643610918,-7.236318487255374
2009-06-24,154860.5758917052,167154.11643610918,-7.354614296383723
2009-06-24,154539.11422702688,167154.11643610918,-7.54692883313113
2009-06-24,154027.63862608222,167154.11643610918,-7.85291926390832
2009-06-24,154139.71583187784,167154.11643610918,-7.785869042121854
2009-06-25,154378.62259697463,167154.11643610918,-7.64294299866536
2009-06-25,154640.32543179215,167154.11643610918,-7.486379199701094
2009-06-25,154846.51890711303,167154.11643610918,-7.363023891607508
2009-06-25,155064.3057825053,167154.11643610918,-7.232732828464276
2009-06-25,155583.97038003584,167154.11643610918,-6.921843328037788
2009-06-25,155659.384974987,167154.11643610918,-6.8767265241210875
2009-06-25,155826.49399170236,167154.11643610918,-6.776753505042482
2009-06-25,155767.50310128139,167154.11643610918,-6.8120448228267625
2009-06-25,155848.08522988996,167154.11643610918,-6.763836540358667
2009-06-25,156118.19830171685,167154.11643610918,-6.602241314595775
2009-06-25,156544.86333503074,167154.11643610918,-6.346988831192553
2009-06-25,156256.90079590105,167154.11643610918,-6.519262506091701
2009-06-25,156205.71932191963,167154.11643610918,-6.5498818381624
2009-06-25,156662.73127216566,167154.11643610918,-6.276474302655662
2009-06-26,156425.5346186696,167154.11643610918,-6.4183772713371
2009-06-26,156594.44123002706,167154.11643610918,-6.317328840727838
2009-06-26,156373.49888251344,167154.11643610918,-6.449507666008565
2009-06-26,155774.39768863644,167154.11643610918,-6.807920133885769
2009-06-26,156042.10878529566,167154.11643610918,-6.6477618904831655
2009-06-26,155657.36059999652,167154.11643610918,-6.877937607062778
2009-06-26,156075.97924128335,167154.11643610918,-6.6274988800890196
2009-06-26,156200.5741091175,167154.11643610918,-6.5529599632554785
2009-06-26,156250.12694324664,167154.11643610918,-6.523314965462033
2009-06-26,156983.6419572191,167154.11643610918,-6.084489389633131
2009-06-26,157153.52998069333,167154.11643610918,-5.98285382893238
2009-06-26,156733.24284242088,167154.11643610918,-6.234290734725305
2009-06-26,156529.44633339506,167154.11643610918,-6.356212057018147
2009-06-26,156071.76556207484,167154.11643610918,-6.630019714931946
2009-06-26,156360.8801758861,167154.11643610918,-6.457056811011025
2009-06-26,156076.18988095998,167154.11643610918,-6.627372864839666
2009-06-26,155950.95877567213,167154.11643610918,-6.702292410919595
2009-06-29,156319.33344408203,167154.11643610918,-6.481912155701229
2009-06-29,155853.03043816943,167154.11643610918,-6.760878068030907
2009-06-29,155888.57779420252,167154.11643610918,-6.739611851684583
2009-06-29,155600.82321041342,167154.11643610918,-6.911761117239215
2009-06-29,155845.37510053892,167154.11643610918,-6.765457876051031
2009-06-29,156017.10868350448,167154.11643610918,-6.662718208834277
2009-06-30,156095.06965827016,167154.11643610918,-6.616078032434267
2009-06-30,156036.99450808164,167154.11643610918,-6.650821508351429
2009-07-01,156237.67941443386,167154.11643610918,-6.530761703285886
2009-07-09,156336.12807735434,167154.11643610918,-6.471864761338239
2009-07-10,156596.22931260194,167154.11643610918,-6.316259119794249
2009-07-13,156662.9252427233,167154.11643610918,-6.276358259711726
2009-07-13,156822.4706597417,167154.11643610918,-6.180910166407131
2009-07-13,156915.58812314813,167154.11643610918,-6.125202616158417
2009-07-13,157304.90251395182,167154.11643610918,-5.8922951657741525
2009-07-13,157560.0567994032,167154.11643610918,-5.73964903842084
2009-07-13,157789.27055087846,167154.11643610918,-5.602521843253689
2009-07-13,158012.37760543282,167154.11643610918,-5.46904798134037
2009-07-13,158167.47919496952,167154.11643610918,-5.376258409151769
2009-07-13,158463.57199174812,167154.11643610918,-5.199120805189875
2009-07-13,158775.99803214215,167154.11643610918,-5.012211833364796
2009-07-13,158978.247368193,167154.11643610918,-4.891216107765565
2009-07-13,159178.55203786696,167154.11643610918,-4.771383779406172
2009-07-13,159277.17355328344,167154.11643610918,-4.712383428401249
2009-07-13,159434.45854436498,167154.11643610918,-4.618287635587399
2009-07-13,159753.8144806801,167154.11643610918,-4.42723285146117
2009-07-13,159998.62020828476,167154.11643610918,-4.280777751925388
2009-07-13,160132.11702994994,167154.11643610918,-4.200913238558048
2009-07-13,160228.78122701883,167154.11643610918,-4.143083853838203
2009-07-13,160333.3287181169,167154.11643610918,-4.080538286114751
2009-07-13,160509.53471110092,167154.11643610918,-3.97512299827088
2009-07-13,160609.6124084941,167154.11643610918,-3.915251485964185
2009-07-13,160740.91392645874,167154.11643610918,-3.8367003136902915
2009-07-13,160895.16588330202,167154.11643610918,-3.744419034513877
2009-07-13,161242.3607865357,167154.11643610918,-3.536709580127584
2009-07-13,161490.87464396327,167154.11643610918,-3.38803609081955
2009-07-14,160962.47428973156,167154.11643610918,-3.70415176029735
2009-07-14,161097.5174808859,167154.11643610918,-3.623362130922019
2009-07-14,161221.6422972916,167154.11643610918,-3.549104422495707
2009-07-14,161358.21345695198,167154.11643610918,-3.4674006855060293
2009-07-15,161551.18011094246,167154.11643610918,-3.3519583272173357
2009-07-15,161644.92288113642,167154.11643610918,-3.2958766869965337
2009-07-15,161812.9927500328,167154.11643610918,-3.195328837814112
2009-07-15,162151.31258915484,167154.11643610918,-2.9929288931789757
2009-07-15,162413.97477284065,167154.11643610918,-2.835791163468199
2009-07-15,162521.4363403917,167154.11643610918,-2.7715022486378436
2009-07-15,162751.66021874198,167154.11643610918,-2.633770744766516
2009-07-15,162955.0951111838,167154.11643610918,-2.512065759702882
2009-07-15,163234.85342708018,167154.11643610918,-2.3447002637993974
2009-07-15,163562.4411826188,167154.11643610918,-2.148720791368144
2009-07-15,163642.89485279404,167154.11643610918,-2.1005893591960842
2009-07-16,163310.79154901873,167154.11643610918,-2.2992702597063905
2009-07-16,163355.65392224095,167154.11643610918,-2.2724313315491136
2009-07-16,163492.46268177885,167154.11643610918,-2.1905854503618585
2009-07-17,163502.34164902288,167154.11643610918,-2.1846753552624008
2009-07-17,163378.25073573831,167154.11643610918,-2.258912781136385
2009-07-31,163541.00942492392,167154.11643610918,-2.1615423467996298
2009-08-03,164187.30660126678,167154.11643610918,-1.774894868339297
2009-08-03,164521.78738037797,167154.11643610918,-1.5747916425003874
2009-08-03,165140.16951503596,167154.11643610918,-1.20484434605175
2009-08-03,165259.43463779762,167154.11643610918,-1.1334939507970538
2009-08-03,165392.4427391012,167154.11643610918,-1.0539218145317557
2009-08-05,165607.41830259105,167154.11643610918,-0.9253126195724432
2009-08-05,165768.84933597568,167154.11643610918,-0.8287364557144982
2009-08-05,165894.27571155975,167154.11643610918,-0.7537000891216317
2009-08-07,166506.5661153408,167154.11643610918,-0.38739717248656025
2009-08-10,166722.04702561372,167154.11643610918,-0.25848565366358095
2009-08-11,166302.3471288604,167154.11643610918,-0.5095712420425843
2009-08-11,166313.716953335,167154.11643610918,-0.5027692411603835
2009-08-12,166566.63605579335,167154.11643610918,-0.3514603126991367
2009-08-12,166768.6471718241,167154.11643610918,-0.23060710229796988
2009-08-13,166623.0414923794,167154.11643610918,-0.3177157434425397
2009-08-14,166124.48823531094,167154.11643610918,-0.6159753781425952
2009-08-17,165632.42635085792,167154.11643610918,-0.9103515472398753
2009-08-17,165522.62302118505,167154.11643610918,-0.9760414219578801
2009-08-17,165389.28614631793,167154.11643610918,-1.0558102471055906
2009-08-17,165159.27036846092,167154.11643610918,-1.1934172547947681
2009-08-17,165085.1183600455,167154.11643610918,-1.237778715939966
2009-08-17,164897.78016501598,167154.11643610918,-1.3498538469769787
2009-08-18,164932.92094311642,167154.11643610918,-1.3288308660000967
2009-08-18,165134.60598395567,167154.11643610918,-1.2081727301794698
2009-08-19,165358.97796607038,167154.11643610918,-1.0739421249759955
2009-08-20,165545.5423169107,167154.11643610918,-0.9623299464559257
2009-08-20,165637.13612023563,167154.11643610918,-0.9075339263052942
2009-08-20,165927.2500479311,167154.11643610918,-0.7339731825551676
2009-08-21,166094.19108461542,167154.11643610918,-0.6341006575802105
2009-08-24,166009.06527967995,167154.11643610918,-0.6850271957657078
2009-08-24,165647.9356937808,167154.11643610918,-0.9010730782116745
2009-08-25,166014.83713456875,167154.11643610918,-0.6815741818574326
2009-08-26,166056.5230449476,167154.11643610918,-0.6566355735433632
2009-08-26,166059.76987370962,167154.11643610918,-0.6546931572683385
2009-09-03,166118.1232604029,167154.11643610918,-0.619783226279239
2009-09-03,166300.4806955735,167154.11643610918,-0.5106878363130025
2009-09-04,166648.0047551032,167154.11643610918,-0.30278146407445805
2009-09-04,166930.58058057644,167154.11643610918,-0.13373039222649458
2009-09-04,167100.3549804983,167154.11643610918,-0.032162806849832096
2009-09-04,167411.30368865601,167411.30368865601,0.0
2009-09-04,167655.17082906954,167655.17082906954,0.0
2009-09-04,168055.80256755103,168055.80256755103,0.0
2009-09-04,168669.90243911376,168669.90243911376,0.0
2009-09-04,169415.68385894728,169415.68385894728,0.0
2009-09-04,169594.3712339517,169594.3712339517,0.0
2009-09-04,169974.36311177956,169974.36311177956,0.0
2009-09-04,170201.78626871356,170201.78626871356,0.0
2009-09-04,170506.26435891984,170506.26435891984,0.0
2009-09-04,170728.11232303237,170728.11232303237,0.0
2009-09-04,170841.94847630162,170841.94847630162,0.0
2009-09-04,171305.6524469525,171305.6524469525,0.0
2009-09-04,171697.91779059562,171697.91779059562,0.0
2009-09-04,171872.9129366198,171872.9129366198,0.0
2009-09-04,171945.14356098292,171945.14356098292,0.0
2009-09-04,172255.08958755573,172255.08958755573,0.0
2009-09-04,172411.93755539556,172411.93755539556,0.0
2009-09-04,172991.41074370296,172991.41074370296,0.0
2009-09-08,173321.9157142827,173321.9157142827,0.0
2009-09-08,173551.11389145954,173551.11389145954,0.0
2009-09-08,173964.59250485498,173964.59250485498,0.0
2009-09-08,174229.44779452428,174229.44779452428,0.0
2009-09-08,174449.97629117948,174449.97629117948,0.0
2009-09-08,174691.2409291057,174691.2409291057,0.0
2009-09-08,174964.0935480551,174964.0935480551,0.0
2009-09-08,175003.89721980534,175003.89721980534,0.0
2009-09-08,175164.796213269,175164.796213269,0.0
2009-09-08,174952.31224648596,175164.796213269,-0.12130517739667963
2009-09-08,174686.67995308913,175164.796213269,-0.2729522544003356
2009-09-08,174976.94225061245,175164.796213269,-0.10724413050886583
2009-09-08,174963.12088263984,175164.796213269,-0.11513462464433685
2009-09-08,175144.12644877203,175164.796213269,-0.011800181853779568
2009-09-08,175314.96413163768,175314.96413163768,0.0
2009-09-09,175629.49268880615,175629.49268880615,0.0
2009-09-09,175925.9390065209,175925.9390065209,0.0
2009-09-09,176078.33401721934,176078.33401721934,0.0
2009-09-09,176372.70552156208,176372.70552156208,0.0
2009-09-09,176518.3508996183,176518.3508996183,0.0
2009-09-09,176520.3267433957,176520.3267433957,0.0
2009-09-09,176390.4403840313,176520.3267433957,-0.07358153123816662
2009-09-09,176454.5749736471,176520.3267433957,-0.03724883754842909
2009-09-09,176242.38044039434,176520.3267433957,-0.15745852510539338
2009-09-09,175488.16997064507,176520.3267433957,-0.5847240325195299
2009-09-09,175630.37849285553,176520.3267433957,-0.5041619098257641
2009-09-09,175552.71345266353,176520.3267433957,-0.5481596984231594
2009-09-09,175440.00029668404,176520.3267433957,-0.6120124898035784
2009-09-09,175500.93938690284,176520.3267433957,-0.5774900688772968
2009-09-09,175503.3825458934,176520.3267433957,-0.5761060022173085
2009-09-10,175680.76455174413,176520.3267433957,-0.475617854974876
2009-09-10,175569.96193468256,176520.3267433957,-0.5383883126925499
2009-09-10,175737.4741661026,176520.3267433957,-0.44349146171201875
2009-09-10,176300.3035961817,176520.3267433957,-0.12464465213337379
2009-09-10,176479.492245575,176520.3267433957,-0.02313302868516821
2009-09-10,176670.06210018808,176670.06210018808,0.0
2009-09-10,176450.24877169606,176670.06210018808,-0.12442024748220464
2009-09-10,176718.29392941756,176718.29392941756,0.0
2009-09-10,176724.48597748711,176724.48597748711,0.0
2009-09-10,176931.58049007854,176931.58049007854,0.0
2009-09-10,177052.28690989508,177052.28690989508,0.0
2009-09-10,177320.366362114,177320.366362114,0.0
2009-09-21,177299.13044873058,177320.366362114,-0.01197601483636594
2009-09-23,177594.0129733232,177594.0129733232,0.0
2009-09-23,177777.21422565685,177777.21422565685,0.0
2009-09-24,177659.58663035455,177777.21422565685,-0.06616573210163598
2009-09-25,177498.64621765722,177777.21422565685,-0.15669500121991486
2009-09-25,176999.3042554176,177777.21422565685,-0.4375757453662322
2009-09-25,176840.47335907456,177777.21422565685,-0.5269184077737095
2009-09-25,176696.15103765848,177777.21422565685,-0.6080999709142427
2009-09-28,177041.86238847618,177777.21422565685,-0.4136367196345375
2009-09-28,177721.2273733667,177777.21422565685,-0.031492704244466596
2009-09-28,177942.93933467788,177942.93933467788,0.0
2009-09-28,178168.19895476577,178168.19895476577,0.0
2009-09-28,178369.7859531126,178369.7859531126,0.0
2009-09-28,178235.70580799849,178369.7859531126,-0.07516976285958353
2009-09-28,178006.1049648688,178369.7859531126,-0.20389158752445918
2009-09-28,177308.82027190574,178369.7859531126,-0.5948124428908238
2009-09-28,178001.39809754796,178369.7859531126,-0.20653041298230812
2009-09-29,178013.03676260906,178369.7859531126,-0.20000539250369737
2009-09-29,178213.36243959807,178369.7859531126,-0.08769619399309705
2009-09-29,178443.13865955718,178443.13865955718,0.0
2009-09-29,178658.91116395936,178658.91116395936,0.0
2009-09-30,178422.38149035347,178658.91116395936,-0.13239175816359178
2009-09-30,178873.80913759887,178873.80913759887,0.0
2009-09-30,179098.8078164843,179098.8078164843,0.0
2009-09-30,179326.6718550416,179326.6718550416,0.0
2009-10-01,179155.65626645155,179326.6718550416,-0.09536539479654231
2009-10-01,178576.49995360267,179326.6718550416,-0.4183270082909576
2009-10-02,178239.66751718646,179326.6718550416,-0.606158764120614
2009-10-02,177689.3935150991,179326.6718550416,-0.9130144015977728
2009-10-02,176507.37721059335,179326.6718550416,-1.5721557843482634
2009-10-02,175809.77026035212,179326.6718550416,-1.9611703927301876
2009-10-02,175686.32747316125,179326.6718550416,-2.0300072176787123
2009-10-02,175634.75205047717,179326.6718550416,-2.058767815391567
2009-10-05,175894.88543458414,179326.6718550416,-1.9137066365852988
2009-10-05,175941.7549897363,179326.6718550416,-1.8875702260517595
2009-10-05,175797.41889904713,179326.6718550416,-1.9680580247690909
2009-10-05,175495.72689221488,179326.6718550416,-2.1362940176146634
2009-10-05,175239.40305576607,179326.6718550416,-2.2792308344290664
2009-10-05,174619.2294604422,179326.6718550416,-2.6250653881563464
2009-10-05,173808.84720456495,179326.6718550416,-3.07696819073126
2009-10-05,173463.22196502757,179326.6718550416,-3.26970317876292
2009-10-05,173535.79780139148,179326.6718550416,-3.2292318781955487
2009-10-05,173494.52216512465,179326.6718550416,-3.2522488872326614
2009-10-06,173711.12539033717,179326.6718550416,-3.1314619329152324
2009-10-06,173905.61020406894,179326.6718550416,-3.0230091234586527
2009-10-06,174235.00515843325,179326.6718550416,-2.83932481651374
2009-10-06,174443.10539568888,179326.6718550416,-2.72327948142614
2009-10-06,174041.5233567928,179326.6718550416,-2.947218304771219
2009-10-06,173915.21282430794,179326.6718550416,-3.0176543035985297
2009-10-06,173827.9783659357,179326.6718550416,-3.0662998605978506
2009-10-06,174049.37439827318,179326.6718550416,-2.942840237973257
2009-10-06,173569.02747802756,179326.6718550416,-3.2107016304123617
2009-10-06,173528.6356185156,179326.6718550416,-3.2332258088260515
2009-10-07,174038.91880107712,179326.6718550416,-2.9486707132103804
2009-10-07,174404.6581717161,179326.6718550416,-2.7447192502988202
2009-10-07,174501.6451689218,179326.6718550416,-2.6906352726046903
2009-10-07,174638.97058490152,179326.6718550416,-2.614056917271844
2009-10-07,174744.35782863855,179326.6718550416,-2.555288613233826
2009-10-07,174409.82103357048,179326.6718550416,-2.7418402241054585
2009-10-07,174805.2926112929,179326.6718550416,-2.5213088476897334
2009-10-07,174714.38689640554,179326.6718550416,-2.572001649796077
2009-10-07,173879.020002477,179326.6718550416,-3.0378369242073613
2009-10-07,173604.29644093174,179326.6718550416,-3.191034191910698
2009-10-07,173440.27457748694,179326.6718550416,-3.282499595103695
2009-10-07,173399.40541483802,179326.6718550416,-3.3052899375698463
2009-10-07,172984.23404040484,179326.6718550416,-3.536806738801055
2009-10-08,173142.35670626475,179326.6718550416,-3.4486309731861544
2009-10-08,173532.44054489688,179326.6718550416,-3.2311040238501123
2009-10-08,173698.76334398016,179326.6718550416,-3.138355523382915
2009-10-08,173920.1722633109,179326.6718550416,-3.014888714435655
2009-10-08,174059.30076402955,179326.6718550416,-2.9373048841668834
2009-10-08,174724.63583103823,179326.6718550416,-2.566286418187376
2009-10-08,174893.20533944652,179326.6718550416,-2.4722850592904986
2009-10-08,175085.71097376387,179326.6718550416,-2.364935922474442
2009-10-08,175336.66315800615,179326.6718550416,-2.2249945620252056
2009-10-08,174914.15901042533,179326.6718550416,-2.4606004221073885
2009-10-08,175296.69948936137,179326.6718550416,-2.2472799634277822
2009-10-12,175408.28989335525,179326.6718550416,-2.185052519601646
2009-10-13,175276.8562043573,179326.6718550416,-2.2583454032749706
2009-10-14,175239.75075317026,179326.6718550416,-2.2790369439159663
2009-10-14,175306.5449282216,179326.6718550416,-2.241789737819737
2009-10-15,174577.9185102742,179326.6718550416,-2.6481020896914056
2009-10-19,174350.1889753034,179326.6718550416,-2.7750935364266045
2009-10-19,174550.91466661243,179326.6718550416,-2.6631605544375785
2009-10-21,174897.81430755003,179326.6718550416,-2.469714907256877
2009-10-22,175038.03139612376,179326.6718550416,-2.391524035189016
2009-10-23,175735.78816151293,179326.6718550416,-2.0024258836584923
2009-10-23,175735.73245059274,179326.6718550416,-2.0024569503813696
2009-10-26,175763.91955857148,179326.6718550416,-1.9867386483088691
2009-10-26,175901.15070426502,179326.6718550416,-1.910212862002818
2009-10-27,175904.0450124283,179326.6718550416,-1.9085988755649115
2009-10-29,176066.6050789286,179326.6718550416,-1.8179486310593393
2009-10-30,173992.33016653868,179326.6718550416,-2.974650470742542
2009-10-30,173835.99450305288,179326.6718550416,-3.06182972961608
2009-10-30,173159.35132418675,179326.6718550416,-3.439154068414433
2009-10-30,172881.04316205598,179326.6718550416,-3.5943502582794498
2009-10-30,172769.20732590012,179326.6718550416,-3.656714565272369
2009-10-30,172508.03376679495,179326.6718550416,-3.8023557888580544
2009-10-30,172393.0326174794,179326.6718550416,-3.8664852059302244
2009-11-02,172532.60739581657,179326.6718550416,-3.7886525127266153
2009-11-02,172641.80156771367,179326.6718550416,-3.727761307437659
2009-11-02,172838.14352770185,179326.6718550416,-3.6182728760977367
2009-11-02,173135.1270719807,179326.6718550416,-3.452662517523232
2009-11-02,172722.65989379567,179326.6718550416,-3.682671346616124
2009-11-02,172585.51282427702,179326.6718550416,-3.759150248555218
2009-11-02,172307.17559504716,179326.6718550416,-3.9143626474418998
2009-11-02,172493.32934199326,179326.6718550416,-3.8105555868298677
2009-11-03,172711.7195872488,179326.6718550416,-3.688772115918143
2009-11-03,172896.24819923067,179326.6718550416,-3.58587129805708
2009-11-03,173136.41700764638,179326.6718550416,-3.451943195822602
2009-11-03,173323.9871517911,179326.6718550416,-3.3473462933069777
2009-11-03,173406.39064436575,179326.6718550416,-3.3013946834754804
2009-11-03,173574.38876610153,179326.6718550416,-3.2077119535179497
2009-11-03,173722.2526957203,179326.6718550416,-3.125256885295702
2009-11-03,173909.37408935794,179326.6718550416,-3.0209102247002813
2009-11-03,173993.5276781153,179326.6718550416,-2.973982688552518
2009-11-03,173849.34714596227,179326.6718550416,-3.0543837413694543
2009-11-03,173798.40624943102,179326.6718550416,-3.0827905009464267
2009-11-03,173699.27376181385,179326.6718550416,-3.1380708932002372
2009-11-03,173928.64890621204,179326.6718550416,-3.0101617863030743
2009-11-03,173787.99365628476,179326.6718550416,-3.0885969953393406
2009-11-03,173368.39900413743,179326.6718550416,-3.322580399930991
2009-11-03,172821.539301248,179326.6718550416,-3.627532082373122
2009-11-04,172606.8433892494,179326.6718550416,-3.74725543962817
2009-11-04,172255.0412467092,179326.6718550416,-3.9434349253125833
2009-11-04,172396.57201302596,179326.6718550416,-3.8645114919757098
2009-11-04,172619.23338721175,179326.6718550416,-3.740346262184474
2009-11-04,172761.81016924596,179326.6718550416,-3.660839527040543
2009-11-04,172869.0658029705,179326.6718550416,-3.601029331147746
2009-11-05,173019.35218331742,179326.6718550416,-3.5172234037905445
2009-11-05,173292.30808719012,179326.6718550416,-3.3650118554195667
2009-11-05,173399.5140172692,179326.6718550416,-3.305229376343765
2009-11-05,173734.97379958534,179326.6718550416,-3.1181630694492086
2009-11-05,173653.20488444393,179326.6718550416,-3.1637608125487446
2009-11-05,173687.76064982763,179326.6718550416,-3.144491082604927
2009-11-05,172746.7102259488,179326.6718550416,-3.6692598825520553
2009-11-05,172813.42435275696,179326.6718550416,-3.632057314680785
2009-11-05,172754.32557843154,179326.6718550416,-3.665013245727783
2009-11-05,172783.3146552901,179326.6718550416,-3.648847732500618
2009-11-06,172853.55562113778,179326.6718550416,-3.6096784527046593
2009-11-06,172878.6041033023,179326.6718550416,-3.5957103787392004
2009-11-06,172726.6330649693,179326.6718550416,-3.6804557413564467
2009-11-06,172759.13572554963,179326.6718550416,-3.662330907920291
2009-11-06,172430.2803799039,179326.6718550416,-3.8457143066327504
2009-11-06,172613.23257822313,179326.6718550416,-3.743692562501396
2009-11-06,172045.0404877822,179326.6718550416,-4.060540070216392
2009-11-06,172155.57731868557,179326.6718550416,-3.9989001425023867
2009-11-06,171940.47401611056,179326.6718550416,-4.118850677662536
2009-11-06,172048.9780331214,179326.6718550416,-4.058344331401583
2009-11-06,171970.60665978485,179326.6718550416,-4.102047464084438
2009-11-06,171881.25490924963,179326.6718550416,-4.151873711128965
2009-11-06,172096.37826903115,179326.6718550416,-4.031911991237454
2009-11-06,172151.43415070768,179326.6718550416,-4.00121054504041
2009-11-06,172185.75644461368,179326.6718550416,-3.982071008489064
2009-11-23,172422.99191661598,179326.6718550416,-3.8497786564656744
2009-11-24,172302.6200103633,179326.6718550416,-3.916903030663617
2009-11-24,171539.70773648165,179326.6718550416,-4.342334599760229
2009-11-24,171509.93467300205,179326.6718550416,-4.358937296487724
2009-11-24,171280.03780179893,179326.6718550416,-4.487137339919611
2009-11-25,171491.21897998394,179326.6718550416,-4.369373944212518
2009-11-25,171845.83168354823,179326.6718550416,-4.171627172973193
2009-11-25,171682.4669007433,179326.6718550416,-4.262726160711598
2009-11-25,171959.52057589515,179326.6718550416,-4.108229524887233
2009-11-30,171498.8875155117,179326.6718550416,-4.365097650313543
2009-12-01,171931.22504049249,179326.6718550416,-4.124008290594509
2009-12-01,172294.29339682165,179326.6718550416,-3.9215462961943377
2009-12-01,172709.91515978676,179326.6718550416,-3.6897783396122437
2009-12-01,172491.51424754376,179326.6718550416,-3.811567758879191
2009-12-01,172293.17814394608,179326.6718550416,-3.922168207516307
2009-12-01,172559.41503214097,179326.6718550416,-3.773703461340621
2009-12-01,172433.14083305906,179326.6718550416,-3.844119199153443
2009-12-01,172137.46012131442,179326.6718550416,-4.009003044197786
2009-12-01,172018.51454230034,179326.6718550416,-4.075332039089425
2009-12-01,172143.30773746394,179326.6718550416,-4.005742170570327
2009-12-01,172012.15171868456,179326.6718550416,-4.078880213797606
2009-12-01,172400.9384014827,179326.6718550416,-3.862076612427909
2009-12-01,172593.8064707967,179326.6718550416,-3.7545253668051193
2009-12-02,172885.92805171988,179326.6718550416,-3.591626240924215
2009-12-02,172619.31989702873,179326.6718550416,-3.7402980207176064
2009-12-02,172321.52001535124,179326.6718550416,-3.906363602929614
2009-12-02,172817.39552957637,179326.6718550416,-3.6298428215558474
2009-12-02,172655.5655135092,179326.6718550416,-3.720085959619537
2009-12-03,173234.24320990362,179326.6718550416,-3.3973912425379713
2009-12-03,173565.74880976562,179326.6718550416,-3.2125299520044774
2009-12-03,173749.0062426446,179326.6718550416,-3.1103379964056392
2009-12-03,173185.46276259053,179326.6718550416,-3.4245932459033868
2009-12-03,173390.65853590172,179326.6718550416,-3.310167560539047
2009-12-03,173825.88272136648,179326.6718550416,-3.0674684790457087
2009-12-03,173992.52852029796,179326.6718550416,-2.974539860448366
2009-12-04,174342.92512987167,179326.6718550416,-2.779144158320489
2009-12-04,174546.5203649807,179326.6718550416,-2.6656109995310295
2009-12-04,174881.3262952273,179326.6718550416,-2.4789093077061573
2009-12-04,175210.1869408171,179326.6718550416,-2.295522953524761
2009-12-04,175658.7021583179,179326.6718550416,-2.045412240566594
2009-12-04,176066.63789772196,179326.6718550416,-1.817930329937142
2009-12-04,176725.80609181352,179326.6718550416,-1.4503507684180414
2009-12-07,176920.1490599068,179326.6718550416,-1.3419770579805967
2009-12-07,177461.07122043316,179326.6718550416,-1.0403363957574039
2009-12-09,177841.72729875924,179326.6718550416,-0.8280667571206138
2009-12-09,178450.05326286642,179326.6718550416,-0.4888389346141451
2009-12-09,178527.91149261256,179326.6718550416,-0.4454219521091241
2009-12-09,178554.86903728856,179326.6718550416,-0.43038930560030464
2009-12-09,178415.60754924003,179326.6718550416,-0.5080472951274321
2009-12-09,178225.4940635182,179326.6718550416,-0.6140624705361917
2009-12-09,177982.61177521088,179326.6718550416,-0.7495037218541569
2009-12-09,177937.12332469487,179326.6718550416,-0.7748699710827077
2009-12-10,177712.5915823391,179326.6718550416,-0.9000781958454228
2009-12-11,177628.00499686477,179326.6718550416,-0.9472471889457472
2009-12-11,177909.46987313466,179326.6718550416,-0.790290684172484
2009-12-14,178129.37698481002,179326.6718550416,-0.6676613455467588
2009-12-14,178331.1601527752,179326.6718550416,-0.5551386706552639
2009-12-14,178521.6383505518,179326.6718550416,-0.4489201166575804
2009-12-14,178699.14822401712,179326.6718550416,-0.3499332388947429
2009-12-16,178938.05499373106,179326.6718550416,-0.2167089018552089
2009-12-16,178965.70059830337,179326.6718550416,-0.20129256457178218
2009-12-16,179132.5552314266,179326.6718550416,-0.10824749135584016
2009-12-17,178854.81980197053,179326.6718550416,-0.2631243016947874
2009-12-17,178595.85663467692,179326.6718550416,-0.40753291900462124
2009-12-18,178475.50803646413,179326.6718550416,-0.4746442956714859
2009-12-21,178550.89508725723,179326.6718550416,-0.43260534518338584
2009-12-21,178774.53411678804,179326.6718550416,-0.3078949341679031
2009-12-22,178663.95537759902,179326.6718550416,-0.369558231682511
2009-12-22,178384.0097651044,179326.6718550416,-0.5256675318768087
2009-12-22,177879.16997260044,179326.6718550416,-0.8071871671221629
2009-12-22,177930.6495340233,179326.6718550416,-0.7784800256298601
2009-12-22,178124.33302484048,179326.6718550416,-0.6704740671109082
2009-12-23,178403.15095795665,179326.6718550416,-0.5149936077726853
2009-12-23,178729.34100546295,179326.6718550416,-0.3330964899976026
2009-12-23,179195.9726442939,179326.6718550416,-0.07288330809671668
2009-12-23,179384.2031634793,179384.2031634793,0.0
2009-12-23,179769.0439814667,179769.0439814667,0.0
2009-12-23,180139.92043270275,180139.92043270275,0.0
2009-12-23,180375.65138510917,180375.65138510917,0.0
2009-12-23,180467.84203828356,180467.84203828356,0.0
2009-12-23,180656.45015784467,180656.45015784467,0.0
2009-12-23,180974.97109118514,180974.97109118514,0.0
2009-12-23,181221.17404952899,181221.17404952899,0.0
2009-12-23,181468.700587784,181468.700587784,0.0
2009-12-23,181503.19471175538,181503.19471175538,0.0
2009-12-23,181905.31156059483,181905.31156059483,0.0
2009-12-24,182132.70632736429,182132.70632736429,0.0
2009-12-24,182210.4276423334,182210.4276423334,0.0
2009-12-24,182334.58629697977,182334.58629697977,0.0
2009-12-28,182245.67974517983,182334.58629697977,-0.048760113813587164
2009-12-28,182085.62640089632,182334.58629697977,-0.13654013818198976
2009-12-28,182048.29421641614,182334.58629697977,-0.15701468732725055
2009-12-29,182585.22211395518,182585.22211395518,0.0
2009-12-29,182482.5105794057,182585.22211395518,-0.05625402393484933
2009-12-29,182514.92536462532,182585.22211395518,-0.03850078802433976
2009-12-29,182569.2885951258,182585.22211395518,-0.008726620174897122
2009-12-29,182580.45640231553,182585.22211395518,-0.0026101299899748565
2009-12-29,182583.76998886638,182585.22211395518,-0.0007953135921921413
2009-12-29,182672.88453942534,182672.88453942534,0.0
2009-12-29,182694.54798793496,182694.54798793496,0.0
2010-01-04,182904.7413111018,182904.7413111018,0.0
2010-01-06,183258.7131236222,183258.7131236222,0.0
2010-01-06,183686.59381644754,183686.59381644754,0.0
2010-01-07,183859.28745903223,183859.28745903223,0.0
2010-01-07,184356.48538419252,184356.48538419252,0.0
2010-01-07,184664.40744631633,184664.40744631633,0.0
2010-01-08,184885.81200782306,184885.81200782306,0.0
2010-01-08,185062.75803964774,185062.75803964774,0.0
2010-01-11,185340.7187402856,185340.7187402856,0.0
2010-01-11,185453.0046240681,185453.0046240681,0.0
2010-01-12,184281.88535196622,185453.0046240681,-0.6314911286963782
2010-01-12,184069.08671586774,185453.0046240681,-0.7462364446484406
2010-01-12,184186.10048934256,185453.0046240681,-0.6831402582523173
2010-01-13,184335.90803357057,185453.0046240681,-0.60236100933603
2010-01-13,184444.21979037463,185453.0046240681,-0.5439571258165257
2010-01-13,184548.71580067457,185453.0046240681,-0.4876107697616478
2010-01-13,184662.5758884727,185453.0046240681,-0.4262151142806658
2010-01-13,184634.32417300172,185453.0046240681,-0.4414490089960669
2010-01-13,184892.80434957956,185453.0046240681,-0.3020712851884615
2010-01-13,184678.803262342,185453.0046240681,-0.4174649870437422
2010-01-13,184586.9273982466,185453.0046240681,-0.46700630576308316
2010-01-13,184555.1708566034,185453.0046240681,-0.48413007343003367
2010-01-13,184609.92162062638,185453.0046240681,-0.4546073573468006
2010-01-13,184541.02316510142,185453.0046240681,-0.49175879399492967
2010-01-13,184601.39123055505,185453.0046240681,-0.45920711569993444
2010-01-13,184835.83798355394,185453.0046240681,-0.3327886985520766
2010-01-14,184990.7228632787,185453.0046240681,-0.24927164794471107
2010-01-14,185066.51979572666,185453.0046240681,-0.2084004134227298
2010-01-14,185031.2166411675,185453.0046240681,-0.22743658629613717
2010-01-14,185073.25479939958,185453.0046240681,-0.20476876362197782
2010-01-19,185258.49411161745,185453.0046240681,-0.10488399087679603
2010-01-19,185230.16121796865,185453.0046240681,-0.12016165850274238
2010-01-19,185033.76808443957,185453.0046240681,-0.22606079663058895
2010-01-19,184785.12969318288,185453.0046240681,-0.36013163132032433
2010-01-19,184899.07807461562,185453.0046240681,-0.29868836613099814
2010-01-19,185100.03838719233,185453.0046240681,-0.19032651295743033
2010-01-19,185284.32293866706,185453.0046240681,-0.0909565664589658
2010-01-19,185575.4279744763,185575.4279744763,0.0
2010-01-20,185590.83071302366,185590.83071302366,0.0
2010-01-21,186373.1129799069,186373.1129799069,0.0
2010-01-21,186245.17168961302,186373.1129799069,-0.0686479333033794
2010-01-22,185844.57644217936,186373.1129799069,-0.2835905508454575
2010-01-22,185575.74317820193,186373.1129799069,-0.4278352112898071
2010-01-22,184894.92926069623,186373.1129799069,-0.793131420930894
2010-01-25,184809.76989438318,186373.1129799069,-0.8388243671673121
2010-01-25,184580.21622640773,186373.1129799069,-0.9619932429268712
2010-01-25,184215.56527670607,186373.1129799069,-1.1576496570261412
2010-01-25,183572.19624284128,186373.1129799069,-1.5028545117275534
2010-01-26,183636.2513163203,186373.1129799069,-1.468485244371955
2010-01-26,183783.7568012355,186373.1129799069,-1.3893399843305585
2010-01-27,183728.99750803952,186373.1129799069,-1.4187215256486294
2010-01-27,183600.48792393142,186373.1129799069,-1.4876743815908704
2010-01-27,183121.5810189399,186373.1129799069,-1.7446357518949358
2010-01-27,183227.0711070613,186373.1129799069,-1.6880341925633833
2010-01-27,182702.6586927698,186373.1129799069,-1.9694119116488784
2010-01-27,182257.20410621606,186373.1129799069,-2.2084241701401353
2010-01-27,181869.01300125784,186373.1129799069,-2.4167112447891825
2010-01-29,181311.5230951928,186373.1129799069,-2.7158369594115235
2010-01-29,181288.17015578347,186373.1129799069,-2.728367167785431
2010-01-29,181118.55717437083,186373.1129799069,-2.8193743837409495
2010-01-29,180826.5010057134,186373.1129799069,-2.976079481374278
2010-01-29,180540.18013963604,186373.1129799069,-3.129707256056682
2010-02-01,180580.70922213665,186373.1129799069,-3.107961049292953
2010-02-01,180190.75181084566,186373.1129799069,-3.317195849879791
2010-02-01,179977.08644314314,186373.1129799069,-3.4318397297218106
2010-02-01,179622.38515532608,186373.1129799069,-3.622157572325698
2010-02-01,179653.41277544867,186373.1129799069,-3.6055094519898327
2010-02-01,179450.10419757164,186373.1129799069,-3.7145963125494625
2010-02-01,179676.65168404198,186373.1129799069,-3.5930404277718297
2010-02-02,179753.23613313417,186373.1129799069,-3.5519484226710487
2010-02-02,179999.70196944234,186373.1129799069,-3.4197051863117673
2010-02-02,180045.67556448892,186373.1129799069,-3.395037682340022
2010-02-03,180256.05841136817,186373.1129799069,-3.2821550655744103
2010-02-03,180402.8332970926,186373.1129799069,-3.2034018144333682
2010-02-03,180713.18161780812,186373.1129799069,-3.0368819147797272
2010-02-03,180821.05007158025,186373.1129799069,-2.9790042241367876
2010-02-03,181311.15901965,186373.1129799069,-2.7160323070864028
2010-02-03,181467.89306378158,186373.1129799069,-2.631935389014058
2010-02-03,181786.99716101272,186373.1129799069,-2.4607175067084976
2010-02-03,181905.78626044275,186373.1129799069,-2.396980255379315
2010-02-03,182096.6562243924,186373.1129799069,-2.294567433648833
2010-02-03,182300.74485664614,186373.1129799069,-2.1850620286091424
2010-02-03,182435.8007262315,186373.1129799069,-2.1125967102882917
2010-02-03,182600.22055367293,186373.1129799069,-2.024375923066076
2010-02-03,182629.26813954517,186373.1129799069,-2.0087902061094858
2010-02-03,182944.1309398979,186373.1129799069,-1.8398480259213559
2010-02-03,183186.66787966512,186373.1129799069,-1.7097128707536862
2010-02-03,183430.804477118,186373.1129799069,-1.5787194063266528
2010-02-03,183720.08878654474,186373.1129799069,-1.423501572165178
2010-02-03,183764.23043183063,186373.1129799069,-1.3998170156429923
2010-02-05,183299.22265846122,186373.1129799069,-1.649320694545184
2010-02-05,182573.45903643256,186373.1129799069,-2.0387350314226875
2010-02-05,182355.46646049188,186373.1129799069,-2.1557007098165335
2010-02-05,182327.98106988904,186373.1129799069,-2.1704482182759786
2010-02-05,182018.61021215862,186373.1129799069,-2.3364436522653085
2010-02-05,180701.7873872128,186373.1129799069,-3.0429955812915663
2010-02-05,180343.32532236652,186373.1129799069,-3.235331299204332
2010-02-05,180078.27709977134,186373.1129799069,-3.377545065105082
2010-02-05,179759.66044490252,186373.1129799069,-3.5485014062717237
2010-02-05,179617.54462816718,186373.1129799069,-3.6247547962929887
2010-02-05,179463.87198051595,186373.1129799069,-3.7072090973421936
2010-02-05,179085.35176856577,186373.1129799069,-3.9103071761895354
2010-02-05,178981.11434982918,186373.1129799069,-3.966236605638853
2010-02-05,178702.7257558042,186373.1129799069,-4.115608255644507
2010-02-08,178487.6584826447,186373.1129799069,-4.231004339189385
2010-02-08,178355.99314231705,186373.1129799069,-4.301650441635424
2010-02-09,177897.60884973078,186373.1129799069,-4.547600238393763
2010-02-09,177652.63380180724,186373.1129799069,-4.679043580197013
2010-02-09,177521.87119172706,186373.1129799069,-4.749205315433085
2010-02-09,177340.09259462997,186373.1129799069,-4.8467400908041895
2010-02-09,177282.0990760391,186373.1129799069,-4.877856981896265
2010-02-09,176774.0045023474,186373.1129799069,-5.150479231730375
2010-02-09,176498.64535168745,186373.1129799069,-5.298225409415163
2010-02-09,176481.36359203028,186373.1129799069,-5.307498077226979
2010-02-09,176213.76425268003,186373.1129799069,-5.451080665440277
2010-02-09,175933.6239173147,186373.1129799069,-5.601392226419326
2010-02-09,175865.51804397855,186373.1129799069,-5.637934983176029
2010-02-09,175827.9489209726,186373.1129799069,-5.658092999751096
2010-02-10,176079.8264095828,186373.1129799069,-5.522946097613247
2010-02-10,176494.01102463805,186373.1129799069,-5.30071199504723
2010-02-10,176659.46497141517,186373.1129799069,-5.211936342737896
2010-02-10,176839.6930934862,186373.1129799069,-5.115233487272664
2010-02-10,176785.32661914907,186373.1129799069,-5.144404258457336
2010-02-10,176512.41872582148,186373.1129799069,-5.290835194209861
2010-02-10,176080.91100633878,186373.1129799069,-5.522364148458333
2010-02-11,174184.43005065076,186373.1129799069,-6.539936332216666
2010-02-11,173749.24837931045,186373.1129799069,-6.773436575026488
2010-02-11,173941.1072652109,186373.1129799069,-6.670493139231031
2010-02-11,174199.76584432155,186373.1129799069,-6.531707788181753
2010-02-11,174542.4682510608,186373.1129799069,-6.347828042192742
2010-02-11,174883.8332704453,186373.1129799069,-6.164665882197441
2010-02-12,175079.2645330813,186373.1129799069,-6.059805658793288
2010-02-12,175344.87380524102,186373.1129799069,-5.917290857214393
2010-02-12,175581.12245845288,186373.1129799069,-5.790529733018687
2010-02-12,175747.60819458356,186373.1129799069,-5.7012004657929864
2010-02-16,176278.79477662916,186373.1129799069,-5.416188012251542
2010-02-16,176653.56684083445,186373.1129799069,-5.215101032368509
2010-02-16,176546.435458387,186373.1129799069,-5.272583241435336
2010-02-16,176859.72421231438,186373.1129799069,-5.104485628577858
2010-02-19,176633.3726286686,186373.1129799069,-5.225936400111716
2010-03-01,177101.39048256117,186373.1129799069,-4.974817638177954
2010-03-01,177310.22303609207,186373.1129799069,-4.862766843837564
2010-03-01,177407.86396423352,186373.1129799069,-4.810376814728602
2010-03-01,177634.20103677688,186373.1129799069,-4.6889338292440135
2010-03-01,177821.75706690626,186373.1129799069,-4.588299125487365
2010-03-01,178277.07864968237,186373.1129799069,-4.34399265042988
2010-03-03,178518.56601874868,186373.1129799069,-4.214420650904206
2010-03-03,178703.49617952172,186373.1129799069,-4.115194878572451
2010-03-04,178461.30726102163,186373.1129799069,-4.245143300116605
2010-03-05,178723.0119607604,186373.1129799069,-4.104723528426158
2010-03-08,178824.03439331954,186373.1129799069,-4.050519125793235
2010-03-08,179591.29446383883,186373.1129799069,-3.638839534111998
2010-03-09,179821.58640921194,186373.1129799069,-3.515274529648107
2010-03-10,180021.4851895626,186373.1129799069,-3.408017223508561
2010-03-15,180304.32016252828,186373.1129799069,-3.2562598329475256
2010-03-17,180763.06006953082,186373.1129799069,-3.0101192284001312
2010-03-18,180981.73544471734,186373.1129799069,-2.8927871885526804
2010-03-18,181164.79692758914,186373.1129799069,-2.7945640704511274
2010-03-19,181342.79884806523,186373.1129799069,-2.699055701443372
2010-03-22,181188.28452819207,186373.1129799069,-2.7819616085254797
2010-03-22,181312.5610958018,186373.1129799069,-2.71528001179585
2010-03-22,181429.8360325451,186373.1129799069,-2.6523551966933856
2010-03-23,181671.91936411793,186373.1129799069,-2.5224634286683902
2010-03-23,182108.82222309313,186373.1129799069,-2.288039668722769
2010-03-24,182834.51918806508,186373.1129799069,-1.8986610972277531
2010-03-24,183150.8049150663,186373.1129799069,-1.7289554342465638
2010-03-24,183599.7161291466,186373.1129799069,-1.4880884943201553
2010-03-25,183802.3264663833,186373.1129799069,-1.3793762804191427
2010-03-25,184141.75140222345,186373.1129799069,-1.1972550879289194
2010-03-26,184044.9131501266,186373.1129799069,-1.2492144347190781
2010-03-26,183434.36437954297,186373.1129799069,-1.576809311910117
2010-03-26,183424.44049442315,186373.1129799069,-1.5821340526740315
2010-03-26,182601.20513821678,186373.1129799069,-2.023847636271854
2010-03-26,182690.553503905,186373.1129799069,-1.9759070485660324
2010-03-29,182879.66797887103,186373.1129799069,-1.8744361486372245
2010-03-29,183958.9102702596,186373.1129799069,-1.2953599749699845
2010-03-30,183771.5584293179,186373.1129799069,-1.3958851193677708
2010-03-30,183922.59001318703,186373.1129799069,-1.3148479024354045
2010-03-31,183704.591652847,186373.1129799069,-1.4318166844954654
2010-04-01,183928.63932981447,186373.1129799069,-1.311602092709572
2010-04-01,184129.36251697416,186373.1129799069,-1.203902444433949
2010-04-01,184167.99549997962,186373.1129799069,-1.183173605178243
2010-04-01,184164.93742166253,186373.1129799069,-1.184814441814061
2010-04-05,184636.3463779181,186373.1129799069,-0.9318761565012093
2010-04-05,184829.03112804965,186373.1129799069,-0.8284895965780846
2010-04-05,185012.07472408016,186373.1129799069,-0.7302760758057841
2010-04-05,185480.62982819605,186373.1129799069,-0.47886904792274076
2010-04-05,185803.8643691764,186373.1129799069,-0.30543494264212195
2010-04-05,186163.8225852768,186373.1129799069,-0.11229645268235249
2010-04-06,185924.00408798121,186373.1129799069,-0.24097300557194973
2010-04-06,185982.66523448107,186373.1129799069,-0.2094978933296698
2010-04-06,186316.4907714363,186373.1129799069,-0.03038110356438569
2010-04-06,186698.72778221063,186698.72778221063,0.0
2010-04-06,187028.1880273893,187028.1880273893,0.0
2010-04-06,187495.9982729925,187495.9982729925,0.0
2010-04-07,187803.13245148445,187803.13245148445,0.0
2010-04-07,187823.88914827173,187823.88914827173,0.0
2010-04-07,187711.34280072612,187823.88914827173,-0.05992121026562237
2010-04-07,187723.20696161146,187823.88914827173,-0.053604569214722786
2010-04-09,187857.64952054888,187857.64952054888,0.0
2010-04-09,187999.22991637455,187999.22991637455,0.0
2010-04-12,188102.14726843356,188102.14726843356,0.0
2010-04-12,188286.68281389916,188286.68281389916,0.0
2010-04-14,188107.1676201178,188286.68281389916,-0.09534141825568247
2010-04-14,188313.76231788675,188313.76231788675,0.0
2010-04-15,188935.8632182227,188935.8632182227,0.0
2010-04-15,189051.96577974068,189051.96577974068,0.0
2010-04-15,189485.58489135225,189485.58489135225,0.0
2010-04-15,189591.02073417313,189591.02073417313,0.0
2010-04-19,189721.91836544557,189721.91836544557,0.0
2010-04-19,189603.7502375794,189721.91836544557,-0.062284910928716936
2010-04-19,189657.60946486495,189721.91836544557,-0.03389640012850395
2010-04-20,189794.32473304888,189794.32473304888,0.0
2010-04-20,189929.90892721876,189929.90892721876,0.0
2010-04-20,190092.4497687671,190092.4497687671,0.0
2010-04-21,190227.9348338792,190227.9348338792,0.0
2010-04-21,190366.60608852134,190366.60608852134,0.0
2010-04-21,190787.2814823433,190787.2814823433,0.0
2010-04-21,190906.5922341281,190906.5922341281,0.0
2010-04-22,191066.12425414368,191066.12425414368,0.0
2010-04-22,191228.4600385358,191228.4600385358,0.0
2010-04-22,191562.7275713877,191562.7275713877,0.0
2010-04-23,191806.34176951594,191806.34176951594,0.0
2010-04-23,191959.55311775842,191959.55311775842,0.0
2010-04-23,192298.61608751104,192298.61608751104,0.0
2010-04-26,192296.90834536907,192298.61608751104,-0.0008880678273784436
2010-04-26,192288.26512206157,192298.61608751104,-0.00538275608013715
2010-04-26,192270.94408214607,192298.61608751104,-0.014390121950939803
2010-04-26,192486.8077586292,192486.8077586292,0.0
2010-04-28,192655.98610632177,192655.98610632177,0.0
2010-04-29,192568.7788511487,192655.98610632177,-0.045265790560455106
2010-04-29,192607.10335824182,192655.98610632177,-0.025373075121047497
2010-05-03,192906.3156207976,192906.3156207976,0.0
2010-05-03,193009.8099623467,193009.8099623467,0.0
2010-05-03,193050.1149716648,193050.1149716648,0.0
2010-05-04,192644.9066115891,193050.1149716648,-0.20989801541178243
2010-05-04,192080.51957534454,193050.1149716648,-0.5022506184275322
2010-05-07,191488.1524291195,193050.1149716648,-0.8090969242750995
2010-05-07,191047.92220677013,193050.1149716648,-1.0371362716818548
2010-05-07,190463.80151845005,193050.1149716648,-1.3397109106069933
2010-05-07,189575.43899388655,193050.1149716648,-1.79988288444596
2010-05-07,188996.93542519803,193050.1149716648,-2.099547854225147
2010-05-10,188602.31617417873,193050.1149716648,-2.30396070892726
2010-05-10,188385.60633843025,193050.1149716648,-2.416216449246445
2010-05-10,188193.63419385793,193050.1149716648,-2.515658060353749
2010-05-10,188223.42487345802,193050.1149716648,-2.50022648207965
2010-05-10,188262.73544099176,193050.1149716648,-2.4798635998614693
2010-05-10,188142.42787397193,193050.1149716648,-2.5421829447825997
2010-05-10,187189.89474053122,193050.1149716648,-3.0355953074639266
2010-05-12,187418.95806211946,193050.1149716648,-2.9169404588916468
2010-05-20,185765.9084829473,193050.1149716648,-3.7732204872225243
2010-05-21,185124.28446135484,193050.1149716648,-4.105581864829907
2010-05-24,185441.4212163651,193050.1149716648,-3.9413049592933285
2010-05-27,185681.6317609419,193050.1149716648,-3.8168758468775876
2010-05-27,184943.34462712315,193050.1149716648,-4.199308736869452
2010-05-27,184941.03813526363,193050.1149716648,-4.200503500135901
2010-05-27,184648.6275759583,193050.1149716648,-4.351972231117107
2010-05-27,184340.54290220837,193050.1149716648,-4.511560156664388
2010-05-27,184311.63453022225,193050.1149716648,-4.526534699409606
2010-05-27,184492.15223453823,193050.1149716648,-4.433026490754836
2010-05-27,184031.11275186247,193050.1149716648,-4.671845039370268
2010-05-27,184326.45344997913,193050.1149716648,-4.518858495870923
2010-05-27,184445.3496493696,193050.1149716648,-4.45727023967749
2010-05-27,184462.06282292743,193050.1149716648,-4.4486128122730655
2010-05-27,184227.93594381213,193050.1149716648,-4.569890584705194
2010-05-27,184204.92658794482,193050.1149716648,-4.581809435865002
2010-05-27,184512.56659354173,193050.1149716648,-4.422451848514138
2010-05-27,185452.14739253352,193050.1149716648,-3.9357487977909154
2010-05-27,185372.9475764141,193050.1149716648,-3.976774319133415
2010-05-27,185529.72704205368,193050.1149716648,-3.895562523086261
2010-05-27,185628.5241397596,193050.1149716648,-3.844385605776257
2010-05-27,186107.9894521693,193050.1149716648,-3.5960224734983592
2010-05-27,186298.7352908915,193050.1149716648,-3.4972160890783437
2010-05-27,186488.31079733,193050.1149716648,-3.399015937026465
2010-06-30,185245.83905613853,193050.1149716648,-4.042616559265839
2010-06-30,184641.6187295273,193050.1149716648,-4.3556028150367325
2010-08-02,184822.43769684056,193050.1149716648,-4.261938552086264
2010-08-09,185028.1711186484,193050.1149716648,-4.155368596487923
2010-08-11,184658.46708898098,193050.1149716648,-4.346875361309943
2010-08-11,184443.3673490182,193050.1149716648,-4.458297071674815
2010-08-17,183958.85662138253,193050.1149716648,-4.709273730096793
2010-08-17,183369.27981775498,193050.1149716648,-5.014674637894272
2010-08-17,182807.94489045345,193050.1149716648,-5.305446247838106
2010-08-17,182562.3340086286,193050.1149716648,-5.432672736079728
2010-08-17,182046.65290868696,193050.1149716648,-5.699795653886498
2010-08-19,181978.08788906303,193050.1149716648,-5.735312348416306
2010-09-16,182164.59303956392,193050.1149716648,-5.638702641383361
2010-09-20,182423.76809616885,193050.1149716648,-5.504449907763921
2010-09-22,182680.5455277392,193050.1149716648,-5.371439144414709
2010-09-22,182608.4798013953,193050.1149716648,-5.408769205758868
2010-09-22,182803.5417305,193050.1149716648,-5.307727085616472
2010-09-23,182992.79052692014,193050.1149716648,-5.209696169422549
2010-09-24,183204.85331069972,193050.1149716648,-5.099847602996831
2010-09-27,183397.9394629036,193050.1149716648,-4.999828935702996
2010-09-28,183342.25867318612,193050.1149716648,-5.028671596441967
2010-09-28,183047.22829313308,193050.1149716648,-5.181497395119343
2010-09-28,183249.70103059092,193050.1149716648,-5.076616474697434
2010-09-28,183290.85924785153,193050.1149716648,-5.055296509533645
2010-09-28,183147.60931197036,193050.1149716648,-5.129500006331459
2010-09-28,183113.26232714334,193050.1149716648,-5.147291751667668
2010-09-28,183275.4379814829,193050.1149716648,-5.063284728743414
2010-10-04,183566.15370464878,193050.1149716648,-4.912693923237516
2010-10-05,183709.64131608716,193050.1149716648,-4.838367310451275
2010-10-05,183920.09040038814,193050.1149716648,-4.7293546406935425
2010-10-05,184155.76134945097,193050.1149716648,-4.607277039705106
2010-10-06,184541.89093817823,193050.1149716648,-4.4072618318488805
2010-10-11,184678.8341421438,193050.1149716648,-4.336325223504627
2010-10-11,184687.2540287127,193050.1149716648,-4.331963720497951
2010-10-12,184851.31959324772,193050.1149716648,-4.2469777236964905
2010-10-13,184876.43610004126,193050.1149716648,-4.233967367915443
2010-10-13,184662.0580499069,193050.1149716648,-4.345015242798002
2010-10-14,184780.28463601464,193050.1149716648,-4.283773846425304
2010-10-20,184802.92065865104,193050.1149716648,-4.27204838195732
2010-10-20,184889.33826874636,193050.1149716648,-4.227284041823152
2010-10-20,184919.54880276247,193050.1149716648,-4.211634978873595
2010-10-20,184977.62422660613,193050.1149716648,-4.181551897155572
2010-10-20,185020.9865314918,193050.1149716648,-4.159090214140241
2010-10-21,184858.21465177104,193050.1149716648,-4.243406081936877
2010-10-21,184979.0789001105,193050.1149716648,-4.180798375975549
2010-10-21,185104.8295834683,193050.1149716648,-4.115659495651002
2010-10-22,185275.03113231494,193050.1149716648,-4.0274950576906186
2010-10-22,185513.90816679562,193050.1149716648,-3.903756703784046
2010-10-22,185670.78559738424,193050.1149716648,-3.8224941618727684
2010-10-22,185630.37063155696,193050.1149716648,-3.8434291226383768
2010-10-25,185773.18251046268,193050.1149716648,-3.769452539445624
2010-10-25,185897.8682713555,193050.1149716648,-3.7048652891810425
2010-10-25,186023.9246036129,193050.1149716648,-3.6395680826624637
2010-10-28,186016.622313565,193050.1149716648,-3.64335067043713
2010-11-01,186137.4961548026,193050.1149716648,-3.5807379953525604
2010-11-03,186265.4541429348,193050.1149716648,-3.514455730692433
2010-11-03,186486.87220623659,193050.1149716648,-3.39976112751424
2010-11-04,186669.4739175628,193050.1149716648,-3.3051734027915574
2010-11-04,187018.50978858152,193050.1149716648,-3.1243727484796215
2010-11-04,187286.3398775728,193050.1149716648,-2.9856367062707867
2010-11-04,187587.9874958089,193050.1149716648,-2.829383176828262
2010-11-04,188093.84320095877,193050.1149716648,-2.567349815582076
2010-11-05,188014.85645378294,193050.1149716648,-2.608264967167159
2010-11-05,188469.40456013705,193050.1149716648,-2.372808952846305
2010-11-09,188391.5698462115,193050.1149716648,-2.4131273509663855
2010-11-09,188276.01254761167,193050.1149716648,-2.4729860558507575
2010-11-09,188191.61670902596,193050.1149716648,-2.516703117919381
2010-11-09,188152.13455835462,193050.1149716648,-2.537154880238781
2010-11-09,188001.26418716618,193050.1149716648,-2.615305764122269
2010-11-15,187837.0761284267,193050.1149716648,-2.7003552129472896
2010-11-16,188049.1655454809,193050.1149716648,-2.590492850479735
2010-11-17,188285.0566178545,193050.1149716648,-2.468301225570199
2010-11-18,187995.8243091667,193050.1149716648,-2.6181236220656734
2010-11-18,188060.79555813337,193050.1149716648,-2.584468501489233
2010-11-18,188408.53971360548,193050.1149716648,-2.404336956101054
2010-11-19,188918.07692948674,193050.1149716648,-2.140396571524727
2010-11-19,189124.279839363,193050.1149716648,-2.0335834210085837
2010-11-19,189315.67489683675,193050.1149716648,-1.9344407411392497
2010-11-19,189386.42066467222,193050.1149716648,-1.8977944185789895
2010-11-19,189762.6159742039,193050.1149716648,-1.702925169427344
2010-11-19,190219.06683364883,193050.1149716648,-1.466483528606804
2010-11-19,190623.02405346953,193050.1149716648,-1.2572336041092227
2010-11-19,190989.12073899055,193050.1149716648,-1.0675954443107953
2010-11-19,191660.8040078341,193050.1149716648,-0.7196633703298364
2010-11-19,192401.51270858757,193050.1149716648,-0.335976108158454
2010-11-19,192761.0263808478,193050.1149716648,-0.149747950608283
2010-11-19,193168.84359484,193168.84359484,0.0
2010-11-19,193435.21159298043,193435.21159298043,0.0
2010-11-19,193675.30646435567,193675.30646435567,0.0
2010-11-19,193723.55493301226,193723.55493301226,0.0
2010-11-19,194028.35664447685,194028.35664447685,0.0
2010-11-19,194450.4312911517,194450.4312911517,0.0
2010-11-19,196605.48166192684,196605.48166192684,0.0
2010-11-19,197317.86046127923,197317.86046127923,0.0
2010-11-19,197624.77205365157,197624.77205365157,0.0
2010-11-19,197936.6032843149,197936.6032843149,0.0
2010-11-19,198581.34396145758,198581.34396145758,0.0
2010-11-19,199228.25381436668,199228.25381436668,0.0
2010-11-19,199723.04344280198,199723.04344280198,0.0
2010-11-19,200066.6876809614,200066.6876809614,0.0
2010-11-19,200411.85374418812,200411.85374418812,0.0
2010-11-19,200383.3988214262,200411.85374418812,-0.014198223423567732
2010-11-19,200852.3400634169,200852.3400634169,0.0
2010-11-19,201771.20044436565,201771.20044436565,0.0
2010-11-22,201987.60271574857,201987.60271574857,0.0
2010-11-22,202195.21168420246,202195.21168420246,0.0
2010-11-22,202471.5973015803,202471.5973015803,0.0
2010-11-22,202657.0830544418,202657.0830544418,0.0
2010-11-22,203040.45617560798,203040.45617560798,0.0
2010-11-22,203304.0472494179,203304.0472494179,0.0
2010-11-22,203518.9286060606,203518.9286060606,0.0
2010-11-22,204040.95963174297,204040.95963174297,0.0
2010-11-22,204222.45529022213,204222.45529022213,0.0
2010-11-22,203735.32054194322,204222.45529022213,-0.2385314325922888
2010-11-22,203582.8207811786,204222.45529022213,-0.3132047884423608
2010-11-23,203199.85753254438,204222.45529022213,-0.500727383883682
2010-11-23,202880.75159619167,204222.45529022213,-0.6569814725436349
2010-11-23,202554.12590358977,204222.45529022213,-0.8169177009753846
2010-11-23,202270.32858685558,204222.45529022213,-0.9558824961693696
2010-11-23,202322.90823863188,204222.45529022213,-0.9301362325170339
2010-11-24,202569.16628927796,204222.45529022213,-0.8095529938638111
2010-11-24,202803.99952806937,204222.45529022213,-0.6945640527810643
2010-11-24,203110.85437794364,204222.45529022213,-0.544308857073912
2010-11-24,203394.76564727104,204222.45529022213,-0.40528826361178544
2010-11-24,203663.56704705497,204222.45529022213,-0.2736664008729725
2010-11-26,203651.8569053167,204222.45529022213,-0.2794004136785791
2010-11-26,203598.35052781928,204222.45529022213,-0.3056004598103268
2010-11-26,203569.29793049136,204222.45529022213,-0.3198264161512334
2010-11-26,203672.09535837552,204222.45529022213,-0.26949040988881173
2010-11-26,203375.2790027076,204222.45529022213,-0.41483013526137813
2010-11-26,203543.58778749147,204222.45529022213,-0.3324156992265694
2010-11-26,203669.9048246682,204222.45529022213,-0.2705630312634852
2010-11-26,203574.248460214,204222.45529022213,-0.3174023292820362
2010-11-30,203650.3903937353,204222.45529022213,-0.2801185088456013
2010-12-02,204067.89565212314,204222.45529022213,-0.07568199974843232
2010-12-03,204288.86760638648,204288.86760638648,0.0
2010-12-09,204333.4873474053,204333.4873474053,0.0
2010-12-10,204187.39346071924,204333.4873474053,-0.07149776993609736
2010-12-10,203789.68899207813,204333.4873474053,-0.266132762860648
2010-12-13,204370.7789505697,204370.7789505697,0.0
2010-12-15,204636.3490506394,204636.3490506394,0.0
2010-12-16,204374.97839807798,204636.3490506394,-0.12772445060420148
2010-12-16,203741.73855629432,204636.3490506394,-0.4371708635808864
2010-12-16,203999.3970355331,204636.3490506394,-0.3112604471596998
2010-12-17,204375.46553370386,204636.3490506394,-0.12748640119209026
2010-12-17,204617.03975702848,204636.3490506394,-0.009435906035510169
2010-12-17,204842.50560456573,204842.50560456573,0.0
2010-12-20,205372.73954005117,205372.73954005117,0.0
2010-12-20,205652.72002486855,205652.72002486855,0.0
2010-12-20,205969.48944427416,205969.48944427416,0.0
2010-12-20,206377.315135458,206377.315135458,0.0
2010-12-20,206466.56781125715,206466.56781125715,0.0
2010-12-20,206847.25477691743,206847.25477691743,0.0
2010-12-20,207384.0110672936,207384.0110672936,0.0
2010-12-21,207284.408742592,207384.0110672936,-0.04802796714607524
2010-12-21,206990.34390506597,207384.0110672936,-0.1898252233630045
2010-12-21,207238.18202593757,207384.0110672936,-0.07031836283112802
2010-12-22,207363.7386212362,207384.0110672936,-0.009775317756214008
2010-12-22,207610.2865157992,207610.2865157992,0.0
2010-12-22,208002.27472654014,208002.27472654014,0.0
2010-12-22,208330.78691345974,208330.78691345974,0.0
2010-12-22,208696.50962266626,208696.50962266626,0.0
2010-12-22,209043.32355475976,209043.32355475976,0.0
2010-12-22,209688.41283375278,209688.41283375278,0.0
2010-12-27,209747.0813732405,209747.0813732405,0.0
2010-12-27,209798.75056867255,209798.75056867255,0.0
2010-12-27,209515.4179578447,209798.75056867255,-0.13504971314645628
2010-12-27,209693.00283094821,209798.75056867255,-0.05040436963408895
2010-12-27,209808.29301848816,209808.29301848816,0.0
2010-12-27,209929.18762924726,209929.18762924726,0.0
2010-12-28,209702.89129416828,209929.18762924726,-0.1077965087344777
2010-12-28,208443.0760924542,209929.18762924726,-0.7079108691725423
2010-12-28,208708.7699483438,209929.18762924726,-0.5813473079592988
2010-12-28,208576.66990832752,209929.18762924726,-0.6442733076776364
2010-12-31,208449.96950424477,209929.18762924726,-0.7046271848652663
2011-01-03,208672.50032081184,209929.18762924726,-0.598624385025884
2011-01-06,208462.601379997,209929.18762924726,-0.6986099769224872
2011-01-06,208498.45121167463,209929.18762924726,-0.6815328700739922
2011-01-07,208583.96271318756,209929.18762924726,-0.6407993720413379
2011-01-10,208723.87483436533,209929.18762924726,-0.5741520788479474
2011-01-10,208861.2175326535,209929.18762924726,-0.5087287330811175
2011-01-10,209040.21723593495,209929.18762924726,-0.4234620270537636
2011-01-11,209234.01314574236,209929.18762924726,-0.3311471317331252
2011-01-11,209456.7984001863,209929.18762924726,-0.22502313013054906
2011-01-11,209443.37126824545,209929.18762924726,-0.23141915923563808
2011-01-12,209613.56039322863,209929.18762924726,-0.15034938189540903
2011-01-12,209635.18743874147,209929.18762924726,-0.1400473149188841
2011-01-12,209621.67052930614,209929.18762924726,-0.14648610963246403
2011-01-12,209648.65828200584,209929.18762924726,-0.1336304638766374
2011-01-12,209694.12067804727,209929.18762924726,-0.11197440139440536
2011-01-12,209891.33009845574,209929.18762924726,-0.01803347653513326
2011-01-12,210060.83860913155,210060.83860913155,0.0
2011-01-12,210289.3847723523,210289.3847723523,0.0
2011-01-12,210554.5748988871,210554.5748988871,0.0
2011-01-12,210726.07200383153,210726.07200383153,0.0
2011-01-14,210627.2652274318,210726.07200383153,-0.046888728793809446
2011-01-14,210660.59204909796,210726.07200383153,-0.031073494661059742
2011-01-14,210723.27178230468,210726.07200383153,-0.0013288443618874398
2011-01-14,210771.72920940034,210771.72920940034,0.0
2011-01-18,210813.59515408325,210813.59515408325,0.0
2011-01-18,210851.70534880145,210851.70534880145,0.0
2011-01-18,210868.2667336666,210868.2667336666,0.0
2011-01-18,210751.18218754377,210868.2667336666,-0.05552497202943198
2011-01-18,210707.1800103975,210868.2667336666,-0.07639211236678752
2011-01-18,210867.22850197475,210868.2667336666,-0.0004923603289970879
2011-01-18,211167.86254126226,211167.86254126226,0.0
2011-01-18,211313.88181606092,211313.88181606092,0.0
2011-01-19,211357.48745269974,211357.48745269974,0.0
2011-01-19,211201.26125577174,211357.48745269974,-0.0739156198395717
2011-01-20,211264.68801597695,211357.48745269974,-0.043906387155346276
2011-01-20,211070.78041154562,211357.48745269974,-0.13565028833827508
2011-01-20,211053.05030508823,211357.48745269974,-0.14403896984233885
2011-01-20,210924.7996014848,211357.48745269974,-0.20471848735038942
2011-01-21,210951.8506479675,211357.48745269974,-0.19191977044248817
2011-01-24,211018.5803215908,211357.48745269974,-0.16034782358244823
2011-01-24,210742.404856166,211357.48745269974,-0.2910152859720232
2011-01-24,210878.176957156,211357.48745269974,-0.2267771543466121
2011-01-24,211091.86482637952,211357.48745269974,-0.12567457605667767
2011-01-25,211397.62736142892,211397.62736142892,0.0
2011-01-25,211631.1823620979,211631.1823620979,0.0
2011-01-25,211688.94853384502,211688.94853384502,0.0
2011-01-25,211893.92646446463,211893.92646446463,0.0
2011-01-26,212316.45518260807,212316.45518260807,0.0
2011-01-26,212587.2293701181,212587.2293701181,0.0
2011-01-26,212846.05463803402,212846.05463803402,0.0
2011-01-26,212977.4524687204,212977.4524687204,0.0
2011-01-26,213226.45742958866,213226.45742958866,0.0
2011-01-26,213382.3804191262,213382.3804191262,0.0
2011-01-26,213728.8301200972,213728.8301200972,0.0
2011-01-26,213419.09637429568,213728.8301200972,-0.1449190292332021
2011-01-26,213730.7194123474,213730.7194123474,0.0
2011-01-26,213589.41936499742,213730.7194123474,-0.06611124864898926
2011-01-26,214162.08016680283,214162.08016680283,0.0
2011-01-26,214502.32516054893,214502.32516054893,0.0
2011-01-26,214758.89563451265,214758.89563451265,0.0
2011-01-26,214922.05988694043,214922.05988694043,0.0
2011-01-26,215103.6806790415,215103.6806790415,0.0
2011-01-27,215235.61018656095,215235.61018656095,0.0
2011-01-27,215605.36934371543,215605.36934371543,0.0
2011-01-27,215890.85047188093,215890.85047188093,0.0
2011-01-27,215957.76187385124,215957.76187385124,0.0
2011-01-27,216267.09949885446,216267.09949885446,0.0
2011-01-27,216488.4386266828,216488.4386266828,0.0
2011-01-28,216804.62883947857,216804.62883947857,0.0
2011-01-28,216455.182609604,216804.62883947857,-0.16118024404972123
2011-01-28,216335.35282806368,216804.62883947857,-0.21645110343208335
2011-01-31,216519.8349925166,216804.62883947857,-0.13135967091035464
2011-01-31,216572.57316440885,216804.62883947857,-0.10703446522884318
2011-01-31,216220.51735945223,216804.62883947857,-0.26941836212307324
2011-01-31,216161.67916318847,216804.62883947857,-0.29655717211007243
2011-02-01,215989.58339198216,216804.62883947857,-0.37593544559413594
2011-02-01,215986.92847684358,216804.62883947857,-0.37716001130234783
2011-02-01,215632.8396049003,216804.62883947857,-0.5404816497003158
2011-02-01,215486.12337829798,216804.62883947857,-0.6081537411070682
2011-02-01,215643.74824338086,216804.62883947857,-0.5354500973119058
2011-02-01,215787.75717747302,216804.62883947857,-0.4690267304017931
2011-02-02,215994.3020939372,216804.62883947857,-0.37375896902151573
2011-02-02,216139.54230693998,216804.62883947857,-0.30676768116007797
2011-02-02,216264.3963441182,216804.62883947857,-0.2491794101685688
2011-02-02,216300.88694967914,216804.62883947857,-0.23234830939536352
2011-02-02,216751.84376521868,216804.62883947857,-0.024346839153034868
2011-02-04,216877.04773199215,216877.04773199215,0.0
2011-02-07,216996.99666546594,216996.99666546594,0.0
2011-02-07,217183.2885508703,217183.2885508703,0.0
2011-02-07,217689.6217494495,217689.6217494495,0.0
2011-02-07,218415.64758521135,218415.64758521135,0.0
2011-02-08,218540.0811875315,218540.0811875315,0.0
2011-02-08,218779.41222334755,218779.41222334755,0.0
2011-02-09,218642.19386641742,218779.41222334755,-0.06271995867236511
2011-02-09,218578.28053183013,218779.41222334755,-0.0919335551153659
2011-02-11,219005.11368263816,219005.11368263816,0.0
2011-02-11,219279.95540057236,219279.95540057236,0.0
2011-02-14,219608.13753197817,219608.13753197817,0.0
2011-02-15,219817.69883007827,219817.69883007827,0.0
2011-02-16,220047.37612466974,220047.37612466974,0.0
2011-02-18,220647.5721679553,220647.5721679553,0.0
2011-02-22,220437.84205081742,220647.5721679553,-0.09505208467838842
2011-02-28,220903.39374087017,220903.39374087017,0.0
2011-02-28,221435.15701712357,221435.15701712357,0.0
2011-02-28,222162.74058668726,222162.74058668726,0.0
2011-02-28,222470.2527036499,222470.2527036499,0.0
2011-02-28,222756.02318310682,222756.02318310682,0.0
2011-02-28,222873.5323218797,222873.5323218797,0.0
2011-02-28,223270.3303201349,223270.3303201349,0.0
2011-02-28,223377.17729168333,223377.17729168333,0.0
2011-02-28,223643.06235565685,223643.06235565685,0.0
2011-02-28,223860.58653684412,223860.58653684412,0.0
2011-02-28,223672.13906901964,223860.58653684412,-0.08418072637965578
2011-02-28,223995.51256092874,223995.51256092874,0.0
2011-02-28,224686.60177736063,224686.60177736063,0.0
2011-03-02,224370.10829752625,224686.60177736063,-0.14085996998965897
2011-03-03,224652.13279139082,224686.60177736063,-0.015340917392113497
2011-03-03,224915.0978826335,224915.0978826335,0.0
2011-03-03,225123.9791453532,225123.9791453532,0.0
2011-03-03,225409.18274961298,225409.18274961298,0.0
2011-03-07,225357.41085407205,225409.18274961298,-0.022967962045470514
2011-03-07,225433.62233135453,225433.62233135453,0.0
2011-03-07,224687.6631897977,225433.62233135453,-0.33089968294986266
2011-03-07,224638.10887665508,225433.62233135453,-0.3528814586185212
2011-03-07,224724.73408290773,225433.62233135453,-0.31445542200659077
2011-03-07,224368.91686183822,225433.62233135453,-0.4722922244275293
2011-03-09,223203.54496192947,225433.62233135453,-0.9892390258216137
2011-03-14,222545.648296844,225433.62233135453,-1.2810751141041523
2011-03-14,222882.2055581428,225433.62233135453,-1.1317818286491108
2011-03-14,223697.93304493075,225433.62233135453,-0.7699336365507088
2011-03-14,223998.69898742923,225433.62233135453,-0.6365170062414968
2011-03-14,224626.0088085914,225433.62233135453,-0.3582489224149791
2011-03-15,224887.44556686305,225433.62233135453,-0.24227830739847658
2011-03-17,226079.63123162134,226079.63123162134,0.0
2011-03-18,226388.826615828,226388.826615828,0.0
2011-03-18,226749.81310112932,226749.81310112932,0.0
2011-03-18,227061.4739626365,227061.4739626365,0.0
2011-03-18,227468.56964378536,227468.56964378536,0.0
2011-03-18,228121.43665320365,228121.43665320365,0.0
2011-03-18,228491.00462600682,228491.00462600682,0.0
2011-03-21,228750.97953711098,228750.97953711098,0.0
2011-03-21,229281.21824471443,229281.21824471443,0.0
2011-03-21,230615.01636686598,230615.01636686598,0.0
2011-03-21,230888.12545939937,230888.12545939937,0.0
2011-03-21,231169.68067839157,231169.68067839157,0.0
2011-03-21,231708.16323431046,231708.16323431046,0.0
2011-03-21,232025.65171572345,232025.65171572345,0.0
2011-03-21,232554.7017774691,232554.7017774691,0.0
2011-03-21,233017.4642475547,233017.4642475547,0.0
2011-03-21,233427.24851087524,233427.24851087524,0.0
2011-03-21,233677.9902601156,233677.9902601156,0.0
2011-03-21,233935.50867059643,233935.50867059643,0.0
2011-03-21,234363.71475206458,234363.71475206458,0.0
2011-03-21,234679.5918259713,234679.5918259713,0.0
2011-03-21,235066.2008465619,235066.2008465619,0.0
2011-03-21,234494.8560365243,235066.2008465619,-0.24305698053568905
2011-03-21,234406.98670000487,235066.2008465619,-0.2804376572144157
2011-03-21,234652.7213162061,235066.2008465619,-0.1758991845134308
2011-03-22,234814.3074433588,235066.2008465619,-0.10715849505200968
2011-03-23,235086.4471252227,235086.4471252227,0.0
2011-03-23,235358.54745462647,235358.54745462647,0.0
2011-03-24,235564.6813211391,235564.6813211391,0.0
2011-03-24,235174.79926587446,235564.6813211391,-0.16550955477621868
2011-03-24,234965.89261955026,235564.6813211391,-0.2541929028709224
2011-03-24,234635.66045087506,235564.6813211391,-0.3943803736000338
2011-03-24,234952.76717913122,235564.6813211391,-0.2597648079398095
2011-03-24,235158.4571067439,235564.6813211391,-0.17244699507452618
2011-03-24,235550.35022168126,235564.6813211391,-0.006083721624761681
2011-03-24,236223.8212643941,236223.8212643941,0.0
2011-03-25,236510.77218798557,236510.77218798557,0.0
2011-03-25,236591.24539399723,236591.24539399723,0.0
2011-03-28,236655.66851815255,236655.66851815255,0.0
2011-03-29,236763.2942767633,236763.2942767633,0.0
2011-03-30,237145.95967125293,237145.95967125293,0.0
2011-03-30,238118.83474899258,238118.83474899258,0.0
2011-03-30,238241.37313298296,238241.37313298296,0.0
2011-04-04,238681.22429572814,238681.22429572814,0.0
2011-04-05,238542.09244920866,238681.22429572814,-0.05829191086563749
2011-04-05,238653.42497884206,238681.22429572814,-0.01164704805252769
2011-04-05,239048.1752821707,239048.1752821707,0.0
2011-04-06,239313.4050748787,239313.4050748787,0.0
2011-04-08,239501.2041819433,239501.2041819433,0.0
2011-04-11,238929.35988651426,239501.2041819433,-0.23876468487173882
2011-04-12,238274.88158153708,239501.2041819433,-0.5120319142423219
2011-04-13,237564.93364493383,239501.2041819433,-0.808459624920518
2011-04-14,237756.9410475167,239501.2041819433,-0.7282899225431486
2011-04-14,237903.42565476912,239501.2041819433,-0.667127554799424
2011-04-14,238076.83558896263,239501.2041819433,-0.5947229358807768
2011-04-14,237914.15548316578,239501.2041819433,-0.6626474819608276
2011-04-14,237886.82834681493,239501.2041819433,-0.6740575024006805
2011-04-14,237932.3326505706,239501.2041819433,-0.6550578886362727
2011-04-15,238145.1036063067,239501.2041819433,-0.5662186878218823
2011-04-15,238328.8618526669,239501.2041819433,-0.48949329222821164
2011-04-15,238619.10309837465,239501.2041819433,-0.3683075776514826
2011-04-15,239389.03132635442,239501.2041819433,-0.04683602989472003
2011-04-15,239573.9680819433,239573.9680819433,0.0
2011-04-15,239761.61818861144,239761.61818861144,0.0
2011-04-15,239936.5271523506,239936.5271523506,0.0
2011-04-15,239981.19826663396,239981.19826663396,0.0
2011-04-15,240141.35873875927,240141.35873875927,0.0
2011-04-15,240160.18533281327,240160.18533281327,0.0
2011-04-15,240420.94701287817,240420.94701287817,0.0
2011-04-18,240210.4375292501,240420.94701287817,-0.08755871160293963
2011-04-18,240144.45903852506,240420.94701287817,-0.11500161603568404
2011-04-18,239689.07336003555,240420.94701287817,-0.30441343066643045
2011-04-18,239514.8641184703,240420.94701287817,-0.37687352357003556
2011-04-19,239786.9023064713,240420.94701287817,-0.2637227389229504
2011-04-19,239983.58432902925,240420.94701287817,-0.18191538186790648
2011-04-19,240127.4668854246,240420.94701287817,-0.12206928352122783
2011-04-19,240327.38410411493,240420.94701287817,-0.038916288254296265
2011-04-19,240596.18574157634,240596.18574157634,0.0
2011-04-19,240743.32863618308,240743.32863618308,0.0
2011-04-19,240482.40875085647,240743.32863618308,-0.10838094114787357
2011-04-19,240420.28437459999,240743.32863618308,-0.1341861738861682
2011-04-19,240447.5528633252,240743.32863618308,-0.12285938494473109
2011-04-19,240275.50802606618,240743.32863618308,-0.19432339528040948
2011-04-19,239827.64314938645,240743.32863618308,-0.380357575009041
2011-04-19,239757.8943817005,240743.32863618308,-0.4093298286042242
2011-04-20,239845.96663709608,240743.32863618308,-0.3727463619326793
2011-04-20,239888.44868183832,240743.32863618308,-0.35510016380835296
2011-04-20,240179.43463891555,240743.32863618308,-0.23423037326184792
2011-04-20,240468.90818167222,240743.32863618308,-0.11398880960293466
2011-04-20,240689.6645787012,240743.32863618308,-0.022290984255263338
2011-04-20,241193.83859304152,241193.83859304152,0.0
2011-04-20,241424.80154440406,241424.80154440406,0.0
2011-04-20,241654.88763196036,241654.88763196036,0.0
2011-04-20,241885.73437191965,241885.73437191965,0.0
2011-04-20,242164.77100022303,242164.77100022303,0.0
2011-04-20,242278.32573146975,242278.32573146975,0.0
2011-04-20,242586.42658348405,242586.42658348405,0.0
2011-04-20,242272.68480609826,242586.42658348405,-0.12933195884223025
2011-04-20,242484.81340338886,242586.42658348405,-0.04188741370499353
2011-04-20,242683.19828843558,242683.19828843558,0.0
2011-04-20,242787.00327080183,242787.00327080183,0.0
2011-04-20,243022.10030153912,243022.10030153912,0.0
2011-04-20,242852.71851204257,243022.10030153912,-0.06969810123703968
2011-04-20,242915.1228399009,243022.10030153912,-0.044019643277497675
2011-04-20,242984.08056761287,243022.10030153912,-0.01564455820235187
2011-04-21,242610.0748253193,243022.10030153912,-0.16954238964628912
2011-04-21,242724.360921018,243022.10030153912,-0.12251535154691118
2011-04-21,242757.5521100849,243022.10030153912,-0.10885766814046292
2011-04-21,242860.21155392425,243022.10030153912,-0.0666148253241153
2011-04-21,242777.6207749293,243022.10030153912,-0.10059970937066019
2011-04-21,243369.51286672303,243369.51286672303,0.0
2011-04-21,243166.37697871617,243369.51286672303,-0.08346809163319567
2011-04-21,243286.30845006317,243369.51286672303,-0.0341885126365149
2011-04-21,243182.00818671743,243369.51286672303,-0.07704526248868497
2011-04-21,243357.6384800628,243369.51286672303,-0.0048791594807249365
2011-04-21,243464.11693457255,243464.11693457255,0.0
2011-04-21,243521.5894832193,243521.5894832193,0.0
2011-04-21,243496.9323099647,243521.5894832193,-0.010125251443582766
2011-04-21,243580.78653820045,243580.78653820045,0.0
2011-04-21,243824.7759975622,243824.7759975622,0.0
2011-04-21,243886.14184211305,243886.14184211305,0.0
2011-04-21,243934.61840286735,243934.61840286735,0.0
2011-04-21,244047.73980996295,244047.73980996295,0.0
2011-04-25,244101.64543584126,244101.64543584126,0.0
2011-04-25,244061.78851525226,244101.64543584126,-0.016328001606802048
2011-04-25,244122.24310879936,244122.24310879936,0.0
2011-04-25,244210.55281956724,244210.55281956724,0.0
2011-04-25,244248.1782486162,244248.1782486162,0.0
2011-04-25,244308.67544074124,244308.67544074124,0.0
2011-04-25,244351.7383063036,244351.7383063036,0.0
2011-04-25,244431.3237985022,244431.3237985022,0.0
2011-04-26,244443.42871139257,244443.42871139257,0.0
2011-04-26,244977.44380992436,244977.44380992436,0.0
2011-04-26,245130.30144082307,245130.30144082307,0.0
2011-04-26,245321.95086241185,245321.95086241185,0.0
2011-04-27,245421.76735356808,245421.76735356808,0.0
2011-04-28,245531.63658000424,245531.63658000424,0.0
2011-05-05,246013.40505742916,246013.40505742916,0.0
2011-05-06,246303.09888852574,246303.09888852574,0.0
2011-05-06,246649.71711240188,246649.71711240188,0.0
2011-05-06,247254.05706463766,247254.05706463766,0.0
2011-05-06,247414.29818556868,247414.29818556868,0.0
2011-05-09,247807.55801431445,247807.55801431445,0.0
2011-05-09,248078.43210439396,248078.43210439396,0.0
2011-05-09,248404.12411440987,248404.12411440987,0.0
2011-05-09,248826.46558808335,248826.46558808335,0.0
2011-05-09,249226.36638927564,249226.36638927564,0.0
2011-05-09,249568.97493224623,249568.97493224623,0.0
2011-05-09,249946.21172685342,249946.21172685342,0.0
2011-05-09,250190.03104721886,250190.03104721886,0.0
2011-05-09,250555.71650358487,250555.71650358487,0.0
2011-05-09,250863.6653562199,250863.6653562199,0.0
2011-05-09,251105.95875627812,251105.95875627812,0.0
2011-05-09,251576.5447420578,251576.5447420578,0.0
2011-05-09,252064.9254713437,252064.9254713437,0.0
2011-05-10,252555.62412921767,252555.62412921767,0.0
2011-05-10,252845.64142090548,252845.64142090548,0.0
2011-05-10,253095.3443009614,253095.3443009614,0.0
2011-05-10,253479.93628632784,253479.93628632784,0.0
2011-05-10,253804.2160040907,253804.2160040907,0.0
2011-05-10,254172.81935549938,254172.81935549938,0.0
2011-05-10,254492.25587878996,254492.25587878996,0.0
2011-05-10,254735.1075301834,254735.1075301834,0.0
2011-05-10,255017.6201671575,255017.6201671575,0.0
2011-05-10,255456.51436123194,255456.51436123194,0.0
2011-05-11,255792.36358529358,255792.36358529358,0.0
2011-05-11,256209.7818714824,256209.7818714824,0.0
2011-05-11,255742.91189984125,256209.7818714824,-0.18222175915022315
2011-05-11,255375.9910882391,256209.7818714824,-0.3254328453632385
2011-05-12,256185.70903490557,256209.7818714824,-0.009395752340525297
2011-05-12,255893.07934885198,256209.7818714824,-0.12361062888273577
2011-05-12,255705.78422473153,256209.7818714824,-0.19671288233783865
2011-05-12,255948.7057668329,256209.7818714824,-0.10189935089226056
2011-05-12,255819.22831235133,256209.7818714824,-0.15243506952711985
2011-05-12,255299.41662108136,256209.7818714824,-0.35532025504697645
2011-05-12,255250.38858449474,256209.7818714824,-0.3744561507292159
2011-05-12,254637.92459644424,256209.7818714824,-0.6135040058020238
2011-05-12,254591.7641269458,256209.7818714824,-0.6315206752520534
2011-05-12,254968.95789885835,256209.7818714824,-0.4842999996176836
2011-05-13,254864.30167813532,256209.7818714824,-0.525147862630005
2011-05-13,254743.5759109154,256209.7818714824,-0.5722677525647661
2011-05-16,254290.79945467212,256209.7818714824,-0.7489887399275316
2011-05-16,253519.36841657502,256209.7818714824,-1.050082254961262
2011-05-16,252784.6525236768,256209.7818714824,-1.336845659360377
2011-05-16,252473.8770966905,256209.7818714824,-1.458142912227247
2011-05-16,252406.84147921423,256209.7818714824,-1.4843072596563769
2011-05-16,252317.44961837376,256209.7818714824,-1.5191973642368897
2011-05-16,251689.68961904375,256209.7818714824,-1.7642153314450664
2011-05-16,251445.00224520187,256209.7818714824,-1.8597180761313008
2011-05-16,251354.38590696096,256209.7818714824,-1.8950861005599575
2011-05-16,251222.87973093303,256209.7818714824,-1.9464136396833076
2011-05-16,251185.77492505568,256209.7818714824,-1.9608958368915144
2011-05-16,250834.19282213223,256209.7818714824,-2.0981201459539247
2011-05-16,250557.90733089903,256209.7818714824,-2.205955798915756
2011-05-16,250656.97709750873,256209.7818714824,-2.167288357772002
2011-05-16,250060.34594839925,256209.7818714824,-2.40015657410293
2011-05-16,250007.1912370411,256209.7818714824,-2.420903132243643
2011-05-16,249302.69612381115,256209.7818714824,-2.6958712103880265
2011-05-16,249378.31854530165,256209.7818714824,-2.666355389041117
2011-05-16,249316.38868548864,256209.7818714824,-2.690526932906712
2011-05-17,248956.53348358537,256209.7818714824,-2.8309802751931405
2011-05-17,248364.2202932604,256209.7818714824,-3.0621631699282332
2011-05-17,247737.0696589161,256209.7818714824,-3.30694329883795
2011-05-19,248305.96609974478,256209.7818714824,-3.084900082270188
2011-05-19,249603.17033959064,256209.7818714824,-2.5785945734131728
2011-05-19,250034.46700135563,256209.7818714824,-2.4102572606788226
2011-05-19,250409.29471021224,256209.7818714824,-2.2639600716649277
2011-05-19,250736.96587863067,256209.7818714824,-2.1360683237289373
2011-05-19,251677.7195304873,256209.7818714824,-1.7688873187786613
2011-05-20,252105.30890078467,256209.7818714824,-1.60199698103509
2011-05-20,252747.76817347258,256209.7818714824,-1.3512418115817357
2011-05-20,253024.75844514422,256209.7818714824,-1.2431310791778545
2011-05-23,253135.9217672518,256209.7818714824,-1.199743460916138
2011-05-25,253506.9431711213,256209.7818714824,-1.05493189238063
2011-05-25,253100.1240727715,256209.7818714824,-1.213715485800912
2011-05-25,253080.7643947647,256209.7818714824,-1.221271668029934
2011-05-25,252524.03151143988,256209.7818714824,-1.43856738533556
2011-05-25,252552.85406788692,256209.7818714824,-1.4273177928194196
2011-05-25,252743.22726230588,256209.7818714824,-1.3530141526428485
2011-05-26,252875.9821004023,256209.7818714824,-1.301199254270621
2011-05-26,253125.81777509605,256209.7818714824,-1.203687101194799
2011-05-26,253200.7634985875,256209.7818714824,-1.17443539856892
2011-05-26,253603.80657979273,256209.7818714824,-1.0171256041257897
2011-05-26,254023.76804435655,256209.7818714824,-0.8532124773527929
2011-05-26,253409.30752452102,256209.7818714824,-1.093039589084127
2011-05-26,253145.09943582263,256209.7818714824,-1.196161369512838
2011-05-26,252842.80537291968,256209.7818714824,-1.3141483022110523
2011-05-26,253302.78380957874,256209.7818714824,-1.1346163447271684
2011-05-26,253118.61637689327,256209.7818714824,-1.2064978440751715
2011-05-26,252984.391439745,256209.7818714824,-1.2588865296935858
2011-05-26,252883.79276136446,256209.7818714824,-1.2981507129912413
2011-05-26,252978.19684374274,256209.7818714824,-1.2613043124796326
2011-05-27,253549.46155116873,256209.7818714824,-1.0383367492378277
2011-05-27,253937.27328677187,256209.7818714824,-0.8869718275824657
2011-05-27,254282.64297469342,256209.7818714824,-0.7521722561536186
2011-05-27,254599.22824536753,256209.7818714824,-0.628607391314494
2011-05-27,255417.07651892668,256209.7818714824,-0.3093969897501248
2011-05-27,256007.27600297966,256209.7818714824,-0.07903908548047793
2011-05-27,255822.5619359398,256209.7818714824,-0.15113393903783365
2011-05-27,255680.38879247403,256209.7818714824,-0.2066248505975984
2011-05-27,255388.25728849537,256209.7818714824,-0.3206452841051657
2011-05-27,254952.6304019367,256209.7818714824,-0.4906727059220173
2011-05-27,254493.43142284168,256209.7818714824,-0.6699004370963763
2011-05-27,254987.87929625524,256209.7818714824,-0.47691488057239345
2011-05-31,255537.0541575741,256209.7818714824,-0.26256909825782887
2011-05-31,256030.70864103924,256209.7818714824,-0.06989320592490031
2011-05-31,256331.83609667455,256331.83609667455,0.0
2011-05-31,256660.70257136194,256660.70257136194,0.0
2011-05-31,257084.09647613566,257084.09647613566,0.0
2011-05-31,257398.66407452925,257398.66407452925,0.0
2011-05-31,257811.82746694016,257811.82746694016,0.0
2011-05-31,258191.6293742653,258191.6293742653,0.0
2011-05-31,258607.71153160132,258607.71153160132,0.0
2011-05-31,259345.26025363695,259345.26025363695,0.0
2011-05-31,259646.5484745336,259646.5484745336,0.0
2011-05-31,259943.3845775456,259943.3845775456,0.0
2011-05-31,260280.3504788673,260280.3504788673,0.0
2011-05-31,259488.45051730223,260280.3504788673,-0.30424884556522225
2011-05-31,259737.88268933847,260280.3504788673,-0.20841672778248288
2011-06-01,259552.42113312523,260280.3504788673,-0.2796712638517727
2011-06-01,259503.8912739464,260280.3504788673,-0.2983164896974926
2011-06-02,259365.70451390604,260280.3504788673,-0.35140799652316745
2011-06-03,259017.1581110438,260280.3504788673,-0.48531991197163565
2011-06-03,257823.45225366837,260280.3504788673,-0.9439430293830103
2011-06-03,257214.86411903476,260280.3504788673,-1.1777632672587934
2011-06-03,256911.0577373465,260280.3504788673,-1.2944860168360484
2011-06-03,256763.0359694355,260280.3504788673,-1.351356144618908
2011-06-03,256585.31011647423,260280.3504788673,-1.4196386148992388
2011-06-06,255967.58375578214,260280.3504788673,-1.6569697693853875
2011-06-09,256775.83265399156,260280.3504788673,-1.3464396441867719
2011-06-09,257035.10492956388,260280.3504788673,-1.2468269476865137
2011-06-10,257653.24237408215,260280.3504788673,-1.0093378543373552
2011-06-13,256250.48265266328,260280.3504788673,-1.5482796987132583
2011-06-13,256520.14029390173,260280.3504788673,-1.4446769331789697
2011-06-13,257619.83075882064,260280.3504788673,-1.0221746340635414
2011-06-14,257762.2314673125,260280.3504788673,-0.9674641235582861
2011-06-14,258231.95043880338,260280.3504788673,-0.7869975725387052
2011-06-14,258758.2105051505,260280.3504788673,-0.5848078700202903
2011-06-14,258824.65073156264,260280.3504788673,-0.5592814611730962
2011-06-14,259163.15874713592,260280.3504788673,-0.42922630528042316
2011-06-14,259623.95932429365,260280.3504788673,-0.2521862112779589
2011-06-14,259241.14093092846,260280.3504788673,-0.3992654635768261
2011-06-14,259614.44991588598,260280.3504788673,-0.2558397365595157
2011-06-15,259224.10348334262,260280.3504788673,-0.4058112698793361
2011-06-15,258571.57284862726,260280.3504788673,-0.6565142651361169
2011-06-15,257893.4751705258,260280.3504788673,-0.9170401468839606
2011-06-15,257436.48216855864,260280.3504788673,-1.0926173662654437
2011-06-15,256571.28308264905,260280.3504788673,-1.4250278168883115
2011-06-15,255885.32136027925,260280.3504788673,-1.6885750731862836
2011-06-15,254603.88150135212,260280.3504788673,-2.180905691525132
2011-06-15,254095.56563265662,260280.3504788673,-2.376201213357761
2011-06-15,253758.15260364144,260280.3504788673,-2.505835674197545
2011-06-15,253293.1965495971,260280.3504788673,-2.6844723070393646
2011-06-15,253293.19612280928,260280.3504788673,-2.684472471011721
2011-06-15,253192.92570998505,260280.3504788673,-2.722996475086464
2011-06-15,252002.28098042525,260280.3504788673,-3.180443503788108
2011-06-15,250694.72377640335,260280.3504788673,-3.6828084351462516
2011-06-16,250431.72799898215,260280.3504788673,-3.783851705196154
2011-06-16,250158.72194012313,260280.3504788673,-3.888740936502608
2011-06-16,249704.37537396056,260280.3504788673,-4.063301392305997
2011-06-16,249423.36624604464,260280.3504788673,-4.171265411640887
2011-06-16,248229.71434683213,260280.3504788673,-4.629867798266081
2011-06-16,248033.51287397905,260280.3504788673,-4.705248622247646
2011-06-17,247998.3496731117,260280.3504788673,-4.718758363110784
2011-06-17,248429.43047963778,260280.3504788673,-4.553136638023591
2011-06-17,247950.86426253297,260280.3504788673,-4.737002310643266
2011-06-17,247241.23449628125,260280.3504788673,-5.009642855711739
2011-06-17,247212.1457062527,260280.3504788673,-5.020818801177866
2011-06-17,246955.55726988736,260280.3504788673,-5.119400363671253
2011-06-17,246766.02038144402,260280.3504788673,-5.192220646913775
2011-06-17,246407.8142705644,260280.3504788673,-5.329843832920929
2011-06-17,246507.2787053327,260280.3504788673,-5.291629486511267
2011-06-17,246277.89373347413,260280.3504788673,-5.3797594476998585
2011-06-17,245951.18643438315,260280.3504788673,-5.505280755201519
2011-06-17,245648.08509324346,260280.3504788673,-5.6217326274162485
2011-06-17,244969.32144602062,260280.3504788673,-5.882514375240867
2011-06-17,244789.6146805008,260280.3504788673,-5.951557914328319
2011-06-17,244533.74822758333,260280.3504788673,-6.049862089978424
2011-06-17,244557.690588531,260280.3504788673,-6.040663408286313
2011-06-17,244221.1353087911,260280.3504788673,-6.169968320900999
2011-06-17,243903.1794368987,260280.3504788673,-6.292127320344259
2011-06-17,243789.1961497234,260280.3504788673,-6.335919825988882
2011-06-17,243217.2840744254,260280.3504788673,-6.555649081096224
2011-06-17,243490.00751815777,260280.3504788673,-6.450868430835609
2011-06-20,243769.16461292433,260280.3504788673,-6.343615964695555
2011-06-20,243726.02392225395,260280.3504788673,-6.360190666009354
2011-06-22,244184.39239620903,260280.3504788673,-6.184084988761045
2011-06-23,244903.42181154084,260280.3504788673,-5.907833088066685
2011-06-29,245518.67471421004,260280.3504788673,-5.671452238902605
2011-06-29,245916.308622391,260280.3504788673,-5.518680849341547
2011-06-30,246287.2057607516,260280.3504788673,-5.376181756467953
2011-06-30,246701.54988184106,260280.3504788673,-5.216990284531193
2011-06-30,247003.59824583796,260280.3504788673,-5.10094296730529
2011-07-01,247283.69379807333,260280.3504788673,-4.993329944762462
2011-07-01,247602.99258184113,260280.3504788673,-4.870654997083798
2011-07-01,247966.34390478907,260280.3504788673,-4.731055014880207
2011-07-05,248047.35942475818,260280.3504788673,-4.699928762045502
2011-07-14,248333.75699346157,260280.3504788673,-4.589894497769894
2011-07-15,248939.3614259212,260280.3504788673,-4.357220601586248
2011-07-19,249117.54166462953,260280.3504788673,-4.288763555796772
2011-07-19,249331.58767819306,260280.3504788673,-4.206526839437
2011-07-20,249806.88824187385,260280.3504788673,-4.023915834493167
2011-07-20,250002.36498751942,260280.3504788673,-3.9488134515103814
2011-07-21,250084.17478599603,260280.3504788673,-3.9173820359901197
2011-07-21,250235.90610665813,260280.3504788673,-3.859086693916488
2011-07-21,250312.70679250945,260280.3504788673,-3.829579785035348
2011-07-21,250394.54289642457,260280.3504788673,-3.798138262936366
2011-07-21,250456.46455757297,260280.3504788673,-3.7743478918866593
2011-07-21,250274.15892592617,260280.3504788673,-3.844389918229174
2011-07-21,250061.1525661628,260280.3504788673,-3.9262271984431685
2011-07-21,249590.80663372774,260280.3504788673,-4.106934628554478
2011-07-21,249428.1766472667,260280.3504788673,-4.16941725014379
2011-07-21,249609.02888949477,260280.3504788673,-4.0999336176316366
2011-07-21,249568.5691757796,260280.3504788673,-4.115478284618887
2011-07-22,249844.25215720446,260280.3504788673,-4.009560576686778
2011-07-22,249436.94155179284,260280.3504788673,-4.166049764081157
2011-07-22,249213.7654900347,260280.3504788673,-4.251794255106902
2011-07-22,249041.04047546294,260280.3504788673,-4.318155397718701
2011-07-22,249259.48609730255,260280.3504788673,-4.234228346968343
2011-07-22,249329.4204691652,260280.3504788673,-4.207359483554727
2011-07-22,249482.34776022434,260280.3504788673,-4.148604648325029
2011-07-22,249382.56069815034,260280.3504788673,-4.186942948504205
2011-07-22,249300.12804347306,260280.3504788673,-4.218613666069175
2011-07-22,249166.3158141915,260280.3504788673,-4.270024473314273
2011-07-22,249325.84451247996,260280.3504788673,-4.20873337008848
2011-07-22,249245.34228288248,260280.3504788673,-4.239662416191795
2011-07-22,249077.94183841953,260280.3504788673,-4.303977853048617
2011-07-26,248837.20026195212,260280.3504788673,-4.396471034352734
2011-07-26,249011.75403196787,260280.3504788673,-4.329407281866388
2011-07-26,248624.37295732147,260280.3504788673,-4.478239521385695
2011-07-26,248535.02574058232,260280.3504788673,-4.51256682138155
2011-07-26,248039.15373621593,260280.3504788673,-4.703081396705458
2011-07-26,248025.69072097124,260280.3504788673,-4.708253902128907
2011-07-26,248024.9476781325,260280.3504788673,-4.708539380013566
2011-07-27,248237.88730169105,260280.3504788673,-4.626727739923649
2011-07-28,247653.72233168845,260280.3504788673,-4.851164570797685
2011-08-01,247936.52506649226,260280.3504788673,-4.742511445702567
2011-08-02,248385.8187643726,260280.3504788673,-4.569892307510332
2011-08-03,247990.68005132434,260280.3504788673,-4.7217050403275795
2011-08-03,247536.38157657426,260280.3504788673,-4.896247019356826
2011-08-03,246690.67059583683,260280.3504788673,-5.2211701183082
2011-08-03,247037.7426554673,260280.3504788673,-5.08782464716836
2011-08-04,246348.76761910343,260280.3504788673,-5.352529622052668
2011-08-05,245606.45136850173,260280.3504788673,-5.637728350745007
2011-08-05,245534.64570237295,260280.3504788673,-5.665316167495937
2011-08-05,244937.7192032559,260280.3504788673,-5.89465599204236
2011-08-05,244996.14005486126,260280.3504788673,-5.872210635910835
2011-08-05,244671.0874206391,260280.3504788673,-5.997096219330457
2011-08-05,243848.29199097765,260280.3504788673,-6.313215138083887
2011-08-05,242847.57849309707,260280.3504788673,-6.697690376433404
2011-08-05,242113.17673432824,260280.3504788673,-6.979848348565248
2011-08-05,241603.38030690493,260280.3504788673,-7.1757127027069965
2011-08-05,241134.87680377474,260280.3504788673,-7.355712269431199
2011-08-05,240631.7286243805,260280.3504788673,-7.549022359289507
2011-08-05,240142.82514639501,260280.3504788673,-7.736859619031169
2011-08-05,238992.73074779165,260280.3504788673,-8.178727165500739
2011-08-05,238528.47313511814,260280.3504788673,-8.35709545639145
2011-08-05,237776.23217887967,260280.3504788673,-8.646107268022444
2011-08-05,237750.41912360702,260280.3504788673,-8.65602467255381
2011-08-05,237061.34656512758,260280.3504788673,-8.920767115543333
2011-08-05,236312.17947986102,260280.3504788673,-9.208597942529781
2011-08-05,235843.17890941902,260280.3504788673,-9.388788483067756
2011-08-05,235417.87858808748,260280.3504788673,-9.552189339317206
2011-08-05,234694.91840461447,260280.3504788673,-9.829951445501136
2011-08-05,233777.86092986848,260280.3504788673,-10.182285946764399
2011-08-05,233367.40192593666,260280.3504788673,-10.339984752370217
2011-08-05,232782.6353559446,260280.3504788673,-10.564652718628983
2011-08-05,231812.03786225675,260280.3504788673,-10.937557354688575
2011-08-05,230778.24946884025,260280.3504788673,-11.334740004671382
2011-08-05,229325.16788579134,260280.3504788673,-11.893015564226882
2011-08-05,227536.78988346865,260280.3504788673,-12.580112380806543
2011-08-05,226916.2873975336,260280.3504788673,-12.818510125697177
2011-08-05,226655.4209654666,260280.3504788673,-12.918735298894871
2011-08-05,226210.8734146162,260280.3504788673,-13.089530962122048
2011-08-05,225532.90650898858,260280.3504788673,-13.350006600940064
2011-08-05,224672.8532772663,260280.3504788673,-13.68044000866368
2011-08-05,224015.20188264255,260280.3504788673,-13.933110405569856
2011-08-05,222614.79045892443,260280.3504788673,-14.471150031358599
2011-08-05,221768.69455252687,260280.3504788673,-14.796221019176503
2011-08-05,221092.28543414004,260280.3504788673,-15.056098154404868
2011-08-05,220702.6747495008,260280.3504788673,-15.205787012562022
2011-08-05,220467.03760743942,260280.3504788673,-15.296319064492888
2011-08-05,220352.53709922897,260280.3504788673,-15.340310287034193
2011-08-05,219203.26951790962,260280.3504788673,-15.781860169384096
2011-08-05,218667.9664483463,260280.3504788673,-15.98752420379102
2011-08-05,217825.55071383144,260280.3504788673,-16.31118126548045
2011-08-05,217343.421208634,260280.3504788673,-16.49641595734651
2011-08-05,215671.98782172875,260280.3504788673,-17.138582522678906
2011-08-05,215023.89447875315,260280.3504788673,-17.387580705516463
2011-08-05,213883.15070161835,260280.3504788673,-17.825855732822998
2011-08-05,213904.54466603993,260280.3504788673,-17.817636147909184
2011-08-05,213479.2502483888,260280.3504788673,-17.98103473595806
2011-08-05,213226.560846569,260280.3504788673,-18.078118285044614
2011-08-05,212800.57415942906,260280.3504788673,-18.241782843800657
2011-08-05,212243.97224901343,260280.3504788673,-18.455629916540335
2011-08-10,209595.99254285978,260280.3504788673,-19.472986663325816
2011-08-10,207059.25241375066,260280.3504788673,-20.447605040949018
2011-12-15,207160.55913276787,260280.3504788673,-20.408682886882904
2012-01-06,207624.1101494641,260280.3504788673,-20.23058607095216
2012-01-10,207921.03738081496,260280.3504788673,-20.116506298581882
2012-01-10,208044.61586213752,260280.3504788673,-20.06902730867919
2012-01-11,208577.97306960117,260280.3504788673,-19.864110876654113
2012-01-12,208425.17382744496,260280.3504788673,-19.92281651535296
2012-01-12,208260.5821116769,260280.3504788673,-19.986052835522827
2012-01-12,208446.21616799774,260280.3504788673,-19.91473202472043
2012-01-12,208434.4047516173,260280.3504788673,-19.919269984024204
2012-01-17,208261.1094623556,260280.3504788673,-19.98585022680582
2012-01-17,208193.03147134744,260280.3504788673,-20.012005866631466
2012-01-17,208143.45251229138,260280.3504788673,-20.03105415781628
2012-01-17,208133.16227987295,260280.3504788673,-20.035007676550784
2012-01-17,208202.47542197385,260280.3504788673,-20.008377490302234
2012-01-17,208254.26648765762,260280.3504788673,-19.988479305291925
2012-01-17,208332.2986710797,260280.3504788673,-19.958499253675072
2012-01-17,208423.80916447885,260280.3504788673,-19.923340820381593
2012-01-17,208432.26355861287,260280.3504788673,-19.9200926327568
2012-01-17,208627.81080602313,260280.3504788673,-19.84496316291765
2012-01-18,208553.68457533699,260280.3504788673,-19.87344254315122
2012-01-18,208785.27489793007,260280.3504788673,-19.784465283758802
2012-01-18,208947.7500154324,260280.3504788673,-19.722042162995592
2012-01-20,209073.0993470589,260280.3504788673,-19.673882810437522
2012-01-20,209148.23132614122,260280.3504788673,-19.64501702055208
2012-01-20,208353.34923967542,260280.3504788673,-19.950411601819305
2012-01-20,208353.6236897361,260280.3504788673,-19.950306157800892
2012-01-23,208594.7173602817,260280.3504788673,-19.857677701560515
2012-01-23,208720.76075551086,260280.3504788673,-19.80925168899474
2012-01-25,208763.34667045786,260280.3504788673,-19.792890133130587
2012-01-25,209003.1676943288,260280.3504788673,-19.70075062915739
2012-01-26,209114.11747647732,260280.3504788673,-19.658123599516315
2012-01-30,209363.64223697138,260280.3504788673,-19.562255909145147
2012-02-01,209652.21620312883,260280.3504788673,-19.451385470548253
2012-02-01,209893.47244524653,260280.3504788673,-19.35869455412916
2012-02-01,210056.86956673436,260280.3504788673,-19.295917198409757
2012-02-01,210181.68890933171,260280.3504788673,-19.247961468225856
2012-02-02,210274.25109342788,260280.3504788673,-19.212398974197445
2012-02-02,210226.2002526866,260280.3504788673,-19.230860160626957
2012-02-03,210463.01974504787,260280.3504788673,-19.139873848396483
2012-02-03,210651.48079977813,260280.3504788673,-19.067466901662495
2012-02-03,211654.18292383733,260280.3504788673,-18.68222763092446
2012-02-03,211848.4873306925,260280.3504788673,-18.607575661808205
2012-02-03,212010.35254623627,260280.3504788673,-18.54538686605548
2012-02-03,212382.94838228545,260280.3504788673,-18.40223513164154
2012-02-03,212537.74932947184,260280.3504788673,-18.342760435644863
2012-02-03,212435.22015962514,260280.3504788673,-18.382152256678634
2012-02-03,212766.5300511534,260280.3504788673,-18.25486262804601
2012-02-03,213176.1294286105,260280.3504788673,-18.09749409188739
2012-02-06,213366.4176594218,260280.3504788673,-18.024385142071853
2012-02-06,213558.216541604,260280.3504788673,-17.95069579832027
2012-02-06,213774.28699267362,260280.3504788673,-17.867681290820148
2012-02-09,213806.28802115028,260280.3504788673,-17.855386460104814
2012-02-09,214055.34374845074,260280.3504788673,-17.75969897280804
2012-02-10,213961.5031539344,260280.3504788673,-17.79575263354105
2012-02-10,213842.1654542047,260280.3504788673,-17.84160231044142
2012-02-13,214223.8578472388,260280.3504788673,-17.694955668721494
2012-02-15,214718.88229751147,260280.3504788673,-17.504766724622595
2012-02-16,214823.2614271836,260280.3504788673,-17.464664146967348
2012-02-16,214921.95286124968,260280.3504788673,-17.426746788286795
2012-02-16,213552.09152533428,260280.3504788673,-17.953049036380094
2012-02-16,213869.95561012125,260280.3504788673,-17.830925301644776
2012-02-16,214081.77726372937,260280.3504788673,-17.74954318685263
2012-02-16,214320.68791192945,260280.3504788673,-17.65775345022421
2012-02-17,214365.22102144285,260280.3504788673,-17.64064378004301
2012-02-17,213587.21897259777,260280.3504788673,-17.93955303209131
2012-02-17,213805.47857806945,260280.3504788673,-17.8556974490363
2012-02-17,214310.19868613328,260280.3504788673,-17.661783422435658
2012-02-21,214233.5576060578,260280.3504788673,-17.691229010600303
2012-02-21,214073.82730321094,260280.3504788673,-17.752597570521544
2012-02-21,213785.86262811095,260280.3504788673,-17.863233918816835
2012-02-21,213673.48422753907,260280.3504788673,-17.906409825244314
2012-02-21,213766.49000898443,260280.3504788673,-17.870676900621213
2012-02-21,213742.86101892256,260280.3504788673,-17.87975518487064
2012-02-21,213753.33406826752,260280.3504788673,-17.875731427669724
2012-02-22,213738.3800096903,260280.3504788673,-17.881476793599077
2012-02-23,214015.29617873448,260280.3504788673,-17.775085293612733
2012-02-23,213884.71376718153,260280.3504788673,-17.82525520129601
2012-02-24,213882.6973149248,260280.3504788673,-17.826029924494676
2012-02-27,213999.60880208074,260280.3504788673,-17.781112401162297
2012-02-27,214580.23507163825,260280.3504788673,-17.558035142933136
2012-02-27,215474.46804573532,260280.3504788673,-17.21446984019251
2012-02-28,215777.74517258874,260280.3504788673,-17.09795043091116
2012-02-29,216212.50719668303,260280.3504788673,-16.93091437794196
2012-02-29,216983.09759329152,260280.3504788673,-16.634852690922276
2012-03-01,217273.883591878,260280.3504788673,-16.5231323870071
2012-03-01,217541.1202610912,260280.3504788673,-16.420459761616236
2012-03-02,217524.42031771355,260280.3504788673,-16.42687589842676
2012-03-02,217414.79292683196,260280.3504788673,-16.468994863873018
2012-03-02,217526.95254433466,260280.3504788673,-16.425903014143923
2012-03-02,218077.34453217106,260280.3504788673,-16.21444180056258
2012-03-05,217259.34148782404,260280.3504788673,-16.528719479550656
2012-03-05,216602.02564011829,260280.3504788673,-16.781260958957926
2012-03-05,216567.50959745416,260280.3504788673,-16.794522060919952
2012-03-05,216958.9818610239,260280.3504788673,-16.644117982068245
2012-03-05,217224.73792680656,260280.3504788673,-16.542014206161337
2012-03-05,217445.93837291386,260280.3504788673,-16.45702874886487
2012-03-06,217193.66633414285,260280.3504788673,-16.55395194660411
2012-03-06,216923.78394908475,260280.3504788673,-16.657641058963748
2012-03-07,217228.77019377096,260280.3504788673,-16.54046500471106
2012-03-07,217074.92321133922,260280.3504788673,-16.599573186388504
2012-03-08,217145.74812880164,260280.3504788673,-16.572362174365463
2012-03-08,216929.46149545052,260280.3504788673,-16.655459739338458
2012-03-08,217330.50421997416,260280.3504788673,-16.501378678749063
2012-03-08,217693.87605556505,260280.3504788673,-16.361770815565247
2012-03-08,217913.58818694143,260280.3504788673,-16.277357170442922
2012-03-08,218232.38582876985,260280.3504788673,-16.154874762054465
2012-03-09,218486.06909340003,260280.3504788673,-16.05740936977132
2012-03-09,218390.1643123188,260280.3504788673,-16.094256093277252
2012-03-09,218749.10187415424,260280.3504788673,-15.956351882999739
2012-03-09,218985.79851662382,260280.3504788673,-15.865412769834222
2012-03-09,219306.45482190404,260280.3504788673,-15.742216260881364
2012-03-09,219520.98338164363,260280.3504788673,-15.659794149744318
2012-03-09,219778.67423267564,260280.3504788673,-15.560789038310475
2012-03-09,219854.68389624284,260280.3504788673,-15.531586041070241
2012-03-09,220248.64691147418,260280.3504788673,-15.380225012661253
2012-03-09,220059.93393196719,260280.3504788673,-15.452728749174515
2012-03-09,221464.67287494923,260280.3504788673,-14.913026485673797
2012-03-09,221824.693586184,260280.3504788673,-14.774706128192951
2012-03-09,222444.51126387378,260280.3504788673,-14.536571487391436
2012-03-09,222690.4570708121,260280.3504788673,-14.44207883495501
2012-03-09,222346.2522062324,260280.3504788673,-14.574322726568962
2012-03-09,222662.03809912113,260280.3504788673,-14.452997435471213
2012-03-09,222859.37666645512,260280.3504788673,-14.377179738526003
2012-03-09,223270.10702469572,260280.3504788673,-14.219376678293091
2012-03-09,223324.5501040358,260280.3504788673,-14.198459586687864
2012-03-09,223352.7284453437,260280.3504788673,-14.187633436632332
2012-03-09,223154.83880085842,260280.3504788673,-14.263662858031683
2012-03-09,222966.8734552833,260280.3504788673,-14.3358793527572
2012-03-09,223048.32892060495,260280.3504788673,-14.30458407242897
2012-03-09,223061.4842750505,260280.3504788673,-14.299529770626574
2012-03-09,222579.87928255522,260280.3504788673,-14.484562944129376
2012-03-09,222171.89270046214,260280.3504788673,-14.641311842516236
2012-03-09,222279.20161987597,260280.3504788673,-14.60008363638527
2012-03-09,222159.9369927861,260280.3504788673,-14.64590523869618
2012-03-09,222318.7735560898,260280.3504788673,-14.584880054500951
2012-03-09,222051.82518284427,260280.3504788673,-14.687441916260552
2012-03-09,222349.254154165,260280.3504788673,-14.573169374836073
2012-03-09,222304.4115798736,260280.3504788673,-14.590397941729014
2012-03-12,222686.8895513875,260280.3504788673,-14.443449479883846
2012-03-12,223126.69089090216,260280.3504788673,-14.274477316328083
2012-03-12,223381.8870283181,260280.3504788673,-14.176430676638827
2012-03-12,223608.6891111281,260280.3504788673,-14.089293064294015
2012-03-12,223220.542066436,260280.3504788673,-14.238419590356385
2012-03-12,223058.63727746226,260280.3504788673,-14.300623590264895
2012-03-12,222903.13580340985,260280.3504788673,-14.360367429462247
2012-03-13,223137.66264149462,260280.3504788673,-14.270261957553485
2012-03-13,223457.1681481513,260280.3504788673,-14.1475075867111
2012-03-13,223932.08216064933,260280.3504788673,-13.965045095161404
2012-03-13,224178.4941843616,260280.3504788673,-13.870373321722143
2012-03-14,224165.41370356627,260280.3504788673,-13.875398856984894
2012-03-15,224315.45601487762,260280.3504788673,-13.817752434181443
2012-03-15,224402.66740635072,260280.3504788673,-13.784245720627137
2012-03-15,224620.58568980359,260280.3504788673,-13.700521273871194
2012-03-16,224776.51181527282,260280.3504788673,-13.64061428312742
2012-03-21,224857.76570113673,260280.3504788673,-13.60939644985095
2012-03-22,224522.5753140475,260280.3504788673,-13.738176969191931
2012-03-26,225017.372403847,260280.3504788673,-13.548075377239583
2012-03-26,225363.12605516257,260280.3504788673,-13.41523644003996
2012-03-26,225815.84089560603,260280.3504788673,-13.241302895071797
2012-03-26,226294.8624214691,260280.3504788673,-13.057262292321049
2012-03-26,226575.5528884137,260280.3504788673,-12.94942070288559
2012-03-26,226868.94430355477,260280.3504788673,-12.836699395033769
2012-03-26,227257.89528680703,260280.3504788673,-12.687263994882866
2012-03-27,227342.32288080838,260280.3504788673,-12.654826819411873
2012-03-27,227615.66796999148,260280.3504788673,-12.549807332278021
2012-04-02,228049.44454425568,260280.3504788673,-12.383149890229044
2012-04-02,228317.43277622428,260280.3504788673,-12.280188513592064
2012-04-02,228615.3856558906,260280.3504788673,-12.165714685998799
2012-04-03,228482.968675629,260280.3504788673,-12.21658943701937
2012-04-03,228509.724563498,260280.3504788673,-12.20630979515637
2012-04-03,228097.51794143967,260280.3504788673,-12.364680037589169
2012-04-03,227891.8143815206,260280.3504788673,-12.443711573984675
2012-04-03,226035.2102207573,260280.3504788673,-13.157020956482246
2012-04-03,225838.90173857822,260280.3504788673,-13.232442893565818
2012-04-04,226072.77139733708,260280.3504788673,-13.142589910684633
2012-04-04,226628.14610856347,260280.3504788673,-12.929214329237707
2012-04-04,226891.27581848015,260280.3504788673,-12.828119602174148
2012-04-05,227124.92415737902,260280.3504788673,-12.738351650629209
2012-04-05,227360.26456183565,260280.3504788673,-12.647933605615957
2012-04-05,227646.30616649508,260280.3504788673,-12.538036103121755
2012-04-09,227167.5335638439,260280.3504788673,-12.721981069297778
2012-04-09,227367.11699692803,260280.3504788673,-12.645300892435815
2012-04-09,227084.48736675142,260280.3504788673,-12.753887510540727
2012-04-09,226800.07900832745,260280.3504788673,-12.86315751801563
2012-04-10,226131.0735252056,260280.3504788673,-13.120190168344786
2012-04-10,225494.28909060278,260280.3504788673,-13.364843456013741
2012-04-10,224822.2647015866,260280.3504788673,-13.623035973343528
2012-04-10,224323.92235264962,260280.3504788673,-13.814499657797663
2012-04-10,222928.6823682341,260280.3504788673,-14.350552410857413
2012-04-10,222634.76902621493,260280.3504788673,-14.463474243596004
2012-04-10,221966.4178630836,260280.3504788673,-14.720255503457413
2012-04-10,221437.47531608347,260280.3504788673,-14.923475818024754
2012-04-10,221184.12177215013,260280.3504788673,-15.020814531249632
2012-04-10,220655.62108327224,260280.3504788673,-15.223865083435207
2012-04-10,220145.49397951303,260280.3504788673,-15.41985648379281
2012-04-11,220322.71862889276,260280.3504788673,-15.351766576485682
2012-04-11,219984.07154296795,260280.3504788673,-15.481875163362007
2012-04-11,219469.67798324247,260280.3504788673,-15.679505740844752
2012-04-12,219630.22451580295,260280.3504788673,-15.617823584560147
2012-04-12,219955.0789434047,260280.3504788673,-15.493014152344436
2012-04-12,220214.5630138095,260280.3504788673,-15.393320084034091
2012-04-12,220361.9579658464,260280.3504788673,-15.336690779606874
2012-04-12,220504.8104769048,260280.3504788673,-15.2818066860533
2012-04-12,220725.47307881567,260280.3504788673,-15.19702786909501
2012-04-12,220870.4722331414,260280.3504788673,-15.141319032811767
2012-04-12,221133.2070295303,260280.3504788673,-15.04037603196459
2012-04-13,220987.1489774351,260280.3504788673,-15.096491697948014
2012-04-13,220803.6936967381,260280.3504788673,-15.166975420733648
2012-04-17,220856.16332291497,260280.3504788673,-15.146816532027552
2012-04-17,220932.21566353412,260280.3504788673,-15.117597138216524
2012-04-17,221072.39855309218,260280.3504788673,-15.063738716211116
2012-04-17,221224.39177980585,260280.3504788673,-15.00534274954132
2012-04-17,221452.4588307215,260280.3504788673,-14.917719135044086
2012-04-17,221858.26048471525,260280.3504788673,-14.761809688461911
2012-04-17,222103.69648817476,260280.3504788673,-14.667512903088776
2012-04-17,222273.88474896716,260280.3504788673,-14.602126384099043
2012-04-17,222417.41845608165,260280.3504788673,-14.546980574263449
2012-04-18,222386.36174949005,260280.3504788673,-14.558912595460772
2012-04-18,222093.2925046393,260280.3504788673,-14.671510125128897
2012-04-18,222075.0631058192,260280.3504788673,-14.67851388042067
2012-04-18,221787.79675690303,260280.3504788673,-14.788881931019823
2012-04-18,221050.07603429866,260280.3504788673,-15.072315052746877
2012-04-18,221044.0529245492,260280.3504788673,-15.074629138208328
2012-04-18,221045.9841296662,260280.3504788673,-15.073887167055517
2012-04-18,221090.21321027324,260280.3504788673,-15.05689430511812
2012-04-18,221050.87143487856,260280.3504788673,-15.072009458959856
2012-04-18,221052.61922104642,260280.3504788673,-15.071337957571199
2012-04-18,221113.84354175118,260280.3504788673,-15.047815505495155
2012-04-18,220891.30565015232,260280.3504788673,-15.133314810836271
2012-04-18,220787.79211278493,260280.3504788673,-15.173084826965782
2012-04-19,221479.11863263755,260280.3504788673,-14.907476409511023
2012-04-20,221509.85139852145,260280.3504788673,-14.895668846693713
2012-04-20,221155.37139541548,260280.3504788673,-15.031860457952034
2012-04-20,221206.4546852819,260280.3504788673,-15.012234201197561
2012-04-26,221434.3720018737,260280.3504788673,-14.924668114794004
2012-04-26,221840.12945713536,260280.3504788673,-14.768775649413834
2012-04-26,222099.18675909252,260280.3504788673,-14.6692455460155
2012-04-26,222346.51459300096,260280.3504788673,-14.574221917280795
2012-04-26,222794.01734415654,260280.3504788673,-14.402290862811157
2012-04-26,223141.04463369062,260280.3504788673,-14.268962592392123
2012-04-26,223375.42119694068,260280.3504788673,-14.178914856241908
2012-04-26,223651.37517935695,260280.3504788673,-14.072893029427641
2012-04-26,223846.29802940498,260280.3504788673,-13.998003453749183
2012-04-27,223069.121790975,260280.3504788673,-14.29659542851797
2012-04-27,223241.84379514123,260280.3504788673,-14.230235442507327
2012-04-27,223850.87757429777,260280.3504788673,-13.996243987510425
2012-04-27,224147.27606916736,260280.3504788673,-13.882367356284032
2012-04-30,224133.48874832352,260280.3504788673,-13.887664460279195
2012-04-30,224122.71829337275,260280.3504788673,-13.89180248104448
2012-05-01,224265.05510553482,260280.3504788673,-13.837116519580158
2012-05-02,224115.29338724772,260280.3504788673,-13.894655138231768
2012-05-02,223323.40018497856,260280.3504788673,-14.198901386867988
2012-05-02,223726.8584603424,260280.3504788673,-14.043892268960487
2012-05-03,223632.81045913202,260280.3504788673,-14.080025615575916
2012-05-04,223569.60305647468,260280.3504788673,-14.104309969942678
2012-05-07,224488.14950733393,260280.3504788673,-13.751403402401447
2012-05-09,224755.09980506968,260280.3504788673,-13.64884080125057
2012-05-10,224180.09047625258,260280.3504788673,-13.869760024603078
2012-05-10,224479.62312728836,260280.3504788673,-13.754679247093481
2012-05-10,225182.23385529665,260280.3504788673,-13.48473542432099
2012-05-11,224672.94647692537,260280.3504788673,-13.680404201251056
2012-05-11,222644.0174277174,260280.3504788673,-14.459920997457578
2012-05-11,222193.0677089553,260280.3504788673,-14.63317638071353
2012-05-11,222417.60542129187,260280.3504788673,-14.546908742021841
2012-05-11,222779.55463329842,260280.3504788673,-14.407847452400615
2012-05-14,222285.3940882695,260280.3504788673,-14.597704483144488
2012-05-14,222395.62428420532,260280.3504788673,-14.555353919326278
2012-05-14,222566.22605942175,260280.3504788673,-14.489808527635143
2012-05-14,222080.76812730494,260280.3504788673,-14.676322004823744
2012-05-14,222090.89759328196,260280.3504788673,-14.672430252734742
2012-05-14,221491.5362190893,260280.3504788673,-14.902705558991997
2012-05-14,220863.65599783577,260280.3504788673,-15.143937837993596
2012-05-15,220735.35896188515,260280.3504788673,-15.19322970182987
2012-05-15,220800.62566765328,260280.3504788673,-15.168154160918675
2012-05-15,220479.79380294454,260280.3504788673,-15.291418119999134
2012-05-15,219610.64450379406,260280.3504788673,-15.625346246940488
2012-05-16,219635.67247545128,260280.3504788673,-15.615730472406922
2012-05-16,219248.28890520037,260280.3504788673,-15.764563670740255
2012-05-16,218401.648226743,260280.3504788673,-16.089843960589146
2012-05-16,218083.52540459213,260280.3504788673,-16.21206710250731
2012-05-16,217968.63581513456,260280.3504788673,-16.25620781049629
2012-05-16,217580.98272784767,260280.3504788673,-16.40514455757446
2012-05-16,217476.34841810816,260280.3504788673,-16.44534517569527
2012-05-16,217793.15509206074,260280.3504788673,-16.323627699378015
2012-05-17,217184.4827172851,260280.3504788673,-16.55748030241001
2012-05-17,217021.40045030208,260280.3504788673,-16.620136690678653
2012-05-18,216391.8766565362,260280.3504788673,-16.86200043206662
2012-05-18,215008.80636442165,260280.3504788673,-17.393377575815638
2012-05-18,213945.0101150484,260280.3504788673,-17.802089277415874
2012-05-18,212337.6706826948,260280.3504788673,-18.41963087415816
2012-05-18,211421.35764240046,260280.3504788673,-18.77167936287753
2012-05-18,210737.72097560568,260280.3504788673,-19.034333330238884
2012-05-18,209776.21082301906,260280.3504788673,-19.40374659974525
2012-05-18,208591.16735871858,260280.3504788673,-19.859041616107504
2012-05-21,208471.60890937864,260280.3504788673,-19.90497610525352
2012-05-21,208297.16865960258,260280.3504788673,-19.971996243137585
2012-05-21,208161.29568726322,260280.3504788673,-20.024198790156362
2012-05-21,208241.19937608502,260280.3504788673,-19.993499704084446
2012-05-22,207866.0054576734,260280.3504788673,-20.137649624630242
2012-05-22,208073.29297419888,260280.3504788673,-20.05800953034571
2012-05-23,208395.72215010904,260280.3504788673,-19.934131882525985
2012-05-23,208726.40304573526,260280.3504788673,-19.80708391481815
2012-05-23,209290.2931516072,260280.3504788673,-19.590436709282084
2012-05-23,209492.72927102636,260280.3504788673,-19.51266052715896
2012-05-23,210085.87904669976,260280.3504788673,-19.28477172395806
2012-05-23,210697.3212843525,260280.3504788673,-19.0498549365295
2012-05-23,210925.0435262531,260280.3504788673,-18.962363798039163
2012-05-23,211163.86920154543,260280.3504788673,-18.870606708096368
2012-05-23,211464.42572085047,260280.3504788673,-18.75513255925952
2012-05-23,211571.64922791743,260280.3504788673,-18.71393716864717
2012-05-23,211644.15394631165,260280.3504788673,-18.686080775238743
2012-05-23,212348.1534164448,260280.3504788673,-18.41560339619806
2012-05-23,213027.0800399332,260280.3504788673,-18.15475903271103
2012-05-23,213133.5524602978,260280.3504788673,-18.113852210444694
2012-05-23,213458.41081327535,260280.3504788673,-17.989041270095232
2012-05-23,213648.41920929076,260280.3504788673,-17.91603983311936
2012-05-23,213726.60608732144,260280.3504788673,-17.886000347661916
2012-05-23,214343.0341140842,260280.3504788673,-17.649168014514736
2012-05-23,214516.29311334368,260280.3504788673,-17.582601714392304
2012-05-23,214069.96999489446,260280.3504788673,-17.75407955266479
2012-05-23,213897.76409208358,260280.3504788673,-17.820241251960976
2012-05-23,213974.90021673258,260280.3504788673,-17.79060546712087
2012-05-24,214273.1242268987,260280.3504788673,-17.67602747088817
2012-05-24,214322.0988468462,260280.3504788673,-17.657211367460697
2012-05-24,214706.23692460882,260280.3504788673,-17.50962509094928
2012-05-24,214803.66015016768,260280.3504788673,-17.47219497938703
2012-05-24,215013.9242395615,260280.3504788673,-17.391411282497522
2012-05-24,215017.08545741488,260280.3504788673,-17.39019673908401
2012-05-24,214816.0195419496,260280.3504788673,-17.46744648732485
2012-05-24,214170.03164759185,260280.3504788673,-17.715635754462856
2012-05-24,214108.1418935707,260280.3504788673,-17.739413866758806
2012-05-25,214323.24117560222,260280.3504788673,-17.65677248348274
2012-05-25,214151.16007667597,260280.3504788673,-17.72288623298771
2012-05-25,213161.41148151667,260280.3504788673,-18.10314874352235
2012-05-25,212679.59902676658,260280.3504788673,-18.288261624254087
2012-05-25,212770.90168952072,260280.3504788673,-18.253183039725457
2012-05-25,212890.33399070814,260280.3504788673,-18.207297016839867
2012-05-25,212979.53365192687,260280.3504788673,-18.17302640783899
2012-05-25,212698.064012395,260280.3504788673,-18.28116735624866
2012-05-25,212811.64595442964,260280.3504788673,-18.237529047853247
2012-05-25,212823.00401648,260280.3504788673,-18.233165267787076
2012-05-25,212682.4919939327,260280.3504788673,-18.287150143052838
2012-05-25,212333.4596147646,260280.3504788673,-18.421248771138256
2012-05-25,212166.11014480176,260280.3504788673,-18.485544623535475
2012-05-25,211629.25541748712,260280.3504788673,-18.691804806575387
2012-05-25,211615.15117620345,260280.3504788673,-18.697223671755843
2012-05-25,211226.20324662936,260280.3504788673,-18.846657898680196
2012-05-29,211415.6118233245,260280.3504788673,-18.773886912953976
2012-05-29,210687.08215157758,260280.3504788673,-19.053788822724176
2012-05-29,210828.00290378582,260280.3504788673,-18.999646913068307
2012-05-29,210955.57453378456,260280.3504788673,-18.950633751005157
2012-05-29,211120.29529082737,260280.3504788673,-18.887347853034083
2012-05-29,211198.96542978525,260280.3504788673,-18.85712269819118
2012-05-29,211220.05108648993,260280.3504788673,-18.849021565444943
2012-05-29,210899.06499762236,260280.3504788673,-18.972344777618662
2012-05-29,210994.7172329163,260280.3504788673,-18.935595082484955
2012-05-29,211300.43926542762,260280.3504788673,-18.818136337731907
2012-05-29,211533.10952373446,260280.3504788673,-18.72874416583773
2012-05-29,211778.75823611132,260280.3504788673,-18.63436565746208
2012-05-30,211711.0392138766,260280.3504788673,-18.66038338108591
2012-06-06,212264.95539197035,260280.3504788673,-18.447568169689944
2012-06-06,212767.22294979167,260280.3504788673,-18.254596415618902
2012-06-07,213352.01994392104,260280.3504788673,-18.02991676037276
2012-06-07,213854.91373148648,260280.3504788673,-17.83670440813787
2012-06-07,214240.31432906733,260280.3504788673,-17.688633070108782
2012-06-07,214990.15188765232,260280.3504788673,-17.400544646528047
2012-06-07,215698.15721093406,260280.3504788673,-17.128528214254484
2012-06-07,216022.70079444826,260280.3504788673,-17.00383820868276
2012-06-07,216341.88268258853,260280.3504788673,-16.88120817243414
2012-06-07,216650.66419205035,260280.3504788673,-16.76257397323558
2012-06-07,217298.12978653895,260280.3504788673,-16.513816972064575
2012-06-07,217715.19764221204,260280.3504788673,-16.353579038272894
2012-06-18,217942.44276346947,260280.3504788673,-16.266271210064062
2012-06-20,217849.3060975215,260280.3504788673,-16.302054420658564
2012-06-20,218148.53983284137,260280.3504788673,-16.18708848689932
2012-06-22,218238.83665780534,260280.3504788673,-16.152396346367837
2012-06-27,218475.03828219802,260280.3504788673,-16.061647419697763
2012-06-27,218703.95494808344,260280.3504788673,-15.973697382184652
2012-06-28,219050.3310255726,260280.3504788673,-15.840619308157203
2012-06-28,219304.6584541428,260280.3504788673,-15.742906427372205
2012-06-28,219605.0203857693,260280.3504788673,-15.627507039337763
2012-06-28,219950.11951470198,260280.3504788673,-15.494919570365271
2012-06-28,220196.01496195557,260280.3504788673,-15.400446266175694
2012-06-29,220773.62440207734,260280.3504788673,-15.178528077169462
2012-06-29,220993.301366508,260280.3504788673,-15.094127943226777
2012-06-29,221334.071612691,260280.3504788673,-14.963203635818992
2012-06-29,221849.73981525112,260280.3504788673,-14.76508333914221
2012-06-29,222742.46938462567,260280.3504788673,-14.422095646167268
2012-06-29,223274.16319069974,260280.3504788673,-14.217818294805229
2012-06-29,223578.25892920664,260280.3504788673,-14.100984374016578
2012-07-02,223874.1674060663,260280.3504788673,-13.987296008254338
2012-07-02,224129.4201619148,260280.3504788673,-13.88922761570035
2012-07-02,224350.21670152756,260280.3504788673,-13.804397339728103
2012-07-03,224595.38319605173,260280.3504788673,-13.71020409998753
2012-07-05,224929.1596617819,260280.3504788673,-13.581966810804511
2012-07-12,225067.90667458982,260280.3504788673,-13.528660054242724
2012-07-13,225338.8959233192,260280.3504788673,-13.424545683630104
2012-07-13,225523.52395422148,260280.3504788673,-13.353611388911894
2012-07-13,225801.80183307646,260280.3504788673,-13.246696718502468
2012-07-16,225972.32690437548,260280.3504788673,-13.181180796541673
2012-07-16,226068.58056219533,260280.3504788673,-13.144200034204923
2012-07-16,226292.03788700496,260280.3504788673,-13.05834748160212
2012-07-17,226496.52297182224,260280.3504788673,-12.979784084695261
2012-07-17,226625.89459209208,260280.3504788673,-12.930079364368957
2012-07-17,226893.52530461302,260280.3504788673,-12.827255347101211
2012-07-17,227552.66718548114,260280.3504788673,-12.574012303723014
2012-07-17,227620.97736032255,260280.3504788673,-12.547767458610531
2012-07-17,227889.55131400074,260280.3504788673,-12.444581047041597
2012-07-17,228036.1716332261,260280.3504788673,-12.388249357401712
2012-07-17,228272.30825710754,260280.3504788673,-12.297525404000316
2012-07-17,228416.86675411634,260280.3504788673,-12.241985868748099
2012-07-17,228643.0682262669,260280.3504788673,-12.155079011686318
2012-07-17,228810.6690750629,260280.3504788673,-12.090686579261959
2012-07-18,228969.15315551212,260280.3504788673,-12.029796819371274
2012-07-18,229120.5093913314,260280.3504788673,-11.971645585311224
2012-07-18,229270.9052961768,260280.3504788673,-11.913863311478917
2012-07-18,229846.31205688996,260280.3504788673,-11.692791394350126
2012-07-18,230152.37120178132,260280.3504788673,-11.575203130645905
2012-07-18,230545.99650051765,260280.3504788673,-11.423971853289727
2012-07-18,230479.1812900154,260280.3504788673,-11.449642331441195
2012-07-18,230648.54789048395,260280.3504788673,-11.384571495261305
2012-07-18,230465.24493873995,260280.3504788673,-11.454996693093857
2012-07-18,230682.9720797666,260280.3504788673,-11.371345683470555
2012-07-18,230418.346327403,260280.3504788673,-11.47301519170532
2012-07-18,230459.7080249999,260280.3504788673,-11.457123981508003
2012-07-18,230622.5918613457,260280.3504788673,-11.39454383051078
2012-07-19,230807.1798479327,260280.3504788673,-11.323624920863006
2012-07-19,231380.95636326302,260280.3504788673,-11.103179345822605
2012-07-19,231603.13142882226,260280.3504788673,-11.01781943864925
2012-07-19,231407.9195882747,260280.3504788673,-11.092820044798891
2012-07-19,231365.09797432343,260280.3504788673,-11.109272156482499
2012-07-19,231197.61957402233,260280.3504788673,-11.173617544058999
2012-07-19,231343.54814803312,260280.3504788673,-11.117551623699546
2012-07-19,231593.6002223868,260280.3504788673,-11.021481338757317
2012-07-19,230982.62733939028,260280.3504788673,-11.256217799605185
2012-07-19,230877.11091030343,260280.3504788673,-11.296757328959869
2012-07-19,230930.40376994864,260280.3504788673,-11.276282153040071
2012-07-19,230870.51958817887,260280.3504788673,-11.299289722247503
2012-07-20,230257.26172812207,260280.3504788673,-11.534904073822071
2012-07-20,229804.87549926958,260280.3504788673,-11.70871136585168
2012-07-23,229517.10249039214,260280.3504788673,-11.819274075771194
2012-07-23,229149.71810388222,260280.3504788673,-11.960423565478735
2012-07-23,229152.33895339808,260280.3504788673,-11.959416632181217
2012-07-23,229130.1682853741,260280.3504788673,-11.967934627482514
2012-07-24,228890.93230025185,260280.3504788673,-12.059849358918095
2012-07-26,229028.220202197,260280.3504788673,-12.007103194371842
2012-07-27,229631.9339991782,260280.3504788673,-11.775155682440772
2012-07-27,229875.0573992933,260280.3504788673,-11.681747401843413
2012-07-27,230534.68473805752,260280.3504788673,-11.428317845001862
2012-07-27,230691.89390245467,260280.3504788673,-11.367917909275667
2012-07-27,231046.88691604015,260280.3504788673,-11.231529198820821
2012-07-27,231321.52367526214,260280.3504788673,-11.126013450622116
2012-07-27,231591.09435434442,260280.3504788673,-11.022444096044902
2012-07-27,232130.7882202767,260280.3504788673,-10.8150931127919
2012-07-27,232349.41868837495,260280.3504788673,-10.731095043903485
2012-07-27,232763.301139892,260280.3504788673,-10.572080945929677
2012-07-27,232974.20301549387,260280.3504788673,-10.491052210870015
2012-07-30,233146.2389670392,260280.3504788673,-10.424955807038991
2012-07-30,234824.31984049868,260280.3504788673,-9.780235269982647
2012-07-30,234188.2502516152,260280.3504788673,-10.024613913131558
2012-07-30,234369.78683240045,260280.3504788673,-9.954867356984975
2012-07-31,234527.29851889538,260280.3504788673,-9.894351191932511
2012-07-31,234944.51754448292,260280.3504788673,-9.734055178491642
2012-08-01,234818.11236628445,260280.3504788673,-9.78262018847642
2012-08-01,234824.89177006207,260280.3504788673,-9.780015534008594
2012-08-01,234892.4247758605,260280.3504788673,-9.754069278106375
2012-08-02,234383.3224759924,260280.3504788673,-9.94966694766977
2012-08-02,234259.04250157136,260280.3504788673,-9.997415452000734
2012-08-02,234210.72821236184,260280.3504788673,-10.015977855624609
2012-08-02,234122.55229088975,260280.3504788673,-10.049855142676762
2012-08-02,233937.71067765928,260280.3504788673,-10.1208714959629
2012-08-02,233296.7137491128,260280.3504788673,-10.367143228487917
2012-08-03,233414.47153995564,260280.3504788673,-10.321900554338216
2012-08-03,233538.35089642688,260280.3504788673,-10.274305967868926
2012-08-06,233775.51090538985,260280.3504788673,-10.183188828781539
2012-08-06,234022.37774385998,260280.3504788673,-10.088342315006702
2012-08-06,234142.97889218637,260280.3504788673,-10.042007219750952
2012-08-06,234409.30815090836,260280.3504788673,-9.93968322247955
2012-08-06,234212.33574054227,260280.3504788673,-10.015360241510642
2012-08-06,233892.4580017407,260280.3504788673,-10.138257624356886
2012-08-06,233478.4239473377,260280.3504788673,-10.29732996832802
2012-08-06,233358.62807727122,260280.3504788673,-10.34335567478111
2012-08-07,233613.86101022098,260280.3504788673,-10.245294898206858
2012-08-07,233906.5338402092,260280.3504788673,-10.132849671569602
2012-08-07,234168.57784841207,260280.3504788673,-10.032172072311429
2012-08-08,234587.9199610287,260280.3504788673,-9.871060366473811
2012-08-13,234322.78384272582,260280.3504788673,-9.97292595786981
2012-08-13,234340.3481685406,260280.3504788673,-9.966177724366029
2012-08-13,234820.04649689273,260280.3504788673,-9.781877093346603
2012-08-13,234866.10968646253,260280.3504788673,-9.76417956470679
2012-08-13,233987.98410447786,260280.3504788673,-10.101556389491712
2012-08-14,233901.50896757992,260280.3504788673,-10.134780233219768
2012-08-16,233977.82442793495,260280.3504788673,-10.105459748513713
2012-08-16,234110.28514995676,260280.3504788673,-10.05456819186024
2012-08-17,234399.26089553998,260280.3504788673,-9.94354338916132
2012-08-17,234610.4493076222,260280.3504788673,-9.86240456646737
2012-08-17,234635.09193383902,260280.3504788673,-9.85293684208039
2012-08-20,234609.96123792997,260280.3504788673,-9.862592083385707
2012-08-21,234679.45931215884,260280.3504788673,-9.835890846008006
2012-08-21,234659.9786181608,260280.3504788673,-9.84337535029817
2012-08-22,234901.84359057894,260280.3504788673,-9.750450559020935
2012-08-23,234638.1830880834,260280.3504788673,-9.851749217183354
2012-08-23,234238.23259127012,260280.3504788673,-10.005410642672235
2012-08-24,234550.50316325238,260280.3504788673,-9.885435941774631
2012-08-27,234858.33157524274,260280.3504788673,-9.767167923684129
2012-08-27,235178.65636541255,260280.3504788673,-9.64409878320523
2012-08-28,235245.8498773957,260280.3504788673,-9.618282961204253
2012-08-28,235393.4892921708,260280.3504788673,-9.56155973392126
2012-08-28,235248.37865570388,260280.3504788673,-9.617311401767079
2012-08-29,235595.13820120617,260280.3504788673,-9.484085998902703
2012-08-30,235586.95748024882,260280.3504788673,-9.487229040988781
2012-08-30,235412.67781160254,260280.3504788673,-9.55418748342427
2012-08-30,235289.35680013098,260280.3504788673,-9.60156755312399
2012-08-30,234864.09384878914,260280.3504788673,-9.764954051781853
2012-08-31,234967.76275516508,260280.3504788673,-9.72512434270654
2012-08-31,235119.01747986738,260280.3504788673,-9.66701210933048
2012-08-31,235573.20622289742,260280.3504788673,-9.492512289350056
2012-08-31,235837.27549302127,260280.3504788673,-9.391056582210426
2012-09-04,235528.22571058286,260280.3504788673,-9.509793852184826
2012-09-04,235712.2242930805,260280.3504788673,-9.439101392243412
2012-09-04,235514.78238661436,260280.3504788673,-9.514958792198073
2012-09-04,235471.72154679237,260280.3504788673,-9.531502814727153
2012-09-04,235457.72408512293,260280.3504788673,-9.536880655061118
2012-09-04,235588.41140900253,260280.3504788673,-9.486670439945318
2012-09-04,235615.53615041426,260280.3504788673,-9.47624908414115
2012-09-04,235568.52229364315,260280.3504788673,-9.494311860176534
2012-09-04,235759.11786386132,260280.3504788673,-9.421084830219218
2012-09-04,235816.63675127126,260280.3504788673,-9.398986009734262
2012-09-04,235927.23304221118,260280.3504788673,-9.356494791808496
2012-09-06,236124.5406839074,260280.3504788673,-9.280688976527701
2012-09-06,236380.52587901705,260280.3504788673,-9.182339179995353
2012-09-06,236723.11193115346,260280.3504788673,-9.050717237921695
2012-09-06,237232.3659024033,260280.3504788673,-8.855061296044822
2012-09-07,237766.557071928,260280.3504788673,-8.649824454868808
2012-09-07,238042.81502572374,260280.3504788673,-8.54368584191263
2012-09-10,238213.4897999612,260280.3504788673,-8.478112403916473
2012-09-10,237243.37131828876,260280.3504788673,-8.850833003027235
2012-09-12,237463.28273416558,260280.3504788673,-8.7663427925783
2012-09-17,237903.84725203435,260280.3504788673,-8.597077415050487
2012-09-17,238239.11619176835,260280.3504788673,-8.468266715696053
2012-09-17,238524.04771703848,260280.3504788673,-8.358795706937261
2012-09-17,238862.3921776076,260280.3504788673,-8.22880338905901
2012-09-21,238958.33921223655,260280.3504788673,-8.19194043169307
2012-09-21,237137.1636522892,260280.3504788673,-8.89163810637221
2012-09-21,237118.7534650947,260280.3504788673,-8.898711320758403
2012-09-21,237021.83566835488,260280.3504788673,-8.935947246006506
2012-09-21,237175.77438930367,260280.3504788673,-8.876803818288828
2012-09-21,237419.8552217031,260280.3504788673,-8.783027691143475
2012-09-21,237537.7968211592,260280.3504788673,-8.73771439752023
2012-09-21,237889.28986086216,260280.3504788673,-8.602670380921866
2012-09-24,237706.64264135313,260280.3504788673,-8.672843645700784
2012-09-25,237704.7987242014,260280.3504788673,-8.673552080720311
2012-09-26,237985.1055124473,260280.3504788673,-8.565857901067409
2012-09-27,238246.07473244428,260280.3504788673,-8.465593236632756
2012-09-27,238393.08382082704,260280.3504788673,-8.409112181450414
2012-09-28,238758.91554741163,260280.3504788673,-8.268559225412233
2012-09-28,238363.793701856,260280.3504788673,-8.420365477720058
2012-09-28,238374.24866753854,260280.3504788673,-8.41634866828234
2012-10-01,238016.49514094237,260280.3504788673,-8.553797970904679
2012-10-01,237347.21805650048,260280.3504788673,-8.810934970762922
2012-10-01,237038.78134916272,260280.3504788673,-8.929436696602117
2012-10-01,236761.15630957892,260280.3504788673,-9.036100545437815
2012-10-01,236669.816738584,260280.3504788673,-9.071193310153584
2012-10-01,236486.0889741209,260280.3504788673,-9.141781721505057
2012-10-01,236161.33516211,260280.3504788673,-9.266552497098926
2012-10-01,236218.46862450198,260280.3504788673,-9.24460175733433
2012-10-01,236061.1436497566,260280.3504788673,-9.305046187525063
2012-10-01,235405.81433538377,260280.3504788673,-9.556824438617447
2012-10-01,235133.31990913342,260280.3504788673,-9.661517100106877
2012-10-01,234723.40483342163,260280.3504788673,-9.819006927885894
2012-10-01,234779.93360084726,260280.3504788673,-9.797288512599598
2012-10-01,235095.11587658772,260280.3504788673,-9.676195131881238
2012-10-01,236063.51746389922,260280.3504788673,-9.304134165492565
2012-10-01,235869.18839178202,260280.3504788673,-9.378795611029913
2012-10-01,235285.585941021,260280.3504788673,-9.603016321385994
2012-10-01,234957.9522314322,260280.3504788673,-9.728893556830785
2012-10-01,234511.72208709942,260280.3504788673,-9.90033567434438
2012-10-01,234233.13956734663,260280.3504788673,-10.007367388125404
2012-10-01,233624.8448972902,260280.3504788673,-10.2410748765844
2012-10-01,233244.04483685212,260280.3504788673,-10.38737868312895
2012-10-01,233575.3951934995,260280.3504788673,-10.260073507752564
2012-10-01,233013.26475495283,260280.3504788673,-10.476044647146093
2012-10-01,232758.86187970845,260280.3504788673,-10.573786514627189
2012-10-01,231974.0215202296,260280.3504788673,-10.87532305322293
2012-10-01,231818.5287701072,260280.3504788673,-10.935063540676683
2012-10-01,231767.5039266184,260280.3504788673,-10.954667342267896
2012-10-01,231744.1324527812,260280.3504788673,-10.963646688497532
2012-10-01,230709.3629756592,260280.3504788673,-11.361206271930632
2012-10-01,230676.7080986542,260280.3504788673,-11.373752311977421
2012-10-01,230537.92768253214,260280.3504788673,-11.427071902129626
2012-10-01,229923.3094931292,260280.3504788673,-11.663208893751221
2012-10-01,229081.23836442293,260280.3504788673,-11.986733557505907
2012-10-01,229104.78224507766,260280.3504788673,-11.977687972385318
2012-10-02,229358.94100910958,260280.3504788673,-11.880039892703424
2012-10-02,229006.36554279513,260280.3504788673,-12.015499778809223
2012-10-02,228574.51901622958,260280.3504788673,-12.181415694386805
2012-10-02,228125.47407799162,260280.3504788673,-12.353939258847896
2012-10-02,227837.11162248426,260280.3504788673,-12.464728434817895
2012-10-02,227690.2251597842,260280.3504788673,-12.521162377076623
2012-10-02,227756.28033256595,260280.3504788673,-12.495783906262279
2012-10-02,227847.99954796702,260280.3504788673,-12.46054528174363
2012-10-02,227196.56007133276,260280.3504788673,-12.71082905285264
2012-10-02,226887.4134413613,260280.3504788673,-12.8296035317569
2012-10-02,226975.79232992372,260280.3504788673,-12.795648264523008
2012-10-02,227122.79274086744,260280.3504788673,-12.73917054322239
2012-10-02,226938.789399035,260280.3504788673,-12.80986483170552
2012-10-02,226529.99935012072,260280.3504788673,-12.966922422938277
2012-10-02,226291.5548450607,260280.3504788673,-13.058533066854094
2012-10-02,226139.94968802575,260280.3504788673,-13.116779936721915
2012-10-02,225965.36843226603,260280.3504788673,-13.183854249261657
2012-10-02,225698.02764380965,260280.3504788673,-13.286566877381498
2012-10-03,225241.47484517138,260280.3504788673,-13.461974970154653
2012-10-04,225316.75755515866,260280.3504788673,-13.43305126928796
2012-10-04,225646.49175044554,260280.3504788673,-13.306367024902926
2012-10-05,225296.94213880037,260280.3504788673,-13.440664374281033
2012-10-08,225401.6424163879,260280.3504788673,-13.400438411239676
2012-10-09,225614.3766961298,260280.3504788673,-13.318705664472397
2012-10-09,225480.20123198067,260280.3504788673,-13.370256026957414
2012-10-09,225270.8714956036,260280.3504788673,-13.450680744379195
2012-10-09,224887.7319734736,260280.3504788673,-13.597883374706502
2012-10-10,224949.25070512906,260280.3504788673,-13.574247809615903
2012-10-10,225027.81289598445,260280.3504788673,-13.544064128553984
2012-10-12,224868.75446671332,260280.3504788673,-13.605174553900534
2012-10-12,224739.23216707257,260280.3504788673,-13.654937165408649
2012-10-15,224935.89738167354,260280.3504788673,-13.579378171332014
2012-10-15,225092.22273746372,260280.3504788673,-13.519317795855121
2012-10-16,225316.6617832041,260280.3504788673,-13.433088064979373
2012-10-17,225377.47350004254,260280.3504788673,-13.409724135767442
2012-10-17,225701.63914547005,260280.3504788673,-13.28517933442877
2012-10-17,225812.33380759525,260280.3504788673,-13.242650322184266
2012-10-17,225703.5733234517,260280.3504788673,-13.284436221098048
2012-10-17,225975.1874771659,260280.3504788673,-13.180081761295584
2012-10-17,226206.03378096665,260280.3504788673,-13.091390354750276
2012-10-17,226409.50395325734,260280.3504788673,-13.01321688836438
2012-10-18,226456.1149901556,260280.3504788673,-12.995308876171954
2012-10-18,226840.43804198626,260280.3504788673,-12.847651532417965
2012-10-18,227003.7862879744,260280.3504788673,-12.78489295471988
2012-10-18,227201.9546014695,260280.3504788673,-12.70875646837716
2012-10-18,227354.13919562197,260280.3504788673,-12.650286978124642
2012-10-18,227403.15816685022,260280.3504788673,-12.6314538348858
2012-10-19,227598.65439141664,260280.3504788673,-12.556343968079972
2012-10-19,227412.65004554178,260280.3504788673,-12.627807044540656
2012-10-19,227445.67875127154,260280.3504788673,-12.615117379082244
2012-10-19,227002.37048322195,260280.3504788673,-12.785436908479673
2012-10-22,227017.28956615267,260280.3504788673,-12.779704980232584
2012-10-22,227042.68975671937,260280.3504788673,-12.769946198780216
2012-10-22,226852.0477199038,260280.3504788673,-12.8431910812559
2012-10-22,226486.79377256596,260280.3504788673,-12.98352205386519
2012-10-22,225629.7886926701,260280.3504788673,-13.312784358268553
2012-10-22,225211.33185382545,260280.3504788673,-13.473555940938835
2012-10-22,225183.6103377403,260280.3504788673,-13.484206578235943
2012-10-22,225346.33259115816,260280.3504788673,-13.421688507579255
2012-10-23,225307.6065651413,260280.3504788673,-13.436567089825521
2012-10-23,225259.30998836205,260280.3504788673,-13.455122688313995
2012-10-23,225317.71047759132,260280.3504788673,-13.432685155429999
2012-10-23,225210.58266938012,260280.3504788673,-13.47384377843558
2012-10-24,225314.8099088955,260280.3504788673,-13.433799557147413
2012-10-24,225292.6882402731,260280.3504788673,-13.442298726824145
2012-10-24,225445.6662162183,260280.3504788673,-13.38352441840488
2012-10-24,225277.2964868921,260280.3504788673,-13.448212255583686
2012-10-24,225198.26619042875,260280.3504788673,-13.478575783340563
2012-10-26,225111.73144999708,260280.3504788673,-13.511822526812539
2012-10-26,225370.58806965617,260280.3504788673,-13.412369525776219
2012-10-31,225441.44830676453,260280.3504788673,-13.38514494390594
2012-10-31,225643.12119289197,260280.3504788673,-13.307661996861958
2012-10-31,225828.83983548518,260280.3504788673,-13.236308687919685
2012-10-31,225993.77458917815,260280.3504788673,-13.172940572197724
2012-10-31,226351.02092963477,260280.3504788673,-13.03568613105403
2012-10-31,226531.689982635,260280.3504788673,-12.966272880046867
2012-10-31,226421.9007653359,260280.3504788673,-13.008454019382631
2012-10-31,226401.7338613034,260280.3504788673,-13.01620216633087
2012-10-31,226473.94006447584,260280.3504788673,-12.9884604628025
2012-10-31,226645.6101366547,260280.3504788673,-12.92250463023081
2012-10-31,226764.93460652055,260280.3504788673,-12.87666003625884
2012-11-01,226996.4383783596,260280.3504788673,-12.787716029762336
2012-11-01,227178.0444095289,260280.3504788673,-12.717942790701
2012-11-01,227426.9860013302,260280.3504788673,-12.622299154389887
2012-11-01,227808.7992535586,260280.3504788673,-12.475606078433161
2012-11-01,228120.40747033773,260280.3504788673,-12.355885855140919
2012-11-01,228290.52254504332,260280.3504788673,-12.2905274543271
2012-11-01,228576.86118710082,260280.3504788673,-12.180515829734352
2012-11-01,228238.25983646218,260280.3504788673,-12.31060684506289
2012-11-01,228476.16481470826,260280.3504788673,-12.219203487948773
2012-11-01,228652.61560517942,260280.3504788673,-12.151410898094591
2012-11-01,228699.43073191296,260280.3504788673,-12.133424474360567
2012-11-02,228089.41727058892,260280.3504788673,-12.367792324335305
2012-11-02,228218.27097689634,260280.3504788673,-12.318286587129116
2012-11-02,228209.3269940935,260280.3504788673,-12.321722875264724
2012-11-02,228148.99629507898,260280.3504788673,-12.344901996893974
2012-11-05,228240.5732275846,260280.3504788673,-12.30971803762193
2012-11-05,228224.32551169393,260280.3504788673,-12.315960428129234
2012-11-05,228278.50071979634,260280.3504788673,-12.295146252951298
2012-11-05,228313.12048220987,260280.3504788673,-12.28184530174625
2012-11-05,228481.62914287252,260280.3504788673,-12.217104086993528
2012-11-05,228553.01931939868,260280.3504788673,-12.189675901809819
2012-11-08,228607.32398170672,260280.3504788673,-12.168811990182169
2012-11-08,228432.60348065424,260280.3504788673,-12.23593980091818
2012-11-08,228181.8117618188,260280.3504788673,-12.332294258092546
2012-11-08,228204.35173935024,260280.3504788673,-12.323634373667934
2012-11-09,228049.93622673088,260280.3504788673,-12.382960985275483
2012-11-09,227844.65159143947,260280.3504788673,-12.461831570363339
2012-11-09,227765.1969153077,260280.3504788673,-12.492358145260598
2012-11-12,226740.82488435437,260280.3504788673,-12.885923018317158
2012-11-12,226420.22988658416,260280.3504788673,-13.009095972856514
2012-11-13,226076.60551133406,260280.3504788673,-13.141116839824726
2012-11-15,225610.26360688318,260280.3504788673,-13.320285917933347
2012-11-15,225898.5001015314,260280.3504788673,-13.20954513626546
2012-11-16,226015.60868325757,260280.3504788673,-13.164551888980094
2012-11-16,226642.84879246843,260280.3504788673,-12.923565541736878
2012-11-16,225782.91135682154,260280.3504788673,-13.253954460479598
2012-11-16,225356.1037363941,260280.3504788673,-13.417934422717307
2012-11-16,225118.2593306876,260280.3504788673,-13.509314507794384
2012-11-19,224816.55133699416,260280.3504788673,-13.62523105437132
2012-11-19,224753.08425005747,260280.3504788673,-13.649615179726895
2012-11-20,224460.27879796957,260280.3504788673,-13.762111359922283
2012-11-20,224403.32195358508,260280.3504788673,-13.783994242852055
2012-11-21,224892.11798941164,260280.3504788673,-13.5961982625073
2012-11-21,225150.80402164024,260280.3504788673,-13.496810801351405
2012-11-21,225413.6872223945,260280.3504788673,-13.395810783382087
2012-11-21,225350.34114836593,260280.3504788673,-13.420148415443837
2012-11-21,225477.77473850473,260280.3504788673,-13.371188288448332
2012-11-21,225683.5247350836,260280.3504788673,-13.292138911036503
2012-11-23,225574.9878317224,260280.3504788673,-13.333838909965165
2012-11-23,225698.40748328657,260280.3504788673,-13.286420942632205
2012-11-23,225902.18241067146,260280.3504788673,-13.208130389000331
2012-12-05,225496.2608344312,260280.3504788673,-13.364085909842935
2012-12-06,225773.16270377158,260280.3504788673,-13.257699903818681
2012-12-06,225360.65123611694,260280.3504788673,-13.416187268268473
2012-12-07,225626.88373507894,260280.3504788673,-13.313900446204427
2012-12-10,225529.0765405093,260280.3504788673,-13.35147807908747
2012-12-10,225681.31426857653,260280.3504788673,-13.292988174725826
2012-12-10,225396.4659103051,260280.3504788673,-13.402427230631266
2012-12-10,226109.6424107527,260280.3504788673,-13.128424026341925
2012-12-10,226214.57385418896,260280.3504788673,-13.08810924912452
2012-12-11,226562.3602468033,260280.3504788673,-12.954489330458177
2012-12-11,226862.3106093563,260280.3504788673,-12.839248067719305
2012-12-11,227433.51601132497,260280.3504788673,-12.619790317290674
2012-12-11,227746.30347135302,260280.3504788673,-12.499617027431269
2012-12-11,227929.45348666725,260280.3504788673,-12.42925058794505
2012-12-11,228037.88257047834,260280.3504788673,-12.387592013407403
2012-12-11,228081.61621927403,260280.3504788673,-12.370789496922685
2012-12-11,228237.2626614014,260280.3504788673,-12.310989960829778
2012-12-12,228644.0163792195,260280.3504788673,-12.154714730267898
2012-12-12,229059.46516616258,260280.3504788673,-11.995098844482156
2012-12-12,229306.73918497766,260280.3504788673,-11.90009589156614
2012-12-12,230052.43459284055,260280.3504788673,-11.61359888689754
2012-12-13,230000.27269990364,260280.3504788673,-11.633639544150746
2012-12-13,230147.03064714366,260280.3504788673,-11.577254977674631
2012-12-13,229900.5780841686,260280.3504788673,-11.671942326343721
2012-12-14,228784.6189584695,260280.3504788673,-12.100695063016289
2012-12-14,228719.27077974807,260280.3504788673,-12.125801905926718
2012-12-14,228988.4112675856,260280.3504788673,-12.02239783130397
2012-12-17,229285.08092713592,260280.3504788673,-11.908417018305787
2012-12-17,229642.24289917498,260280.3504788673,-11.771194991601911
2012-12-17,229914.54942542058,260280.3504788673,-11.66657452150318
2012-12-17,230234.0165354636,260280.3504788673,-11.543834902682455
2012-12-17,230133.13480195825,260280.3504788673,-11.582593776842469
2012-12-17,230334.47435821977,260280.3504788673,-11.505238895503524
2012-12-18,230727.48068130837,260280.3504788673,-11.354245429279299
2012-12-18,231102.78101478817,260280.3504788673,-11.210054623946005
2012-12-19,231263.62788101233,260280.3504788673,-11.148257079133945
2012-12-20,231566.34311088597,260280.3504788673,-11.031953551296867
2012-12-20,231943.52706942134,260280.3504788673,-10.887039055123251
2012-12-20,232198.8847330571,260280.3504788673,-10.788930356880785
2012-12-20,232659.7896283776,260280.3504788673,-10.611850183724215
2012-12-21,233013.11672732673,260280.3504788673,-10.4761015195246
2012-12-21,232868.02392232174,260280.3504788673,-10.531846336502927
2012-12-24,233139.17708870038,260280.3504788673,-10.427668988547243
2012-12-26,233365.42381123337,260280.3504788673,-10.340744746238235
2012-12-26,233143.46849849206,260280.3504788673,-10.426020224134644
2012-12-26,232941.59588025298,260280.3504788673,-10.50357990847796
2012-12-26,232794.93977836883,260280.3504788673,-10.55992534585513
2012-12-26,232312.91204569934,260280.3504788673,-10.745120936602817
2012-12-27,232197.19595115437,260280.3504788673,-10.789579188765178
2012-12-28,231611.98047906396,260280.3504788673,-11.014419623709161
2012-12-31,231873.2208371457,260280.3504788673,-10.914050787720928
2013-01-02,232741.1863376969,260280.3504788673,-10.580577477517402
2013-01-02,233637.0872199412,260280.3504788673,-10.236371362612456
2013-01-02,233954.12173078634,260280.3504788673,-10.114566351107799
2013-01-02,234304.09503631832,260280.3504788673,-9.980106218067371
2013-01-04,234449.41942392805,260280.3504788673,-9.924272426794861
2013-01-04,234632.07096210643,260280.3504788673,-9.854097502778378
2013-01-08,234562.79037089978,260280.3504788673,-9.880715182937172
2013-01-11,234739.80608002288,260280.3504788673,-9.812705550708909
2013-01-11,234956.62177209428,260280.3504788673,-9.729404720787445
2013-01-11,235132.97305584062,260280.3504788673,-9.661650361527562
2013-01-15,235335.69292495292,260280.3504788673,-9.58376516245689
2013-01-16,235509.00348528376,260280.3504788673,-9.517179052513525
2013-01-17,235677.4024049514,260280.3504788673,-9.452480000373086
2013-01-17,235937.16953924327,260280.3504788673,-9.352677178602654
2013-01-17,236221.86326074216,260280.3504788673,-9.243297534317136
2013-01-17,236376.16905659242,260280.3504788673,-9.184013076014246
2013-01-17,236421.68956248564,260280.3504788673,-9.166524047046263
2013-01-17,236605.41152235403,260280.3504788673,-9.09593786582652
2013-01-17,236544.73769082743,260280.3504788673,-9.119248819348357
2013-01-17,236546.1881484071,260280.3504788673,-9.11869155193382
2013-01-17,236656.91029368044,260280.3504788673,-9.076151980633243
2013-01-17,236678.74429645477,260280.3504788673,-9.067763332495128
2013-01-17,236868.73010677987,260280.3504788673,-8.994770572966578
2013-01-18,236778.9359269937,260280.3504788673,-9.029269596661978
2013-01-18,236873.21437714703,260280.3504788673,-8.993047711306485
2013-01-18,237152.63241353407,260280.3504788673,-8.88569499110576
2013-01-22,237204.80707949854,260280.3504788673,-8.86564942644117
2013-01-22,237370.61666388554,260280.3504788673,-8.80194519979404
2013-01-22,237520.0231497567,260280.3504788673,-8.744543061831545
2013-01-22,237817.4881732674,260280.3504788673,-8.630256669115601
2013-01-23,237601.38198506893,260280.3504788673,-8.71328490686035
2013-01-24,237741.59801170134,260280.3504788673,-8.659413753554142
2013-01-24,237540.3020613126,260280.3504788673,-8.73675188146829
2013-01-25,237500.81886601332,260280.3504788673,-8.751921368994585
2013-01-25,237482.02668831212,260280.3504788673,-8.759141344558095
2013-01-28,237434.25869808334,260280.3504788673,-8.777493859506263
2013-01-28,237491.39438153344,260280.3504788673,-8.755542266408678
2013-01-28,237988.4331317653,260280.3504788673,-8.564579426026214
2013-01-28,238157.40238305743,260280.3504788673,-8.49966125184163
2013-01-30,237990.88384564756,260280.3504788673,-8.563637859028265
2013-01-31,238004.9665927997,260280.3504788673,-8.55822725191704
2013-01-31,238214.0660073068,260280.3504788673,-8.477891024413735
2013-02-04,238286.33381834556,260280.3504788673,-8.45012565107464
2013-02-04,238676.18208940726,260280.3504788673,-8.300345511949866
2013-02-05,238947.14462996743,260280.3504788673,-8.196241402645553
2013-02-05,239098.07405342592,260280.3504788673,-8.138254150368992
2013-02-06,239552.13625199936,260280.3504788673,-7.963802948909472
2013-02-06,240045.86545305914,260280.3504788673,-7.774111640998053
2013-02-06,240426.21401831455,260280.3504788673,-7.6279812994046
2013-02-06,240165.6431319903,260280.3504788673,-7.728092923599375
2013-02-06,240077.8773939891,260280.3504788673,-7.761812617706032
2013-02-06,240142.01669556668,260280.3504788673,-7.737170226738148
2013-02-06,240293.7459987396,260280.3504788673,-7.6788756597860965
2013-02-07,240437.8895763365,260280.3504788673,-7.623495537033187
2013-02-07,240472.68959468746,260280.3504788673,-7.610125331296596
2013-02-07,240189.13221156443,260280.3504788673,-7.719068393114877
2013-02-07,240351.02452106553,260280.3504788673,-7.656869187833632
2013-02-08,240497.05580562932,260280.3504788673,-7.600763805965531
2013-02-08,240486.34347367653,260280.3504788673,-7.604879495810378
2013-02-11,240689.48348539305,260280.3504788673,-7.526832877484109
2013-02-11,240986.6731391924,260280.3504788673,-7.412652282117392
2013-02-11,240614.7361792325,260280.3504788673,-7.555550875605372
2013-02-11,240518.9763261619,260280.3504788673,-7.592341917608514
2013-02-11,240365.27032385205,260280.3504788673,-7.651395934566409
2013-02-11,240300.16227668987,260280.3504788673,-7.676410518664822
2013-02-11,240334.00580265766,260280.3504788673,-7.663407798365143
2013-02-11,240427.6831755259,260280.3504788673,-7.627416847570785
2013-02-11,240447.75544876573,260280.3504788673,-7.6197050578782815
2013-02-11,240293.28139919488,260280.3504788673,-7.6790541594476664
2013-02-11,240404.31546648528,260280.3504788673,-7.6363947473613845
2013-02-11,240377.06062110866,260280.3504788673,-7.646866089253493
2013-02-13,240476.1849182722,260280.3504788673,-7.608782424089694
2013-02-13,240771.4907495034,260280.3504788673,-7.495325595447847
2013-02-13,241022.86399066876,260280.3504788673,-7.398747716747868
2013-02-14,241325.07118031348,260280.3504788673,-7.282639378531513
2013-02-14,241734.449718271,260280.3504788673,-7.125355689154136
2013-02-15,242264.09005055594,260280.3504788673,-6.921867284704667
2013-02-19,242104.7388687387,260280.3504788673,-6.983090185904878
2013-02-19,242340.91856929148,260280.3504788673,-6.892349682398466
2013-02-21,242420.07238460443,260280.3504788673,-6.861938698562259
2013-02-22,241850.77257959533,260280.3504788673,-7.080664316520623
2013-02-22,242178.83182466018,260280.3504788673,-6.954623589872881
2013-02-22,242772.22125967263,260280.3504788673,-6.726642709287496
2013-02-22,243154.70537119856,260280.3504788673,-6.579691888442883
2013-02-25,242464.32142413562,260280.3504788673,-6.844938168384019
2013-02-27,242729.483777612,260280.3504788673,-6.74306249740519
2013-02-27,243199.75090614936,260280.3504788673,-6.562385343838987
2013-02-27,243621.9363289347,260280.3504788673,-6.400181235073727
2013-02-27,243983.67180499434,260280.3504788673,-6.261202063040912
2013-02-27,244357.14746519428,260280.3504788673,-6.117712299210176
2013-02-27,244025.4286615778,260280.3504788673,-6.245159032321674
2013-02-27,243096.88594069605,260280.3504788673,-6.601906177918108
2013-02-28,242672.5751815393,260280.3504788673,-6.7649268432799445
2013-02-28,242638.64923550148,260280.3504788673,-6.777961229462148
2013-03-01,242453.9462207973,260280.3504788673,-6.848924333040404
2013-03-01,242761.81590639925,260280.3504788673,-6.730640457582456
2013-03-01,242614.04375952948,260280.3504788673,-6.787414680683776
2013-03-01,242669.5312135487,260280.3504788673,-6.766096339165816
2013-03-04,242976.67941062455,260280.3504788673,-6.648089660401649
2013-03-04,243074.46714685953,260280.3504788673,-6.610519503432415
2013-03-04,242252.21670674367,260280.3504788673,-6.926429036596589
2013-03-04,242432.50814093614,260280.3504788673,-6.857160867155149
2013-03-05,242729.25079152008,260280.3504788673,-6.743152010920713
2013-03-05,242977.90088015568,260280.3504788673,-6.647620370449918
2013-03-05,243623.3658375119,260280.3504788673,-6.399632016289228
2013-03-08,243135.0419584866,260280.3504788673,-6.587246593466056
2013-03-08,243448.921564576,260280.3504788673,-6.466653699875769
2013-03-11,243266.8218424502,260280.3504788673,-6.536616615551412
2013-03-14,243936.47850183176,260280.3504788673,-6.279333782579386
2013-03-14,244281.81471848403,260280.3504788673,-6.146655224241456
2013-03-15,244541.90253205918,260280.3504788673,-6.046729197133905
2013-03-19,245351.47572999596,260280.3504788673,-5.735690274507851
2013-03-19,245119.8281430879,260280.3504788673,-5.82468953491374
2013-03-20,245551.36624729083,260280.3504788673,-5.658892115550746
2013-03-20,245795.4044871209,260280.3504788673,-5.565132352517896
2013-03-20,244568.73988519557,260280.3504788673,-6.036418256224606
2013-03-22,244880.24239470327,260280.3504788673,-5.91673864578356
2013-03-25,245035.2088891578,260280.3504788673,-5.857200346342427
2013-03-25,244567.23286900102,260280.3504788673,-6.036997253521857
2013-03-25,244458.04745032077,260280.3504788673,-6.078946412757032
2013-03-25,244411.93759959156,260280.3504788673,-6.09666186866616
2013-03-26,244806.79635642155,260280.3504788673,-5.944956695339199
2013-03-26,244921.37315754566,260280.3504788673,-5.900936160975649
2013-03-26,244919.67183646586,260280.3504788673,-5.901589810425819
2013-03-26,245159.40648260916,260280.3504788673,-5.809483492871599
2013-03-26,245497.96840235006,260280.3504788673,-5.679407626937806
2013-03-26,245717.4322974043,260280.3504788673,-5.595089354486401
2013-03-26,245970.54507780191,260280.3504788673,-5.497843142879597
2013-03-26,246066.2928976195,260280.3504788673,-5.461056724065638
2013-03-26,246270.50862773406,260280.3504788673,-5.382596813535001
2013-03-26,246462.32256743073,260280.3504788673,-5.308901684669617
2013-03-27,246662.2030752984,260280.3504788673,-5.23210737134557
2013-03-28,246783.14985336753,260280.3504788673,-5.185639484758429
2013-03-28,247105.1794777713,260280.3504788673,-5.061915345071626
2013-03-28,247542.28393775213,260280.3504788673,-4.8939793256308075
2013-03-28,247808.47291362027,260280.3504788673,-4.791709225187804
2013-03-28,247763.72490921232,260280.3504788673,-4.808901458226378
2013-03-28,248019.70210840224,260280.3504788673,-4.71055473373528
2013-03-28,247696.20397265046,260280.3504788673,-4.834843077114488
2013-03-28,247836.58900150764,260280.3504788673,-4.780906992965646
2013-04-01,247410.92876381899,260280.3504788673,-4.944446129479609
2013-04-01,247648.52433417513,260280.3504788673,-4.8531616472207615
2013-04-01,247350.08170277928,260280.3504788673,-4.967823637972955
2013-04-01,247269.83061564266,260280.3504788673,-4.998656194863622
2013-04-01,247547.6753494405,260280.3504788673,-4.891907939266656
2013-04-01,247418.87779175755,260280.3504788673,-4.941392104108912
2013-04-01,247089.07640120422,260280.3504788673,-5.068102164990018
2013-04-01,246865.0251949142,260280.3504788673,-5.1541828875177895
2013-04-01,246777.15249797015,260280.3504788673,-5.187943675369188
2013-04-01,246937.20775038557,260280.3504788673,-5.126450269462461
2013-04-02,247213.1841846207,260280.3504788673,-5.020419816634426
2013-04-03,247646.9936345243,260280.3504788673,-4.85374974372825
2013-04-03,247411.15700258675,260280.3504788673,-4.944358439891306
2013-04-03,247372.64015580388,260280.3504788673,-4.959156655243334
2013-04-03,247092.22502879027,260280.3504788673,-5.066892458771221
2013-04-04,246541.99539168953,260280.3504788673,-5.278291297019448
2013-04-04,245976.44122653033,260280.3504788673,-5.495577835983566
2013-04-05,246165.25623524384,260280.3504788673,-5.423034899735735
2013-04-05,245887.30643486025,260280.3504788673,-5.529823522031738
2013-04-05,245813.48144166273,260280.3504788673,-5.5581871664873
2013-04-05,245875.0399330975,260280.3504788673,-5.5345363256453
2013-04-05,245973.34393143555,260280.3504788673,-5.496767820202151
2013-04-05,246262.89058157144,260280.3504788673,-5.385523675339438
2013-04-08,246501.01472182397,260280.3504788673,-5.294036115938803
2013-04-08,246957.81629237317,260280.3504788673,-5.1185324447209135
2013-04-08,247108.39903729587,260280.3504788673,-5.060678386723202
2013-04-08,247340.33939832528,260280.3504788673,-4.971566642174417
2013-04-08,247547.1570737743,260280.3504788673,-4.892107061353772
2013-04-08,247731.21218307593,260280.3504788673,-4.821392883751424
2013-04-08,248465.3413216437,260280.3504788673,-4.539339652603888
2013-04-08,248863.41885723246,260280.3504788673,-4.386397820899585
2013-04-08,249170.51533812957,260280.3504788673,-4.268411011548782
2013-04-08,249430.82242150474,260280.3504788673,-4.168400740740305
2013-04-08,249655.6674390927,260280.3504788673,-4.082015035029405
2013-04-08,249885.878676845,260280.3504788673,-3.993567621565907
2013-04-08,250027.59809777833,260280.3504788673,-3.939118862498001
2013-04-08,250419.1516554673,260280.3504788673,-3.7886835503553074
2013-04-08,250619.39942539996,260280.3504788673,-3.7117481345376238
2013-04-08,250992.07628977607,260280.3504788673,-3.568565268950398
2013-04-09,251150.76621025417,260280.3504788673,-3.507596425091792
2013-04-09,251512.57352443397,260280.3504788673,-3.3685896527733474
2013-04-09,251744.86259033842,260280.3504788673,-3.2793439354239275
2013-04-09,251959.8333525389,260280.3504788673,-3.1967519296098224
2013-04-09,252174.56668283054,260280.3504788673,-3.1142511453990402
2013-04-09,252416.73031678714,260280.3504788673,-3.0212116080267157
2013-04-09,251806.9972902586,260280.3504788673,-3.2554717146412804
2013-04-09,251436.32091575602,260280.3504788673,-3.3978859897952027
2013-04-10,251727.25704667496,260280.3504788673,-3.286108004870996
2013-04-10,252005.78723268086,260280.3504788673,-3.179096397773705
2013-04-10,252153.90918501985,260280.3504788673,-3.122187779022243
2013-04-10,252393.2501637125,260280.3504788673,-3.0302327089401864
2013-04-10,252821.99136016646,260280.3504788673,-2.8655098646435864
2013-04-10,253178.6927085111,260280.3504788673,-2.728464810075162
2013-04-10,253444.32230674688,260280.3504788673,-2.6264096231403586
2013-04-10,254041.07633883946,260280.3504788673,-2.3971360606164644
2013-04-10,254274.63211216548,260280.3504788673,-2.307403672867515
2013-04-10,254427.81272678793,260280.3504788673,-2.248551510443179
2013-04-10,254710.89878868204,260280.3504788673,-2.139789530765004
2013-04-10,254891.2171364655,260280.3504788673,-2.0705110210919853
2013-04-10,255117.19272296818,260280.3504788673,-1.98369094954724
2013-04-10,255330.12814286552,260280.3504788673,-1.9018809245086292
2013-04-10,255480.19491662373,260280.3504788673,-1.8442251032059005
2013-04-10,255672.2796907625,260280.3504788673,-1.7704259194467904
2013-04-10,255438.2320073914,260280.3504788673,-1.860347299581895
2013-04-10,255737.0170112067,260280.3504788673,-1.7455537689655414
2013-04-11,255889.95844353162,260280.3504788673,-1.6867935006458143
2013-04-11,256130.18675929034,260280.3504788673,-1.594497514676552
2013-04-11,256342.95460425466,260280.3504788673,-1.5127518721135003
2013-04-11,256367.28689959296,260280.3504788673,-1.5034033771950261
2013-04-11,256474.89640278352,260280.3504788673,-1.4620596864428907
2013-04-11,256604.42998487115,260280.3504788673,-1.4122927402061436
2013-04-11,256622.95535602,260280.3504788673,-1.405175272016651
2013-04-11,256859.81794648655,260280.3504788673,-1.3141724014462124
2013-04-11,256689.41993550202,260280.3504788673,-1.3796395066929312
2013-04-12,256668.11277594636,260280.3504788673,-1.3878257410807624
2013-04-12,256682.74433868512,260280.3504788673,-1.3822042784110498
2013-04-12,256613.21597160515,260280.3504788673,-1.4089171543358168
2013-04-12,256825.86609374592,260280.3504788673,-1.3272167410124407
2013-04-12,256861.4890987865,260280.3504788673,-1.3135303428748046
2013-04-12,256811.98246508554,260280.3504788673,-1.3325508465777793
2013-04-12,256715.60586998053,260280.3504788673,-1.3695788415561558
2013-04-16,256841.4073079167,260280.3504788673,-1.3212457892513163
2013-04-16,256199.80611899932,260280.3504788673,-1.5677496792825676
2013-04-25,256379.83405547304,260280.3504788673,-1.4985827459575956
2013-04-25,256409.62144367406,260280.3504788673,-1.4871383982970003
2013-04-30,256630.06417196034,260280.3504788673,-1.4024440570297032
2013-05-02,257042.70165254376,260280.3504788673,-1.2439082782725883
2013-05-03,257281.6773102587,260280.3504788673,-1.152093564916291
2013-05-06,257538.85971453943,260280.3504788673,-1.053283799289512
2013-05-06,258073.11736337972,260280.3504788673,-0.8480214166865417
2013-05-06,258705.80150858717,260280.3504788673,-0.6049434647614588
2013-05-06,259583.36120415584,260280.3504788673,-0.2677840541666454
2013-05-06,260186.4056755207,260280.3504788673,-0.03609369788143739
2013-05-06,261706.11466905446,261706.11466905446,0.0
2013-05-06,262768.5071373466,262768.5071373466,0.0
2013-05-06,264302.73652727174,264302.73652727174,0.0
2013-05-07,264372.3629906855,264372.3629906855,0.0
2013-05-07,264663.56429306883,264663.56429306883,0.0
2013-05-07,264187.83873599855,264663.56429306883,-0.17974727966086804
2013-05-07,264278.7691335642,264663.56429306883,-0.1453903035472381
2013-05-08,264022.6345240375,264663.56429306883,-0.24216773878312772
2013-05-08,264716.930353788,264716.930353788,0.0
2013-05-10,265473.09627251513,265473.09627251513,0.0
2013-05-10,265555.9670880916,265555.9670880916,0.0
2013-05-14,266146.44592961634,266146.44592961634,0.0
2013-05-15,266428.44289530045,266428.44289530045,0.0
2013-05-17,266701.3214819787,266701.3214819787,0.0
2013-05-17,267236.3522470116,267236.3522470116,0.0
2013-05-22,266821.2121398756,267236.3522470116,-0.15534567196616464
2013-05-22,266331.81608284573,267236.3522470116,-0.33847796400461344
2013-05-22,266300.25879517203,267236.3522470116,-0.35028671959057867
2013-05-23,266709.2447408879,267236.3522470116,-0.19724393844311466
2013-05-23,267762.28989422816,267762.28989422816,0.0
2013-05-23,267139.69281341555,267762.28989422816,-0.23251858245556312
2013-05-23,267707.80305873405,267762.28989422816,-0.020348957844525863
2013-05-28,266938.0473180222,267762.28989422816,-0.3078262351773209
2013-05-28,267060.65999876393,267762.28989422816,-0.262034618743881
2013-05-28,267386.1156705257,267762.28989422816,-0.1404881261850039
2013-05-28,267726.89149620006,267762.28989422816,-0.013220083396391514
2013-05-28,268156.5196681766,268156.5196681766,0.0
2013-05-28,268473.8349808655,268473.8349808655,0.0
2013-05-28,268815.5457844161,268815.5457844161,0.0
2013-05-29,268734.9258954482,268815.5457844161,-0.029990783729653765
2013-05-30,268756.23405701027,268815.5457844161,-0.022064098723435968
2013-05-30,267503.5533687993,268815.5457844161,-0.4880641898102874
2013-05-30,267661.3272301037,268815.5457844161,-0.4293719512925864
2013-05-30,267954.5577007475,268815.5457844161,-0.3202895432093313
2013-05-31,268049.15532632783,268815.5457844161,-0.2850990093790481
2013-05-31,267428.3410522557,268815.5457844161,-0.516043344186977
2013-06-03,267019.1934749081,268815.5457844161,-0.6682471820095522
2013-06-03,266865.99074045406,268815.5457844161,-0.7252389508475547
2013-06-03,265773.945909823,268815.5457844161,-1.1314821342335528
2013-06-03,265992.1232602594,268815.5457844161,-1.0503196591245543
2013-06-03,265660.71604418976,268815.5457844161,-1.1736039041270434
2013-06-03,265490.2719905909,268815.5457844161,-1.2370094832580756
2013-06-03,265462.17320309137,268815.5457844161,-1.2474622966984368
2013-06-05,263743.2155864554,268815.5457844161,-1.8869184753282666
2013-06-06,264163.11074445164,268815.5457844161,-1.7307165128372424
2013-06-06,264483.6201219734,268815.5457844161,-1.6114862887865857
2013-06-06,264573.6659944506,268815.5457844161,-1.577989017557545
2013-06-06,264569.554215816,268815.5457844161,-1.5795186086467068
2013-06-06,264302.7782650088,268815.5457844161,-1.6787598746340369
2013-06-06,264456.9012330107,268815.5457844161,-1.6214257768041904
2013-06-06,264505.3879990102,268815.5457844161,-1.6033885885686532
2013-06-06,264352.7780769813,268815.5457844161,-1.6601598298239089
2013-06-06,263684.6940019442,268815.5457844161,-1.9086886390814235
2013-06-06,262905.731182165,268815.5457844161,-2.198464595864795
2013-06-06,262153.0772535679,268815.5457844161,-2.478453584745915
2013-06-06,262047.5590488343,268815.5457844161,-2.5177065990854444
2013-06-07,262368.10176452156,268815.5457844161,-2.3984639731606987
2013-06-07,262704.59239023004,268815.5457844161,-2.2732886881054446
2013-06-07,263063.76383351046,268815.5457844161,-2.139676086857873
2013-06-07,262592.4027292793,268815.5457844161,-2.3150234994696324
2013-06-07,262311.71957485005,268815.5457844161,-2.419438277123285
2013-06-07,262368.90724988835,268815.5457844161,-2.3981643307555562
2013-06-07,262293.66107569274,268815.5457844161,-2.426156080256514
2013-06-07,261897.71996526455,268815.5457844161,-2.5734470820744395
2013-06-07,261780.98244323675,268815.5457844161,-2.6168737081972546
2013-06-07,261843.0091892589,268815.5457844161,-2.5937996163172006
2013-06-07,261122.5177398396,268815.5457844161,-2.861824089126946
2013-06-07,260778.18738878664,268815.5457844161,-2.9899157700035786
2013-06-07,260642.2011335535,268815.5457844161,-3.040502969057239
2013-06-07,260441.67275286122,268815.5457844161,-3.1150999869146387
2013-06-07,259567.82924906036,268815.5457844161,-3.4401717759181154
2013-06-07,259343.1598692695,268815.5457844161,-3.5237493008470664
2013-06-07,257783.92417048526,268815.5457844161,-4.103788559452559
2013-06-07,257877.16095948042,268815.5457844161,-4.069104259955263
2013-06-10,258147.78685968745,268815.5457844161,-3.9684308039550418
2013-06-10,258453.49310631328,268815.5457844161,-3.8547073785728636
2013-06-10,259297.11054454983,268815.5457844161,-3.5408797553322406
2013-06-10,259731.0193953326,268815.5457844161,-3.379464666961284
2013-06-10,260006.7237190083,268815.5457844161,-3.2769020257750503
2013-06-10,260324.15368371212,268815.5457844161,-3.158817350360333
2013-06-10,260863.34090794367,268815.5457844161,-2.9582384654382685
2013-06-10,260789.43459602105,268815.5457844161,-2.9857317830985095
2013-06-10,260957.68543900168,268815.5457844161,-2.9231420833511716
2013-06-10,260800.42440445564,268815.5457844161,-2.981643549137738
2013-06-10,260963.12486123832,268815.5457844161,-2.921118605794929
2013-06-10,260841.01374547998,268815.5457844161,-2.96654422111863
2013-06-10,260776.16665792075,268815.5457844161,-2.9906674865235403
2013-06-10,260870.40749799155,268815.5457844161,-2.955609677721674
2013-06-10,260209.11241598937,268815.5457844161,-3.201612965988537
2013-06-11,260256.46977847963,268815.5457844161,-3.1839959184505786
2013-06-11,259972.5923153565,268815.5457844161,-3.2895989862697235
2013-06-11,259700.44159457562,268815.5457844161,-3.3908396790230917
2013-06-11,258978.83265047253,268815.5457844161,-3.6592798624200022
2013-06-11,258872.6832699335,268815.5457844161,-3.6987676756077663
2013-06-12,258611.32137751064,268815.5457844161,-3.7959948994501227
2013-06-12,257444.02684409387,268815.5457844161,-4.2302311449806975
2013-06-12,257290.03293740324,268815.5457844161,-4.287517231706546
2013-06-12,257374.95943534138,268815.5457844161,-4.255924379555707
2013-06-12,257215.50713728956,268815.5457844161,-4.315241000395672
2013-06-12,256587.34394484852,268815.5457844161,-4.548919149703607
2013-06-12,256493.4965557064,268815.5457844161,-4.583830593856981
2013-06-12,256218.58726145126,268815.5457844161,-4.68609748227407
2013-06-12,255445.6917342096,268815.5457844161,-4.973616392308204
2013-06-12,255335.6310705336,268815.5457844161,-5.014559211799854
2013-06-12,255006.63047892597,268815.5457844161,-5.136948186978942
2013-06-12,254150.65445591643,268815.5457844161,-5.455373232119752
2013-06-12,253200.08321695996,268815.5457844161,-5.808987914701692
2013-06-17,253747.78339744275,268815.5457844161,-5.605242190515773
2013-06-17,254177.36918224514,268815.5457844161,-5.445435292611548
2013-06-17,254982.70458842794,268815.5457844161,-5.145848673157381
2013-06-17,255247.04782571056,268815.5457844161,-5.047512382184605
2013-06-17,255510.61914167134,268815.5457844161,-4.949463247715216
2013-06-17,255435.6039459975,268815.5457844161,-4.977369072675945
2013-06-17,254896.29218149948,268815.5457844161,-5.177994286862981
2013-06-17,254942.23338101743,268815.5457844161,-5.160904055201009
2013-06-17,255808.0674308432,268815.5457844161,-4.838811801459054
2013-06-17,256095.1829862072,268815.5457844161,-4.732004155894442
2013-06-18,255876.10318061934,268815.5457844161,-4.81350234639104
2013-06-18,256052.3062604328,268815.5457844161,-4.747954396290431
2013-06-18,256398.0503064169,268815.5457844161,-4.619336817654783
2013-06-24,255137.62296199318,268815.5457844161,-5.088218682632395
2013-06-24,254430.43215643446,268815.5457844161,-5.351295285399216
2013-06-25,253879.29362395842,268815.5457844161,-5.556320084418107
2013-06-25,254240.1743419635,268815.5457844161,-5.422071629049947
2013-06-26,254817.75341438316,268815.5457844161,-5.207210888487392
2013-06-26,255146.40209298287,268815.5457844161,-5.084952825754935
2013-06-26,255496.27851714517,268815.5457844161,-4.954797992952634
2013-06-26,255371.2945762899,268815.5457844161,-5.001292305805922
2013-06-26,256237.99108292314,268815.5457844161,-4.678879216152127
2013-06-27,256540.11364662467,268815.5457844161,-4.566488929042829
2013-06-27,256800.52526277222,268815.5457844161,-4.469615210155902
2013-06-27,257470.07941320894,268815.5457844161,-4.220539529475707
2013-06-27,257821.30537038555,268815.5457844161,-4.0898826672947175
2013-06-27,258321.7583007671,268815.5457844161,-3.903713028585317
2013-06-27,258606.99006745586,268815.5457844161,-3.7976061567314465
2013-06-27,259531.29617406125,268815.5457844161,-3.4537621636661555
2013-06-27,259884.94444440136,268815.5457844161,-3.322204195428809
2013-06-27,260724.22070160182,268815.5457844161,-3.009991501497209
2013-06-27,261537.77307747345,268815.5457844161,-2.707348150459736
2013-06-27,262191.4590485572,268815.5457844161,-2.4641754689184676
2013-06-27,262630.3186237827,268815.5457844161,-2.3009186996922333
2013-06-27,263432.8491833244,268815.5457844161,-2.002375489626076
2013-06-27,263787.5069205681,268815.5457844161,-1.8704419973837136
2013-06-27,264993.685163983,268815.5457844161,-1.4217409224904358
2013-06-27,265393.59278240683,268815.5457844161,-1.2729743705944663
2013-06-27,266144.59474006045,268815.5457844161,-0.9935999186958023
2013-06-27,266495.8315514153,268815.5457844161,-0.8629390187355908
2013-06-27,267137.59206601523,268815.5457844161,-0.6242026343768571
2013-06-27,267246.4316358462,268815.5457844161,-0.5837140645981349
2013-06-27,267665.0294817641,268815.5457844161,-0.4279947051777453
2013-06-27,267920.1456427544,268815.5457844161,-0.3330909077631195
2013-06-28,268180.4772839708,268815.5457844161,-0.23624693973413016
2013-06-28,268565.21534122666,268815.5457844161,-0.09312349940884017
2013-06-28,268907.51276330015,268907.51276330015,0.0
2013-06-28,269297.44446389104,269297.44446389104,0.0
2013-06-28,269613.843539204,269613.843539204,0.0
2013-06-28,269791.62881444383,269791.62881444383,0.0
2013-06-28,269514.5967911841,269791.62881444383,-0.1026836987037376
2013-06-28,269548.1743160825,269791.62881444383,-0.09023797344311695
2013-06-28,269982.2025221176,269982.2025221176,0.0
2013-07-01,268814.07888678904,269982.2025221176,-0.4326669033796233
2013-07-01,269023.0050561272,269982.2025221176,-0.35528173969608207
2013-07-01,268910.8446731703,269982.2025221176,-0.396825360686328
2013-07-01,269446.7383229351,269982.2025221176,-0.1983331472149889
2013-07-02,269406.59512250766,269982.2025221176,-0.21320197932779447
2013-07-03,268872.0811166775,269982.2025221176,-0.411183179879847
2013-07-03,268525.3298069942,269982.2025221176,-0.5396180568621203
2013-07-03,267886.3896405061,269982.2025221176,-0.7762781627947376
2013-07-03,267546.64179618773,269982.2025221176,-0.9021189927252071
2013-07-03,267203.88892107795,269982.2025221176,-1.029072870391164
2013-07-03,267174.45667594066,269982.2025221176,-1.039974420516445
2013-07-09,266752.7073554912,269982.2025221176,-1.196188169611603
2013-07-18,267167.1126736263,269982.2025221176,-1.0426946006786082
2013-07-18,267432.38045580656,269982.2025221176,-0.9444407973900201
2013-07-19,267717.7684340654,269982.2025221176,-0.8387345783901012
2013-07-19,267848.1647528515,269982.2025221176,-0.7904364618594768
2013-07-22,268067.5537010883,269982.2025221176,-0.7091759394297242
2013-07-25,268179.56611264695,269982.2025221176,-0.6676871262737997
2013-07-25,268113.3544135292,269982.2025221176,-0.6922115943680651
2013-07-26,268262.0816941381,269982.2025221176,-0.637123785164524
2013-07-26,268100.8925649858,269982.2025221176,-0.6968273980866129
2013-07-26,268033.8605420799,269982.2025221176,-0.7216557098344563
2013-07-26,267963.077815778,269982.2025221176,-0.7478732625622623
2013-07-26,266602.3021562341,269982.2025221176,-1.2518974711329705
2013-07-26,266772.0576327329,269982.2025221176,-1.1890209278227144
2013-07-29,266995.9633309083,269982.2025221176,-1.1060874247681847
2013-07-29,267241.1348938323,269982.2025221176,-1.0152771563009642
2013-07-29,267174.34220864315,269982.2025221176,-1.040016818606555
2013-07-29,266894.9030330561,269982.2025221176,-1.1435196321166932
2013-07-30,267222.4866583546,269982.2025221176,-1.022184365481248
2013-07-30,267099.7107429787,269982.2025221176,-1.0676599243250924
2013-07-30,266997.4154515008,269982.2025221176,-1.1055495668727526
2013-07-30,266827.045113698,269982.2025221176,-1.1686538516038334
2013-07-30,266678.5294045715,269982.2025221176,-1.2236632958335203
2013-07-30,266592.52093506843,269982.2025221176,-1.255520384448847
2013-07-30,266605.67640146316,269982.2025221176,-1.2506476682950278
2013-07-30,266527.3038843667,269982.2025221176,-1.2796764399563896
2013-07-30,266765.8789447408,269982.2025221176,-1.1913094816364025
2013-07-30,266966.8014736258,269982.2025221176,-1.1168888246419644
2013-07-30,267196.8460399334,269982.2025221176,-1.031681516842214
2013-07-31,267360.9922148861,269982.2025221176,-0.9708826295750841
2013-07-31,267242.4200770576,269982.2025221176,-1.0148011311358656
2013-08-01,267423.22946910345,269982.2025221176,-0.9478302751473041
2013-08-01,267830.2870703687,269982.2025221176,-0.7970582622284476
2013-08-01,268335.37314947,269982.2025221176,-0.60997701228571
2013-08-01,268520.74533985945,269982.2025221176,-0.5413161195832561
2013-08-01,268710.0734838117,269982.2025221176,-0.4711899623093411
2013-08-01,268891.05453698145,269982.2025221176,-0.40415552393559984
2013-08-01,269372.323079563,269982.2025221176,-0.22589616532395124
2013-08-01,269755.2914633342,269982.2025221176,-0.08404667295238681
2013-08-01,270047.65507527615,270047.65507527615,0.0
2013-08-02,270100.36764418916,270100.36764418916,0.0
2013-08-02,270286.0249983827,270286.0249983827,0.0
2013-08-02,270581.9344715101,270581.9344715101,0.0
2013-08-02,270503.9485831058,270581.9344715101,-0.028821542929916944
2013-08-02,270346.0237255272,270581.9344715101,-0.08718643631684692
2013-08-05,270268.23624698306,270581.9344715101,-0.1159346521562002
2013-08-05,270220.5136281451,270581.9344715101,-0.1335716828512343
2013-08-05,270036.4391870498,270581.9344715101,-0.20160077779240881
2013-08-05,269893.7602861822,270581.9344715101,-0.2543311646699581
2013-08-05,270169.24455439736,270581.9344715101,-0.15251939044593216
2013-08-05,270340.83937708236,270581.9344715101,-0.08910243579219536
2013-08-05,270849.75982040144,270849.75982040144,0.0
2013-08-05,271069.3205232614,271069.3205232614,0.0
2013-08-06,271252.82172669127,271252.82172669127,0.0
2013-08-06,271226.5434060036,271252.82172669127,-0.009687759382693489
2013-08-06,271309.1732097334,271309.1732097334,0.0
2013-08-06,271356.999478395,271356.999478395,0.0
2013-08-07,271274.5440708344,271356.999478395,-0.030386320499956418
2013-08-07,272078.862048974,272078.862048974,0.0
2013-08-08,272202.9691742181,272202.9691742181,0.0
2013-08-09,272266.62345168984,272266.62345168984,0.0
2013-08-09,272037.22199408594,272266.62345168984,-0.0842561804659133
2013-08-09,271922.31919117784,272266.62345168984,-0.12645848989752917
2013-08-09,271823.5579484117,272266.62345168984,-0.1627322136151519
2013-08-09,271841.23838620115,272266.62345168984,-0.15623841809760827
2013-08-09,271461.3784855186,272266.62345168984,-0.2957560335389756
2013-08-09,271474.6384729511,272266.62345168984,-0.29088581211251263
2013-08-09,271343.17875087395,272266.62345168984,-0.33916926324233887
2013-08-12,271633.02681201854,272266.62345168984,-0.23271182917642055
2013-08-12,274787.7867033119,274787.7867033119,0.0
2013-08-12,274500.74720590713,274787.7867033119,-0.10445860816757588
2013-08-12,274918.5953240848,274918.5953240848,0.0
2013-08-12,274792.6287835883,274918.5953240848,-0.045819578100204914
2013-08-12,274368.37251450453,274918.5953240848,-0.20014026658751366
2013-08-12,274014.2146143337,274918.5953240848,-0.3289630913052579
2013-08-12,273767.930463821,274918.5953240848,-0.41854748272206443
2013-08-13,274166.3223447678,274918.5953240848,-0.2736348112175502
2013-08-13,274624.22228022484,274918.5953240848,-0.1070764396686012
2013-08-13,274972.5806993384,274972.5806993384,0.0
2013-08-13,275759.63777919626,275759.63777919626,0.0
2013-08-13,276389.81012320187,276389.81012320187,0.0
2013-08-14,276517.89233555924,276517.89233555924,0.0
2013-08-15,276208.04113030114,276517.89233555924,-0.1120546676531501
2013-08-16,275763.81329554756,276517.89233555924,-0.2727053333303272
2013-08-16,275125.8527678639,276517.89233555924,-0.5034175387124984
2013-08-16,274708.6267610347,276517.89233555924,-0.6543032565606833
2013-08-16,273975.0323946888,276517.89233555924,-0.9196005073641411
2013-08-16,274177.9443093549,276517.89233555924,-0.8462193916062394
2013-08-16,274164.08493501047,276517.89233555924,-0.8512314992233437
2013-08-16,274286.88049007236,276517.89233555924,-0.8068236838647344
2013-08-16,273815.97728052054,276517.89233555924,-0.9771212387804106
2013-08-16,273326.5552852768,276517.89233555924,-1.1541159320025889
2013-08-16,272420.4163315865,276517.89233555924,-1.4818122506880664
2013-08-16,272255.9650679285,276517.89233555924,-1.5412844469604292
2013-08-16,271591.25870379386,276517.89233555924,-1.781669023350873
2013-08-16,271440.63241307385,276517.89233555924,-1.836141552939384
2013-08-16,270536.7247718406,276517.89233555924,-2.1630309392277507
2013-08-16,270202.15655670123,276517.89233555924,-2.28402427253921
2013-08-16,269680.49100208085,276517.89233555924,-2.4726795346686252
2013-08-19,269982.2497270389,276517.89233555924,-2.3635514336226846
2013-08-19,269544.337374084,276517.89233555924,-2.5219181668767834
2013-08-19,268464.00571027736,276517.89233555924,-2.9126095809772603
2013-08-19,268203.2126335491,276517.89233555924,-3.0069228547135443
2013-08-19,267849.131011674,276517.89233555924,-3.134973021335467
2013-08-19,267254.68499661575,276517.89233555924,-3.349948627448105
2013-08-19,266338.9625851668,276517.89233555924,-3.681110710203208
2013-08-19,266077.527073366,276517.89233555924,-3.7756563143204103
2013-08-19,265903.04988518107,276517.89233555924,-3.838754288455547
2013-08-20,266113.3751340004,276517.89233555924,-3.7626922126734565
2013-08-20,266098.69709888066,276517.89233555924,-3.7680003809788594
2013-08-20,266564.5167110854,276517.89233555924,-3.5995412594839444
2013-08-21,267158.41718122223,276517.89233555924,-3.3847629443736404
2013-08-21,267508.59833789454,276517.89233555924,-3.2581233429668157
2013-08-21,266766.84671416634,276517.89233555924,-3.526370586377766
2013-08-21,267042.63283508713,276517.89233555924,-3.426635224375903
2013-08-21,266774.1490584623,276517.89233555924,-3.5237297647534307
2013-08-21,266852.8479064247,276517.89233555924,-3.495269093620105
2013-08-21,266245.09429375466,276517.89233555924,-3.715057262673751
2013-08-22,266382.7100181921,276517.89233555924,-3.665289877541774
2013-08-22,266938.2032672235,276517.89233555924,-3.464401159513624
2013-08-22,267441.33772428834,276517.89233555924,-3.2824474881561523
2013-08-22,268185.9213670854,276517.89233555924,-3.0131760726581946
2013-08-22,268592.4050249945,276517.89233555924,-2.8661752205701796
2013-08-22,269232.1923676454,276517.89233555924,-2.6348023653646724
2013-08-23,269598.09413644695,276517.89233555924,-2.5024775578409946
2013-08-23,268919.54448010924,276517.89233555924,-2.7478684258989206
2013-08-23,269209.15206132585,276517.89233555924,-2.643134667526003
2013-08-23,269749.61431652954,276517.89233555924,-2.4476817618790045
2013-08-26,270028.5806959021,276517.89233555924,-2.3467962904122803
2013-08-26,270227.16903366795,276517.89233555924,-2.2749787540899504
2013-08-26,269906.9914190471,276517.89233555924,-2.390767867017329
2013-08-26,269781.8131892248,276517.89233555924,-2.4360373534744317
2013-08-26,269761.64474457817,276517.89233555924,-2.443331074859435
2013-08-26,269518.465082965,276517.89233555924,-2.5312746287319228
2013-08-27,269005.2690917223,276517.89233555924,-2.716866955835256
2013-08-27,269023.0741911599,276517.89233555924,-2.710427915204934
2013-08-27,268637.0560071844,276517.89233555924,-2.850027628162062
2013-08-27,268550.27497552003,276517.89233555924,-2.8814111422382624
2013-08-27,268374.7405592231,276517.89233555924,-2.9448914526132284
2013-08-27,268212.7128058608,276517.89233555924,-3.0034872100138714
2013-08-28,267993.0668624724,276517.89233555924,-3.082920024119751
2013-08-28,267556.54129778594,276517.89233555924,-3.240785238916312
2013-08-28,267435.9005416262,276517.89233555924,-3.284413792259012
2013-08-28,267246.8967236632,276517.89233555924,-3.352765180433795
2013-08-28,267088.9622774541,276517.89233555924,-3.409880633207988
2013-08-28,266616.710598775,276517.89233555924,-3.58066584883736
2013-08-28,266369.1632778682,276517.89233555924,-3.6701889241132366
2013-08-28,265591.31928752916,276517.89233555924,-3.951488620045787
2013-08-28,265606.4038602185,276517.89233555924,-3.9460334313916614
2013-09-03,265677.31673405383,276517.89233555924,-3.9203884818962025
2013-09-03,266069.8065557155,276517.89233555924,-3.7784483642616524
2013-09-05,266175.35748989903,276517.89233555924,-3.740276897926505
2013-09-05,266497.7369681335,276517.89233555924,-3.6236915024891507
2013-09-05,267074.33052278886,276517.89233555924,-3.415172064638209
2013-09-06,266789.55022364255,276517.89233555924,-3.5181600835114053
2013-09-09,266940.0363114154,276517.89233555924,-3.4637382569519133
2013-09-09,267022.7245439738,276517.89233555924,-3.433834863771813
2013-09-09,266778.2094165539,276517.89233555924,-3.5222613758338883
2013-09-09,266655.19951376645,276517.89233555924,-3.5667467079577784
2013-09-09,266955.2960725846,276517.89233555924,-3.458219713091943
2013-09-10,267248.8281633917,276517.89233555924,-3.3520666940855293
2013-09-11,267553.22436121316,276517.89233555924,-3.2419847766911607
2013-09-11,267539.502197365,276517.89233555924,-3.246947263469962
2013-09-11,266977.1120843754,276517.89233555924,-3.4503301651113185
2013-09-11,267113.49526785966,276517.89233555924,-3.4010085163990698
2013-09-11,267035.97524810414,276517.89233555924,-3.429042875803724
2013-09-13,266914.4503160724,276517.89233555924,-3.472991182730742
2013-09-13,267163.18767322396,276517.89233555924,-3.383037742448573
2013-09-13,267307.4984081724,276517.89233555924,-3.3308491720347244
2013-09-13,267307.4985877082,276517.89233555924,-3.3308491071073436
2013-09-13,267845.1073744818,276517.89233555924,-3.136428130499732
2013-09-16,268166.5077033566,276517.89233555924,-3.020196834882595
2013-09-19,268752.27088073676,276517.89233555924,-2.8083612923675716
2013-09-19,269176.92682568135,276517.89233555924,-2.6547886098341515
2013-09-19,269591.5931212184,276517.89233555924,-2.5048285866202393
2013-09-19,270180.00768834393,276517.89233555924,-2.292034194852092
2013-09-23,270484.18985804473,276517.89233555924,-2.182029678641015
2013-09-25,270194.3655281857,276517.89233555924,-2.2868418220473976
2013-09-25,268987.88270169357,276517.89233555924,-2.7231545742898535
2013-09-25,270186.89277133654,276517.89233555924,-2.2895442717102457
2013-09-25,270772.16904058494,276517.89233555924,-2.077884814774217
2013-09-25,271259.07704531314,276517.89233555924,-1.901799281713184
2013-09-26,271709.1741396232,276517.89233555924,-1.7390260555366153
2013-09-26,271980.51431380253,276517.89233555924,-1.640898526830417
2013-09-26,272288.60582455725,276517.89233555924,-1.5294802355392176
2013-09-30,272599.10776471737,276517.89233555924,-1.4171902359527473
2013-10-01,272885.11730231775,276517.89233555924,-1.3137576749764357
2013-10-01,273042.4321584535,276517.89233555924,-1.256866290911911
2013-10-01,273379.71941993566,276517.89233555924,-1.1348896409984763
2013-10-02,273334.92468037794,276517.89233555924,-1.1510892218571942
2013-10-02,273529.6857478748,276517.89233555924,-1.0806557805157204
2013-10-03,273032.1991647122,276517.89233555924,-1.2605669533373534
2013-10-03,272683.5885273775,276517.89233555924,-1.3866385917366704
2013-10-03,272233.24939982384,276517.89233555924,-1.5494993468762297
2013-10-03,272022.95848348207,276517.89233555924,-1.625549006652521
2013-10-03,272051.02365000674,276517.89233555924,-1.6153995127851903
2013-10-04,272330.0802411363,276517.89233555924,-1.5144814171160208
2013-10-04,272868.1496016513,276517.89233555924,-1.319893878504946
2013-10-04,272937.6192685915,276517.89233555924,-1.2947708507133429
2013-10-04,273030.25828311645,276517.89233555924,-1.2612688542448782
2013-10-04,272879.7455647111,276517.89233555924,-1.3157003115130004
2013-10-04,273085.7644072991,276517.89233555924,-1.2411956055614606
2013-10-04,273121.2746172863,276517.89233555924,-1.228353684307381
2013-10-07,273321.2457325098,276517.89233555924,-1.1560360799981195
2013-10-07,273207.5952332547,276517.89233555924,-1.1971366750790298
2013-10-08,272702.6462257938,276517.89233555924,-1.3797465608972468
2013-10-08,272961.8725898606,276517.89233555924,-1.2859998735211582
2013-10-09,272446.7827526881,276517.89233555924,-1.4722770915419747
2013-10-09,272323.01066324225,276517.89233555924,-1.5170380610403418
2013-10-09,271606.92850783735,276517.89233555924,-1.776002191482912
2013-10-09,269769.23530197586,276517.89233555924,-2.440586023776635
2013-10-09,269375.83839401853,276517.89233555924,-2.5828541803268577
2013-10-09,268880.10580290185,276517.89233555924,-2.7621310390247045
2013-10-09,268218.90988741216,276517.89233555924,-3.00124609588595
2013-10-10,267928.897041097,276517.89233555924,-3.1061264144308445
2013-10-10,267608.8828082498,276517.89233555924,-3.2218564419325935
2013-10-10,267383.04243230075,276517.89233555924,-3.303529412184727
2013-10-10,267583.6933730955,276517.89233555924,-3.230965955585239
2013-10-10,268169.73963056324,276517.89233555924,-3.0190280399162637
2013-10-11,268419.52926516667,276517.89233555924,-2.928694053752251
2013-10-11,268501.37906574237,276517.89233555924,-2.899093871324861
2013-10-11,268670.3607061763,276517.89233555924,-2.83798330845796
2013-10-11,268862.6844595668,276517.89233555924,-2.7684312980017713
2013-10-14,269084.3389001235,276517.89233555924,-2.68827213047574
2013-10-14,269143.71868399216,276517.89233555924,-2.6667980105310476
2013-10-14,269267.16817812447,276517.89233555924,-2.6221537044828525
2013-10-14,269349.1394473084,276517.89233555924,-2.5925095941174967
2013-10-14,269461.9076409726,276517.89233555924,-2.55172807625197
2013-10-14,269665.65108169283,276517.89233555924,-2.47804624720309
2013-10-14,270087.60708278866,276517.89233555924,-2.32544997304092
2013-10-14,270246.4180475273,276517.89233555924,-2.2680175358856642
2013-10-14,270610.15484078927,276517.89233555924,-2.1364756706596153
2013-10-14,270848.2326131024,276517.89233555924,-2.05037716531435
2013-10-14,271293.04471442837,276517.89233555924,-1.889515205327267
2013-10-14,271142.04503434914,276517.89233555924,-1.9441227675373782
2013-10-16,270920.12485914456,276517.89233555924,-2.0243780354081724
2013-10-16,271079.009302461,276517.89233555924,-1.966919025441604
2013-10-16,271314.05498551845,276517.89233555924,-1.8819170456159287
2013-10-16,271491.7919770477,276517.89233555924,-1.8176401953810257
2013-10-17,271708.08723000163,276517.89233555924,-1.739419125805004
2013-10-17,272054.95687139564,276517.89233555924,-1.613977101614731
2013-10-18,272091.3974911995,276517.89233555924,-1.6007987067209832
2013-10-18,272202.18150661164,276517.89233555924,-1.5607347475766278
2013-10-21,272657.794340461,276517.89233555924,-1.395966807968404
2013-10-21,272864.4467707017,276517.89233555924,-1.3212329712191095
2013-10-22,273089.72955987667,276517.89233555924,-1.23976164678792
2013-10-22,273312.92365278956,276517.89233555924,-1.159045678997293
2013-10-28,273789.74721520283,276517.89233555924,-0.9866070861865803
2013-10-28,274028.3389849596,276517.89233555924,-0.900322698676779
2013-10-28,274497.01500021527,276517.89233555924,-0.7308305868654625
2013-10-29,274272.45304956735,276517.89233555924,-0.8120412270707635
2013-10-29,274463.9571101261,276517.89233555924,-0.7427856505360095
2013-10-31,274587.7722140724,276517.89233555924,-0.6980091252628962
2013-10-31,275677.05496327527,276517.89233555924,-0.30408063839268834
2013-10-31,275927.3354327418,276517.89233555924,-0.21356914658556686
2013-10-31,276189.71160757757,276517.89233555924,-0.11868336085225843
2013-10-31,276479.6838671393,276517.89233555924,-0.013817720111072856
2013-10-31,277212.56479346234,277212.56479346234,0.0
2013-11-01,277378.2880155715,277378.2880155715,0.0
2013-11-01,277394.78113871947,277394.78113871947,0.0
2013-11-01,277613.58620158077,277613.58620158077,0.0
2013-11-04,277459.43347500794,277613.58620158077,-0.05552780347748848
2013-11-04,276918.6084524015,277613.58620158077,-0.2503399630717838
2013-11-04,277502.33881657757,277613.58620158077,-0.04007274518705205
2013-11-04,277669.8351576789,277669.8351576789,0.0
2013-11-04,277949.34754460386,277949.34754460386,0.0
2013-11-05,277710.5169003202,277949.34754460386,-0.08592595967340784
2013-11-05,277254.47168453323,277949.34754460386,-0.25000089628169575
2013-11-05,277486.1738918464,277949.34754460386,-0.16663958985662142
2013-11-06,277687.3362504149,277949.34754460386,-0.09426584250100506
2013-11-06,277704.33055772586,277949.34754460386,-0.08815166829585296
2013-11-06,277960.586908582,277960.586908582,0.0
2013-11-07,279112.12084346655,279112.12084346655,0.0
2013-11-07,281390.6746533068,281390.6746533068,0.0
2013-11-07,281613.8079088058,281613.8079088058,0.0
2013-11-07,281310.2795251135,281613.8079088058,-0.10778178312568806
2013-11-07,280808.5859465481,281613.8079088058,-0.2859312788094711
2013-11-07,280690.60043692857,281613.8079088058,-0.32782748783972265
2013-11-08,281167.9721638551,281613.8079088058,-0.15831458984960753
2013-11-08,281025.27896061144,281613.8079088058,-0.2089844076057979
2013-11-08,280407.3647616719,281613.8079088058,-0.42840340681183514
2013-11-08,280593.7733181208,281613.8079088058,-0.36221043217287785
2013-11-08,281104.66985624505,281613.8079088058,-0.1807930002940804
2013-11-11,281044.86634645856,281613.8079088058,-0.20202900084056577
2013-11-11,281056.61334769847,281613.8079088058,-0.1978576850492188
2013-11-11,281509.42278353055,281613.8079088058,-0.0370667638956959
2013-11-11,282095.77718102315,282095.77718102315,0.0
2013-11-11,282035.6163325695,282095.77718102315,-0.021326391006213197
2013-11-11,281238.37082630425,282095.77718102315,-0.30394157732063287
2013-11-11,280835.6342010387,282095.77718102315,-0.44670749508448643
2013-11-11,280606.6201885657,282095.77718102315,-0.5278905651614394
2013-11-11,279975.1555211614,282095.77718102315,-0.7517381795123225
2013-11-11,279393.0250396406,282095.77718102315,-0.9580973414033658
2013-11-11,279013.50351017044,282095.77718102315,-1.0926337507260127
2013-11-12,278547.6280408313,282095.77718102315,-1.257781727769349
2013-11-12,278799.2418036188,282095.77718102315,-1.1685872827826655
2013-11-12,277742.31874790875,282095.77718102315,-1.5432554420411442
2013-11-12,277512.51889751636,282095.77718102315,-1.6247170834342812
2013-11-12,277829.8202556072,282095.77718102315,-1.5122370735377788
2013-11-13,278262.4030421434,282095.77718102315,-1.3588910040364968
2013-11-13,278357.42150418286,282095.77718102315,-1.3252079539075692
2013-11-13,278442.2275328778,282095.77718102315,-1.2951451044943567
2013-11-13,278582.4200513033,282095.77718102315,-1.2454483242637535
2013-11-15,278877.227450814,282095.77718102315,-1.1409421872145922
2013-11-15,279605.8753739897,282095.77718102315,-0.882644126018117
2013-11-18,279738.6794593399,282095.77718102315,-0.835566467969742
2013-11-18,279632.24922719493,282095.77718102315,-0.8732948711413547
2013-11-18,280023.30802835035,282095.77718102315,-0.734668619779756
2013-11-19,278890.3296838263,282095.77718102315,-1.1362975827673887
2013-11-19,278979.81380458194,282095.77718102315,-1.1045763986894688
2013-11-21,279324.0540152097,282095.77718102315,-0.9825468475675866
2013-11-21,279857.4559731942,282095.77718102315,-0.7934614371744343
2013-11-21,280729.67928170424,282095.77718102315,-0.48426740484040265
2013-11-21,280278.2977644435,282095.77718102315,-0.6442774275962866
2013-11-21,280992.71970620245,282095.77718102315,-0.39102232789286284
2013-11-22,281068.41854087077,282095.77718102315,-0.3641878834269521
2013-11-25,281396.0670925064,282095.77718102315,-0.24803990173442067
2013-11-25,280646.3156077615,282095.77718102315,-0.5138189545926879
2013-11-25,281093.45109486126,282095.77718102315,-0.3553141050809457
2013-11-26,280996.62432772364,282095.77718102315,-0.38963818043762455
2013-11-26,281314.577390263,282095.77718102315,-0.2769271481362424
2013-11-26,281662.2500969896,282095.77718102315,-0.15368081307907386
2013-11-27,281605.32025408326,282095.77718102315,-0.17386184644131075
2013-11-27,281955.47177648067,282095.77718102315,-0.049736797177380124
2013-11-29,281945.30306876113,282095.77718102315,-0.05334149761676779
2013-11-29,281726.6866252054,282095.77718102315,-0.13083873835548893
2013-11-29,281926.4024049246,282095.77718102315,-0.06004158509251231
2013-11-29,282088.8590873239,282095.77718102315,-0.0024523917969973765
2013-11-29,282070.9752397864,282095.77718102315,-0.008792028538894612
2013-11-29,282210.5364096005,282210.5364096005,0.0
2013-11-29,282372.4349008492,282372.4349008492,0.0
2013-11-29,282139.7738249471,282372.4349008492,-0.08239510913443399
2013-11-29,280813.01106309827,282372.4349008492,-0.552257814506039
2013-11-29,280791.74205983145,282372.4349008492,-0.5597900664676322
2013-12-02,280705.3692470575,282372.4349008492,-0.5903783258366115
2013-12-02,280145.801714301,282372.4349008492,-0.7885448122193798
2013-12-02,279931.1176241021,282372.4349008492,-0.8645735117892489
2013-12-02,279597.3676661071,282372.4349008492,-0.9827684617007778
2013-12-02,279665.33436667576,282372.4349008492,-0.9586985837070054
2013-12-02,279290.1030455824,282372.4349008492,-1.091583835493389
2013-12-02,279309.45452085993,282372.4349008492,-1.0847306611443053
2013-12-02,278859.5942952644,282372.4349008492,-1.2440451585928596
2013-12-02,278790.41336691123,282372.4349008492,-1.2685450459056753
2013-12-02,278605.14361554553,282372.4349008492,-1.3341568863215991
2013-12-04,279062.999129937,282372.4349008492,-1.1720109195765764
2013-12-05,278647.48030814365,282372.4349008492,-1.3191636761617653
2013-12-05,278991.0878731992,282372.4349008492,-1.1974777314355403
2013-12-05,279297.5676230282,282372.4349008492,-1.0889403134908318
2013-12-06,279431.67192766507,282372.4349008492,-1.0414483177923226
2013-12-06,279630.65216282604,282372.4349008492,-0.9709810162546079
2013-12-06,279929.4025417407,282372.4349008492,-0.8651808948583587
2013-12-06,280360.53716302954,282372.4349008492,-0.7124979244259768
2013-12-06,280841.9500027817,282372.4349008492,-0.5420093142607542
2013-12-06,281357.1333763524,282372.4349008492,-0.3595611323935779
2013-12-06,281493.1709127761,282372.4349008492,-0.31138449770489834
2013-12-06,281834.4690117067,282372.4349008492,-0.19051643243129435
2013-12-06,282153.4012136611,282372.4349008492,-0.07756907548889026
2013-12-09,282435.57226409693,282435.57226409693,0.0
2013-12-09,282760.4223339896,282760.4223339896,0.0
2013-12-09,283180.0196028527,283180.0196028527,0.0
2013-12-09,283715.2843222482,283715.2843222482,0.0
2013-12-09,284040.8932842895,284040.8932842895,0.0
2013-12-09,284824.7555024962,284824.7555024962,0.0
2013-12-09,285233.6509152255,285233.6509152255,0.0
2013-12-09,285585.43564862345,285585.43564862345,0.0
2013-12-09,285929.8895827588,285929.8895827588,0.0
2013-12-09,286264.3509124687,286264.3509124687,0.0
2013-12-09,286594.82117352716,286594.82117352716,0.0
2013-12-09,286971.00455448276,286971.00455448276,0.0
2013-12-09,286982.89746405603,286982.89746405603,0.0
2013-12-09,288132.78882164485,288132.78882164485,0.0
2013-12-10,288500.16972517193,288500.16972517193,0.0
2013-12-10,288798.51913987566,288798.51913987566,0.0
2013-12-10,289291.83690493956,289291.83690493956,0.0
2013-12-11,288964.6167349349,289291.83690493956,-0.11311075124189078
2013-12-11,289001.7179927406,289291.83690493956,-0.1002858965198739
2013-12-11,288819.48706274567,289291.83690493956,-0.16327797121669163
2013-12-12,288658.5597845983,289291.83690493956,-0.21890597644113574
2013-12-12,287931.31989509176,289291.83690493956,-0.47029222269236004
2013-12-12,287306.8950660813,289291.83690493956,-0.6861382125726858
2013-12-12,287581.8447283049,289291.83690493956,-0.5910958964239856
2013-12-12,287268.8728497247,289291.83690493956,-0.6992814165992434
2013-12-12,287354.134303188,289291.83690493956,-0.6698089453482466
2013-12-12,287541.3803814906,289291.83690493956,-0.6050832758285268
2013-12-13,287577.25853963965,289291.83690493956,-0.5926812120396312
2013-12-13,283900.377236773,289291.83690493956,-1.86367500923925
2013-12-13,283815.35022580216,289291.83690493956,-1.8930664403561968
2013-12-13,284153.33175896015,289291.83690493956,-1.7762357904581674
2013-12-13,284138.7147701884,289291.83690493956,-1.7812884697622753
2013-12-13,283571.2778930706,289291.83690493956,-1.9774353376409708
2013-12-13,285034.85827400186,289291.83690493956,-1.4715170246357574
2013-12-13,284883.2166552672,289291.83690493956,-1.5239352402193729
2013-12-13,284785.5153684881,289291.83690493956,-1.5577078097548345
2013-12-13,283052.6247547789,289291.83690493956,-2.156719047765878
2013-12-13,282498.21364711516,289291.83690493956,-2.3483632758212805
2013-12-13,282286.20355686423,289291.83690493956,-2.421649163359336
2013-12-13,282320.77150822664,289291.83690493956,-2.4097000009729244
2013-12-13,281909.5059031659,289291.83690493956,-2.5518628803202157
2013-12-16,282498.7180139869,289291.83690493956,-2.3481889304691537
2013-12-16,282904.12751119083,289291.83690493956,-2.2080503418586623
2013-12-16,283219.2745795517,289291.83690493956,-2.099112920142047
2013-12-16,283696.3078723763,289291.83690493956,-1.9342160126011234
2013-12-16,284272.77677183074,289291.83690493956,-1.7349470302399372
2013-12-16,283910.69934985164,289291.83690493956,-1.8601069469015616
2013-12-16,283602.59577894496,289291.83690493956,-1.9666096309050238
2013-12-16,283521.8564065876,289291.83690493956,-1.9945189467091566
2013-12-16,283675.8645599188,289291.83690493956,-1.941282687097089
2013-12-17,283060.5883354333,289291.83690493956,-2.153966263332155
2013-12-17,282164.949156399,289291.83690493956,-2.463563377656739
2013-12-17,282020.9934635934,289291.83690493956,-2.513324786186523
2013-12-17,281569.63512601604,289291.83690493956,-2.6693465883937137
2013-12-18,282498.1054170848,289291.83690493956,-2.3484006878794625
2013-12-18,282956.5762347518,289291.83690493956,-2.189920302614524
2013-12-18,282681.77522714034,289291.83690493956,-2.28491123307128
2013-12-18,283119.90161909914,289291.83690493956,-2.133463339951931
2013-12-18,283507.2463937353,289291.83690493956,-1.9995692146353465
2013-12-19,283740.0276598168,289291.83690493956,-1.91910331951298
2013-12-19,283457.00989800174,289291.83690493956,-2.016934549333698
2013-12-19,283846.8958177547,289291.83690493956,-1.882162022073949
2013-12-20,284135.7845422984,289291.83690493956,-1.7823013666076617
2013-12-20,284456.81121856236,289291.83690493956,-1.6713315308533816
2013-12-20,284847.951697808,289291.83690493956,-1.536125337885635
2013-12-20,285207.590577482,289291.83690493956,-1.4118083562792036
2013-12-23,285295.54340876883,289291.83690493956,-1.381405551890457
2013-12-23,285776.857481679,289291.83690493956,-1.215028899835691
2013-12-23,285071.74255100713,289291.83690493956,-1.4587671740351016
2013-12-23,285101.2955690875,289291.83690493956,-1.4485515321433213
2013-12-23,285223.8645030516,289291.83690493956,-1.4061829208214607
2013-12-23,285424.26562464767,289291.83690493956,-1.3369099251710854
2013-12-23,285847.8071057631,289291.83690493956,-1.1905036229239112
2013-12-23,286205.66356913134,289291.83690493956,-1.066802772185487
2013-12-23,286698.6193794035,289291.83690493956,-0.8964019010284765
2013-12-24,286979.4074027323,289291.83690493956,-0.799341428692687
2013-12-24,287111.87873459194,289291.83690493956,-0.7535498386924557
2013-12-26,287331.3586677998,289291.83690493956,-0.6776818378680927
2013-12-26,287802.7854310888,289291.83690493956,-0.5147229489022987
2013-12-30,287942.3837127309,289291.83690493956,-0.46646777408105267
2013-12-30,288163.7987702966,289291.83690493956,-0.389930855537277
2014-01-06,289012.7147060311,289291.83690493956,-0.09648464398260642
2014-01-06,289749.3599261346,289749.3599261346,0.0
2014-01-06,289924.2900167457,289924.2900167457,0.0
2014-01-08,289385.76100880007,289924.2900167457,-0.18574815097917888
2014-01-08,289041.41988625727,289924.2900167457,-0.3045174760753653
2014-01-08,290025.06952340074,290025.06952340074,0.0
2014-01-08,290238.44455649436,290238.44455649436,0.0
2014-01-09,291088.08948987874,291088.08948987874,0.0
2014-01-09,291399.930253241,291399.930253241,0.0
2014-01-09,291713.9036437451,291713.9036437451,0.0
2014-01-09,291837.3466868825,291837.3466868825,0.0
2014-01-09,292391.4097176481,292391.4097176481,0.0
2014-01-09,292444.5857994641,292444.5857994641,0.0
2014-01-09,292674.3051406736,292674.3051406736,0.0
2014-01-10,292958.8908020864,292958.8908020864,0.0
2014-01-10,293145.9394903074,293145.9394903074,0.0
2014-01-10,293374.25782697834,293374.25782697834,0.0
2014-01-10,293648.4074953386,293648.4074953386,0.0
2014-01-10,293836.08394083066,293836.08394083066,0.0
2014-01-10,293828.1232958371,293836.08394083066,-0.0027092128668529465
2014-01-13,294016.91546930186,294016.91546930186,0.0
2014-01-13,293517.00854311907,294016.91546930186,-0.17002658686656147
2014-01-13,293389.15832290525,294016.91546930186,-0.21351055445044959
2014-01-13,293296.7841451997,294016.91546930186,-0.24492853513299281
2014-01-13,293271.0350674482,294016.91546930186,-0.25368622096558374
2014-01-13,293169.3744095706,294016.91546930186,-0.2882626866479607
2014-01-13,293013.8186023202,294016.91546930186,-0.34116978112654983
2014-01-13,293090.7840590633,294016.91546930186,-0.31499256046554325
2014-01-13,292921.5260768237,294016.91546930186,-0.37255999054670974
2014-01-14,292919.82900241745,294016.91546930186,-0.37313719352958835
2014-01-14,293093.8751788321,294016.91546930186,-0.31394121967317334
2014-01-14,294101.1730433311,294101.1730433311,0.0
2014-01-14,294295.9595267359,294295.9595267359,0.0
2014-01-14,294559.67850944557,294559.67850944557,0.0
2014-01-15,294531.41034401284,294559.67850944557,-0.009596753220188334
2014-01-15,294878.29509866243,294878.29509866243,0.0
2014-01-15,295125.9338749036,295125.9338749036,0.0
2014-01-15,295104.7026845868,295125.9338749036,-0.007193942612236133
2014-01-15,294366.8651114192,295125.9338749036,-0.25720164728260436
2014-01-15,294433.3359610751,295125.9338749036,-0.23467877076572963
2014-01-15,294344.75327915547,295125.9338749036,-0.26469398520539683
2014-01-15,293832.14766464,295125.9338749036,-0.4383844527916062
2014-01-15,294014.59485479724,295125.9338749036,-0.37656433831986713
2014-01-15,292694.82318323443,295125.9338749036,-0.8237536633089149
2014-01-15,292752.76827173703,295125.9338749036,-0.8041196420821788
2014-01-15,291508.29180084955,295125.9338749036,-1.2257960615509567
2014-01-16,291904.71865932643,295125.9338749036,-1.0914714180769194
2014-01-16,292081.1398008678,295125.9338749036,-1.0316931602921702
2014-01-16,292359.47103386704,295125.9338749036,-0.9373838499090318
2014-01-16,292597.4903614982,295125.9338749036,-0.8567337611465673
2014-01-16,292097.66372668167,295125.9338749036,-1.026094219664726
2014-01-16,292220.7252027702,295125.9338749036,-0.9843962656852905
2014-01-16,291890.07417498215,295125.9338749036,-1.0964335317590383
2014-01-16,291793.1376083223,295125.9338749036,-1.1292793631595823
2014-01-16,291403.3511581277,295125.9338749036,-1.2613539812986385
2014-01-16,290773.9377314209,295125.9338749036,-1.4746234213789509
2014-01-16,290862.5037485322,295125.9338749036,-1.4446138536163162
2014-01-16,290853.9246917109,295125.9338749036,-1.447520767525459
2014-01-16,290663.0052708893,295125.9338749036,-1.5122115991019611
2014-01-16,290829.0302815093,295125.9338749036,-1.4559559497118515
2014-01-16,290738.81845131324,295125.9338749036,-1.4865231821510945
2014-01-16,290726.5601219638,295125.9338749036,-1.490676774886408
2014-01-17,290650.7283774345,295125.9338749036,-1.5163714820690881
2014-01-17,290661.3133314125,295125.9338749036,-1.5127848931715824
2014-01-17,290752.30418349145,295125.9338749036,-1.481953698201941
2014-01-21,290660.9224898883,295125.9338749036,-1.5129173252893036
2014-01-21,290742.43986127235,295125.9338749036,-1.485296109385393
2014-01-21,290605.1732181452,295125.9338749036,-1.5318073194728534
2014-01-21,290733.2431859931,295125.9338749036,-1.48841229614624
2014-01-21,290792.3512664989,295125.9338749036,-1.4683842085669034
2014-01-22,290793.65129205456,295125.9338749036,-1.4679437099842862
2014-01-22,291555.79860088514,295125.9338749036,-1.2096989333142583
2014-01-22,291483.83297104086,295125.9338749036,-1.2340836523727976
2014-01-22,291444.86247411516,295125.9338749036,-1.2472883532996293
2014-01-22,291578.26618456194,295125.9338749036,-1.2020860531509299
2014-01-22,291509.7614995631,295125.9338749036,-1.2252980711865478
2014-01-22,291372.8892571517,295125.9338749036,-1.271675643165512
2014-01-22,291460.46577182884,295125.9338749036,-1.2420013568270347
2014-01-22,291407.90772871807,295125.9338749036,-1.2598100401984678
2014-01-23,291216.58778531355,295125.9338749036,-1.3246365842071752
2014-01-23,290929.3314968892,295125.9338749036,-1.4219700461136873
2014-01-28,290999.52309261874,295125.9338749036,-1.3981864379407405
2014-01-28,291050.8719348027,295125.9338749036,-1.3807874782797749
2014-01-29,290642.2054794866,295125.9338749036,-1.5192593671952672
2014-01-30,290876.0199612029,295125.9338749036,-1.4400340417057698
2014-01-30,290655.7528730065,295125.9338749036,-1.514668990015592
2014-01-30,290204.0811885384,295125.9338749036,-1.6677127020804081
2014-01-31,290541.3375198643,295125.9338749036,-1.5534373055072046
2014-01-31,290768.9966930338,295125.9338749036,-1.4762976349332309
2014-01-31,290991.62444909103,295125.9338749036,-1.4008628016963744
2014-01-31,291359.8065738313,295125.9338749036,-1.2761085586835146
2014-01-31,292079.1975010791,295125.9338749036,-1.032351286049944
2014-01-31,291432.91907165636,295125.9338749036,-1.251335236710377
2014-01-31,290259.98847342696,295125.9338749036,-1.6487691669750681
2014-01-31,289792.8931062892,295125.9338749036,-1.807039015037875
2014-01-31,289412.1694794724,295125.9338749036,-1.9360428005805574
2014-01-31,288977.352180755,295125.9338749036,-2.0833755995007968
2014-01-31,288819.4067170921,295125.9338749036,-2.13689358810625
2014-02-03,288583.4735156445,295125.9338749036,-2.2168368172050528
2014-02-03,288581.9001142074,295125.9338749036,-2.2173699460346423
2014-02-03,287742.53719279886,295125.9338749036,-2.50177833752637
2014-02-03,286907.9887709944,295125.9338749036,-2.7845553916629227
2014-02-03,286265.9356885221,295125.9338749036,-3.002107632512229
2014-02-03,286028.14784127433,295125.9338749036,-3.082679286831359
2014-02-03,285815.8713851368,295125.9338749036,-3.154606702138587
2014-02-03,285229.9647618659,295125.9338749036,-3.3531343664404427
2014-02-03,284862.73688303103,295125.9338749036,-3.4775652742950323
2014-02-03,283551.0844309219,295125.9338749036,-3.922003495934044
2014-02-03,282810.68085248646,295125.9338749036,-4.172880661730412
2014-02-03,282210.20536383684,295125.9338749036,-4.3763448171048935
2014-02-03,281858.4133360571,295125.9338749036,-4.495545465845188
2014-02-06,281477.7931954528,295125.9338749036,-4.624514186284938
2014-02-06,281059.5380724344,295125.9338749036,-4.766235084047732
2014-02-06,280245.9738433063,295125.9338749036,-5.041901887857992
2014-02-06,280332.6537458477,295125.9338749036,-5.012531408143344
2014-02-06,280070.8718645278,295125.9338749036,-5.101233162639391
2014-02-07,280373.5533209614,295125.9338749036,-4.998673061444791
2014-02-07,280488.12015474774,295125.9338749036,-4.959853418493698
2014-02-07,280942.6873864848,295125.9338749036,-4.805828583817611
2014-02-10,281736.6547297592,295125.9338749036,-4.536801957505967
2014-02-10,281461.4883938628,295125.9338749036,-4.630038879210398
2014-02-10,281654.406004357,295125.9338749036,-4.564670984237142
2014-02-10,283246.01734603103,295125.9338749036,-4.025371939664292
2014-02-10,283881.8358410183,295125.9338749036,-3.809932216479283
2014-02-10,284214.18676716916,295125.9338749036,-3.697318959559701
2014-02-10,285876.5930789173,295125.9338749036,-3.1340318604148347
2014-02-10,286661.9074414929,295125.9338749036,-2.867937196260899
2014-02-10,287377.4922697251,295125.9338749036,-2.6254695761379248
2014-02-11,287499.826689876,295125.9338749036,-2.5840179766309976
2014-02-11,287881.50817340583,295125.9338749036,-2.45468963244975
2014-02-11,287913.4788920275,295125.9338749036,-2.4438567252220054
2014-02-12,288342.69525123073,295125.9338749036,-2.298421739699808
2014-02-12,288512.8134846421,295125.9338749036,-2.2407791492375786
2014-02-12,288717.06110041746,295125.9338749036,-2.1715722133733926
2014-02-13,288788.0943375274,295125.9338749036,-2.1475034247795515
2014-02-24,289428.3511597685,295125.9338749036,-1.93055982587763
2014-02-27,289468.0551690757,295125.9338749036,-1.9171065827871636
2014-02-27,289836.64931690483,295125.9338749036,-1.792212730529048
2014-02-27,290407.4221181253,295125.9338749036,-1.5988129863159857
2014-02-28,290322.9173193396,295125.9338749036,-1.6274464573485736
2014-03-04,290236.0576985404,295125.9338749036,-1.6568778325106126
2014-03-04,290627.8779315555,295125.9338749036,-1.5241140906494202
2014-03-04,290955.2295103231,295125.9338749036,-1.4131948046112293
2014-03-04,293101.63808814366,295125.9338749036,-0.6859091507756077
2014-03-05,297316.00207381655,297316.00207381655,0.0
2014-03-05,297611.2649731909,297611.2649731909,0.0
2014-03-06,298102.4605927129,298102.4605927129,0.0
2014-03-06,298289.8842553542,298289.8842553542,0.0
2014-03-06,298683.6520224826,298683.6520224826,0.0
2014-03-06,298524.4632138728,298683.6520224826,-0.05329679329011525
2014-03-07,298247.19688725594,298683.6520224826,-0.1461262215964214
2014-03-07,298100.6828593803,298683.6520224826,-0.19517946802739342
2014-03-07,297671.82502421824,298683.6520224826,-0.3387620954186645
2014-03-07,298098.25373368233,298683.6520224826,-0.19599274511221004
2014-03-07,298787.8361338847,298787.8361338847,0.0
2014-03-11,298508.65493877756,298787.8361338847,-0.09343793867900799
2014-03-12,298243.7838044967,298787.8361338847,-0.18208650540385302
2014-03-14,298955.9813673,298955.9813673,0.0
2014-03-17,299263.96014660626,299263.96014660626,0.0
2014-03-17,299980.17858883756,299980.17858883756,0.0
2014-03-17,300372.64166935766,300372.64166935766,0.0
2014-03-17,300662.4554960835,300662.4554960835,0.0
2014-03-17,301134.4631236043,301134.4631236043,0.0
2014-03-17,301236.5198803592,301236.5198803592,0.0
2014-03-17,301808.3718970814,301808.3718970814,0.0
2014-03-17,302119.3842153646,302119.3842153646,0.0
2014-03-17,302488.18722342694,302488.18722342694,0.0
2014-03-17,302805.0475594553,302805.0475594553,0.0
2014-03-17,303102.72539309785,303102.72539309785,0.0
2014-03-18,303714.8579719225,303714.8579719225,0.0
2014-03-18,304144.77073732734,304144.77073732734,0.0
2014-03-18,304567.39577437006,304567.39577437006,0.0
2014-03-18,305090.4168861288,305090.4168861288,0.0
2014-03-18,305435.0464583995,305435.0464583995,0.0
2014-03-18,305755.5343325409,305755.5343325409,0.0
2014-03-18,306175.4699871781,306175.4699871781,0.0
2014-03-18,305871.3464145253,306175.4699871781,-0.09932982961226326
2014-03-18,306026.1825729626,306175.4699871781,-0.04875877686143731
2014-03-19,305957.95860834484,306175.4699871781,-0.07104141257376896
2014-03-19,305964.48347578873,306175.4699871781,-0.06891032498397448
2014-03-19,306011.183025194,306175.4699871781,-0.05365778061547586
2014-03-19,305721.8995132393,306175.4699871781,-0.14814069656129722
2014-03-19,304949.3505180221,306175.4699871781,-0.4004629989487303
2014-03-19,304966.83506323927,306175.4699871781,-0.3947523699365763
2014-03-19,305083.9287297537,306175.4699871781,-0.3565083961396736
2014-03-19,304299.2254474995,306175.4699871781,-0.6128004113971617
2014-03-20,304355.7010701074,306175.4699871781,-0.5943549028101138
2014-03-20,304609.60615164007,306175.4699871781,-0.5114269394617451
2014-03-20,305230.28742767154,306175.4699871781,-0.30870616759276703
2014-03-20,305679.770732898,306175.4699871781,-0.16190038160172973
2014-03-20,304797.047940475,306175.4699871781,-0.4502065585988443
2014-03-20,304200.0307429711,306175.4699871781,-0.6451984034807626
2014-03-20,304354.72514644964,306175.4699871781,-0.594673649330796
2014-03-20,304077.21915047045,306175.4699871781,-0.6853099096395676
2014-03-20,304406.2840385577,306175.4699871781,-0.5778339945700167
2014-03-20,303965.6010900928,306175.4699871781,-0.7217654951841357
2014-03-21,304035.3807381139,306175.4699871781,-0.6989747575642935
2014-03-21,304309.42554613994,306175.4699871781,-0.6094689561891767
2014-03-21,303839.3609415558,306175.4699871781,-0.762996802363076
2014-03-21,303282.9931141682,306175.4699871781,-0.9447121525219057
2014-03-21,302804.48627882,306175.4699871781,-1.100997316505874
2014-03-21,302710.99293060653,306175.4699871781,-1.1315331880495383
2014-03-21,302565.18974675954,306175.4699871781,-1.1791539800917932
2014-03-21,302457.3618648943,306175.4699871781,-1.2143716550641797
2014-03-21,301611.7622385629,306175.4699871781,-1.4905530311772854
2014-03-24,301492.56087919604,306175.4699871781,-1.529485398741504
2014-03-24,301464.3859048242,306175.4699871781,-1.5386876298585277
2014-03-24,301188.45229830506,306175.4699871781,-1.6288103318929807
2014-03-24,300834.4785745476,306175.4699871781,-1.7444217242008797
2014-03-24,300561.9628198484,306175.4699871781,-1.833428121320366
2014-03-24,300564.6423461708,306175.4699871781,-1.8325529609678672
2014-03-24,300704.6989488325,306175.4699871781,-1.7868090603648583
2014-03-24,300636.7180997652,306175.4699871781,-1.809012292083643
2014-03-24,300602.4676759105,306175.4699871781,-1.8201988263465334
2014-03-24,300769.2459515183,306175.4699871781,-1.7657273575463786
2014-03-24,300096.61711959704,306175.4699871781,-1.9854147256916546
2014-03-24,299744.31586656393,306175.4699871781,-2.100479872173787
2014-03-24,299832.8726517694,306175.4699871781,-2.0715563319538126
2014-03-24,299613.86209879944,306175.4699871781,-2.143087389938016
2014-03-24,299385.40320225817,306175.4699871781,-2.2177043723340377
2014-03-25,299539.9801736119,306175.4699871781,-2.1672179727017604
2014-03-26,299921.88560845156,306175.4699871781,-2.0424838015234967
2014-03-26,300100.01459445857,306175.4699871781,-1.9843050760970378
2014-03-26,299783.62068150734,306175.4699871781,-2.087642522746333
2014-03-27,299551.91310045234,306175.4699871781,-2.163320558307021
2014-03-31,300080.53410599753,306175.4699871781,-1.9906676003259873
2014-03-31,300659.5195805309,306175.4699871781,-1.8015650982354086
2014-03-31,301384.6674814334,306175.4699871781,-1.5647244718674906
2014-03-31,302007.49690645735,306175.4699871781,-1.3613020928473785
2014-03-31,302873.077824857,306175.4699871781,-1.078594624990491
2014-03-31,303427.8255572022,306175.4699871781,-0.8974084142308828
2014-03-31,303882.5038837894,306175.4699871781,-0.7489058818084672
2014-03-31,304181.2874362929,306175.4699871781,-0.6513201566959961
2014-03-31,304307.1029240412,306175.4699871781,-0.6102275480185041
2014-03-31,304719.37024772883,306175.4699871781,-0.4755768773737006
2014-03-31,305203.92461288976,306175.4699871781,-0.3173165290900104
2014-03-31,305622.8780851374,306175.4699871781,-0.18048209481440267
2014-03-31,306129.7121439465,306175.4699871781,-0.014944973623629587
2014-03-31,306659.5723462995,306659.5723462995,0.0
2014-03-31,307468.2675737486,307468.2675737486,0.0
2014-04-01,308098.7155218554,308098.7155218554,0.0
2014-04-01,308463.9768358764,308463.9768358764,0.0
2014-04-01,308894.6264151087,308894.6264151087,0.0
2014-04-01,309216.34864840703,309216.34864840703,0.0
2014-04-01,309709.6378224849,309709.6378224849,0.0
2014-04-01,310088.73452076927,310088.73452076927,0.0
2014-04-01,310401.83640569344,310401.83640569344,0.0
2014-04-01,311020.8851552914,311020.8851552914,0.0
2014-04-01,310941.05024383555,311020.8851552914,-0.025668665760501815
2014-04-01,311673.3356217191,311673.3356217191,0.0
2014-04-01,312511.7210401757,312511.7210401757,0.0
2014-04-01,312651.7401319222,312651.7401319222,0.0
2014-04-01,312461.0535600565,312651.7401319222,-0.06099008813615825
2014-04-01,313092.3160509133,313092.3160509133,0.0
2014-04-01,313389.7612854157,313389.7612854157,0.0
2014-04-01,313890.168254705,313890.168254705,0.0
2014-04-01,313854.7536459434,313890.168254705,-0.011282484239141488
2014-04-02,314210.68872903934,314210.68872903934,0.0
2014-04-02,314805.12015075155,314805.12015075155,0.0
2014-04-02,315106.3941585552,315106.3941585552,0.0
2014-04-02,315536.0610049999,315536.0610049999,0.0
2014-04-02,316133.9088406991,316133.9088406991,0.0
2014-04-02,317133.8823106228,317133.8823106228,0.0
2014-04-02,317457.1964519572,317457.1964519572,0.0
2014-04-02,316442.26714572334,317457.1964519572,-0.31970587454850136
2014-04-02,316592.3677166558,317457.1964519572,-0.2724237298656815
2014-04-02,316519.66473113606,317457.1964519572,-0.2953253954547054
2014-04-02,316028.00702852925,317457.1964519572,-0.45019909436649463
2014-04-02,316042.21538691083,317457.1964519572,-0.44572341747512706
2014-04-02,315923.04242172546,317457.1964519572,-0.4832632705694332
2014-04-02,315930.7214152658,317457.1964519572,-0.4808443638235241
2014-04-02,316315.83226992365,317457.1964519572,-0.35953325197537483
2014-04-02,316399.4570923515,317457.1964519572,-0.3331911739369822
2014-04-02,316559.2005912185,317457.1964519572,-0.28287147709207383
2014-04-02,315958.9324085137,317457.1964519572,-0.4719578135852047
2014-04-03,316305.0242223869,317457.1964519572,-0.36293782042036715
2014-04-03,316849.76390120096,317457.1964519572,-0.191343134616319
2014-04-03,317162.6232204566,317457.1964519572,-0.0927914801721029
2014-04-03,317264.52484626806,317457.1964519572,-0.06069215246733846
2014-04-04,317027.52980345424,317457.1964519572,-0.1353463248920267
2014-04-04,317045.645850519,317457.1964519572,-0.12963971396392468
2014-04-04,315240.3743936532,317457.1964519572,-0.6983058135333605
2014-04-09,314527.5608289637,317457.1964519572,-0.9228442938879412
2014-04-09,314491.8577984481,317457.1964519572,-0.9340908590673139
2014-04-09,314546.7825725759,317457.1964519572,-0.9167893851232222
2014-04-09,315146.4745267697,317457.1964519572,-0.7278845623955489
2014-04-10,315419.377935471,317457.1964519572,-0.641919143513448
2014-04-10,315737.8172723515,317457.1964519572,-0.5416097662369274
2014-04-10,316003.5763431607,317457.1964519572,-0.45789483591577734
2014-04-14,316307.69209585,317457.1964519572,-0.36209743201747535
2014-04-14,316578.40181758086,317457.1964519572,-0.27682303132458835
2014-04-15,316908.9999654661,317457.1964519572,-0.1726835909275378
2014-04-15,317119.57090995525,317457.1964519572,-0.10635309130661601
2014-04-15,317345.1474521773,317457.1964519572,-0.035295781929729535
2014-04-15,317484.6697467622,317484.6697467622,0.0
2014-04-15,317300.49175946566,317484.6697467622,-0.05801161594462152
2014-04-15,316623.5543825513,317484.6697467622,-0.27123053371294154
2014-04-16,316591.91931516083,317484.6697467622,-0.28119481558383813
2014-04-16,317053.40230106097,317484.6697467622,-0.1358388252400432
2014-04-16,317009.01192124526,317484.6697467622,-0.14982072233482863
2014-04-16,316550.1879662525,317484.6697467622,-0.2943391821895134
2014-04-16,316923.14527328726,317484.6697467622,-0.1768666417571709
2014-04-16,317122.93989137176,317484.6697467622,-0.11393616443873325
2014-04-16,316332.6344064417,317484.6697467622,-0.3628632970654616
2014-04-16,316000.2427072837,317484.6697467622,-0.4675586511507889
2014-04-16,316005.1266428096,317484.6697467622,-0.4660203294643299
2014-04-16,316339.02353320736,317484.6697467622,-0.3608508765064613
2014-04-16,316176.78624901833,317484.6697467622,-0.41195170109696466
2014-04-16,316218.69430617656,317484.6697467622,-0.3987516756621435
2014-04-16,316141.36476000305,317484.6697467622,-0.42310861429328794
2014-04-16,315874.90232894,317484.6697467622,-0.5070378418920887
2014-04-16,315992.21588833985,317484.6697467622,-0.47008690517648805
2014-04-16,316129.52830258163,317484.6697467622,-0.4268368123920693
2014-04-16,316020.27336711006,317484.6697467622,-0.4612494772803361
2014-04-16,316392.1499480598,317484.6697467622,-0.3441173394525855
2014-04-16,316749.20079423895,317484.6697467622,-0.2316549498625843
2014-04-16,316862.8721645667,317484.6697467622,-0.1958512147032041
2014-04-16,316781.547126534,317484.6697467622,-0.2214666367321136
2014-04-16,316917.008226653,317484.6697467622,-0.17879966316547163
2014-04-16,317176.8379259646,317484.6697467622,-0.09695958581027579
2014-04-16,317448.42990820395,317484.6697467622,-0.011414673529640169
2014-04-17,317718.25656780804,317718.25656780804,0.0
2014-04-17,317676.94947293913,317718.25656780804,-0.013001171325544203
2014-04-17,317755.7958350975,317755.7958350975,0.0
2014-04-17,318011.2885254335,318011.2885254335,0.0
2014-04-17,318181.9365198265,318181.9365198265,0.0
2014-04-17,317650.5768700032,318181.9365198265,-0.16699868497725676
2014-04-17,317409.1163214527,318181.9365198265,-0.24288625772619774
2014-04-17,317642.3180916925,318181.9365198265,-0.1695943000523939
2014-04-17,317665.2071841362,318181.9365198265,-0.16240058795985993
2014-04-17,317588.1138262097,318181.9365198265,-0.1866299200111223
2014-04-17,317669.5780829303,318181.9365198265,-0.1610268774211979
2014-04-17,317761.5482044697,318181.9365198265,-0.13212199283052287
2014-04-17,316848.9094735182,318181.9365198265,-0.4189512015950684
2014-04-17,316559.9687417325,318181.9365198265,-0.5097611120966098
2014-04-17,316649.35223174945,318181.9365198265,-0.48166916853921515
2014-04-21,317055.5656621001,318181.9365198265,-0.3540021379108644
2014-04-21,317177.8590886561,318181.9365198265,-0.3155670752880154
2014-04-21,317691.9784951448,318181.9365198265,-0.15398675048642557
2014-04-21,318147.8230781228,318181.9365198265,-0.010721363405097259
2014-04-21,318629.59887224867,318629.59887224867,0.0
2014-04-21,320023.2960320359,320023.2960320359,0.0
2014-04-21,320309.74342018686,320309.74342018686,0.0
2014-04-21,320105.2749958817,320309.74342018686,-0.06383459401574325
2014-04-21,324091.14459669037,324091.14459669037,0.0
2014-04-21,324362.01613970264,324362.01613970264,0.0
2014-04-22,324820.9572254723,324820.9572254723,0.0
2014-04-22,325342.62921889295,325342.62921889295,0.0
2014-04-23,325365.2136225985,325365.2136225985,0.0
2014-04-23,325361.87987699325,325365.2136225985,-0.0010246164819331296
2014-04-24,325466.7893797099,325466.7893797099,0.0
2014-04-25,325781.4253686877,325781.4253686877,0.0
2014-04-28,326168.94357354986,326168.94357354986,0.0
2014-04-29,326236.32350474206,326236.32350474206,0.0
2014-04-30,326285.6450081036,326285.6450081036,0.0
2014-04-30,327014.9283441687,327014.9283441687,0.0
2014-05-01,327209.8496666623,327209.8496666623,0.0
2014-05-01,327897.4429223357,327897.4429223357,0.0
2014-05-01,328160.4270127227,328160.4270127227,0.0
2014-05-01,328699.1610924603,328699.1610924603,0.0
2014-05-01,328968.8371002229,328968.8371002229,0.0
2014-05-01,329409.43104457366,329409.43104457366,0.0
2014-05-01,330715.10727221915,330715.10727221915,0.0
2014-05-01,331439.98369928997,331439.98369928997,0.0
2014-05-01,331843.9311295424,331843.9311295424,0.0
2014-05-01,332337.91350116266,332337.91350116266,0.0
2014-05-02,332837.82642477937,332837.82642477937,0.0
2014-05-02,333093.7554325568,333093.7554325568,0.0
2014-05-05,333305.95326765225,333305.95326765225,0.0
2014-05-05,333611.983042917,333611.983042917,0.0
2014-05-05,333849.7794213794,333849.7794213794,0.0
2014-05-05,333488.37792790704,333849.7794213794,-0.10825272794809414
2014-05-05,333547.9279203304,333849.7794213794,-0.09041536632798446
2014-05-06,332775.92511392676,333849.7794213794,-0.32165793528868086
2014-05-06,332290.2759051864,333849.7794213794,-0.46712731663200446
2014-05-06,332640.6939459901,333849.7794213794,-0.36216452725678666
2014-05-07,332366.9064750367,333849.7794213794,-0.44417370858017846
2014-05-07,333086.9525839086,333849.7794213794,-0.22849403668705986
2014-05-07,333382.36812022165,333849.7794213794,-0.14000647296153215
2014-05-07,333351.5006307693,333849.7794213794,-0.14925239473684565
2014-05-07,332142.91210099414,333849.7794213794,-0.5112680689331411
2014-05-07,331568.3987877188,333849.7794213794,-0.683355441364864
2014-05-07,331502.8686644113,333849.7794213794,-0.7029840669763775
2014-05-07,330952.5533796601,333849.7794213794,-0.8678232607314174
2014-05-07,330604.0012844108,333849.7794213794,-0.9722271323929168
2014-05-07,330730.94741098135,333849.7794213794,-0.9342022078922811
2014-05-07,330543.1993610124,333849.7794213794,-0.9904394923063583
2014-05-07,330186.8770196301,333849.7794213794,-1.0971708317728213
2014-05-07,330217.92806104827,333849.7794213794,-1.087869929591014
2014-05-07,329662.8678955631,333849.7794213794,-1.2541303855503407
2014-05-07,329879.2552807839,333849.7794213794,-1.1893145915738144
2014-05-08,330608.5296106136,333849.7794213794,-0.9708707360488442
2014-05-08,330595.57368471066,333849.7794213794,-0.9747515012017786
2014-05-08,330481.3341649417,333849.7794213794,-1.008970340575276
2014-05-08,330512.7625252655,333849.7794213794,-0.9995564178288538
2014-05-08,329233.8756391895,333849.7794213794,-1.3826289746813845
2014-05-08,329423.0731170182,333849.7794213794,-1.3259575345634298
2014-05-08,329166.30651862366,333849.7794213794,-1.4028683532075428
2014-05-08,329245.4066491176,333849.7794213794,-1.3791750230423943
2014-05-08,329058.9185334264,333849.7794213794,-1.4350349118865293
2014-05-08,328965.5360190399,333849.7794213794,-1.4630063290156177
2014-05-09,327551.67760041234,333849.7794213794,-1.886507707712962
2014-05-09,327422.9006289824,333849.7794213794,-1.9250810360084394
2014-05-09,327494.53209773666,333849.7794213794,-1.9036248382902885
2014-05-09,327420.674020901,333849.7794213794,-1.9257479851031156
2014-05-09,327282.6134731855,333849.7794213794,-1.967102077939344
2014-05-09,326872.7026491328,333849.7794213794,-2.089885092732149
2014-05-12,327263.6121865727,333849.7794213794,-1.9727936457593842
2014-05-12,327599.60857770545,333849.7794213794,-1.8721506584508094
2014-05-12,328264.0038890052,333849.7794213794,-1.6731403992703824
2014-05-12,328889.6374366855,333849.7794213794,-1.4857406805212459
2014-05-12,330160.35528114473,333849.7794213794,-1.105115045044833
2014-05-12,330543.6175281707,333849.7794213794,-0.9903142362229049
2014-05-12,330990.05056091666,333849.7794213794,-0.8565915081385225
2014-05-13,331484.4445835906,333849.7794213794,-0.7085027409298629
2014-05-14,331904.04381920147,333849.7794213794,-0.5828176988914642
2014-05-14,331640.73494134774,333849.7794213794,-0.6616881652161973
2014-05-15,330689.3309054526,333849.7794213794,-0.9466678460607025
2014-05-15,330760.52442317165,333849.7794213794,-0.9253428304077231
2014-05-15,331003.0718523789,333849.7794213794,-0.852691163652806
2014-05-16,331344.33480840607,333849.7794213794,-0.7504706509962923
2014-05-16,331167.4808370068,333849.7794213794,-0.8034447675902195
2014-05-16,331648.3018753711,333849.7794213794,-0.6594215966905393
2014-05-16,331600.3805753609,333849.7794213794,-0.6737757472588668
2014-05-16,331931.8304984967,333849.7794213794,-0.5744945904133337
2014-05-19,332050.06656485307,333849.7794213794,-0.5390786417907875
2014-05-19,332246.0208544842,333849.7794213794,-0.4803832938499482
2014-05-19,331841.2668195805,333849.7794213794,-0.601621665073427
2014-05-19,331586.0659814275,333849.7794213794,-0.6780634822869432
2014-05-20,331512.62758704636,333849.7794213794,-0.7000609191306705
2014-05-20,331440.66288182844,333849.7794213794,-0.7216169331387217
2014-05-20,331553.8079690121,333849.7794213794,-0.6877259156338469
2014-05-20,331579.92336543876,333849.7794213794,-0.6799034164032335
2014-05-20,331333.2827153817,333849.7794213794,-0.7537811498210992
2014-05-20,331143.9959689063,333849.7794213794,-0.8104793291050417
2014-05-21,332071.36655326607,333849.7794213794,-0.5326985302178778
2014-05-21,332553.99248881935,333849.7794213794,-0.38813472778261554
2014-05-22,332338.02839343296,333849.7794213794,-0.4528237312501899
2014-05-22,332583.7184453932,333849.7794213794,-0.3792307361054696
2014-05-22,332983.05179914646,333849.7794213794,-0.2596160535840748
2014-05-22,333350.56869919837,333849.7794213794,-0.14953154171502975
2014-05-23,333853.61701890116,333853.61701890116,0.0
2014-05-23,334260.7969512949,334260.7969512949,0.0
2014-05-27,334625.21368836303,334625.21368836303,0.0
2014-05-27,334881.2843276249,334881.2843276249,0.0
2014-05-27,334811.40264102176,334881.2843276249,-0.020867599914828065
2014-05-27,334567.93019844074,334881.2843276249,-0.09357170551149394
2014-05-27,334788.7329358915,334881.2843276249,-0.02763707500681254
2014-05-27,334915.85895193275,334915.85895193275,0.0
2014-05-27,335108.23994270334,335108.23994270334,0.0
2014-05-28,335541.9003383894,335541.9003383894,0.0
2014-06-02,336272.10804244917,336272.10804244917,0.0
2014-06-05,336793.23343498656,336793.23343498656,0.0
2014-06-06,337644.7791992409,337644.7791992409,0.0
2014-06-06,338114.34834298247,338114.34834298247,0.0
2014-06-06,338579.7773206236,338579.7773206236,0.0
2014-06-06,339394.9564834343,339394.9564834343,0.0
2014-06-06,339859.21136923606,339859.21136923606,0.0
2014-06-06,340404.24170103134,340404.24170103134,0.0
2014-06-06,340507.99712272297,340507.99712272297,0.0
2014-06-06,341005.5011633471,341005.5011633471,0.0
2014-06-06,341448.1088531911,341448.1088531911,0.0
2014-06-09,341858.61305712693,341858.61305712693,0.0
2014-06-12,341821.2249614154,341858.61305712693,-0.01093671309819674
2014-06-12,342069.8901297288,342069.8901297288,0.0
2014-06-16,342358.82086783304,342358.82086783304,0.0
2014-06-17,342970.14208347467,342970.14208347467,0.0
2014-06-17,343382.17832018604,343382.17832018604,0.0
2014-06-18,343768.30084339203,343768.30084339203,0.0
2014-06-18,344249.15323719557,344249.15323719557,0.0
2014-06-18,344392.04658518545,344392.04658518545,0.0
2014-06-18,344828.88595294487,344828.88595294487,0.0
2014-06-18,345448.27149697783,345448.27149697783,0.0
2014-06-18,346206.6068738996,346206.6068738996,0.0
2014-06-18,346627.51426094404,346627.51426094404,0.0
2014-06-18,346978.3948875572,346978.3948875572,0.0
2014-06-18,347352.5706906096,347352.5706906096,0.0
2014-06-19,347308.4608244215,347352.5706906096,-0.012698874259195128
2014-06-19,347768.17374724534,347768.17374724534,0.0
2014-06-19,348137.0926590676,348137.0926590676,0.0
2014-06-19,348716.6914363207,348716.6914363207,0.0
2014-06-19,349119.6333059253,349119.6333059253,0.0
2014-06-19,349485.7829701284,349485.7829701284,0.0
2014-06-19,350457.47028139065,350457.47028139065,0.0
2014-06-19,350572.96465939126,350572.96465939126,0.0
2014-06-19,350896.02389206295,350896.02389206295,0.0
2014-06-19,351826.8900420538,351826.8900420538,0.0
2014-06-19,353006.0442294372,353006.0442294372,0.0
2014-06-20,353185.5820317453,353185.5820317453,0.0
2014-06-20,354264.3711189493,354264.3711189493,0.0
2014-06-20,354652.88155874674,354652.88155874674,0.0
2014-06-20,355069.8774489632,355069.8774489632,0.0
2014-06-20,355328.55624913564,355328.55624913564,0.0
2014-06-20,355472.5411855395,355472.5411855395,0.0
2014-06-20,355608.2465546818,355608.2465546818,0.0
2014-06-20,355710.97063085117,355710.97063085117,0.0
2014-06-23,355308.9485337537,355710.97063085117,-0.11301931351301683
2014-06-23,355759.47192693874,355759.47192693874,0.0
2014-06-23,355615.3942544695,355759.47192693874,-0.040498618824924455
2014-06-23,355866.3904505278,355866.3904505278,0.0
2014-06-23,355725.38804323383,355866.3904505278,-0.03962228833001957
2014-06-23,355727.19111190847,355866.3904505278,-0.039115618208024505
2014-06-23,356092.61333242053,356092.61333242053,0.0
2014-06-23,356100.7101728209,356100.7101728209,0.0
2014-06-23,356172.0998090305,356172.0998090305,0.0
2014-06-23,356392.6938027103,356392.6938027103,0.0
2014-06-23,356629.3369530742,356629.3369530742,0.0
2014-06-23,357048.2563983693,357048.2563983693,0.0
2014-06-23,357163.387998382,357163.387998382,0.0
2014-06-23,356944.41037364985,357163.387998382,-0.061310210421993167
2014-06-23,356957.2838459269,357163.387998382,-0.05770584538636601
2014-06-24,356534.06159609853,357163.387998382,-0.17620126346385181
2014-06-24,356503.4042722204,357163.387998382,-0.18478482071196506
2014-06-24,356643.87423798186,357163.387998382,-0.14545549120014356
2014-06-24,356319.27184297366,357163.387998382,-0.23633893724071933
2014-06-24,355850.8975798186,357163.387998382,-0.3674761923160248
2014-06-25,356052.79029892717,357163.387998382,-0.310949480482541
2014-06-25,356195.4054762012,357163.387998382,-0.2710195262749481
2014-06-25,356419.7728020583,357163.387998382,-0.20820028628663118
2014-06-25,356599.7685929402,357163.387998382,-0.15780436191974817
2014-06-25,356697.64743191784,357163.387998382,-0.13039986239190085
2014-06-25,357013.0730960136,357163.387998382,-0.04208575330488013
2014-06-25,357250.1907488221,357250.1907488221,0.0
2014-06-25,357223.1057734799,357250.1907488221,-0.007581514592178662
2014-06-26,357258.7360207783,357258.7360207783,0.0
2014-06-26,357279.4596123544,357279.4596123544,0.0
2014-06-26,357272.970670829,357279.4596123544,-0.0018162089509541368
2014-06-27,357678.46395194874,357678.46395194874,0.0
2014-06-27,357693.8695079003,357693.8695079003,0.0
2014-06-27,358394.60107404034,358394.60107404034,0.0
2014-06-30,359105.3609931978,359105.3609931978,0.0
2014-07-01,360635.10960160167,360635.10960160167,0.0
2014-07-01,361100.0083514487,361100.0083514487,0.0
2014-07-01,361860.25296774623,361860.25296774623,0.0
2014-07-02,362228.4043622709,362228.4043622709,0.0
2014-07-02,363481.7610127126,363481.7610127126,0.0
2014-07-02,363928.36729229725,363928.36729229725,0.0
2014-07-02,364751.6682041862,364751.6682041862,0.0
2014-07-02,364876.3924908417,364876.3924908417,0.0
2014-07-02,365758.849149402,365758.849149402,0.0
2014-07-02,366268.82395768684,366268.82395768684,0.0
2014-07-03,366389.45464840584,366389.45464840584,0.0
2014-07-03,366893.579698179,366893.579698179,0.0
2014-07-03,367356.8721726029,367356.8721726029,0.0
2014-07-03,367754.10813875706,367754.10813875706,0.0
2014-07-03,368271.23966256937,368271.23966256937,0.0
2014-07-03,368447.26998315717,368447.26998315717,0.0
2014-07-07,366982.1066971457,368447.26998315717,-0.3976588796759082
2014-07-07,366594.89645645575,368447.26998315717,-0.5027513236252477
2014-07-08,366825.36179795116,368447.26998315717,-0.44020089639425114
2014-07-08,366788.6737480546,368447.26998315717,-0.45015837277838583
2014-07-08,367009.45186157984,368447.26998315717,-0.39023714889868744
2014-07-08,366981.04902807734,368447.26998315717,-0.3979459408525009
2014-07-08,366913.51113798266,368447.26998315717,-0.4162763494609753
2014-07-08,365395.7711204693,368447.26998315717,-0.8282050407992821
2014-07-08,365679.6992003377,368447.26998315717,-0.7511443314387933
2014-07-09,365573.501659309,368447.26998315717,-0.7799673272051952
2014-07-11,366078.6649076363,368447.26998315717,-0.6428613450247974
2014-07-14,366352.33727499546,368447.26998315717,-0.5685841309822907
2014-07-14,366710.4233822835,368447.26998315717,-0.4713962464569444
2014-07-16,366098.2492074525,368447.26998315717,-0.6375459847516377
2014-07-16,365876.91079834494,368447.26998315717,-0.6976192780393594
2014-07-16,365204.1173748955,368447.26998315717,-0.8802216415960771
2014-07-16,365777.39031681186,368447.26998315717,-0.7246300580453096
2014-07-16,366017.0763842013,368447.26998315717,-0.6595770404451528
2014-07-17,365867.0116064778,368447.26998315717,-0.7003060103545711
2014-07-17,365805.79430432175,368447.26998315717,-0.7169209528832072
2014-07-17,365310.8936650321,368447.26998315717,-0.8512415679639661
2014-07-17,364928.54967908404,368447.26998315717,-0.9550132653266713
2014-07-17,364591.98979164177,368447.26998315717,-1.0463587345053835
2014-07-17,364317.3902420129,368447.26998315717,-1.1208875943993395
2014-07-17,363633.4340400038,368447.26998315717,-1.3065196393973597
2014-07-17,363463.6979725394,368447.26998315717,-1.352587579450806
2014-07-17,362147.76168778224,368447.26998315717,-1.7097448695068067
2014-07-18,362524.64264245937,368447.26998315717,-1.607455889405434
2014-07-21,362791.0490794654,368447.26998315717,-1.535150716125632
2014-07-21,362654.47160252463,368447.26998315717,-1.572219107742973
2014-07-21,362507.3474238895,368447.26998315717,-1.6121499718370007
2014-07-21,362106.2354777898,368447.26998315717,-1.721015467330564
2014-07-21,362120.9559035102,368447.26998315717,-1.7170202075146728
2014-07-21,361967.556366615,368447.26998315717,-1.7586542619350596
2014-07-21,362000.6593600356,368447.26998315717,-1.7496698030674096
2014-07-21,361975.4652402393,368447.26998315717,-1.7565077204164736
2014-07-21,362207.0813711104,368447.26998315717,-1.6936449582953963
2014-07-22,362222.248934203,368447.26998315717,-1.6895283412572792
2014-07-22,362471.1076589677,368447.26998315717,-1.6219857795289485
2014-07-22,362270.4460037386,368447.26998315717,-1.6764472103975452
2014-07-22,360734.4632496235,368447.26998315717,-2.093327149332999
2014-07-23,361011.5269195218,368447.26998315717,-2.018129504386144
2014-07-24,361118.17078471405,368447.26998315717,-1.9891853721098685
2014-07-24,360367.170352983,368447.26998315717,-2.1930138417211054
2014-07-24,360527.05980442266,368447.26998315717,-2.1496183644125137
2014-07-24,359933.0953716819,368447.26998315717,-2.3108258101259564
2014-07-24,360101.6439567723,368447.26998315717,-2.265080163782021
2014-07-24,360325.9062705595,368447.26998315717,-2.204213295695987
2014-07-25,360045.8383880842,368447.26998315717,-2.280226311747952
2014-07-25,359957.29462748015,368447.26998315717,-2.3042579080759964
2014-07-25,359466.95877705206,368447.26998315717,-2.437339597200876
2014-07-25,359158.05415339285,368447.26998315717,-2.5211791717683116
2014-07-28,359058.7835704355,368447.26998315717,-2.54812212698736
2014-07-28,359470.02916138584,368447.26998315717,-2.436506266468388
2014-07-29,359111.35571138846,368447.26998315717,-2.533853561242421
2014-07-29,358890.86806295195,368447.26998315717,-2.5936959502080357
2014-08-01,359570.3706630835,368447.26998315717,-2.409272653989117
2014-08-01,360167.04351772164,368447.26998315717,-2.2473301174993203
2014-08-04,359087.9445250107,368447.26998315717,-2.540207573956051
2014-08-04,358552.77451848565,368447.26998315717,-2.6854576681010087
2014-08-04,357748.9192108001,368447.26998315717,-2.9036314403540384
2014-08-04,357344.54657948064,368447.26998315717,-3.013381916002273
2014-08-04,357540.7429989978,368447.26998315717,-2.9601323914431337
2014-08-04,357321.50637738436,368447.26998315717,-3.019635240147498
2014-08-04,357819.58269268536,368447.26998315717,-2.8844527171982106
2014-08-04,358193.5214855617,368447.26998315717,-2.782962267046847
2014-08-05,358767.79263719596,368447.26998315717,-2.62709976013764
2014-08-05,359185.2406551463,368447.26998315717,-2.5138005035114674
2014-08-05,358825.1269555361,368447.26998315717,-2.6115386953636395
2014-08-05,358743.6349990305,368447.26998315717,-2.6336563667767834
2014-08-05,358738.455340386,368447.26998315717,-2.6350621740839513
2014-08-05,357692.07059356786,368447.26998315717,-2.9190606813509468
2014-08-05,357423.6379915553,368447.26998315717,-2.9919157745708804
2014-08-05,357433.33752833586,368447.26998315717,-2.9892832304944976
2014-08-06,356937.57819492096,368447.26998315717,-3.123836903110273
2014-08-06,356413.12956759706,368447.26998315717,-3.266177115686112
2014-08-06,356438.27092670713,368447.26998315717,-3.2593535180757347
2014-08-06,355700.5496984879,368447.26998315717,-3.459577888920698
2014-08-06,355479.65316255606,368447.26998315717,-3.5195312537378536
2014-08-06,354478.45025642926,368447.26998315717,-3.7912669911671375
2014-08-06,353967.4714386926,368447.26998315717,-3.929951372723291
2014-08-06,353505.0226180862,368447.26998315717,-4.055464263788418
2014-08-06,353550.3887326273,368447.26998315717,-4.043151480321953
2014-08-06,352783.5186380225,368447.26998315717,-4.251287123351661
2014-08-06,352345.68048576085,368447.26998315717,-4.370120451193021
2014-08-06,351851.48634924693,368447.26998315717,-4.504249314879949
2014-08-07,350941.2143019916,368447.26998315717,-4.751305575412676
2014-08-07,349898.47747316025,368447.26998315717,-5.034314003967199
2014-08-07,348377.1081341144,368447.26998315717,-5.4472277267681255
2014-08-07,347936.6651621584,368447.26998315717,-5.566768026788852
2014-08-07,347476.5309713349,368447.26998315717,-5.691652705903047
2014-08-07,347094.2433508265,368447.26998315717,-5.7954091051636185
2014-08-07,346509.86942432116,368447.26998315717,-5.954013598699978
2014-08-07,346167.57510057447,368447.26998315717,-6.046915446978661
2014-08-08,345977.99920458783,368447.26998315717,-6.098368100161652
2014-08-08,345913.5148533782,368447.26998315717,-6.115869750048379
2014-08-08,345963.14820351236,368447.26998315717,-6.102398799337724
2014-08-08,346331.52737492695,368447.26998315717,-6.0024172819196595
2014-08-08,346513.8883358594,368447.26998315717,-5.952922828903144
2014-08-08,346369.6470720842,368447.26998315717,-5.992071243215403
2014-08-08,345996.0141585212,368447.26998315717,-6.093478674889432
2014-08-08,345731.78638287337,368447.26998315717,-6.165192539307508
2014-08-08,344755.90753078146,368447.26998315717,-6.430055094032508
2014-08-08,344407.38125508284,368447.26998315717,-6.524648351763675
2014-08-11,344816.711257253,368447.26998315717,-6.4135523997733435
2014-08-13,344321.58125705825,368447.26998315717,-6.547935265527078
2014-08-13,344467.0613977211,368447.26998315717,-6.508450608558521
2014-08-13,344932.2144575058,368447.26998315717,-6.382203761945725
2014-08-14,345077.6939613998,368447.26998315717,-6.342719277802134
2014-08-14,345475.0912803313,368447.26998315717,-6.234861966510427
2014-08-18,345837.0826731985,368447.26998315717,-6.136614151325443
2014-08-21,346137.4489424693,368447.26998315717,-6.05509196518343
2014-08-26,345927.54794709507,368447.26998315717,-6.112061038501261
2014-08-26,345860.1775050792,368447.26998315717,-6.130346000150984
2014-08-26,345896.704531593,368447.26998315717,-6.120432227003611
2014-08-27,346027.252619224,368447.26998315717,-6.0850002674624335
2014-08-27,346199.61910418334,368447.26998315717,-6.038218407749591
2014-09-02,346437.0847348125,368447.26998315717,-5.973768037242025
2014-09-02,346805.5373581433,368447.26998315717,-5.873766584293912
2014-09-03,346700.6677792866,368447.26998315717,-5.9022291588331335
2014-09-04,346818.3302647856,368447.26998315717,-5.870294470999954
2014-09-04,346965.79956328555,368447.26998315717,-5.830269938179649
2014-09-05,346865.62225678505,368447.26998315717,-5.857458986562359
2014-09-05,347351.25884098787,368447.26998315717,-5.725652721794807
2014-09-08,347359.54740608187,368447.26998315717,-5.72340312849632
2014-09-09,347738.10050807724,368447.26998315717,-5.620660312132751
2014-09-10,347628.28386890003,368447.26998315717,-5.650465564640723
2014-09-10,347609.82993105083,368447.26998315717,-5.6554741342116275
2014-09-10,347692.4637397526,368447.26998315717,-5.633046553541661
2014-09-11,346741.0942080448,368447.26998315717,-5.8912570518176475
2014-09-11,346434.3326973317,368447.26998315717,-5.9745149656915
2014-09-11,346359.63051272824,368447.26998315717,-5.9947898301536116
2014-09-11,345890.39235369465,368447.26998315717,-6.122145410520657
2014-09-11,345870.8938664025,368447.26998315717,-6.127437480480367
2014-09-11,345142.5635511474,368447.26998315717,-6.325113070609828
2014-09-11,344981.74479285197,368447.26998315717,-6.368760770402202
2014-09-11,345493.1321712754,368447.26998315717,-6.229965501693386
2014-09-12,343915.7154127889,368447.26998315717,-6.658091012993439
2014-09-12,343344.6172731058,368447.26998315717,-6.813092335084722
2014-09-15,343815.3012499264,368447.26998315717,-6.685344346385517
2014-09-15,344797.3540085365,368447.26998315717,-6.418806136276103
2014-09-15,344229.9833753162,368447.26998315717,-6.57279577860572
2014-09-16,344579.7377789421,368447.26998315717,-6.477869195585605
2014-09-16,344657.9698358537,368447.26998315717,-6.456636291101009
2014-09-16,343948.5440230862,368447.26998315717,-6.649181024245579
2014-09-16,343908.05837458646,368447.26998315717,-6.660169204047155
2014-09-16,343044.5617139824,368447.26998315717,-6.894530191616301
2014-09-16,343162.00599035976,368447.26998315717,-6.8626547277588115
2014-09-16,343822.2398708769,368447.26998315717,-6.683461140424778
2014-09-16,344364.6008715767,368447.26998315717,-6.536259343889659
2014-09-17,343878.5371489846,368447.26998315717,-6.668181537970322
2014-09-17,344277.39884055685,368447.26998315717,-6.559926782387393
2014-09-17,344460.5936572374,368447.26998315717,-6.51020601320136
2014-09-17,344292.3238942489,368447.26998315717,-6.555875984645628
2014-09-17,343343.9559746087,368447.26998315717,-6.8132718176188405
2014-09-17,343056.01237445464,368447.26998315717,-6.89142237635883
2014-09-17,341753.92083415715,368447.26998315717,-7.244822074599779
2014-09-18,341533.5673542306,368447.26998315717,-7.304628048989711
2014-09-18,341897.01447559893,368447.26998315717,-7.205985135613008
2014-09-18,342419.77454058826,368447.26998315717,-7.064103214486757
2014-09-18,341625.98680933355,368447.26998315717,-7.279544553295156
2014-09-18,342281.05125153984,368447.26998315717,-7.1017539993751235
2014-09-19,342015.32861939206,368447.26998315717,-7.173873581686027
2014-09-19,341961.48955100577,368447.26998315717,-7.188486003265037
2014-09-19,341033.9170796227,368447.26998315717,-7.440237759065939
2014-09-19,340409.33976917586,368447.26998315717,-7.609753823189681
2014-09-19,339399.5519297028,368447.26998315717,-7.883819591004763
2014-09-22,339640.7327026438,368447.26998315717,-7.818360896480578
2014-09-22,338796.7707349526,368447.26998315717,-8.04741998754937
2014-09-22,338465.0120007931,368447.26998315717,-8.137462379280112
2014-09-22,337840.56756974215,368447.26998315717,-8.30694237870568
2014-09-22,337130.53920987376,368447.26998315717,-8.499650648711548
2014-09-22,336771.1861599537,368447.26998315717,-8.597182393196038
2014-09-23,336186.9541151748,368447.26998315717,-8.755748378718359
2014-09-23,335921.83130221756,368447.26998315717,-8.82770516454809
2014-09-23,335609.039275959,368447.26998315717,-8.912599816168887
2014-09-23,335339.3648987549,368447.26998315717,-8.985791938671632
2014-09-23,334589.6630468258,368447.26998315717,-9.189267961702933
2014-09-23,334444.01089508354,368447.26998315717,-9.228799304070842
2014-09-23,333840.29315616784,368447.26998315717,-9.392653887372083
2014-09-23,333868.84498081804,368447.26998315717,-9.384904657841489
2014-09-23,333558.7022001428,368447.26998315717,-9.469080279685405
2014-09-23,333667.0908133339,368447.26998315717,-9.439662606650105
2014-09-23,333807.4797246041,368447.26998315717,-9.401559756471134
2014-09-24,333163.97266248474,368447.26998315717,-9.576213530442317
2014-09-24,333299.1142167531,368447.26998315717,-9.539534861531418
2014-09-25,331809.1602115958,368447.26998315717,-9.943922171885324
2014-09-25,331277.05860216566,368447.26998315717,-10.088339474652821
2014-09-25,331484.23128661927,368447.26998315717,-10.032110890176387
2014-09-25,330036.35481304186,368447.26998315717,-10.425077968923798
2014-09-25,329221.09447368514,368447.26998315717,-10.646347172355267
2014-09-25,328612.1737742361,368447.26998315717,-10.811613887312026
2014-09-25,327933.8220265444,368447.26998315717,-10.995724831524667
2014-09-26,327625.89579003275,368447.26998315717,-11.079298862762773
2014-09-26,326852.941665696,368447.26998315717,-11.289085767785059
2014-09-26,324785.5277278345,368447.26998315717,-11.850201049750918
2014-09-26,324182.0727295928,368447.26998315717,-12.01398432280089
2014-09-26,324707.99779584934,368447.26998315717,-11.871243391030493
2014-09-26,325229.57140951365,368447.26998315717,-11.72968348377751
2014-09-29,325648.0966615708,368447.26998315717,-11.616091855842187
2014-09-29,324986.4017300688,368447.26998315717,-11.795681985939293
2014-09-29,324189.36275777395,368447.26998315717,-12.012005741664574
2014-09-30,323687.29834836203,368447.26998315717,-12.148270670275627
2014-09-30,323736.37964866625,368447.26998315717,-12.134949550999465
2014-09-30,322929.5363019794,368447.26998315717,-12.353934304699429
2014-10-01,323298.1408213969,368447.26998315717,-12.2538916257472
2014-10-01,323439.1000696598,368447.26998315717,-12.215633980828464
2014-10-01,323414.44083216286,368447.26998315717,-12.22232672616977
2014-10-01,322808.5679695569,368447.26998315717,-12.386766229991757
2014-10-02,319517.65979817533,368447.26998315717,-13.279949173519064
2014-10-02,319478.5478648966,368447.26998315717,-13.290564514292392
2014-10-03,318399.28995472996,368447.26998315717,-13.58348510241779
2014-10-03,318022.1826800861,368447.26998315717,-13.685835507853303
2014-10-03,317656.27485682245,368447.26998315717,-13.785146278504525
2014-10-03,316675.84344989253,368447.26998315717,-14.05124443875816
2014-10-03,317239.11480810994,368447.26998315717,-13.898367377613658
2014-10-03,317931.42094747524,368447.26998315717,-13.710469082317031
2014-10-06,319076.13242533326,368447.26998315717,-13.399783789979178
2014-10-06,319449.4875560248,368447.26998315717,-13.298451751148054
2014-10-07,319532.4773044948,368447.26998315717,-13.275927565129845
2014-10-07,320488.90874940436,368447.26998315717,-13.016343216749881
2014-10-08,320709.03287849366,368447.26998315717,-12.956599490300407
2014-10-09,320115.16055766476,368447.26998315717,-13.11778193598824
2014-10-09,319272.57240126043,368447.26998315717,-13.346468161955618
2014-10-10,318389.62340013124,368447.26998315717,-13.586108694824691
2014-10-10,317999.57471316773,368447.26998315717,-13.6919715193698
2014-10-10,316273.4875742029,368447.26998315717,-14.16044754825821
2014-10-10,315461.13704307267,368447.26998315717,-14.380927002799249
2014-10-13,315135.42011949385,368447.26998315717,-14.469329591205918
2014-10-13,313780.04176123533,368447.26998315717,-14.837191825147961
2014-10-13,312500.8137741995,368447.26998315717,-15.184386143372736
2014-10-13,311289.5055788295,368447.26998315717,-15.513146401367154
2014-10-13,310685.82469650917,368447.26998315717,-15.676990981447208
2014-10-13,309437.48305095866,368447.26998315717,-16.015802460660385
2014-10-13,307759.05718893785,368447.26998315717,-16.471342777758554
2014-10-13,307104.22163635225,368447.26998315717,-16.64907120891657
2014-10-14,306739.63233056397,368447.26998315717,-16.748024121718704
2014-10-15,306236.0416747561,368447.26998315717,-16.88470328773095
2014-10-17,305604.59078867803,368447.26998315717,-17.05608490391362
2014-10-17,305922.0857644528,368447.26998315717,-16.96991382825623
2014-10-20,306072.40032275434,368447.26998315717,-16.92911706558558
2014-10-20,306591.7942950727,368447.26998315717,-16.788148733172076
2014-10-20,307184.67457479576,368447.26998315717,-16.62723553662425
2014-11-05,307441.3396896563,368447.26998315717,-16.557574248355717
2014-11-10,306891.07532170456,368447.26998315717,-16.706921091928983
2014-11-10,307233.08782660664,368447.26998315717,-16.614095731893684
2014-11-12,308072.7140902257,368447.26998315717,-16.38621339104816
2014-11-13,308335.785278189,368447.26998315717,-16.314813435234857
2014-11-17,307314.05134092644,368447.26998315717,-16.592121484581853
2014-11-17,308348.46950600453,368447.26998315717,-16.311370818380585
2014-11-18,308343.25151316926,368447.26998315717,-16.312787029942015
2014-11-18,308359.56849587354,368447.26998315717,-16.308358449780457
2014-11-19,308953.2692828108,368447.26998315717,-16.147222559978804
2014-11-20,308145.37008559634,368447.26998315717,-16.36649388128657
2014-11-21,307619.3066507555,368447.26998315717,-16.509272367571697
2014-11-21,308001.9271935636,368447.26998315717,-16.405425610116936
2014-11-21,308397.50747450127,368447.26998315717,-16.298061459758124
2014-11-21,309557.29380478384,368447.26998315717,-15.983284712915735
2014-11-24,309496.47586072003,368447.26998315717,-15.999791265961056
2014-11-24,309497.86177004385,368447.26998315717,-15.99941511734042
2014-11-24,309832.7256155425,368447.26998315717,-15.908529969646434
2014-11-24,310395.2652659912,368447.26998315717,-15.755851500764189
2014-11-25,310730.05029797304,368447.26998315717,-15.664987743788291
2014-11-25,311097.93269547867,368447.26998315717,-15.565141055408041
2014-11-25,311423.2463490229,368447.26998315717,-15.47684791822206
2014-11-25,311414.7393390931,368447.26998315717,-15.47915679947125
2014-11-25,311634.72921040753,368447.26998315717,-15.419449511824773
2014-11-25,311343.2752746211,368447.26998315717,-15.498552808152569
2014-11-26,311772.52635553025,368447.26998315717,-15.382050090971685
2014-11-28,312298.42769253114,368447.26998315717,-15.239315599540948
2014-11-28,312928.2457939613,368447.26998315717,-15.068377136227342
2014-11-28,312921.1417752876,368447.26998315717,-15.07030523266134
2014-11-28,310778.13077038596,368447.26998315717,-15.651938258467062
2014-11-28,311149.7196948391,368447.26998315717,-15.551085584359825
2014-11-28,311230.8694073646,368447.26998315717,-15.529060801131225
2014-11-28,311271.72379532794,368447.26998315717,-15.517972542025591
2014-11-28,311477.3799153694,368447.26998315717,-15.462155567170315
2014-11-28,311367.2348663038,368447.26998315717,-15.49204995316227
2014-12-01,311414.2899207663,368447.26998315717,-15.479278775765662
2014-12-02,311393.6015476576,368447.26998315717,-15.48489379175143
2014-12-04,311875.62090241903,368447.26998315717,-15.354069276541034
2014-12-04,312545.15302254213,368447.26998315717,-15.172352060898833
2014-12-04,312962.3469895824,368447.26998315717,-15.059121756041547
2014-12-05,313390.2626562362,368447.26998315717,-14.942981482652268
2014-12-05,314035.28010032704,368447.26998315717,-14.767917777031556
2014-12-05,314601.3324252393,368447.26998315717,-14.614285935781071
2014-12-05,315048.38959943433,368447.26998315717,-14.492950480041245
2014-12-05,315503.87481458054,368447.26998315717,-14.369327575964078
2014-12-05,315942.96090144926,368447.26998315717,-14.250155547117513
2014-12-09,316592.71902658313,368447.26998315717,-14.07380517677454
2014-12-10,315334.7912132156,368447.26998315717,-14.415218430677875
2014-12-10,315006.5215977073,368447.26998315717,-14.504313843305939
2014-12-10,314485.892050664,368447.26998315717,-14.645617522138215
2014-12-10,314025.0413379142,368447.26998315717,-14.770696671936474
2014-12-11,313007.69100048684,368447.26998315717,-15.046814971706707
2014-12-12,311684.97730959987,368447.26998315717,-15.405811712528655
2014-12-12,312472.65170333337,368447.26998315717,-15.192029590118164
2014-12-15,312041.07076415647,368447.26998315717,-15.309164652401739
2014-12-15,311405.75308559195,368447.26998315717,-15.481595751862336
2014-12-16,310667.73339555744,368447.26998315717,-15.681901128007
2014-12-17,311091.7724219916,368447.26998315717,-15.566813010661587
2014-12-18,311378.23729301157,368447.26998315717,-15.489063792698044
2014-12-18,311082.5252681179,368447.26998315717,-15.569322773829096
2014-12-18,311437.0692679584,368447.26998315717,-15.473096250056317
2014-12-18,312044.2967156557,368447.26998315717,-15.30828909930037
2014-12-22,312934.4466274924,368447.26998315717,-15.066694172602352
2014-12-24,313372.4701071477,368447.26998315717,-14.94781054519066
2014-12-26,313867.8055073797,368447.26998315717,-14.813371931965314
2015-01-06,314232.0062207874,368447.26998315717,-14.714524486732685
2015-01-07,314466.0201210416,368447.26998315717,-14.651010947803517
2015-01-07,314672.6019358991,368447.26998315717,-14.594942730805482
2015-01-08,315081.9581953918,368447.26998315717,-14.48383965233474
2015-01-08,315417.0592157082,368447.26998315717,-14.39289013319955
2015-01-08,315705.01149099204,368447.26998315717,-14.314737219949041
2015-01-12,314936.7034060402,368447.26998315717,-14.523263146871216
2015-01-12,314438.5442796747,368447.26998315717,-14.658468145510037
2015-01-12,314625.03896572784,368447.26998315717,-14.607851761227517
2015-01-13,314463.957487621,368447.26998315717,-14.65157076560885
2015-01-13,314288.47170350247,368447.26998315717,-14.699199231990633
2015-01-13,314374.5498074905,368447.26998315717,-14.67583683769417
2015-01-13,314312.0689061974,368447.26998315717,-14.692794732726465
2015-01-13,314341.2026802109,368447.26998315717,-14.684887556751239
2015-01-13,314445.1379575364,368447.26998315717,-14.65667856029694
2015-01-13,313713.3665038214,368447.26998315717,-14.855288107261
2015-01-13,313545.3343250921,368447.26998315717,-14.900893596137871
2015-01-16,313432.3313164583,368447.26998315717,-14.931563658814401
2015-01-16,313372.56821309694,368447.26998315717,-14.947783918327815
2015-01-16,313562.8362025758,368447.26998315717,-14.89614342456392
2015-01-20,313188.4778232624,368447.26998315717,-14.997747754358667
2015-01-20,313408.29777451884,368447.26998315717,-14.938086584588975
2015-01-21,313618.87168328284,368447.26998315717,-14.880934876347625
2015-01-21,313822.93507483695,368447.26998315717,-14.825550182748609
2015-01-21,314026.95008722116,368447.26998315717,-14.770178619704174
2015-01-21,314313.61758262647,368447.26998315717,-14.692374407606634
2015-01-22,314421.7943446998,368447.26998315717,-14.663014232925924
2015-01-22,314571.003589726,368447.26998315717,-14.62251746251072
2015-01-22,314696.2936233504,368447.26998315717,-14.588512587503741
2015-01-22,314909.97522848524,368447.26998315717,-14.530517421697622
2015-01-22,315197.4084517387,368447.26998315717,-14.452505383973307
2015-01-22,315423.4710122386,368447.26998315717,-14.391149912263554
2015-01-22,315765.0195365456,368447.26998315717,-14.298450480857088
2015-01-22,316110.73715567344,368447.26998315717,-14.20461951852057
2015-01-23,316400.709656332,368447.26998315717,-14.12591829740098
2015-01-23,316606.3918232016,368447.26998315717,-14.070094253195403
2015-01-23,316499.1219959616,368447.26998315717,-14.099208277366335
2015-01-23,316623.8612448137,368447.26998315717,-14.065352890445478
2015-01-23,316716.9220256219,368447.26998315717,-14.04009533301739
2015-01-23,316891.7443477142,368447.26998315717,-13.992646936371585
2015-01-23,316965.61877900024,368447.26998315717,-13.972596731822792
2015-01-23,316774.48355577124,368447.26998315717,-14.024472600854947
2015-01-23,316914.7926779794,368447.26998315717,-13.986391406166065
2015-01-23,316656.5140278471,368447.26998315717,-14.056490622844779
2015-01-23,316239.41197867796,368447.26998315717,-14.169695980340899
2015-01-23,316464.48833783844,368447.26998315717,-14.108608172804487
2015-01-23,316527.5656707492,368447.26998315717,-14.09148840070966
2015-01-26,316738.60718016984,368447.26998315717,-14.034209781321241
2015-01-27,317064.85749893315,368447.26998315717,-13.945662424523558
2015-01-28,316994.25633862807,368447.26998315717,-13.964824233025574
2015-01-28,317103.5822529432,368447.26998315717,-13.935152167788095
2015-01-28,317114.19840899884,368447.26998315717,-13.932270844754777
2015-01-28,316853.2772097581,368447.26998315717,-14.0030872737251
2015-01-28,316961.05927557556,368447.26998315717,-13.973834223262177
2015-02-03,317217.9188505374,368447.26998315717,-13.904120156721916
2015-02-04,317473.7495221709,368447.26998315717,-13.834685344070103
2015-02-04,317828.0798805943,368447.26998315717,-13.738516804555736
2015-02-04,318277.64225612977,368447.26998315717,-13.616501413980025
2015-02-04,318353.2625730738,368447.26998315717,-13.595977359901005
2015-02-04,319441.0150162919,368447.26998315717,-13.300751276866704
2015-02-04,319720.84113610524,368447.26998315717,-13.224803877439328
2015-02-05,320365.1385693033,368447.26998315717,-13.04993558944047
2015-02-05,320593.38542643917,368447.26998315717,-12.987987279402436
2015-02-05,320866.5959949604,368447.26998315717,-12.913835401839677
2015-02-05,321074.94914036395,368447.26998315717,-12.857286429333223
2015-02-05,321392.82704503345,368447.26998315717,-12.771011423228815
2015-02-05,321638.90973038384,368447.26998315717,-12.704222304296916
2015-02-05,322006.21880815143,368447.26998315717,-12.604531220201116
2015-02-05,322647.81067563826,368447.26998315717,-12.430397247783254
2015-02-06,322585.2761250698,368447.26998315717,-12.447369703725537
2015-02-06,322811.89518472593,368447.26998315717,-12.385863192992954
2015-02-09,323062.5604086206,368447.26998315717,-12.31783033067697
2015-02-09,322617.240819102,368447.26998315717,-12.438694189849803
2015-02-09,322719.51240012713,368447.26998315717,-12.410936735973205
2015-02-10,322481.97444120503,368447.26998315717,-12.475406737049061
2015-02-10,322630.38183247234,368447.26998315717,-12.435127597167229
2015-02-10,322423.235925144,368447.26998315717,-12.49134891408398
2015-02-10,322495.62649225077,368447.26998315717,-12.471701444010423
2015-02-10,322815.8909767517,368447.26998315717,-12.384778698045835
2015-02-11,323008.51709590753,368447.26998315717,-12.332498186057064
2015-02-11,322658.1923690205,368447.26998315717,-12.42757956009006
2015-02-11,322942.6262411208,368447.26998315717,-12.350381574035415
2015-02-12,323665.1368381817,368447.26998315717,-12.154285509300312
2015-02-17,325076.5958655409,368447.26998315717,-11.771202462593592
2015-02-20,325510.6386291837,368447.26998315717,-11.653399238359462
2015-02-20,325856.96807449067,368447.26998315717,-11.559402220733901
2015-02-20,326197.70118386386,368447.26998315717,-11.46692410048924
2015-02-24,326531.24057895585,368447.26998315717,-11.376398420896813
2015-02-26,326038.55930221657,368447.26998315717,-11.5101166804355
2015-02-27,325954.42945707415,368447.26998315717,-11.532950299245124
2015-03-02,326278.61017734656,368447.26998315717,-11.444964650637324
2015-03-03,326215.25586283207,368447.26998315717,-11.46215959810359
2015-03-04,326426.2354336776,368447.26998315717,-11.404897789417861
2015-03-04,327095.5713678511,368447.26998315717,-11.223233820458587
2015-03-04,327564.307196839,368447.26998315717,-11.096014577116295
2015-03-05,327138.9903955309,368447.26998315717,-11.211449494391589
2015-03-05,326335.8994411037,368447.26998315717,-11.429415814094245
2015-03-05,327085.19931127265,368447.26998315717,-11.226048892634026
2015-03-06,327547.44611363113,368447.26998315717,-11.100590831191582
2015-03-09,327468.3841858368,368447.26998315717,-11.122048970316326
2015-03-09,327289.0387795132,368447.26998315717,-11.170724973895293
2015-03-09,327199.9842397356,368447.26998315717,-11.194895200419621
2015-03-09,326625.4482438609,368447.26998315717,-11.350829588507484
2015-03-09,326408.3683162089,368447.26998315717,-11.409747090504974
2015-03-09,326043.5967443203,368447.26998315717,-11.508749472014074
2015-03-09,325731.15051422827,368447.26998315717,-11.593550271354047
2015-03-10,325433.1804069688,368447.26998315717,-11.674422116943536
2015-03-10,324992.3760333604,368447.26998315717,-11.794060504718422
2015-03-10,324648.58915794385,368447.26998315717,-11.887367445337697
2015-03-10,323750.6502405959,368447.26998315717,-12.131076380238742
2015-03-10,323326.7640219826,368447.26998315717,-12.246123024126938
2015-03-10,322614.7820380877,368447.26998315717,-12.439361525779411
2015-03-10,322813.14955528383,368447.26998315717,-12.385522745211116
2015-03-10,322420.21818142274,368447.26998315717,-12.492167957666904
2015-03-10,321827.29976653465,368447.26998315717,-12.653091504451547
2015-03-10,321763.64836099953,368447.26998315717,-12.670367085171153
2015-03-11,321166.68645430484,368447.26998315717,-12.832388073065019
2015-03-11,321600.4958710986,368447.26998315717,-12.714648181325941
2015-03-11,322216.40338876925,368447.26998315717,-12.54748517922287
2015-03-11,321283.81912764756,368447.26998315717,-12.800597181155826
2015-03-11,320822.69921276043,368447.26998315717,-12.925749394906305
2015-03-11,320918.6400661244,368447.26998315717,-12.899710159124117
2015-03-11,320233.54009140783,368447.26998315717,-13.08565263462349
2015-03-11,319980.66900554067,368447.26998315717,-13.154284188299743
2015-03-11,319532.5622435672,368447.26998315717,-13.275904511879272
2015-03-11,319313.9071732109,368447.26998315717,-13.335249522188706
2015-03-12,319636.28437168966,368447.26998315717,-13.247753366091924
2015-03-12,320065.83131611557,368447.26998315717,-13.13117034881362
2015-03-12,320429.8500227098,368447.26998315717,-13.032372301915107
2015-03-12,321074.9933436504,368447.26998315717,-12.85727443215206
2015-03-12,321542.84162723133,368447.26998315717,-12.730296076849742
2015-03-12,322047.5120874512,368447.26998315717,-12.59332384192372
2015-03-12,322412.16347536823,368447.26998315717,-12.494354079457107
2015-03-12,322832.3691310121,368447.26998315717,-12.380306374431878
2015-03-12,323546.6602161999,368447.26998315717,-12.186441161311858
2015-03-12,323991.8043509423,368447.26998315717,-12.065624922189556
2015-03-12,324380.2617100932,368447.26998315717,-11.96019399874463
2015-03-12,324101.3019679998,368447.26998315717,-12.035906255238253
2015-03-13,323967.9625922289,368447.26998315717,-12.07209579622114
2015-03-13,324057.90877612325,368447.26998315717,-12.047683569229074
2015-03-13,325008.57630746014,368447.26998315717,-11.789663600352565
2015-03-13,325220.0517768569,368447.26998315717,-11.732267200209227
2015-03-16,325394.16078470997,368447.26998315717,-11.685012403651488
2015-03-16,325889.54237421736,368447.26998315717,-11.550561254229201
2015-03-16,326101.2586103527,368447.26998315717,-11.49309950776409
2015-03-16,326724.5761726422,368447.26998315717,-11.323925350952461
2015-03-16,327047.7665102667,368447.26998315717,-11.236208501363837
2015-03-16,327405.0040577372,368447.26998315717,-11.139250923828572
2015-03-16,327876.3425129391,368447.26998315717,-11.011325303637793
2015-03-16,328218.08579944016,368447.26998315717,-10.918573011968851
2015-03-16,328564.71068188216,368447.26998315717,-10.824495809969811
2015-03-16,328006.2938839085,368447.26998315717,-10.976055298522734
2015-03-16,328417.9857847434,368447.26998315717,-10.864318305369352
2015-03-17,328291.24600555946,368447.26998315717,-10.898716654742309
2015-03-17,328814.74408821086,368447.26998315717,-10.756634428790319
2015-03-17,328282.4287730708,368447.26998315717,-10.90110973326588
2015-03-17,328274.4821826302,368447.26998315717,-10.903266511477575
2015-03-17,328323.47245935403,368447.26998315717,-10.889970096843795
2015-03-17,328438.1581246489,368447.26998315717,-10.858843345572135
2015-03-17,328932.7282325862,368447.26998315717,-10.724612439760326
2015-03-17,328921.8094333276,368447.26998315717,-10.727575902960664
2015-03-17,328686.71929413563,368447.26998315717,-10.791381543100892
2015-03-17,328913.30410021305,368447.26998315717,-10.729884329106667
2015-03-17,329062.7049655098,368447.26998315717,-10.689335551176082
2015-03-17,329376.14782542555,368447.26998315717,-10.604264257275586
2015-03-17,329043.0838350445,368447.26998315717,-10.694660907628363
2015-03-18,329528.7770831505,368447.26998315717,-10.562839263752918
2015-03-18,329913.68920349976,368447.26998315717,-10.458370550939051
2015-03-18,330002.34466250153,368447.26998315717,-10.434308638631808
2015-03-18,330423.62556426437,368447.26998315717,-10.319969101855735
2015-03-18,330929.56265914877,368447.26998315717,-10.182653090555792
2015-03-19,331320.52808427013,368447.26998315717,-10.076541454787876
2015-03-19,331715.2794533212,368447.26998315717,-9.969402278788797
2015-03-19,331560.20789695234,368447.26998315717,-10.011490134773164
2015-03-19,331681.6131536886,368447.26998315717,-9.97853962417722
2015-03-19,331650.91731995775,368447.26998315717,-9.98687075762062
2015-03-19,331550.93995531386,368447.26998315717,-10.01400553993247
2015-03-20,331852.0040643252,368447.26998315717,-9.932293953624589
2015-03-23,332613.141475642,368447.26998315717,-9.725714213909976
2015-03-24,333072.41884337855,368447.26998315717,-9.60106208451367
2015-03-27,332806.3592276103,368447.26998315717,-9.673273127298822
2015-03-30,333223.32547086885,368447.26998315717,-9.560104628784062
2015-03-30,333927.0733278687,368447.26998315717,-9.36910094539891
2015-03-30,334343.0818089378,368447.26998315717,-9.256192392408932
2015-03-30,335504.59177175374,368447.26998315717,-8.940947835740332
2015-03-30,335865.3647812037,368447.26998315717,-8.843030701094055
2015-03-30,337045.2825687579,368447.26998315717,-8.52279009037976
2015-03-30,337721.89969228074,368447.26998315717,-8.339149939224946
2015-03-30,338410.99309293705,368447.26998315717,-8.1521236109561
2015-03-30,339755.64931265305,368447.26998315717,-7.787171464675445
2015-03-30,340194.1563804098,368447.26998315717,-7.668156586976183
2015-03-30,340802.30620111234,368447.26998315717,-7.503099095647679
2015-03-30,341408.6523055215,368447.26998315717,-7.33853114961924
2015-03-30,341590.5775721107,368447.26998315717,-7.289154948080949
2015-03-30,342137.53765304026,368447.26998315717,-7.140704918595164
2015-03-30,342747.9548741594,368447.26998315717,-6.975032033802976
2015-03-30,343163.2835244707,368447.26998315717,-6.862307993174241
2015-03-30,343638.1603261661,368447.26998315717,-6.733422032988652
2015-03-30,344118.41483586514,368447.26998315717,-6.603076513066353
2015-03-31,344486.68937946664,368447.26998315717,-6.503123392605362
2015-03-31,344903.48746041104,368447.26998315717,-6.390000534899441
2015-03-31,345257.6428385205,368447.26998315717,-6.293879486662152
2015-03-31,345297.4099138919,368447.26998315717,-6.283086334259849
2015-03-31,344458.27704304276,368447.26998315717,-6.510834763740009
2015-04-01,344867.86634106823,368447.26998315717,-6.3996684364541006
2015-04-02,344330.55397464073,368447.26998315717,-6.545499986909628
2015-04-02,344672.1732310232,368447.26998315717,-6.452781358163085
2015-04-02,344985.84135696955,368447.26998315717,-6.367648924976457
2015-04-02,344469.121356643,368447.26998315717,-6.507891516636913
2015-04-06,344697.5028761071,368447.26998315717,-6.445906657996332
2015-04-06,344151.6729199943,368447.26998315717,-6.5940499611446475
2015-04-06,344264.7700261473,368447.26998315717,-6.563354359530284
2015-04-06,344468.41191800276,368447.26998315717,-6.508084064851545
2015-04-06,343776.34060238977,368447.26998315717,-6.695918626807895
2015-04-06,343993.06729153433,368447.26998315717,-6.6370969970114615
2015-04-06,344123.1205269473,368447.26998315717,-6.601799344943385
2015-04-06,344184.96424077183,368447.26998315717,-6.585014388488869
2015-04-06,344264.1273071273,368447.26998315717,-6.563528799422333
2015-04-06,344596.6850074662,368447.26998315717,-6.473269560874008
2015-04-06,344456.19864370476,368447.26998315717,-6.511398860561271
2015-04-07,344211.49059716915,368447.26998315717,-6.577814889793025
2015-04-07,344422.002339223,368447.26998315717,-6.520680054172321
2015-04-09,344822.99371743045,368447.26998315717,-6.411847281920871
2015-04-09,345216.0563450047,368447.26998315717,-6.30516644599224
2015-04-10,345749.17297429405,368447.26998315717,-6.16047365743834
2015-04-15,345817.4046131516,368447.26998315717,-6.141954958993188
2015-04-15,345976.33893898316,368447.26998315717,-6.0988187116167865
2015-04-15,346214.31344710966,368447.26998315717,-6.034230227045473
2015-04-15,346076.0926753911,368447.26998315717,-6.07174462407842
2015-04-15,346073.4143678644,368447.26998315717,-6.072471541535799
2015-04-15,346087.852318282,368447.26998315717,-6.06855294813211
2015-04-16,345744.3039912572,368447.26998315717,-6.161795144509491
2015-04-16,345712.8796865689,368447.26998315717,-6.170323991714609
2015-04-16,345893.3456690039,368447.26998315717,-6.121343853405203
2015-04-16,346008.58045109315,368447.26998315717,-6.090068066752064
2015-04-17,345659.7583810575,368447.26998315717,-6.184741605804646
2015-04-17,345088.6210702514,368447.26998315717,-6.339753559301327
2015-04-20,345317.8192833758,368447.26998315717,-6.277547042440748
2015-04-21,345164.2629384939,368447.26998315717,-6.319223656000378
2015-04-22,345370.0604926294,368447.26998315717,-6.263368294622642
2015-04-22,345740.27244757145,368447.26998315717,-6.162889342788107
2015-04-22,345802.68857489317,368447.26998315717,-6.1459490280112945
2015-04-22,346095.905518103,368447.26998315717,-6.0663672351476325
2015-04-22,346413.82741778955,368447.26998315717,-5.980080288388303
2015-04-22,346222.3931601877,368447.26998315717,-6.032037318117578
2015-04-22,346258.27252935804,368447.26998315717,-6.022299325168958
2015-04-22,346624.5304468063,368447.26998315717,-5.92289353571502
2015-04-23,347298.46043053037,368447.26998315717,-5.739982699177979
2015-04-23,347122.64662541886,368447.26998315717,-5.787700193493936
2015-04-23,347283.3888995923,368447.26998315717,-5.744073252200336
2015-04-23,347572.14703872247,368447.26998315717,-5.665701620041577
2015-04-23,347661.8549322509,368447.26998315717,-5.641354067260808
2015-04-23,347611.51603643346,368447.26998315717,-5.655016509601543
2015-04-23,347179.5237401908,368447.26998315717,-5.772263218000936
2015-04-24,347114.4874018225,368447.26998315717,-5.789914682312568
2015-04-24,347219.5279961766,368447.26998315717,-5.761405692584161
2015-04-27,346867.625806446,368447.26998315717,-5.856915204636372
2015-04-27,346715.8706385513,368447.26998315717,-5.898102962087157
2015-04-27,347003.04450816725,368447.26998315717,-5.820161315341052
2015-04-28,347010.83953526145,368447.26998315717,-5.818045672824674
2015-04-28,346734.2130884549,368447.26998315717,-5.893124651376796
2015-04-28,346888.1956550636,368447.26998315717,-5.851332357294732
2015-04-28,346888.42894291173,368447.26998315717,-5.851269040813072
2015-04-28,347001.565347547,368447.26998315717,-5.820562773226821
2015-04-28,346721.3958298738,368447.26998315717,-5.896603374012385
2015-04-29,346622.865856637,368447.26998315717,-5.92334532089702
2015-04-29,346845.09471258865,368447.26998315717,-5.8630303520924505
2015-04-30,346222.0401232892,368447.26998315717,-6.03213313560009
2015-04-30,346599.41947139526,368447.26998315717,-5.929708886908196
2015-05-01,346405.90810684237,368447.26998315717,-5.982229662692948
2015-05-04,347038.962312385,368447.26998315717,-5.810412890764757
2015-05-04,347409.32983011624,368447.26998315717,-5.709891717749091
2015-05-04,347830.6313771227,368447.26998315717,-5.595546577662769
2015-05-04,348850.7325920906,368447.26998315717,-5.318681664261582
2015-05-04,349088.52046695055,368447.26998315717,-5.2541438336865856
2015-05-04,349409.7653534372,368447.26998315717,-5.166954997546924
2015-05-04,349760.3794136758,368447.26998315717,-5.071795095763796
2015-05-04,350021.14771886077,368447.26998315717,-5.0010201636556335
2015-05-04,350739.61895177903,368447.26998315717,-4.806020419743537
2015-05-04,350964.14896856167,368447.26998315717,-4.745080894586274
2015-05-04,351342.67994589993,368447.26998315717,-4.642344083059466
2015-05-04,351683.7328755018,368447.26998315717,-4.549779160643987
2015-05-04,352111.31025149784,368447.26998315717,-4.433730702470965
2015-05-04,352945.3352258018,368447.26998315717,-4.207368603399886
2015-05-04,352402.1424853504,368447.26998315717,-4.354796141803469
2015-05-04,352684.63143973233,368447.26998315717,-4.278126024422814
2015-05-05,352429.2611000986,368447.26998315717,-4.3474358987083255
2015-05-05,352340.48554221913,368447.26998315717,-4.371530406962799
2015-05-05,351615.6202613714,368447.26998315717,-4.5682655546762945
2015-05-05,351587.8130029392,368447.26998315717,-4.575812702042451
2015-05-05,351603.7968114161,368447.26998315717,-4.57147454845059
2015-05-05,350972.63321961527,368447.26998315717,-4.742778190306775
2015-05-06,350037.0461191046,368447.26998315717,-4.996705190648894
2015-05-06,349914.2491604362,368447.26998315717,-5.030033422032996
2015-05-06,349750.10297217977,368447.26998315717,-5.0745842171207025
2015-05-06,350058.5711799271,368447.26998315717,-4.990863089871903
2015-05-07,350366.85503427027,368447.26998315717,-4.907191997843657
2015-05-07,351494.90789093537,368447.26998315717,-4.601028009515918
2015-05-07,351701.11467078887,368447.26998315717,-4.54506158048988
2015-05-07,351573.9590949511,368447.26998315717,-4.579572780923955
2015-05-07,351356.41843776294,368447.26998315717,-4.638615329182789
2015-05-07,350913.17613312165,368447.26998315717,-4.7589153940093105
2015-05-07,350757.9221507584,368447.26998315717,-4.801052762097386
2015-05-07,350862.20149723795,368447.26998315717,-4.772750382089431
2015-05-08,351231.22122283827,368447.26998315717,-4.672595012335386
2015-05-08,351681.38095960236,368447.26998315717,-4.5504174923921195
2015-05-08,352105.6058152555,368447.26998315717,-4.435278939276359
2015-05-08,352356.4589281069,368447.26998315717,-4.36719508215812
2015-05-08,352633.1762335542,368447.26998315717,-4.292091443729757
2015-05-08,352474.3136566302,368447.26998315717,-4.335208217788426
2015-05-08,352495.4145387327,368447.26998315717,-4.3294812430429195
2015-05-08,352507.2268463361,368447.26998315717,-4.32627527340608
2015-05-08,352795.9101727395,368447.26998315717,-4.247923946113962
2015-05-08,352915.46423195716,368447.26998315717,-4.215475867662152
2015-05-08,353243.8604625613,368447.26998315717,-4.126346090524935
2015-05-08,353116.1783492927,368447.26998315717,-4.161000198092193
2015-05-08,353331.76834578894,368447.26998315717,-4.102487077203532
2015-05-08,353517.1621381558,368447.26998315717,-4.052169485659071
2015-05-08,353690.09145312716,368447.26998315717,-4.0052348686705175
2015-05-08,352587.50855434465,368447.26998315717,-4.304486074638988
2015-05-11,352685.29845385475,368447.26998315717,-4.277944990615061
2015-05-11,352456.39348252106,368447.26998315717,-4.340071918938929
2015-05-11,352285.86241942394,368447.26998315717,-4.386355628166824
2015-05-11,352185.2447947275,368447.26998315717,-4.4136641829841965
2015-05-11,352187.94104819477,368447.26998315717,-4.412932394832416
2015-05-11,351916.23470254114,368447.26998315717,-4.486676012383456
2015-05-11,351951.37082046113,368447.26998315717,-4.477139744704884
2015-05-11,351592.89941844693,368447.26998315717,-4.574432201785807
2015-05-12,351256.7751354599,368447.26998315717,-4.665659443882729
2015-05-12,351604.79739720194,368447.26998315717,-4.571202980205322
2015-05-13,350390.08531954914,368447.26998315717,-4.900887083362967
2015-05-14,350498.46283625107,368447.26998315717,-4.871472422017563
2015-05-14,350856.9802172235,368447.26998315717,-4.7741674858217165
2015-05-15,350892.4348145406,368447.26998315717,-4.764544779886425
2015-05-15,351058.6633499688,368447.26998315717,-4.719428816498834
2015-05-18,351623.5584951414,368447.26998315717,-4.566111044542367
2015-05-18,352669.69596258114,368447.26998315717,-4.282179651187879
2015-05-18,353322.5901381082,368447.26998315717,-4.104978127735994
2015-05-18,353997.5913703015,368447.26998315717,-3.9217765444472446
2015-05-18,354060.8575884836,368447.26998315717,-3.9046055071411465
2015-05-18,354622.1821931777,368447.26998315717,-3.7522568129250784
2015-05-18,354761.9275853338,368447.26998315717,-3.7143286197910887
2015-05-21,354801.6154154421,368447.26998315717,-3.7035569752868183
2015-05-21,355177.6457402243,368447.26998315717,-3.601498864013697
2015-05-26,355179.8522792271,368447.26998315717,-3.6008999889011393
2015-05-26,355266.73875235376,368447.26998315717,-3.5773181957369173
2015-05-26,354993.530646037,368447.26998315717,-3.651469405034581
2015-05-26,354050.84268049814,368447.26998315717,-3.9073236458821174
2015-05-28,355143.5305306892,368447.26998315717,-3.610758047705468
2015-05-29,355531.9802179632,368447.26998315717,-3.5053292064789456
2015-05-29,355670.0649452506,368447.26998315717,-3.4678517331640633
2015-06-01,356235.4174673044,368447.26998315717,-3.3144098248878375
2015-06-01,356471.34086207935,368447.26998315717,-3.250378031468458
2015-06-01,356854.64834804815,368447.26998315717,-3.1463448312804556
2015-06-01,357254.9780443067,368447.26998315717,-3.037691645635511
2015-06-01,357304.78861374373,368447.26998315717,-3.0241725959654393
2015-06-01,357130.42447455577,368447.26998315717,-3.071496637529361
2015-06-01,357037.07172987534,368447.26998315717,-3.0968334366552415
2015-06-03,357423.65902911464,368447.26998315717,-2.9919100647825254
2015-06-03,358290.4657723089,368447.26998315717,-2.7566506901550905
2015-06-03,358846.22695207916,368447.26998315717,-2.605811960967142
2015-06-03,359270.7929926003,368447.26998315717,-2.49058080711966
2015-06-03,359877.7022398979,368447.26998315717,-2.3258600188979526
2015-06-03,360452.3668183146,368447.26998315717,-2.169890732317828
2015-06-03,361039.4742766491,368447.26998315717,-2.010544332937159
2015-06-03,360919.4335082011,368447.26998315717,-2.0431245087798295
2015-06-03,360937.41671059665,368447.26998315717,-2.0382437011689127
2015-06-03,361534.95102759975,368447.26998315717,-1.8760673558182162
2015-06-04,360926.43329351145,368447.26998315717,-2.041224702245593
2015-06-04,360687.28314919537,368447.26998315717,-2.1061322653622945
2015-06-04,360317.9735160256,368447.26998315717,-2.2063663187145344
2015-06-04,360185.35316503904,368447.26998315717,-2.242360709714529
2015-06-04,359902.1512095385,368447.26998315717,-2.319224342199435
2015-06-04,360016.6532734282,368447.26998315717,-2.288147422048845
2015-06-04,359611.4695117164,368447.26998315717,-2.398118045994664
2015-06-04,359527.42131088604,368447.26998315717,-2.4209295057821647
2015-06-04,359671.326778232,368447.26998315717,-2.381872229729464
2015-06-04,359678.5045718504,368447.26998315717,-2.3799241100924977
2015-06-04,359842.2047023918,368447.26998315717,-2.3354943791980642
2015-06-04,359560.7665863907,368447.26998315717,-2.4118792893139696
2015-06-04,359214.56726381945,368447.26998315717,-2.5058409904244288
2015-06-04,358886.13235569955,368447.26998315717,-2.5949812649974815
2015-06-05,358913.27016107953,368447.26998315717,-2.5876158133872074
2015-06-05,358685.90054491855,368447.26998315717,-2.649326032103546
2015-06-05,358498.98899462924,368447.26998315717,-2.7000555571989158
2015-06-05,358303.65782749275,368447.26998315717,-2.7530702442518074
2015-06-05,358534.26410549035,368447.26998315717,-2.690481565549385
2015-06-08,358357.6629722064,368447.26998315717,-2.7384127480200813
2015-06-09,359447.7359466799,368447.26998315717,-2.4425568513205884
2015-06-09,358954.563954313,368447.26998315717,-2.5764082956234446
2015-06-10,359424.5197043621,368447.26998315717,-2.448857954411641
2015-06-10,359855.67908444535,368447.26998315717,-2.331837307168693
2015-06-11,360074.01268447354,368447.26998315717,-2.2725795468823526
2015-06-11,360438.1643027518,368447.26998315717,-2.1737454265223666
2015-06-11,360791.1167188871,368447.26998315717,-2.0779508733013636
2015-06-12,361370.6154002316,368447.26998315717,-1.9206695664345792
2015-06-16,361479.58819585067,368447.26998315717,-1.8910933408802337
2015-06-16,361273.3274839487,368447.26998315717,-1.9470744075634978
2015-06-16,361459.11769464734,368447.26998315717,-1.896649224413923
2015-06-16,361015.5754171493,368447.26998315717,-2.017030704650791
2015-06-16,361066.6920620192,368447.26998315717,-2.003157174017155
2015-06-16,361459.5552837609,368447.26998315717,-1.8965304586774958
2015-06-16,361842.15971542156,368447.26998315717,-1.7926880739372961
2015-06-17,362033.2799302477,368447.26998315717,-1.7408162783246233
2015-06-17,362459.0819216643,368447.26998315717,-1.6252496759622088
2015-06-18,362524.8365130086,368447.26998315717,-1.6074032711436088
2015-06-18,362058.5624391795,368447.26998315717,-1.7339543713459187
2015-06-18,362282.3696631124,368447.26998315717,-1.673211018859386
2015-06-18,362584.0112178035,368447.26998315717,-1.5913427084482603
2015-06-18,363070.4104159111,368447.26998315717,-1.459329463206999
2015-06-18,362791.2359702337,368447.26998315717,-1.535099992240962
2015-06-18,362478.9966057601,368447.26998315717,-1.6198446463370098
2015-06-19,362039.758922095,368447.26998315717,-1.7390578199575395
2015-06-22,362780.1268359801,368447.26998315717,-1.5381151141209772
2015-06-22,363542.5686068321,368447.26998315717,-1.3311813591533062
2015-06-25,363714.24522267276,368447.26998315717,-1.2845867363057852
2015-06-25,363665.75913934986,368447.26998315717,-1.2977463081829552
2015-06-25,363030.78840835544,368447.26998315717,-1.4700832428611377
2015-06-26,363259.4714675763,368447.26998315717,-1.408016543539062
2015-06-26,363439.868622613,368447.26998315717,-1.3590550856227126
2015-06-26,363233.0007786904,368447.26998315717,-1.4152009335569613
2015-06-26,363274.952799924,368447.26998315717,-1.403814766620363
2015-06-26,362976.07562032493,368447.26998315717,-1.4849328000401083
2015-06-26,362682.52906836633,368447.26998315717,-1.5646040517695672
2015-06-29,361844.98791539914,368447.26998315717,-1.7919204742811206
2015-07-01,362539.6029975184,368447.26998315717,-1.603395510545877
2015-07-01,363052.12329604186,368447.26998315717,-1.4642927568338173
2015-07-02,362531.7233966638,368447.26998315717,-1.6055341071637732
2015-07-06,362044.83691681694,368447.26998315717,-1.7376796051801104
2015-07-06,361604.4105601101,368447.26998315717,-1.857215395668383
2015-07-06,361148.0471639494,368447.26998315717,-1.9810766462027063
2015-07-06,360974.6461480797,368447.26998315717,-2.0281392871818666
2015-07-07,360534.24142850004,368447.26998315717,-2.1476692051535227
2015-07-07,360469.42216552707,368447.26998315717,-2.165261753193284
2015-07-07,360602.86949962674,368447.26998315717,-2.12904291132053
2015-07-07,358931.58744421235,368447.26998315717,-2.5826443331714226
2015-07-07,358864.42000064976,368447.26998315717,-2.600874199161652
2015-07-07,359003.75095849374,368447.26998315717,-2.5630584873366336
2015-07-07,358110.01894343476,368447.26998315717,-2.805625630010763
2015-07-07,356905.14471171657,368447.26998315717,-3.132639650707203
2015-07-07,356918.07052178273,368447.26998315717,-3.1291314661936473
2015-07-07,357046.2833497787,368447.26998315717,-3.094333317736256
2015-07-07,357041.577676799,368447.26998315717,-3.095610480946047
2015-07-07,357157.08166601264,368447.26998315717,-3.0642616289871363
2015-07-07,356928.17981410056,368447.26998315717,-3.1263877106711044
2015-07-07,356425.94961028395,368447.26998315717,-3.262697637418442
2015-07-07,355967.9641029689,368447.26998315717,-3.3869991439368543
2015-07-07,355350.25685312995,368447.26998315717,-3.554650610011555
2015-07-07,355581.23155129,368447.26998315717,-3.4919619386663623
2015-07-07,355450.13271065097,368447.26998315717,-3.5275433776725587
2015-07-07,355275.94505754067,368447.26998315717,-3.5748195192811716
2015-07-07,355007.20339015266,368447.26998315717,-3.647758495705204
2015-07-07,354649.03286458616,368447.26998315717,-3.744969292132838
2015-07-07,354601.75488528603,368447.26998315717,-3.7578009733941173
2015-07-07,354746.59174457385,368447.26998315717,-3.718490908945972
2015-07-07,353974.67383748497,368447.26998315717,-3.927996575014326
2015-07-08,354033.3719356841,368447.26998315717,-3.912065367761295
2015-07-09,354300.7118218006,368447.26998315717,-3.839506847751437
2015-07-10,353509.20920580067,368447.26998315717,-4.05432798512508
2015-07-10,353473.52258972626,368447.26998315717,-4.064013663099039
2015-07-10,353690.20794529375,368447.26998315717,-4.005203251618069
2015-07-13,353894.3336517194,368447.26998315717,-3.949801645186038
2015-07-13,354347.3019953783,368447.26998315717,-3.826861843330645
2015-07-13,354414.23690728523,368447.26998315717,-3.8086950885844337
2015-07-13,354745.98425495625,368447.26998315717,-3.7186557872520667
2015-07-13,355061.2815988426,368447.26998315717,-3.6330811692339293
2015-07-13,355437.6791386082,368447.26998315717,-3.530923392414783
2015-07-13,355712.8534648961,368447.26998315717,-3.4562385328145333
2015-07-13,355973.12881181465,368447.26998315717,-3.3855973941434683
2015-07-14,355911.808238607,368447.26998315717,-3.4022403653915476
2015-07-14,355988.811027095,368447.26998315717,-3.3813410957371643
2015-07-14,356203.1486944339,368447.26998315717,-3.323167868575324
2015-07-14,356425.80862833053,368447.26998315717,-3.26273590122575
2015-07-14,356656.83243221935,368447.26998315717,-3.2000339021311768
2015-07-15,356677.2830373234,368447.26998315717,-3.1944834185830224
2015-07-15,356895.80215550784,368447.26998315717,-3.135175306951623
2015-07-16,356790.6005051445,368447.26998315717,-3.1637280087719253
2015-07-16,357079.96742344054,368447.26998315717,-3.085191148311741
2015-07-16,357181.1529941548,368447.26998315717,-3.057728447687344
2015-07-17,357096.353129741,368447.26998315717,-3.0807439159299705
2015-07-17,356750.35577758873,368447.26998315717,-3.1746508003989646
2015-07-17,356966.9965288842,368447.26998315717,-3.1158524949303446
2015-07-17,356568.7667776571,368447.26998315717,-3.2239357360533787
2015-07-17,356464.72900650004,368447.26998315717,-3.252172550282401
2015-07-20,356546.1825270103,368447.26998315717,-3.2300653107542017
2015-07-22,356772.63534145494,368447.26998315717,-3.1686039205110443
2015-07-22,357301.4158090502,368447.26998315717,-3.0250880063832404
2015-07-23,358059.0343140623,368447.26998315717,-2.819463330416255
2015-07-23,358286.57034519076,368447.26998315717,-2.7577079451371374
2015-07-29,358515.0435327562,368447.26998315717,-2.6956982069252358
2015-07-29,358833.65548869676,368447.26998315717,-2.609223972510332
2015-07-29,359667.2944606138,368447.26998315717,-2.3829666380605072
2015-07-29,359401.6897481931,368447.26998315717,-2.455054215865838
2015-07-29,359094.48583747935,368447.26998315717,-2.5384322011953993
2015-07-30,359024.40419221483,368447.26998315717,-2.5574530085059615
2015-07-30,358571.9141572824,368447.26998315717,-2.680262992945018
2015-07-30,357380.3125262701,368447.26998315717,-3.003674706937838
2015-07-30,357815.8247518802,368447.26998315717,-2.885472657122135
2015-07-30,358242.44283094513,368447.26998315717,-2.7696845610169745
2015-07-30,358485.6759898296,368447.26998315717,-2.7036688299476217
2015-07-31,358880.2499697705,368447.26998315717,-2.59657779899523
2015-07-31,359125.61521620746,368447.26998315717,-2.5299833996261745
2015-07-31,359542.5242395656,368447.26998315717,-2.416830431122107
2015-07-31,359633.50416883605,368447.26998315717,-2.3921376360649975
2015-07-31,360426.2669368455,368447.26998315717,-2.176974481770033
2015-07-31,360294.51322451467,368447.26998315717,-2.2127336590158984
2015-07-31,360729.6352430964,368447.26998315717,-2.094637515000063
2015-07-31,360540.7108262097,368447.26998315717,-2.145913350724219
2015-07-31,360468.3130934908,368447.26998315717,-2.1655627656112437
2015-07-31,360411.5034995946,368447.26998315717,-2.180981415313494
2015-07-31,360181.8489874193,368447.26998315717,-2.2433117759607035
2015-07-31,360027.48112240626,368447.26998315717,-2.285208643596627
2015-07-31,360162.6175500947,368447.26998315717,-2.248531366086972
2015-08-03,359712.25565056456,368447.26998315717,-2.370763754876487
2015-08-03,359765.7311882204,368447.26998315717,-2.3562499989031394
2015-08-03,360182.47212020843,368447.26998315717,-2.2431426519530304
2015-08-03,360636.3840718468,368447.26998315717,-2.1199467461564967
2015-08-04,360895.5963269444,368447.26998315717,-2.049594140447277
2015-08-05,361183.1444512628,368447.26998315717,-1.971550917510246
2015-08-05,359389.35303867084,368447.26998315717,-2.4584025130381306
2015-08-05,358101.6071176204,368447.26998315717,-2.8079086774098463
2015-08-05,358022.00292954413,368447.26998315717,-2.82951399099513
2015-08-06,357819.15972861735,368447.26998315717,-2.884567513561889
2015-08-06,357637.27028749796,368447.26998315717,-2.933933991736013
2015-08-06,357691.76806917926,368447.26998315717,-2.919142789270652
2015-08-06,357643.9101364591,368447.26998315717,-2.932131875259088
2015-08-06,357733.50987735414,368447.26998315717,-2.9078136761042592
2015-08-06,357616.7639470827,368447.26998315717,-2.93949960236361
2015-08-06,356980.56191396434,368447.26998315717,-3.1121707238370924
2015-08-06,356809.65225852665,368447.26998315717,-3.158557186531062
2015-08-06,356926.52568988333,368447.26998315717,-3.12683665529683
2015-08-06,357084.7040825041,368447.26998315717,-3.083905575191938
2015-08-06,356807.74551443977,368447.26998315717,-3.15907469452806
2015-08-07,356744.81453178666,368447.26998315717,-3.1761547458081214
2015-08-10,357254.71719908406,368447.26998315717,-3.037762441443725
2015-08-12,356918.63832954934,368447.26998315717,-3.1289773579092692
2015-08-12,357340.6490989345,368447.26998315717,-3.014439728303698
2015-08-14,354386.5020870837,368447.26998315717,-3.8162225755441814
2015-08-14,354208.9310937699,368447.26998315717,-3.8644169870055327
2015-08-18,354044.9094529653,368447.26998315717,-3.9089339787618007
2015-08-18,354124.4930069441,368447.26998315717,-3.8873342654616034
2015-08-20,353345.0641773102,368447.26998315717,-4.098878465441561
2015-08-21,352343.4428844487,368447.26998315717,-4.370727756903895
2015-08-24,351068.9864436456,368447.26998315717,-4.716627033308177
2015-08-24,350566.24053660897,368447.26998315717,-4.853076926683592
2015-08-25,348792.1453296592,368447.26998315717,-5.334582789661174
2015-10-28,349057.1793796784,368447.26998315717,-5.262650094914574
2015-11-02,349271.8406797318,368447.26998315717,-5.204389030837962
2015-11-02,349805.7449900185,368447.26998315717,-5.059482458369372
2015-11-06,349640.89764135546,368447.26998315717,-5.104223554882466
2015-11-06,348649.3042889551,368447.26998315717,-5.373351170469271
2015-11-06,349326.12247685227,368447.26998315717,-5.189656448581906
2015-11-06,352902.6079920484,368447.26998315717,-4.218965170190944
2015-11-09,352738.7445504742,368447.26998315717,-4.2634392252115285
2015-11-09,353399.8583994708,368447.26998315717,-4.084006806285802
2015-11-12,354019.35159344156,368447.26998315717,-3.9158706184402305
2015-11-12,353675.48457430344,368447.26998315717,-4.009199310807484
2015-11-12,353083.9169627053,368447.26998315717,-4.169756237074074
2015-11-12,352392.39702702145,368447.26998315717,-4.357441149413221
2015-11-13,350178.2945720358,368447.26998315717,-4.958369052905864
2015-11-16,350197.0104795223,368447.26998315717,-4.953289382350195
2015-11-16,350596.63399722957,368447.26998315717,-4.844827860101557
2015-11-17,349934.35686561983,368447.26998315717,-5.024576004697664
2015-11-17,350331.6752236552,368447.26998315717,-4.916740124124166
2015-11-17,349640.2219291939,368447.26998315717,-5.104406949418572
2015-11-18,349572.6086476973,368447.26998315717,-5.1227578199514605
2015-11-18,349836.4524773361,368447.26998315717,-5.051148162034643
2015-11-19,350325.65607188555,368447.26998315717,-4.918373777637167
2015-11-19,350645.1531744734,368447.26998315717,-4.831659306227882
2015-11-19,351063.21736859606,368447.26998315717,-4.718192813684245
2015-11-19,351448.18742601277,368447.26998315717,-4.61370837621391
2015-11-19,352141.17677551194,368447.26998315717,-4.425624651362088
2015-11-20,352924.09251583705,368447.26998315717,-4.213134071540203
2015-11-20,353406.57734334155,368447.26998315717,-4.082183222718186
2015-11-25,353482.647101209,368447.26998315717,-4.061537186211821
2015-11-25,353484.36184221326,368447.26998315717,-4.061071789628922
2015-11-25,353746.4113441203,368447.26998315717,-3.9899491288696227
2015-11-25,353308.93779907434,368447.26998315717,-4.108683498937269
2015-11-25,353395.22142694046,368447.26998315717,-4.085265323557636
2015-11-25,353852.98953614285,368447.26998315717,-3.9610228208995726
2015-11-27,353917.6929167722,368447.26998315717,-3.943461724400657
2015-11-27,355451.7360341197,368447.26998315717,-3.527108220840273
2015-12-01,356125.8484107344,368447.26998315717,-3.3441478811842016
2015-12-07,356232.78720967687,368447.26998315717,-3.3151237011577415
2015-12-07,356688.91676574055,368447.26998315717,-3.1913259169905444
2015-12-09,356657.8984088448,368447.26998315717,-3.1997445862066827
2015-12-09,356493.84546511737,368447.26998315717,-3.244270073865991
2015-12-10,354413.5935113145,368447.26998315717,-3.8088697122071786
2015-12-10,352580.2752516186,368447.26998315717,-4.306449259961651
2015-12-14,352091.41313543014,368447.26998315717,-4.439130963970694
2015-12-14,352002.1904439457,368447.26998315717,-4.463346828424926
2015-12-14,350659.0627148963,368447.26998315717,-4.827884128188557
2015-12-14,350770.8745911635,368447.26998315717,-4.7975373498633145
2015-12-14,352224.9819867936,368447.26998315717,-4.402879141187602
2015-12-15,352599.706208898,368447.26998315717,-4.301175518272565
2015-12-17,351731.4104433341,368447.26998315717,-4.5368390273558585
2015-12-21,351719.79767277633,368447.26998315717,-4.539990840791274
2015-12-21,351378.9998071506,368447.26998315717,-4.632486536482353
2015-12-21,350563.4241681685,368447.26998315717,-4.853841315151061
2015-12-21,349972.75088755996,368447.26998315717,-5.014155511707749
2016-03-21,350345.34509867086,368447.26998315717,-4.913029993495079
2016-03-23,350714.3074622003,368447.26998315717,-4.812890192338107
2016-03-28,350757.8120142499,368447.26998315717,-4.801082654165382
2016-03-28,351239.78807475214,368447.26998315717,-4.670269889417726
2016-03-29,351928.8666812564,368447.26998315717,-4.483247576418705
2016-03-30,352429.5323652822,368447.26998315717,-4.347362274826247
2016-04-01,352860.48981360614,368447.26998315717,-4.230396433732172
2016-04-04,353267.1775671322,368447.26998315717,-4.1200176124846495
2016-04-05,353117.91754221264,368447.26998315717,-4.160528165033025
2016-04-11,353397.0647271215,368447.26998315717,-4.084765034824022
2016-04-13,353855.3652711106,368447.26998315717,-3.960378024435788
2016-04-13,354442.6232885307,368447.26998315717,-3.8009907619254935
2016-04-13,354812.0546840981,368447.26998315717,-3.7007236611313097
2016-04-13,355231.8010922788,368447.26998315717,-3.5868006001191137
2016-04-13,355597.19464672916,368447.26998315717,-3.4876294067847007
2016-04-13,355584.49869651033,368447.26998315717,-3.4910752052077445
2016-04-13,356053.5259820288,368447.26998315717,-3.363776857864876
2016-04-14,355630.9293519473,368447.26998315717,-3.4784734954870777
2016-04-14,355625.53791697684,368447.26998315717,-3.4799367808496573
2016-04-14,355860.5319317114,368447.26998315717,-3.4161572297770384
2016-04-15,356129.295682642,368447.26998315717,-3.343212259675104
2016-04-15,356420.4266662601,368447.26998315717,-3.264196615555554
2016-04-15,356706.30072516575,368447.26998315717,-3.186607749469314
2016-04-18,357095.0866022931,368447.26998315717,-3.0810876632043
2016-04-18,357512.12842041167,368447.26998315717,-2.9678986529728872
2016-04-18,357699.8004485328,368447.26998315717,-2.9169627271537846
2016-04-18,357855.5437660542,368447.26998315717,-2.8746925489737345
2016-04-18,357607.9997463094,368447.26998315717,-2.941878287588681
2016-04-18,357582.196061198,368447.26998315717,-2.9488816466073486
2016-04-18,357758.6770759802,368447.26998315717,-2.9009830654100384
2016-04-18,357901.1146292392,368447.26998315717,-2.862324194829852
2016-04-18,357866.0444265558,368447.26998315717,-2.871842572502997
2016-04-18,358040.63316361245,368447.26998315717,-2.8244575729982837
2016-04-19,358110.1860953138,368447.26998315717,-2.8055802634433675
2016-04-21,357637.44641929975,368447.26998315717,-2.9338861879344527
2016-04-21,356929.9831335194,368447.26998315717,-3.1258982730864684
2016-04-21,356640.52268578234,368447.26998315717,-3.2044605183028074
2016-04-22,357178.38536837767,368447.26998315717,-3.058479606944742
2016-04-22,357425.3579799675,368447.26998315717,-2.9914489537929048
2016-04-25,357333.63815709105,368447.26998315717,-3.0163425628242972
2016-04-27,357593.3998958602,368447.26998315717,-2.9458408221597505
2016-04-27,357741.803594973,368447.26998315717,-2.9055626843628257
2016-04-28,357999.2452513124,368447.26998315717,-2.835690635548037
2016-04-28,358288.8091113998,368447.26998315717,-2.757100323262466
2016-04-28,359552.23096961516,368447.26998315717,-2.4141959347259165
2016-04-28,358999.705410621,368447.26998315717,-2.5641564864812354
2016-04-28,358647.6113646565,368447.26998315717,-2.6597180700914573
2016-04-28,358068.8485725421,368447.26998315717,-2.816799649808647
2016-04-29,358377.94019995205,368447.26998315717,-2.732909320692054
2016-04-29,358671.6393149052,368447.26998315717,-2.6531966619535066
2016-04-29,358949.73844083864,368447.26998315717,-2.577717984652915
2016-05-02,359028.4629193083,368447.26998315717,-2.556351432398847
2016-05-02,359254.1496669061,368447.26998315717,-2.4950979597898257
2016-05-03,358201.73859903106,368447.26998315717,-2.7807320663807507
2016-05-03,358062.57277274475,368447.26998315717,-2.8185029599722995
2016-05-03,357511.8253488451,368447.26998315717,-2.9679809094017595
2016-05-03,357668.29071023763,368447.26998315717,-2.925514761830715
2016-05-04,357960.95622369467,368447.26998315717,-2.846082632106858
2016-05-04,358167.28503879235,368447.26998315717,-2.790083081585797
2016-05-05,357787.8038258568,368447.26998315717,-2.8930777958505747
2016-05-05,357556.05378394295,368447.26998315717,-2.9559769026683496
2016-05-05,357053.35601174977,368447.26998315717,-3.0924137318016354
2016-05-05,357397.89290435245,368447.26998315717,-2.998903229574699
2016-05-05,357898.0935793838,368447.26998315717,-2.8631441357281875
2016-05-06,357496.9964530208,368447.26998315717,-2.9720056090080287
2016-05-06,358144.7865879457,368447.26998315717,-2.7961893694265707
2016-05-06,358548.9588726129,368447.26998315717,-2.6864932697144783
2016-05-06,359232.51563293685,368447.26998315717,-2.5009696368876755
2016-05-09,359653.2332550578,368447.26998315717,-2.386782979421001
2016-05-10,360167.7754682766,368447.26998315717,-2.247131459342626
2016-05-10,360621.7909777747,368447.26998315717,-2.123907446984254
2016-05-10,361300.7136710347,368447.26998315717,-1.9396415428588005
2016-05-11,361523.89115377865,368447.26998315717,-1.8790691079608235
2016-05-11,360262.29643242096,368447.26998315717,-2.221477594639354
2016-05-12,359915.71416536125,368447.26998315717,-2.315543230429125
2016-05-12,359738.46054325165,368447.26998315717,-2.363651504407569
2016-05-13,359907.6492888602,368447.26998315717,-2.31773211257267
2016-05-13,359577.1970610815,368447.26998315717,-2.4074199063766084
2016-05-13,360914.47492494766,368447.26998315717,-2.0444703141792457
2016-05-16,361265.39839035075,368447.26998315717,-1.9492264369701326
2016-05-17,361310.5767327639,368447.26998315717,-1.9369646165975127
2016-05-17,360742.1348358788,368447.26998315717,-2.0912450098030573
2016-05-17,359782.91765093466,368447.26998315717,-2.3515854338175943
2016-05-20,360270.96225494327,368447.26998315717,-2.2191256101823367
2016-05-20,361094.266859216,368447.26998315717,-1.9956731187823211
2016-05-20,361640.65465721564,368447.26998315717,-1.8473784121816619
2016-05-23,362051.77725961164,368447.26998315717,-1.7357959318949174
2016-05-23,363264.9545825446,368447.26998315717,-1.40652837537633
2016-05-24,363014.2142318438,368447.26998315717,-1.4745816278029962
2016-05-24,363892.58311733155,368447.26998315717,-1.2361841807197598
2016-05-24,364503.31791315874,368447.26998315717,-1.0704251032118428
2016-05-24,364759.5309480969,368447.26998315717,-1.0008865136194
2016-05-24,365336.6597980949,368447.26998315717,-0.8442484009189362
2016-05-24,365881.1219119489,368447.26998315717,-0.6964763428225637
2016-05-25,365719.40511247347,368447.26998315717,-0.740367779304864
2016-05-25,366094.70330807706,368447.26998315717,-0.6385083746685505
2016-05-25,366465.1842648179,368447.26998315717,-0.5379564132555136
2016-05-25,367340.6403076964,368447.26998315717,-0.30034953862226577
2016-05-25,368089.29145151464,368447.26998315717,-0.09715868749926962
2016-05-26,367616.57516925834,368447.26998315717,-0.22545826270793007
2016-05-26,368002.6766623377,368447.26998315717,-0.12066674312441364
2016-05-27,368447.00153954676,368447.26998315717,-7.285808099895185e-05
2016-05-31,368051.81797248276,368447.26998315717,-0.1073293366218942
2016-05-31,367481.0151826939,368447.26998315717,-0.2622504980176513
2016-06-01,366010.85283522535,368447.26998315717,-0.6612661692521683
2016-06-06,367434.2295678711,368447.26998315717,-0.2749485470016905
2016-06-07,368680.7472727793,368680.7472727793,0.0
2016-06-08,369170.6733119767,369170.6733119767,0.0
2016-06-09,369575.8955650797,369575.8955650797,0.0
2016-06-10,369342.3298054556,369575.8955650797,-0.06319832067700216
2016-06-14,368257.32209251815,369575.8955650797,-0.3567801602822217
2016-06-15,367425.27684004296,369575.8955650797,-0.5819153118058339
2016-06-15,366440.1924249831,369575.8955650797,-0.8484598637857992
2016-06-17,366184.0719027445,369575.8955650797,-0.9177610615403221
2016-06-20,366612.5570133371,369575.8955650797,-0.8018213815626901
2016-06-20,366517.2999843237,369575.8955650797,-0.8275960682120371
2016-06-20,365312.80743494385,369575.8955650797,-1.153508164707984
2016-06-20,365303.33826004085,369575.8955650797,-1.1560703380035457
2016-06-21,364495.3872042293,369575.8955650797,-1.374686071742401
2016-06-21,364422.3458711667,369575.8955650797,-1.3944496261135408
2016-06-21,363943.2338087098,369575.8955650797,-1.5240879678469326
2016-06-21,362814.6483912868,369575.8955650797,-1.829461080911406
2016-06-22,362971.9983611447,369575.8955650797,-1.7868852604247074
2016-06-23,363354.2921468894,369575.8955650797,-1.683444048394315
2016-06-23,363563.2317223707,369575.8955650797,-1.6269090908961055
2016-06-23,363719.75352573727,369575.8955650797,-1.5845573560441277
2016-06-23,363841.14557886095,369575.8955650797,-1.5517110436681347
2016-06-27,364369.6757151721,369575.8955650797,-1.4087011388952557
2016-06-28,363332.5465560768,369575.8955650797,-1.6893279794281113
2016-06-28,362682.6770031263,369575.8955650797,-1.8651699541750963
2016-06-28,362598.5630888627,369575.8955650797,-1.8879295321868061
2016-06-28,361991.20250525355,369575.8955650797,-2.05226941227571
2016-06-28,361611.1542915396,369575.8955650797,-2.155103016489217
2016-06-28,360944.8218347438,369575.8955650797,-2.335399530626599
2016-06-28,360498.484758712,369575.8955650797,-2.45616960286016
2016-06-28,359912.464056992,369575.8955650797,-2.6147353288050317
2016-06-28,358995.5823441819,369575.8955650797,-2.862825565157749
2016-07-06,359926.4017814377,369575.8955650797,-2.610964053510034
2016-07-11,360268.20945736713,369575.8955650797,-2.518477589963263
2016-07-11,360693.8859653142,369575.8955650797,-2.403297862861138
2016-07-19,361033.65924202005,369575.8955650797,-2.3113618679049983
2016-07-21,362148.44089036813,369575.8955650797,-2.009723784435407
2016-07-22,362287.5995810549,369575.8955650797,-1.9720701678557944
2016-07-22,362582.5251755087,369575.8955650797,-1.8922690774727549
2016-07-26,362648.9215203732,369575.8955650797,-1.8743035267803896
2016-07-26,362984.04538506275,369575.8955650797,-1.7836255716672325
2016-07-26,362883.6444704935,369575.8955650797,-1.8107920930161847
2016-07-27,362805.2672244314,369575.8955650797,-1.831999440952732
2016-07-27,362739.56591313315,369575.8955650797,-1.8497769291727855
2016-07-28,362893.71106406336,369575.8955650797,-1.8080682699285113
2016-07-28,363059.9276853051,369575.8955650797,-1.7630933072114159
2016-07-28,363113.67906666436,369575.8955650797,-1.7485492360194754
2016-07-28,362904.5658437662,369575.8955650797,-1.8051311791081677
2016-07-29,362723.7277626771,369575.8955650797,-1.8540624225304643
2016-07-29,362991.2171749105,369575.8955650797,-1.7816850257783412
2016-08-01,362982.66170322633,369575.8955650797,-1.7839999688757695
2016-08-01,363202.98745037825,369575.8955650797,-1.724384136296905
2016-08-01,362707.7050208574,369575.8955650797,-1.8583978626963422
2016-08-01,362627.8520417453,369575.8955650797,-1.88000451509719
2016-08-01,362886.3268752881,369575.8955650797,-1.8100662868078248
2016-08-01,362613.04005543893,369575.8955650797,-1.8840123485311708
2016-08-03,362687.72149681445,369575.8955650797,-1.8638050129685164
2016-08-04,362731.57746070577,369575.8955650797,-1.8519384479631724
2016-08-04,362537.9234436634,369575.8955650797,-1.9043374326822033
2016-08-05,362964.57018577604,369575.8955650797,-1.788895179214806
2016-08-05,364031.46257811924,369575.8955650797,-1.5002149906132392
2016-08-05,364836.73123152263,369575.8955650797,-1.2823250624370162
2016-08-05,365639.9690222856,369575.8955650797,-1.0649846459212626
2016-08-05,365817.93659101066,369575.8955650797,-1.0168301069319314
2016-08-05,366916.5530784651,369575.8955650797,-0.7195659994406488
2016-08-05,367365.28435418697,369575.8955650797,-0.5981481036561436
2016-08-05,368046.0229367176,369575.8955650797,-0.41395357400755944
2016-08-08,367783.9460885914,369575.8955650797,-0.4848664369055785
2016-08-08,367794.13127851224,369575.8955650797,-0.48211052396778975
2016-08-08,367773.68162410444,369575.8955650797,-0.48764379998854634
2016-08-08,367490.0870472587,369575.8955650797,-0.5643789389001752
2016-08-08,367165.3977116592,369575.8955650797,-0.6522335147791121
2016-08-08,367158.6207452806,369575.8955650797,-0.6540672291690224
2016-08-08,367606.67778046336,369575.8955650797,-0.5328317696708589
2016-08-08,368009.158500689,369575.8955650797,-0.42392836848711224
2016-08-08,368430.2463096028,369575.8955650797,-0.30999025348371273
2016-08-09,369330.06514614,369575.8955650797,-0.06651689731112706
2016-08-09,369191.542516257,369575.8955650797,-0.10399840829311993
2016-08-09,369755.5192206082,369755.5192206082,0.0
2016-08-09,369925.07646365935,369925.07646365935,0.0
2016-08-09,369444.6530819366,369925.07646365935,-0.12987045547585657
2016-08-09,369469.932564021,369925.07646365935,-0.12303677922821021
2016-08-10,369630.9063157032,369925.07646365935,-0.07952154819249539
2016-08-10,369749.0727566789,369925.07646365935,-0.047578203852241055
2016-08-10,370700.01468611,370700.01468611,0.0
2016-08-11,370581.8228606198,370700.01468611,-0.03188341537841344
2016-08-11,370974.0706227562,370974.0706227562,0.0
2016-08-11,371521.218891458,371521.218891458,0.0
2016-08-12,370788.61566326657,371521.218891458,-0.19719014444918467
2016-08-12,370530.8625685775,371521.218891458,-0.26656790312959844
2016-08-12,369796.05002269737,371521.218891458,-0.46435271554830204
2016-08-15,370219.5788539992,371521.218891458,-0.3503541577901312
2016-08-15,371181.56182038353,371521.218891458,-0.09142333029804782
2016-08-16,370340.91244214086,371521.218891458,-0.3176955687319635
2016-08-16,369420.023492019,371521.218891458,-0.5655653816243795
2016-08-16,368802.44844880974,371521.218891458,-0.7317941222201284
2016-08-16,367985.24106167787,371521.218891458,-0.9517566292258516
2016-08-16,366513.4474593817,371521.218891458,-1.3479099382313715
2016-08-16,366576.52204754425,371521.218891458,-1.3309325531036162
2016-08-16,366542.8450309458,371521.218891458,-1.3399971811479978
2016-08-17,366396.05610484636,371521.218891458,-1.3795074213806862
2016-08-17,366118.66074095014,371521.218891458,-1.4541721645476853
2016-08-17,366633.91242786497,371521.218891458,-1.315485149993785
2016-08-18,365835.85776816314,371521.218891458,-1.530292439354822
2016-08-19,366286.29103920615,371521.218891458,-1.4090521849254782
2016-08-19,367166.0882714145,371521.218891458,-1.1722427680007874
2016-08-22,365966.97047085996,371521.218891458,-1.495001668322139
2016-08-22,365971.8831265596,371521.218891458,-1.493679360079744
2016-08-22,365964.3558107135,371521.218891458,-1.4957054397390916
2016-08-24,366683.2055484554,371521.218891458,-1.3022172347082124
2016-08-24,370540.443250142,371521.218891458,-0.2639891320992256
2016-08-25,370505.4998000445,371521.218891458,-0.27339463798169555
2016-08-25,370964.8973928604,371521.218891458,-0.1497415141610405
2016-08-26,370573.7412777534,371521.218891458,-0.25502651410643634
2016-08-26,370293.72398578405,371521.218891458,-0.33039698495190833
2016-08-26,369995.19057876535,371521.218891458,-0.41075132054260655
2016-08-26,369986.52041291696,371521.218891458,-0.41308501385742297
2016-08-26,369686.64014966297,371521.218891458,-0.4938018741618676
2016-08-26,369203.04194948595,371521.218891458,-0.6239689213146449
2016-08-29,369661.34154264204,371521.218891458,-0.5006113390684525
2016-08-29,370876.9475197026,371521.218891458,-0.17341442130217258
2016-08-29,371317.8852319507,371521.218891458,-0.054730025949522164
2016-08-29,371507.30011662864,371521.218891458,-0.00374642796201338
2016-08-29,371393.7328035247,371521.218891458,-0.03431461823733543
2016-08-30,371197.8561251412,371521.218891458,-0.08703749607671078
2016-08-30,369778.80219365534,371521.218891458,-0.46899520382756904
2016-08-30,370521.1847716684,371521.218891458,-0.2691728140786948
2016-08-31,370404.28284365195,371521.218891458,-0.3006385614094291
2016-09-01,370577.45453011524,371521.218891458,-0.2540270416206
2016-09-02,370648.60301617,371521.218891458,-0.23487645682573216
2016-09-02,371387.71339032694,371521.218891458,-0.035934825345753894
2016-09-02,372050.7228169164,372050.7228169164,0.0
2016-09-02,372634.31755629316,372634.31755629316,0.0
2016-09-02,373887.1486347477,373887.1486347477,0.0
2016-09-06,374354.3885789622,374354.3885789622,0.0
2016-09-06,374914.8498820199,374914.8498820199,0.0
2016-09-06,374956.0859819144,374956.0859819144,0.0
2016-09-06,375133.83688889473,375133.83688889473,0.0
2016-09-06,375262.16341770976,375262.16341770976,0.0
2016-09-06,374864.00578299403,375262.16341770976,-0.1061011936533898
2016-09-06,373856.41344817396,375262.16341770976,-0.37460477143043
2016-09-07,373957.70254529495,375262.16341770976,-0.3476132153943798
2016-09-07,373896.2360577251,375262.16341770976,-0.36399282771927904
2016-09-07,373440.83885240083,375262.16341770976,-0.4853472433034988
2016-09-07,373281.47607939993,375262.16341770976,-0.5278142939513719
2016-09-07,373807.476076398,375262.16341770976,-0.3876456203479641
2016-09-09,373083.22035787656,375262.16341770976,-0.5806455518958844
2016-09-09,372980.8475459946,375262.16341770976,-0.6079258966419624
2016-09-09,372118.91326685774,375262.16341770976,-0.8376144619070547
2016-09-09,371528.4244670481,375262.16341770976,-0.9949681355179939
2016-09-12,371486.3488504205,375262.16341770976,-1.0061804613875613
2016-09-12,371414.9013547356,375262.16341770976,-1.0252198164438215
2016-09-14,371982.4660857655,375262.16341770976,-0.8739749571537723
2016-09-14,373089.9067998144,375262.16341770976,-0.5788637463770668
2016-09-15,372741.31830663735,375262.16341770976,-0.6717557368730573
2016-09-15,372000.07521940704,375262.16341770976,-0.8692824687128512
2016-09-15,372578.1723652022,375262.16341770976,-0.7152309276434965
2016-09-15,373458.0385734901,375262.16341770976,-0.4807638552708163
2016-09-15,373869.6970000013,375262.16341770976,-0.37106496563003066
2016-09-15,374293.2387631379,375262.16341770976,-0.2581994000533806
2016-09-19,373687.7762711183,375262.16341770976,-0.4195432686985201
2016-09-19,374060.84831183276,375262.16341770976,-0.3201268934059308
2016-09-19,374439.93591529015,375262.16341770976,-0.21910748873031996
2016-09-20,374481.4454242014,375262.16341770976,-0.20804601945423298
2016-09-20,374418.03491428297,375262.16341770976,-0.22494367557306366
2016-09-20,374778.80861835857,375262.16341770976,-0.12880456557331096
2016-09-20,375089.38146104093,375262.16341770976,-0.04604299967127266
2016-09-20,375544.6395494376,375544.6395494376,0.0
2016-09-20,375479.74448787887,375544.6395494376,-0.017280252391995557
2016-09-20,375247.08914769674,375544.6395494376,-0.0792316998846982
2016-09-20,374909.9060158123,375544.6395494376,-0.16901680034278813
2016-09-20,375284.22364042443,375544.6395494376,-0.06934352979332174
2016-09-20,375276.7127242103,375544.6395494376,-0.0713435360304382
2016-09-20,375198.48224281037,375544.6395494376,-0.09217474307250363
2016-09-20,375085.1558364467,375544.6395494376,-0.12235129052626387
2016-09-20,375194.9682020065,375544.6395494376,-0.09311046160868139
2016-09-20,375196.869484352,375544.6395494376,-0.09260418828048053
2016-09-20,375291.5819441522,375544.6395494376,-0.0673841611982634
2016-09-20,375612.98941687145,375612.98941687145,0.0
2016-09-20,375859.8547872369,375859.8547872369,0.0
2016-09-20,376489.4890676595,376489.4890676595,0.0
2016-09-20,376585.1879056608,376585.1879056608,0.0
2016-09-20,375960.33144195453,376585.1879056608,-0.1659269891047259
2016-09-20,375830.3224341376,376585.1879056608,-0.2004501227786739
2016-09-20,375374.9742868659,376585.1879056608,-0.3213651672083388
2016-09-20,375320.53047603025,376585.1879056608,-0.33582240360110266
2016-09-20,374913.84204873134,376585.1879056608,-0.44381614322763097
2016-09-22,375407.7841662337,376585.1879056608,-0.31265269512460325
2016-09-22,375823.2347900886,376585.1879056608,-0.20233220531314206
2016-09-22,376207.0898410201,376585.1879056608,-0.10040173559225903
2016-09-27,376441.17080374126,376585.1879056608,-0.03824290135266536
2016-09-27,376035.0095107657,376585.1879056608,-0.1460966635344334
2016-09-27,372767.72160937137,376585.1879056608,-1.0137059074255808
2016-09-30,372011.8664713652,376585.1879056608,-1.2144188303660086
2016-10-03,372449.0395540157,376585.1879056608,-1.0983300683300516
2016-10-03,370657.0395121859,376585.1879056608,-1.5741852265734742
2016-10-03,371233.0466260589,376585.1879056608,-1.4212298973752193
2016-10-03,372184.56962770934,376585.1879056608,-1.1685585145886948
2016-10-04,371224.84242613456,376585.1879056608,-1.423408474809434
2016-10-05,371812.29744480766,376585.1879056608,-1.2674132212679547
2016-10-07,372100.8304492722,376585.1879056608,-1.190794964966062
2016-10-07,372122.3463218846,376585.1879056608,-1.1850815504974581
2016-10-07,370907.65036430187,376585.1879056608,-1.5076369766251134
2016-10-07,369592.7041558273,376585.1879056608,-1.85681327211021
2016-10-07,368828.3079449338,376585.1879056608,-2.059794227135174
2016-10-10,367701.8141989349,376585.1879056608,-2.3589280704665647
2016-10-10,367481.1800405178,376585.1879056608,-2.417516184259381
2016-10-11,366713.8544866448,376585.1879056608,-2.621275009225501
2016-10-11,365280.05835404183,376585.1879056608,-3.0020112088027786
2016-10-11,364310.1783805301,376585.1879056608,-3.2595571783895334
2016-10-11,363289.85770074587,376585.1879056608,-3.530497383302699
2016-10-11,362206.744471342,376585.1879056608,-3.8181117834939213
2016-10-11,361968.2747797076,376585.1879056608,-3.8814360190966637
2016-10-11,360474.75947244396,376585.1879056608,-4.278030297158867
2016-10-12,360279.7387903066,376585.1879056608,-4.329816901730845
2016-10-12,360404.5070701441,376585.1879056608,-4.2966854128023
2016-10-13,360513.958269539,376585.1879056608,-4.267621285239667
2016-10-13,360870.8869375544,376585.1879056608,-4.172840959438638
2016-10-13,361153.2521675568,376585.1879056608,-4.097860519668097
2016-10-13,361423.92222093046,376585.1879056608,-4.025985665832507
2016-10-13,361730.87976680504,376585.1879056608,-3.944474880030842
2016-10-13,362011.4181252365,376585.1879056608,-3.8699795553496807
2016-10-13,361878.34383817937,376585.1879056608,-3.905316656045869
2016-10-13,361615.0525786184,376585.1879056608,-3.975232114225527
2016-10-13,361379.06429409614,376585.1879056608,-4.0378974266438625
2016-10-13,360995.17805407493,376585.1879056608,-4.139836178445587
2016-10-13,360903.9260351534,376585.1879056608,-4.164067619790647
2016-10-13,360849.31016745337,376585.1879056608,-4.178570544880123
2016-10-13,360633.81951856817,376585.1879056608,-4.2357928297192124
2016-10-13,360408.00045782,376585.1879056608,-4.295757764082144
2016-10-13,360486.94059885613,376585.1879056608,-4.274795670093495
2016-10-13,360330.8622151208,376585.1879056608,-4.316241374478029
2016-10-13,360409.022390151,376585.1879056608,-4.2954863959126595
2016-10-13,360347.4580744675,376585.1879056608,-4.311834440833354
2016-10-13,360030.8832411404,376585.1879056608,-4.395899041219707
2016-10-13,360324.316525665,376585.1879056608,-4.317979544131545
2016-10-14,360642.9383195626,376585.1879056608,-4.233371385305764
2016-10-14,360542.57398131065,376585.1879056608,-4.2600225498962
2016-10-14,360629.8686008356,376585.1879056608,-4.236841972877106
2016-10-14,360722.5415252169,376585.1879056608,-4.2122332183754585
2016-10-14,360797.72956732503,376585.1879056608,-4.192267472370871
2016-10-14,360932.8197135537,376585.1879056608,-4.156395072030337
2016-10-14,360997.84159023355,376585.1879056608,-4.139128891955262
2016-10-14,361053.4972204804,376585.1879056608,-4.124349863986484
2016-10-14,361093.51604690566,376585.1879056608,-4.113723098061937
2016-10-17,360338.45029402286,376585.1879056608,-4.314226404387398
2016-10-17,359907.97926956735,376585.1879056608,-4.428535473963268
2016-10-17,359379.6759337648,376585.1879056608,-4.56882334315448
2016-10-17,359415.00894207845,376585.1879056608,-4.559440868896751
2016-10-17,359504.3456247809,376585.1879056608,-4.535718033912373
2016-10-17,360186.3244250727,376585.1879056608,-4.354622541526033
2016-10-18,359757.4904503105,376585.1879056608,-4.468496902104869
2016-10-18,359359.27223115,376585.1879056608,-4.574241427367575
2016-10-18,358800.2997660634,376585.1879056608,-4.722673304944937
2016-10-18,358949.28757128026,376585.1879056608,-4.683110462326128
2016-10-18,359192.14834993496,376585.1879056608,-4.618620199178674
2016-10-19,359004.8666553893,376585.1879056608,-4.668351760737745
2016-10-19,359353.0387486731,376585.1879056608,-4.575896692278968
2016-10-19,359579.2770884199,376585.1879056608,-4.515820420823635
2016-10-19,359782.82854182465,376585.1879056608,-4.461768519702193
2016-10-19,359853.5429592003,376585.1879056608,-4.442990718650352
2016-10-19,360120.5756325278,376585.1879056608,-4.372081749868914
2016-10-19,360397.8884350557,376585.1879056608,-4.298442952743063
2016-10-20,360159.65962195204,376585.1879056608,-4.361703224457019
2016-10-20,360081.5258415959,376585.1879056608,-4.382451194070662
2016-10-20,359876.2067336119,376585.1879056608,-4.436972485554769
2016-10-20,359960.4868635313,376585.1879056608,-4.414592388666698
2016-10-20,359690.596991484,376585.1879056608,-4.48626006990192
2016-10-20,358974.52949815226,376585.1879056608,-4.676407615883235
2016-10-20,358371.1559177771,376585.1879056608,-4.8366299506305905
2016-10-20,358262.7966639517,376585.1879056608,-4.86540411841664
2016-10-20,358514.9957788117,376585.1879056608,-4.798434114561056
2016-10-20,358184.6164279383,376585.1879056608,-4.886164424059096
2016-10-20,358044.8105707904,376585.1879056608,-4.923289053927153
2016-10-21,357623.2050493421,376585.1879056608,-5.03524394089256
2016-10-21,357491.11385133024,376585.1879056608,-5.070319988027205
2016-10-21,357552.82382602466,376585.1879056608,-5.053933264205802
2016-10-21,356890.1779844058,376585.1879056608,-5.229895002187086
2016-10-24,357293.23792731465,376585.1879056608,-5.122864785425122
2016-10-24,357670.79308468086,376585.1879056608,-5.022607215692775
2016-10-24,357901.7102897927,376585.1879056608,-4.9612884988319115
2016-10-24,357971.9472064308,376585.1879056608,-4.942637495315625
2016-10-24,358073.33127045346,376585.1879056608,-4.9157155484949016
2016-10-24,358371.6273284628,376585.1879056608,-4.836504770272779
2016-10-25,358151.2850690494,376585.1879056608,-4.895015371987838
2016-10-25,358024.25148642826,376585.1879056608,-4.928748398856904
2016-10-25,356965.8125815314,376585.1879056608,-5.209810676102389
2016-10-25,356507.2927470032,376585.1879056608,-5.3315679435823515
2016-10-25,355619.01522044506,376585.1879056608,-5.5674448593734915
2016-10-25,355644.31970190635,376585.1879056608,-5.560725401924296
2016-10-26,355532.6903728124,376585.1879056608,-5.5903679191233335
2016-10-26,355466.20947696705,376585.1879056608,-5.60802153322724
2016-10-26,355224.8525401944,376585.1879056608,-5.672112459934933
2016-10-26,355711.48821958055,376585.1879056608,-5.542889193854681
2016-10-26,355874.5909280346,376585.1879056608,-5.499578221014473
2016-10-26,356472.55287844833,376585.1879056608,-5.340792913036958
2016-10-27,356088.7314112648,376585.1879056608,-5.442714464789461
2016-10-27,355658.2070084776,376585.1879056608,-5.557037708669956
2016-10-28,355665.6001747039,376585.1879056608,-5.555074496503421
2016-10-28,355944.7330707576,376585.1879056608,-5.4809523841585275
2016-10-31,356014.6764694573,376585.1879056608,-5.462379322618674
2016-10-31,355755.04923194303,376585.1879056608,-5.531321821116327
2016-10-31,356133.1859280369,376585.1879056608,-5.430909827167001
2016-10-31,356671.5900414603,376585.1879056608,-5.2879397553971454
2016-11-02,356494.42566719325,376585.1879056608,-5.334984721571286
2016-11-02,355722.4891002722,376585.1879056608,-5.539967974155943
2016-11-02,355944.16180317104,376585.1879056608,-5.481104080933891
2016-11-03,355857.83675288374,376585.1879056608,-5.504027194497487
2016-11-03,356225.56141526817,376585.1879056608,-5.406380055365572
2016-11-03,356595.731607002,376585.1879056608,-5.308083520179876
2016-11-03,355910.49354485306,376585.1879056608,-5.49004449054087
2016-11-03,355677.1265781768,376585.1879056608,-5.5520137272955346
2016-11-03,355525.34322893276,376585.1879056608,-5.592318910324153
2016-11-03,355121.55820148246,376585.1879056608,-5.699541669056621
2016-11-03,354261.14228095056,376585.1879056608,-5.928020097886234
2016-11-03,354460.7084038666,376585.1879056608,-5.87502647802935
2016-11-04,354733.71928269975,376585.1879056608,-5.802530031647205
2016-11-04,355167.28593547456,376585.1879056608,-5.687398936028163
2016-11-04,355042.51589516277,376585.1879056608,-5.720530892440387
2016-11-04,353768.27607720974,376585.1879056608,-6.058897843365775
2016-11-04,353006.0433989051,376585.1879056608,-6.261304284931822
2016-11-04,352357.5415043325,376585.1879056608,-6.433510180277614
2016-11-04,352824.33657503023,376585.1879056608,-6.309555472102882
2016-11-04,352315.7595614924,376585.1879056608,-6.444605131481736
2016-11-04,351488.15286606416,376585.1879056608,-6.664371261963635
2016-11-04,351586.2253934227,376585.1879056608,-6.638328674387643
2016-11-04,351367.0412131061,376585.1879056608,-6.6965317549537176
2016-11-04,351490.9881279446,376585.1879056608,-6.663618374709575
2016-11-04,351217.8187253055,376585.1879056608,-6.736156916163711
2016-11-07,351577.54411393864,376585.1879056608,-6.640633937516113
2016-11-07,351593.4130900248,376585.1879056608,-6.6364200234813095
2016-11-07,351938.36494107475,376585.1879056608,-6.544820071563824
2016-11-07,352186.70721886616,376585.1879056608,-6.4788742282945915
2016-11-07,351912.62235893577,376585.1879056608,-6.551655864092505
2016-11-07,351738.87794976425,376585.1879056608,-6.59779267848443
2016-11-07,351562.439028583,376585.1879056608,-6.644645004823259
2016-11-08,351184.3633660484,376585.1879056608,-6.745040791666936
2016-11-08,351170.24840576027,376585.1879056608,-6.748788937037868
2016-11-08,351362.54451153555,376585.1879056608,-6.697725827826187
2016-11-08,349499.240631671,376585.1879056608,-7.19251530433936
2016-11-08,349663.9665977176,376585.1879056608,-7.148773284914027
2016-11-08,349201.82571990736,376585.1879056608,-7.271492099315729
2016-11-08,349355.5001261482,376585.1879056608,-7.230684757132274
2016-11-08,349346.89746841224,376585.1879056608,-7.232969142714148
2016-11-08,348279.778062518,376585.1879056608,-7.516336476365512
2016-11-08,348448.0072009773,376585.1879056608,-7.471664209940244
2016-11-08,347939.3543518469,376585.1879056608,-7.6067340070183525
2016-11-08,348007.0309653594,376585.1879056608,-7.588762877062637
2016-11-08,347932.75399375457,376585.1879056608,-7.6084866936094135
2016-11-08,348332.57510027493,376585.1879056608,-7.502316530958055
2016-11-17,348839.2666684901,376585.1879056608,-7.367767540586698
2016-11-17,349221.03488994425,376585.1879056608,-7.266391216260897
2016-11-17,349591.29192798445,376585.1879056608,-7.168071619545118
2016-11-21,350035.58601187926,376585.1879056608,-7.050091917166033
2016-11-22,350494.64915802743,376585.1879056608,-6.928190376454568
2016-11-23,350939.26560060814,376585.1879056608,-6.810125073606786
2016-11-23,351434.9742050286,376585.1879056608,-6.678492545206689
2016-11-25,351488.88857542735,376585.1879056608,-6.664175898633686
2016-11-25,352277.48785484023,376585.1879056608,-6.454767959941621
2016-11-29,351625.49383488146,376585.1879056608,-6.6279011688139
2016-11-29,352010.44025753054,376585.1879056608,-6.525680891699465
2016-11-30,352243.8788843154,376585.1879056608,-6.463692626020967
2016-12-02,352500.3669313216,376585.1879056608,-6.395583721251589
2016-12-05,353038.67524662724,376585.1879056608,-6.252639088113105
2016-12-05,353874.5083861808,376585.1879056608,-6.030688473379171
2016-12-05,354481.4820722339,376585.1879056608,-5.869510151568708
2016-12-05,354882.8526842385,376585.1879056608,-5.762928526774387
2016-12-05,355154.4760130456,376585.1879056608,-5.690800536207984
2016-12-05,355518.5673567389,376585.1879056608,-5.594118203661084
2016-12-05,356066.2618015118,376585.1879056608,-5.448681138592527
2016-12-05,356942.4610772512,376585.1879056608,-5.21601153185301
2016-12-05,358005.85141909786,376585.1879056608,-4.93363442940758
2016-12-05,358473.48421200895,376585.1879056608,-4.809457268985586
2016-12-05,358892.259314661,376585.1879056608,-4.69825398322148
2016-12-05,358762.02715247433,376585.1879056608,-4.732836374236622
2016-12-05,357863.10477531084,376585.1879056608,-4.971539968013835
2016-12-05,358406.78943535156,376585.1879056608,-4.827167677891549
2016-12-06,359261.17921847093,376585.1879056608,-4.600289454700942
2016-12-06,360076.1285900486,376585.1879056608,-4.383884402736497
2016-12-06,360482.4866014703,376585.1879056608,-4.275978403118826
2016-12-06,360881.93341899617,376585.1879056608,-4.169907630726693
2016-12-07,361545.04333057656,376585.1879056608,-3.9938226616740837
2016-12-07,362313.61500288727,376585.1879056608,-3.789732937225537
2016-12-07,363378.70950377674,376585.1879056608,-3.5069033052867744
2016-12-07,362832.92737837264,376585.1879056608,-3.6518325651016434
2016-12-07,363406.2016463357,376585.1879056608,-3.499602927193875
2016-12-07,364197.70206878317,376585.1879056608,-3.2894246068915547
2016-12-08,364342.4378620932,376585.1879056608,-3.250990861232312
2016-12-08,364548.3902822214,376585.1879056608,-3.196301397402483
2016-12-08,365144.2915242781,376585.1879056608,-3.0380632985088996
2016-12-08,365538.62810434436,376585.1879056608,-2.9333495198657977
2016-12-09,366313.7841781015,376585.1879056608,-2.7275113460204308
2016-12-09,366666.62199754507,376585.1879056608,-2.6338173211954445
2016-12-09,367049.1393659647,376585.1879056608,-2.532242065262796
2016-12-09,367338.551057731,376585.1879056608,-2.4553904786733654
2016-12-09,367375.6112674959,376585.1879056608,-2.445549356145145
2016-12-09,367347.1582863376,376585.1879056608,-2.4531048793234502
2016-12-09,367115.1025433186,376585.1879056608,-2.5147259282844017
2016-12-12,366260.8793528127,376585.1879056608,-2.7415599137782407
2016-12-12,366251.29080939316,376585.1879056608,-2.7441060955526426
2016-12-12,365940.4234345456,376585.1879056608,-2.8266551136317766
2016-12-12,363720.15214304207,376585.1879056608,-3.416235204089215
2016-12-13,363825.83210268925,376585.1879056608,-3.388172507243672
2016-12-16,364096.2734779195,376585.1879056608,-3.316358377555169
2016-12-19,364484.8448108837,376585.1879056608,-3.213175526650923
2016-12-19,364971.5144218226,376585.1879056608,-3.083943250244755
2016-12-19,365408.44607204606,376585.1879056608,-2.9679185991815005
2016-12-19,365848.00061097,376585.1879056608,-2.851197455323323
2016-12-20,366246.2231649085,376585.1879056608,-2.745451778985619
2016-12-20,366754.83528558374,376585.1879056608,-2.610392797111195
2016-12-20,367244.6969229971,376585.1879056608,-2.48031289669407
2016-12-20,367612.10340102314,376585.1879056608,-2.3827502495625246
2016-12-20,369103.9431285092,376585.1879056608,-1.9866009119364785
2016-12-20,369589.8377894785,376585.1879056608,-1.8575744189744166
2016-12-21,369819.72430786205,376585.1879056608,-1.7965293949621703
2016-12-21,370406.77035758964,376585.1879056608,-1.6406427407386233
2016-12-21,370973.5558481254,376585.1879056608,-1.49013615982717
2016-12-21,373040.84588255,376585.1879056608,-0.941179349836424
2016-12-21,373459.6126583577,376585.1879056608,-0.8299782752172542
2016-12-21,373767.1425367644,376585.1879056608,-0.7483155098501498
2016-12-21,373721.47054767795,376585.1879056608,-0.7604434401440716
2016-12-21,373876.148883562,376585.1879056608,-0.7193695102998604
2016-12-21,374271.57667830936,376585.1879056608,-0.614365965963325
2016-12-22,374170.6293114202,376585.1879056608,-0.6411719504075266
2016-12-22,373700.10069832345,376585.1879056608,-0.7661180789882972
2016-12-22,373692.8637338213,376585.1879056608,-0.7680398126981084
2016-12-22,373086.9436564594,376585.1879056608,-0.9289383548663982
2016-12-22,373248.8351978767,376585.1879056608,-0.885949000367985
2016-12-22,373459.9432998324,376585.1879056608,-0.8298904753023053
2016-12-23,374001.3855029555,376585.1879056608,-0.6861136565340746
2016-12-23,372884.8170138586,376585.1879056608,-0.982611905789873
2016-12-23,372535.9833432093,376585.1879056608,-1.0752426522590244
2016-12-23,372676.1380617358,376585.1879056608,-1.038025384286824
2016-12-23,372364.0797112301,376585.1879056608,-1.1208906590049128
2016-12-23,372413.2167781667,376585.1879056608,-1.1078425974999297
2016-12-23,372091.2606966537,376585.1879056608,-1.1933361569528518
2016-12-23,371831.89751962584,376585.1879056608,-1.262208535728625
2016-12-23,371567.5251426739,376585.1879056608,-1.3324110783252134
2016-12-23,370082.6083061566,376585.1879056608,-1.7267220826362297
2016-12-27,370395.14978408866,376585.1879056608,-1.6437285162481736
2016-12-27,369245.9749984588,376585.1879056608,-1.9488851773534235
2016-12-27,368819.3566450189,376585.1879056608,-2.0621711926140063
2016-12-27,368327.61900134926,376585.1879056608,-2.1927492555496197
2016-12-27,367815.59339707496,376585.1879056608,-2.3287146680826707
2016-12-27,367767.908520935,376585.1879056608,-2.3413771087923463
2016-12-27,368778.1570121352,376585.1879056608,-2.0731115148058694
2016-12-27,368979.67215017317,376585.1879056608,-2.019600345352107
2016-12-27,369341.09693867184,376585.1879056608,-1.9236261009829392
2016-12-27,369210.281428023,376585.1879056608,-1.9583633967795007
2016-12-27,368574.8319738148,376585.1879056608,-2.1271032927223503
2016-12-27,368344.46945018345,376585.1879056608,-2.1882747171515753
2016-12-27,368266.95825702563,376585.1879056608,-2.2088573623662966
2016-12-27,368015.9710230991,376585.1879056608,-2.275505558308995
2016-12-27,367784.24656182906,376585.1879056608,-2.337038637333887
2016-12-27,368083.26822373347,376585.1879056608,-2.257635179229923
2016-12-27,368088.6869616581,376585.1879056608,-2.2561962649819156
2016-12-27,367975.2285401705,376585.1879056608,-2.2863244869968704
2016-12-27,367569.66253496875,376585.1879056608,-2.394020173982658
2016-12-27,367941.81523232936,376585.1879056608,-2.295197195991862
2016-12-27,367446.9239030064,376585.1879056608,-2.4266127017570325
2016-12-27,367110.4404901304,376585.1879056608,-2.5159639093144364
2016-12-27,366687.43413183955,376585.1879056608,-2.628290780332214
2016-12-27,365924.4145091221,376585.1879056608,-2.830906190396777
2016-12-27,365849.4467377051,376585.1879056608,-2.8508134448041855
2016-12-27,365671.13959423034,376585.1879056608,-2.8981618666755797
2016-12-27,365942.3314251028,376585.1879056608,-2.826148457868758
2016-12-30,365114.34835266025,376585.1879056608,-3.0460145330713613
2016-12-30,364757.27397170616,376585.1879056608,-3.140833552093304
2017-01-05,366033.17386019597,376585.1879056608,-2.8020257791201857
2017-01-05,367395.0931001863,376585.1879056608,-2.440376069113128
2017-01-06,366061.0939430229,376585.1879056608,-2.794611763985337
2017-01-06,364961.00195386296,376585.1879056608,-3.0867347747914655
2017-01-06,365223.1401888499,376585.1879056608,-3.0171254955617703
2017-01-06,365881.84091529454,376585.1879056608,-2.842211359902863
2017-01-06,367506.9703546965,376585.1879056608,-2.4106677167659805
2017-01-06,367972.48137820483,376585.1879056608,-2.287053979832455
2017-01-06,368198.42781783623,376585.1879056608,-2.227055220750087
2017-01-09,368476.2502172625,376585.1879056608,-2.153281103140382
2017-01-09,368765.4073353594,376585.1879056608,-2.076497117103898
2017-01-10,369068.66134404915,376585.1879056608,-1.9959697839986752
2017-01-10,369453.2886582035,376585.1879056608,-1.8938342442836338
2017-01-10,369971.3446357847,376585.1879056608,-1.7562675012945377
2017-01-11,369736.0745674258,376585.1879056608,-1.81874209560009
2017-01-11,368831.4325321708,376585.1879056608,-2.0589645112203394
2017-01-11,369076.274607062,376585.1879056608,-1.9939481264143233
2017-01-11,369306.4214460513,376585.1879056608,-1.9328339757836994
2017-01-11,369642.8382309744,376585.1879056608,-1.8435004608905452
2017-01-12,369202.798155165,376585.1879056608,-1.9603505362364821
2017-01-12,369484.91344568087,376585.1879056608,-1.885436466438667
2017-01-12,369125.4121408844,376585.1879056608,-1.9808999409305388
2017-01-12,368844.3065145475,376585.1879056608,-2.0555459002950647
2017-01-12,368786.28709126194,376585.1879056608,-2.0709526197170964
2017-01-12,368608.1414929147,376585.1879056608,-2.1182581442221835
2017-01-12,368610.5949810194,376585.1879056608,-2.117606634767356
2017-01-12,368597.31232457847,376585.1879056608,-2.1211337667065564
2017-01-12,368236.5303867433,376585.1879056608,-2.2169373058318222
2017-01-12,367958.60581039585,376585.1879056608,-2.2907385559269495
2017-01-12,367195.72300080716,376585.1879056608,-2.493317636063207
2017-01-12,366913.79410631175,376585.1879056608,-2.56818220948505
2017-01-12,367101.59956772754,376585.1879056608,-2.518311564688782
2017-01-12,367081.14525894047,376585.1879056608,-2.523743087075742
2017-01-12,367004.0971407815,376585.1879056608,-2.5442027654256627
2017-01-12,366734.4394653993,376585.1879056608,-2.6158087881908934
2017-01-12,366620.59013609553,376585.1879056608,-2.6460408134962266
2017-01-13,367065.1290723077,376585.1879056608,-2.5279960920125033
2017-01-13,367454.5942830548,376585.1879056608,-2.4245758770770567
2017-01-17,367703.0382205477,376585.1879056608,-2.3586030386670807
2017-01-18,367974.1162536061,376585.1879056608,-2.286619848205992
2017-01-18,368040.8338570844,376585.1879056608,-2.2689033777708874
2017-01-18,367727.66705639916,376585.1879056608,-2.3520629949684917
2017-01-19,367572.0413387876,376585.1879056608,-2.393388496504299
2017-01-19,367249.282522795,376585.1879056608,-2.479095217415855
2017-01-19,367334.18864593696,376585.1879056608,-2.4565488916790073
2017-01-19,367298.4489970627,376585.1879056608,-2.466039346965639
2017-01-19,367461.16507343523,376585.1879056608,-2.4228310420194283
2017-01-19,366408.9919366588,376585.1879056608,-2.7022294810892125
2017-01-20,366336.77305464353,376585.1879056608,-2.7214067839504597
2017-01-20,366283.8467671064,376585.1879056608,-2.7354610508831274
2017-01-20,366232.310128316,376585.1879056608,-2.749146304697014
2017-01-20,366156.3175277687,376585.1879056608,-2.769325696502064
2017-01-20,366304.4274696676,376585.1879056608,-2.729995965366715
2017-01-23,366492.32630939136,376585.1879056608,-2.6801005245054412
2017-01-23,366760.43343723746,376585.1879056608,-2.6089062405939707
2017-01-24,366976.6170043026,376585.1879056608,-2.5514999553740325
2017-01-25,367093.13564515853,376585.1879056608,-2.5205591099563156
2017-01-25,367412.7757020139,376585.1879056608,-2.4356805573416898
2017-01-25,368195.8779928348,376585.1879056608,-2.22773231190591
2017-01-26,368127.93876200885,376585.1879056608,-2.2457731783573402
2017-01-27,368403.7676813212,376585.1879056608,-2.1725284177637736
2017-01-27,368887.3744699152,376585.1879056608,-2.044109455965644
2017-01-27,368941.3200326148,376585.1879056608,-2.029784526459083
2017-01-31,369215.24037582974,376585.1879056608,-1.9570465771153196
2017-01-31,369065.6716841631,376585.1879056608,-1.996763670742516
2017-01-31,369323.27596530603,376585.1879056608,-1.9283583565092146
2017-01-31,369034.210014274,376585.1879056608,-2.005118133663396
2017-01-31,369181.8006616542,376585.1879056608,-1.9659262981583867
2017-01-31,369462.71759509755,376585.1879056608,-1.8913304450910822
2017-02-01,369254.0996711667,376585.1879056608,-1.946727717907646
2017-02-02,369437.9550402801,376585.1879056608,-1.8979059970810952
2017-02-02,369852.53493048565,376585.1879056608,-1.7878167255111834
2017-02-02,370482.343407878,376585.1879056608,-1.6205747580575574
2017-02-02,371092.7257139848,376585.1879056608,-1.4584912970745663
2017-02-02,371474.07421484054,376585.1879056608,-1.35722642710542
2017-02-03,371829.967733934,376585.1879056608,-1.2627209790625158
2017-02-03,372179.97134533635,376585.1879056608,-1.1697795616507312
2017-02-03,372517.55495509546,376585.1879056608,-1.0801362032285518
2017-02-03,372744.6417282101,376585.1879056608,-1.0198346352413594
2017-02-03,373194.30166925595,376585.1879056608,-0.9004300607952441
2017-02-03,373473.8236085913,376585.1879056608,-0.8262046402762202
2017-02-03,374173.8853716972,376585.1879056608,-0.6403073225938031
2017-02-03,374551.41513491335,376585.1879056608,-0.5400564961298773
2017-02-03,374850.070938853,376585.1879056608,-0.4607501894743713
2017-02-06,375158.86067491997,376585.1879056608,-0.3787528762544205
2017-02-06,375633.2436746445,376585.1879056608,-0.25278323778755313
2017-02-06,376128.3215056919,376585.1879056608,-0.12131820757732736
2017-02-06,376509.2160120126,376585.1879056608,-0.020173893208774638
2017-02-06,377859.97180335975,377859.97180335975,0.0
2017-02-06,378286.812710721,378286.812710721,0.0
2017-02-07,378203.09587312175,378286.812710721,-0.02213051969729968
2017-02-07,378852.1805537739,378852.1805537739,0.0
2017-02-07,379585.95452245616,379585.95452245616,0.0
2017-02-07,379963.81480049575,379963.81480049575,0.0
2017-02-08,380262.4343718368,380262.4343718368,0.0
2017-02-08,380385.637534899,380385.637534899,0.0
2017-02-08,377972.1532095839,380385.637534899,-0.6344835575169887
2017-02-08,378139.88050489186,380385.637534899,-0.5903895437695379
2017-02-08,378399.0700954501,380385.637534899,-0.5222509062968086
2017-02-09,378866.6216017451,380385.637534899,-0.39933577487256045
2017-02-09,378701.43979552225,380385.637534899,-0.4427606021855191
2017-02-09,378552.5157972168,380385.637534899,-0.48191139643489306
2017-02-09,378590.71639945067,380385.637534899,-0.471868797959978
2017-02-09,378820.5486566791,380385.637534899,-0.4114479422415884
2017-02-09,379050.4146984967,380385.637534899,-0.35101820485527696
2017-02-09,379034.90655484697,380385.637534899,-0.3550951578523009
2017-02-09,378748.1109514954,380385.637534899,-0.4304911704909849
2017-02-09,378854.9877322087,380385.637534899,-0.4023942156727413
2017-02-09,378382.70797435753,380385.637534899,-0.5265523623661277
2017-02-09,377486.7548072587,380385.637534899,-0.7620904791323283
2017-02-09,377497.31788694276,380385.637534899,-0.7593135394580295
2017-02-09,377161.5943956513,380385.637534899,-0.8475722585482465
2017-02-09,376656.54560349137,380385.637534899,-0.9803450928310877
2017-02-09,376595.34563869203,380385.637534899,-0.9964340191102041
2017-02-09,376669.74372233404,380385.637534899,-0.9768754248046598
2017-02-09,377182.5027367348,380385.637534899,-0.8420756416888407
2017-02-09,377343.3696975823,380385.637534899,-0.7997851488379485
2017-02-09,377243.86173392483,380385.637534899,-0.8259449072090478
2017-02-09,376757.63297396584,380385.637534899,-0.953770122459027
2017-02-09,376881.6772745196,380385.637534899,-0.9211599794058847
2017-02-09,376897.54754736845,380385.637534899,-0.9169878258640952
2017-02-10,376416.28318134637,380385.637534899,-1.0435079461138836
2017-02-10,377123.93781456986,380385.637534899,-0.8574718387020831
2017-02-10,377221.93368696584,380385.637534899,-0.8317095956712863
2017-02-10,377588.04058612924,380385.637534899,-0.7354633489580924
2017-02-10,377964.2256790692,380385.637534899,-0.6365676347618844
2017-02-10,378333.1585599584,380385.637534899,-0.539578462594371
2017-02-10,378685.7033221132,380385.637534899,-0.44689758104492927
2017-02-10,378937.2602894479,380385.637534899,-0.3807654923138909
2017-02-13,379036.0801040846,380385.637534899,-0.3547866421982225
2017-02-13,379236.04272613855,380385.637534899,-0.30221824783144635
2017-02-13,379589.6326835302,380385.637534899,-0.2092625937528331
2017-02-13,379601.1940620835,380385.637534899,-0.2062232101871967
2017-02-13,379975.47891650285,380385.637534899,-0.10782705179254237
2017-02-13,380691.5628415747,380691.5628415747,0.0
2017-02-13,382066.50539107365,382066.50539107365,0.0
2017-02-14,382549.3553837541,382549.3553837541,0.0
2017-02-14,383077.1907409135,383077.1907409135,0.0
2017-02-15,383627.89347165526,383627.89347165526,0.0
2017-02-15,383290.9774713064,383627.89347165526,-0.08782364527770149
2017-02-15,383923.1494458219,383923.1494458219,0.0
2017-02-16,384425.6193747961,384425.6193747961,0.0
2017-02-16,384929.089536494,384929.089536494,0.0
2017-02-17,381845.0586651027,384929.089536494,-0.8011945460149248
2017-02-21,381826.76413864177,384929.089536494,-0.8059472464364386
2017-02-21,382187.4055628919,384929.089536494,-0.7122568930561811
2017-02-21,381984.50550512504,384929.089536494,-0.7649679152372264
2017-02-21,381956.21942910465,384929.089536494,-0.7723163014177699
2017-02-21,382306.3381938612,384929.089536494,-0.6813596098416336
2017-02-21,382930.5430633052,384929.089536494,-0.5191986076176545
2017-02-22,384722.89352956717,384929.089536494,-0.05356727057835817
2017-02-24,385148.40517712676,385148.40517712676,0.0
2017-02-27,385357.6113231119,385357.6113231119,0.0
2017-02-27,386107.6970847276,386107.6970847276,0.0
2017-02-27,386493.60007968644,386493.60007968644,0.0
2017-03-01,386412.68164378894,386493.60007968644,-0.020936552605481676
2017-03-01,386854.7767967107,386854.7767967107,0.0
2017-03-02,386758.78109524766,386854.7767967107,-0.02481440251504636
2017-03-03,386502.3055267907,386854.7767967107,-0.09111203765883023
2017-03-03,386102.0117602527,386854.7767967107,-0.19458594842517543
2017-03-06,385063.9405994131,386854.7767967107,-0.4629220846453773
2017-03-07,384030.43164081435,386854.7767967107,-0.730078914698396
2017-03-07,383735.7495803584,386854.7767967107,-0.8062527344702572
2017-03-08,383949.84482563403,386854.7767967107,-0.7509101981706079
2017-03-08,383817.9559127526,386854.7767967107,-0.7850028140027088
2017-03-08,383822.38709478936,386854.7767967107,-0.783857375894525
2017-03-08,383658.1102892828,386854.7767967107,-0.8263220978935195
2017-03-08,382045.6734342113,386854.7767967107,-1.2431288563425276
2017-03-08,381345.0121079318,386854.7767967107,-1.424246259643381
2017-03-08,381909.448563101,386854.7767967107,-1.2783422954108714
2017-03-08,381550.88986054604,386854.7767967107,-1.3710279035669732
2017-03-09,381521.06620041816,386854.7767967107,-1.3787371686237024
2017-03-09,381614.30965250195,386854.7767967107,-1.3546342086303238
2017-03-09,380339.7667724128,386854.7767967107,-1.6840970863134657
2017-03-09,379857.8671399161,386854.7767967107,-1.808665700015743
2017-03-09,379518.58708386286,386854.7767967107,-1.8963678757165585
2017-03-09,378520.8808950288,386854.7767967107,-2.1542698711618224
2017-03-09,378231.6042001746,386854.7767967107,-2.229046431309149
2017-03-09,378539.10597706836,386854.7767967107,-2.149558779782662
2017-03-10,378194.06082810037,386854.7767967107,-2.2387512027960437
2017-03-10,378737.54921692953,386854.7767967107,-2.0982622075897717
2017-03-13,378962.8695274469,386854.7767967107,-2.0400180487911865
2017-03-13,379579.44298845483,386854.7767967107,-1.880636932674863
2017-03-13,380728.15049367,386854.7767967107,-1.583701861916042
2017-03-13,380055.9401313202,386854.7767967107,-1.7574648351733304
2017-03-13,380848.1955683611,386854.7767967107,-1.5526708182554005
2017-03-14,380676.9505458044,386854.7767967107,-1.596936789060945
2017-03-14,381244.27712945093,386854.7767967107,-1.4502857412584114
2017-03-15,381778.46470285027,386854.7767967107,-1.3122009597229236
2017-03-15,382270.5587665946,386854.7767967107,-1.1849971371880017
2017-03-15,382701.05300739396,386854.7767967107,-1.0737165568203568
2017-03-15,383311.310817506,386854.7767967107,-0.9159680044656014
2017-03-15,383862.2595782436,386854.7767967107,-0.7735505409151575
2017-03-15,384454.6439151881,386854.7767967107,-0.6204221908273962
2017-03-15,385005.4768445594,386854.7767967107,-0.47803466909833386
2017-03-15,385420.9688190538,386854.7767967107,-0.3706320985692126
2017-03-15,385545.70151267335,386854.7767967107,-0.33838932916297965
2017-03-15,385996.3929934775,386854.7767967107,-0.2218878645730745
2017-03-15,386659.0007718699,386854.7767967107,-0.05060711062219894
2017-03-15,387078.68481042515,387078.68481042515,0.0
2017-03-15,387476.8206229343,387476.8206229343,0.0
2017-03-15,387962.48314862826,387962.48314862826,0.0
2017-03-15,388763.3518613311,388763.3518613311,0.0
2017-03-15,389298.386071438,389298.386071438,0.0
2017-03-15,389990.6286436803,389990.6286436803,0.0
2017-03-16,389525.1770432164,389990.6286436803,-0.11934943208318778
2017-03-16,390254.2288480929,390254.2288480929,0.0
2017-03-16,389534.97974448634,390254.2288480929,-0.18430270588727712
2017-03-16,389673.0781252176,390254.2288480929,-0.14891593220929117
2017-03-16,390076.756696218,390254.2288480929,-0.045476035557322596
2017-03-16,390447.6486561458,390447.6486561458,0.0
2017-03-16,390643.94995483174,390643.94995483174,0.0
2017-03-16,390872.6875339848,390872.6875339848,0.0
2017-03-16,390283.25672328076,390872.6875339848,-0.15079866910700018
2017-03-16,389826.83926194685,390872.6875339848,-0.26756749841903266
2017-03-16,389900.41122136475,390872.6875339848,-0.24874501177202216
2017-03-16,389893.1115984003,390872.6875339848,-0.2506125310941105
2017-03-16,390281.3599962594,390872.6875339848,-0.15128392353430298
2017-03-17,390526.08759838436,390872.6875339848,-0.08867335750346646
2017-03-17,391026.6182774821,391026.6182774821,0.0
2017-03-17,391458.86595631746,391458.86595631746,0.0
2017-03-17,391956.17668529315,391956.17668529315,0.0
2017-03-17,391898.05881916714,391956.17668529315,-0.014827643900779537
2017-03-17,392099.6715255673,392099.6715255673,0.0
2017-03-17,391635.8250603445,392099.6715255673,-0.11829810094410725
2017-03-17,392068.2828706279,392099.6715255673,-0.008005274479648758
2017-03-20,392123.8943576729,392123.8943576729,0.0
2017-03-20,391790.78512674297,392123.8943576729,-0.08494999558126501
2017-03-20,391210.13525804,392123.8943576729,-0.23302816094125356
2017-03-20,391637.412077407,392123.8943576729,-0.12406341140286338
2017-03-20,391365.00183420547,392123.8943576729,-0.19353386375766385
2017-03-20,391153.83763281646,392123.8943576729,-0.24738526236598143
2017-03-20,390464.88193311036,392123.8943576729,-0.4230837366542315
2017-03-20,389890.46523496334,392123.8943576729,-0.5695723098864123
2017-03-20,389955.04092729534,392123.8943576729,-0.5531041238714335
2017-03-20,389735.0843446184,392123.8943576729,-0.6091977682124072
2017-03-20,389041.2451847384,392123.8943576729,-0.7861416295439153
2017-03-20,388210.55497278715,392123.8943576729,-0.9979854431712377
2017-03-20,388544.2598020081,392123.8943576729,-0.9128835572564343
2017-03-20,388287.1899410762,392123.8943576729,-0.9784418832424067
2017-03-20,388399.52807199524,392123.8943576729,-0.9497932513851087
2017-03-21,387745.46169395867,392123.8943576729,-1.116594200638145
2017-03-21,387297.742574079,392123.8943576729,-1.2307721750798826
2017-03-21,385790.75413975975,392123.8943576729,-1.6150865349043007
2017-03-21,384481.9023970092,392123.8943576729,-1.9488717904278263
2017-03-21,383221.6850165202,392123.8943576729,-2.2702542408784208
2017-03-21,381590.40267753304,392123.8943576729,-2.6862662111918647
2017-03-21,381271.8028257685,392123.8943576729,-2.767516004012181
2017-03-22,381859.33214705286,392123.8943576729,-2.6176834307519368
2017-03-22,382051.51775907737,392123.8943576729,-2.568671979322964
2017-03-22,381924.91229140054,392123.8943576729,-2.6009590879380142
2017-03-23,382168.37349149206,392123.8943576729,-2.5388712622291707
2017-03-23,381981.3840342613,392123.8943576729,-2.5865575827828016
2017-03-24,380362.34241243044,392123.8943576729,-2.999447907786572
2017-03-24,379886.1187631815,392123.8943576729,-3.1208951483402334
2017-03-24,378621.3398933758,392123.8943576729,-3.4434408763626183
2017-03-24,377048.9749065334,392123.8943576729,-3.8444276587208024
2017-03-24,375895.24637112994,392123.8943576729,-4.138653170607379
2017-03-24,374697.85967716225,392123.8943576729,-4.444012448936766
2017-03-24,374064.02140070125,392123.8943576729,-4.6056547986077225
2017-03-24,373014.6701903687,392123.8943576729,-4.87326185480394
2017-03-27,373957.5159245669,392123.8943576729,-4.63281597844575
2017-03-27,373230.17184034816,392123.8943576729,-4.818304313812348
2017-03-28,373712.64919672033,392123.8943576729,-4.695262243865934
2017-03-28,374153.54079526383,392123.8943576729,-4.582825433743533
2017-03-28,374776.52972971747,392123.8943576729,-4.423949898888884
2017-03-28,375193.3480496176,392123.8943576729,-4.31765229093951
2017-03-28,375818.48065996706,392123.8943576729,-4.1582300727720956
2017-03-28,376352.65895238594,392123.8943576729,-4.02200315569174
2017-03-28,376551.3543551561,392123.8943576729,-3.971331568055999
2017-03-28,376147.444516967,392123.8943576729,-4.074337236417707
2017-03-28,375692.34432619484,392123.8943576729,-4.190397542183475
2017-03-28,374210.5081667609,392123.8943576729,-4.568297532660029
2017-03-29,374640.5339867905,392123.8943576729,-4.458631729015488
2017-03-29,375131.9960847598,392123.8943576729,-4.333298357333469
2017-03-29,375466.60346517724,392123.8943576729,-4.247966301513325
2017-03-30,375777.29927612684,392123.8943576729,-4.168732208559478
2017-03-30,376231.75269634457,392123.8943576729,-4.052836843151523
2017-03-30,376733.8059003326,392123.8943576729,-3.9248025123667576
2017-03-30,377117.61479621247,392123.8943576729,-3.8269230152479716
2017-03-30,376694.7689911674,392123.8943576729,-3.934757761135542
2017-03-30,376859.8729935708,392123.8943576729,-3.892652700776025
2017-03-30,377189.0958637524,392123.8943576729,-3.8086938105071995
2017-03-30,377261.46318170935,392123.8943576729,-3.790238592909334
2017-03-30,377649.71205484396,392123.8943576729,-3.691226806399719
2017-03-30,377372.5281672989,392123.8943576729,-3.761914640406653
2017-03-31,377287.19474270695,392123.8943576729,-3.783676493183237
2017-03-31,377466.4108569514,392123.8943576729,-3.7379725417476855
2017-03-31,377610.9620870783,392123.8943576729,-3.7011088789597504
2017-03-31,377445.4117471602,392123.8943576729,-3.743327764954775
2017-03-31,377593.1910103003,392123.8943576729,-3.7056408845410775
2017-03-31,377675.92162690934,392123.8943576729,-3.6845428036030206
2017-04-03,377877.60295709386,392123.8943576729,-3.6331097404598327
2017-04-03,378207.60569780687,392123.8943576729,-3.548951966485467
2017-04-03,378130.7245204562,392123.8943576729,-3.5685583150036013
2017-04-03,377525.62273960153,392123.8943576729,-3.722872242198956
2017-04-03,377951.0767390884,392123.8943576729,-3.6143723508103442
2017-04-04,377931.11758135224,392123.8943576729,-3.619462363947353
2017-04-04,378190.44393530255,392123.8943576729,-3.553328583863611
2017-04-04,378565.93064712884,392123.8943576729,-3.4575714221019274
2017-04-04,378943.7797787663,392123.8943576729,-3.3612117926393124
2017-04-05,379119.3658493475,392123.8943576729,-3.316433580164185
2017-04-05,379597.7543255634,392123.8943576729,-3.1944342623211552
2017-04-06,379647.614053019,392123.8943576729,-3.1817189628525346
2017-04-06,379004.38475364627,392123.8943576729,-3.345756224704776
2017-04-06,379307.0341496667,392123.8943576729,-3.268574140068946
2017-04-07,379772.27979025955,392123.8943576729,-3.1499265270855723
2017-04-07,380220.03661435936,392123.8943576729,-3.035738937259335
2017-04-07,380486.0037050348,392123.8943576729,-2.9679116269366355
2017-04-07,379948.6613700074,392123.8943576729,-3.104945442717644
2017-04-10,380175.19787858485,392123.8943576729,-3.0471737762017455
2017-04-10,380730.67974741454,392123.8943576729,-2.905513990398686
2017-04-11,381017.6773231369,392123.8943576729,-2.8323234555060175
2017-04-11,381005.1809748516,392123.8943576729,-2.8355102922341797
2017-04-11,381256.1971535374,392123.8943576729,-2.7714957850088537
2017-04-11,381535.3382699924,392123.8943576729,-2.7003088156678965
2017-04-11,381821.8330564804,392123.8943576729,-2.6272465028095313
2017-04-11,381912.05501593556,392123.8943576729,-2.604237968835094
2017-04-12,381876.8453449319,392123.8943576729,-2.613217189818646
2017-04-12,381957.1067835406,392123.8943576729,-2.592748802208596
2017-04-12,381897.654876653,392123.8943576729,-2.6079103130838837
2017-04-12,381907.0994715017,392123.8943576729,-2.605501738910102
2017-04-12,382016.8613434668,392123.8943576729,-2.577510108319756
2017-04-13,381745.15162605426,392123.8943576729,-2.6468019115794417
2017-04-13,381398.8284768675,392123.8943576729,-2.7351217396159444
2017-04-17,381314.32484138105,392123.8943576729,-2.756671978380377
2017-04-17,381659.75327541854,392123.8943576729,-2.6685803218891744
2017-04-17,381617.9002823009,392123.8943576729,-2.6792537324412664
2017-04-17,381634.32288106484,392123.8943576729,-2.675065617664213
2017-04-17,381706.36342961417,392123.8943576729,-2.6566937332710596
2017-04-17,381710.2648551455,392123.8943576729,-2.6556987861159773
2017-04-17,381573.11048193584,392123.8943576729,-2.6906760918051145
2017-04-17,381571.21344226593,392123.8943576729,-2.6911598775925176
2017-04-17,381603.6197313907,392123.8943576729,-2.6828955790911913
2017-04-17,381474.3685029327,392123.8943576729,-2.7158574134292084
2017-04-17,381087.39190563525,392123.8943576729,-2.8145447423234002
2017-04-17,381062.28433168493,392123.8943576729,-2.82094771197447
2017-04-17,381156.37709176063,392123.8943576729,-2.7969520408537822
2017-04-17,381232.62776979763,392123.8943576729,-2.777506483178215
2017-04-17,381184.60484843777,392123.8943576729,-2.789753357712227
2017-04-17,380807.4370517142,392123.8943576729,-2.885939232164324
2017-04-17,381192.8691057269,392123.8943576729,-2.7876457949219873
2017-04-17,380489.8808109182,392123.8943576729,-2.9669228818131614
2017-04-18,380630.5026178053,392123.8943576729,-2.9310613061962396
2017-04-18,380980.5465100041,392123.8943576729,-2.8417926089208128
2017-04-19,381080.1537581678,392123.8943576729,-2.8163906251098316
2017-04-19,381506.558677924,392123.8943576729,-2.707648228665297
2017-04-19,381807.57328304474,392123.8943576729,-2.630883050757983
2017-04-20,382060.3907353518,392123.8943576729,-2.5664091801408486
2017-04-20,382326.1069572435,392123.8943576729,-2.4986458467364887
2017-04-21,382605.0304784707,392123.8943576729,-2.4275143688437426
2017-04-21,382492.4911898724,392123.8943576729,-2.4562143002219856
2017-04-21,383039.49892171327,392123.8943576729,-2.3167156010323002
2017-04-21,383357.9076702801,392123.8943576729,-2.235514543624567
2017-04-21,383477.69714172604,392123.8943576729,-2.2049656601799157
2017-04-21,383119.5908566655,392123.8943576729,-2.296290440488733
2017-04-21,383268.24423701025,392123.8943576729,-2.2583806414472227
2017-04-21,383420.4498777684,392123.8943576729,-2.2195649398416166
2017-04-24,383737.08583266404,392123.8943576729,-2.138815982827836
2017-04-25,384097.18442047393,392123.8943576729,-2.046983122603964
2017-04-25,384392.7739760095,392123.8943576729,-1.9716014486511997
2017-04-26,385029.8580548523,392123.8943576729,-1.8091313497845232
2017-04-27,385399.5247117897,392123.8943576729,-1.7148584267985538
2017-04-27,385698.24844963645,392123.8943576729,-1.638677469161147
2017-04-27,385894.12018811656,392123.8943576729,-1.5887259764573003
2017-04-27,385619.0167102633,392123.8943576729,-1.6588832613898783
2017-04-28,386018.67310830904,392123.8943576729,-1.5569623114563427
2017-04-28,386283.6399473947,392123.8943576729,-1.4893900867339198
2017-05-02,386384.8802422502,392123.8943576729,-1.4635716410048385
2017-05-02,385494.42959683266,392123.8943576729,-1.6906556463996587
2017-05-02,384405.3935406685,392123.8943576729,-1.9683831891060544
2017-05-03,383897.71983802924,392123.8943576729,-2.0978508675475434
2017-05-03,383689.78549840295,392123.8943576729,-2.150878582159757
2017-05-03,382634.59784952074,392123.8943576729,-2.4199740553164464
2017-05-03,382283.52257049154,392123.8943576729,-2.509505778346049
2017-05-04,382964.7784629666,392123.8943576729,-2.3357709199816985
2017-05-05,383375.3090728143,392123.8943576729,-2.2310768129010357
2017-05-05,383762.26849342586,392123.8943576729,-2.132393864430011
2017-05-05,383392.98783688736,392123.8943576729,-2.2265683490386077
2017-05-05,383133.15183207206,392123.8943576729,-2.2928321010195796
2017-05-08,383947.56531095796,392123.8943576729,-2.085139203288886
2017-05-08,384934.59905483434,392123.8943576729,-1.8334244370940809
2017-05-08,385634.9953527658,392123.8943576729,-1.6548083649777061
2017-05-09,385589.4543587281,392123.8943576729,-1.6664222948332938
2017-05-09,385575.7511052753,392123.8943576729,-1.6699169182546054
2017-05-09,385388.4387986062,392123.8943576729,-1.7176855723367308
2017-05-10,384172.02559309616,392123.8943576729,-2.0278970190282504
2017-05-10,384047.58436366176,392123.8943576729,-2.0596322004913024
2017-05-10,383767.4016144374,392123.8943576729,-2.1310848085205376
2017-05-10,381553.3578148407,392123.8943576729,-2.6957134454016143
2017-05-10,381389.03056539537,392123.8943576729,-2.7376204171036305
2017-05-10,381973.6052195495,392123.8943576729,-2.5885413473081758
2017-05-10,382743.4318503459,392123.8943576729,-2.3922190517598634
2017-05-11,383732.94201352604,392123.8943576729,-2.1398727455494213
2017-05-11,384397.0404013101,392123.8943576729,-1.9705134187295463
2017-05-11,384161.57878156035,392123.8943576729,-2.0305611799442578
2017-05-11,384306.7471888588,392123.8943576729,-1.9935401237456178
2017-05-11,384394.82287123863,392123.8943576729,-1.9710789364404926
2017-05-12,384190.08383365814,392123.8943576729,-2.023291780525364
2017-05-12,384034.3949700346,392123.8943576729,-2.062995778640186
2017-05-12,382945.01000974345,392123.8943576729,-2.3408122993792855
2017-05-12,382906.22837597737,392123.8943576729,-2.35070244744833
2017-05-12,382572.76906061557,392123.8943576729,-2.435741722065358
2017-05-12,382522.16179045744,392123.8943576729,-2.4486476609500634
2017-05-15,382151.8587736199,392123.8943576729,-2.543082869353799
2017-05-15,381870.63339770323,392123.8943576729,-2.61480136954297
2017-05-15,382283.358963325,392123.8943576729,-2.509547501681176
2017-05-15,383255.0031576186,392123.8943576729,-2.2617574005741736
2017-05-15,383744.6077373439,392123.8943576729,-2.1368977358686316
2017-05-16,384167.78689912637,392123.8943576729,-2.028977976866011
2017-05-16,383456.1701901445,392123.8943576729,-2.2104554943602053
2017-05-17,381885.7917249635,392123.8943576729,-2.610935671104695
2017-05-17,381610.47593576397,392123.8943576729,-2.6811470999824323
2017-05-17,379573.2379092441,392123.8943576729,-3.200686474102193
2017-05-18,379712.3530753542,392123.8943576729,-3.165209124185024
2017-05-18,379833.38685071806,392123.8943576729,-3.1343429165640533
2017-05-19,380878.26860462443,392123.8943576729,-2.8678756675794013
2017-05-19,381803.6157508766,392123.8943576729,-2.6318923063083535
2017-05-19,381603.2295127306,392123.8943576729,-2.682995093215598
2017-05-19,382111.6724032477,392123.8943576729,-2.553331255374262
2017-05-19,381833.44566737534,392123.8943576729,-2.6242850380627893
2017-05-19,381739.14433455945,392123.8943576729,-2.6483338997039225
2017-05-19,381548.4192050569,392123.8943576729,-2.6969728967777824
2017-05-19,380801.05921748566,392123.8943576729,-2.887565716630162
2017-05-22,381277.7816758578,392123.8943576729,-2.7659912690558737
2017-05-22,380749.20154534647,392123.8943576729,-2.900790534828026
2017-05-22,380438.7198973963,392123.8943576729,-2.9799700116254755
2017-05-22,380415.33752916305,392123.8943576729,-2.985933016831147
2017-05-22,380261.0660931076,392123.8943576729,-3.0252755405271667
2017-05-22,379463.3834136236,392123.8943576729,-3.228701725710469
2017-05-22,379368.2363876587,392123.8943576729,-3.2529662572358378
2017-05-23,378874.3053845274,392123.8943576729,-3.3789292526662384
2017-05-23,379099.06940729305,392123.8943576729,-3.3216096080335635
2017-05-23,377831.646664531,392123.8943576729,-3.644829580343119
2017-05-23,377450.51372695423,392123.8943576729,-3.742026650723418
2017-05-23,377867.0551275043,392123.8943576729,-3.6357996631453275
2017-05-24,378317.25881277677,392123.8943576729,-3.5209880712605863
2017-05-24,378763.103236805,392123.8943576729,-3.407288184453493
2017-05-24,377707.28604945,392123.8943576729,-3.6765442034177336
2017-05-24,378370.78639550076,392123.8943576729,-3.507337390061554
2017-06-01,378772.7789171547,392123.8943576729,-3.404820678522607
2017-06-02,379173.19578201784,392123.8943576729,-3.302705793246604
2017-06-05,379413.22227858694,392123.8943576729,-3.241493890574291
2017-06-05,380156.8044101457,392123.8943576729,-3.0518645050004336
2017-06-05,380587.5153254933,392123.8943576729,-2.9420239873617025
2017-06-05,381138.9185208358,392123.8943576729,-2.8014043507425788
2017-06-07,380537.0824119705,392123.8943576729,-2.954885461566285
2017-06-07,380081.21387170925,392123.8943576729,-3.071141712924794
2017-06-07,380542.9107343576,392123.8943576729,-2.9533991144012717
2017-06-07,381079.39092877007,392123.8943576729,-2.8165851629609353
2017-06-08,381698.8234230425,392123.8943576729,-2.6586165966007815
2017-06-08,382288.88042576815,392123.8943576729,-2.508139410380794
2017-06-08,382761.04799488204,392123.8943576729,-2.387726557221886
2017-06-08,383251.938739129,392123.8943576729,-2.262538892988605
2017-06-08,383372.53102623025,392123.8943576729,-2.2317852743398876
2017-06-08,383774.40743590635,392123.8943576729,-2.129298173844672
2017-06-08,384315.35574380605,392123.8943576729,-1.9913447576709875
2017-06-08,385247.924304414,392123.8943576729,-1.7535197809157255
2017-06-09,385697.4351827038,392123.8943576729,-1.638884869665012
2017-06-09,386954.62917207356,392123.8943576729,-1.3182734487697976
2017-06-09,387170.14061213686,392123.8943576729,-1.2633134110969273
2017-06-09,387082.8530698737,392123.8943576729,-1.2855736057749756
2017-06-09,387423.5817316133,392123.8943576729,-1.198680491980481
2017-06-09,387733.2898362882,392123.8943576729,-1.1196982853026136
2017-06-12,388121.64640522876,392123.8943576729,-1.0206590340535353
2017-06-12,388617.92317622324,392123.8943576729,-0.8940978175259348
2017-06-12,389082.37315628224,392123.8943576729,-0.7756531150372478
2017-06-12,389892.98696213256,392123.8943576729,-0.5689292153936999
2017-06-12,390359.2073342496,392123.8943576729,-0.45003302497390657
2017-06-12,389728.72185694124,392123.8943576729,-0.610820338978608
2017-06-12,390249.19336536474,392123.8943576729,-0.4780889456836198
2017-06-12,391189.2687990325,392123.8943576729,-0.23834955535453511
2017-06-12,391766.7682625845,392123.8943576729,-0.09107481085113969
2017-06-13,392219.0847021667,392219.0847021667,0.0
2017-06-13,392676.70080469525,392676.70080469525,0.0
2017-06-14,393552.33561984246,393552.33561984246,0.0
2017-06-15,391911.7728325915,393552.33561984246,-0.4168601323803831
2017-06-16,391738.70152988285,393552.33561984246,-0.4608368254512194
2017-06-16,392205.9812114239,393552.33561984246,-0.3421030156759419
2017-06-16,393113.01364087756,393552.33561984246,-0.1116298746577051
2017-06-16,392645.212024429,393552.33561984246,-0.23049630590674727
2017-06-16,392165.38933618506,393552.33561984246,-0.3524172411460761
2017-06-19,392292.7004529474,393552.33561984246,-0.3200680196475354
2017-06-19,392333.5816139533,393552.33561984246,-0.309680287875727
2017-06-19,391706.8780398591,393552.33561984246,-0.46892304096652254
2017-06-19,391271.1035559199,393552.33561984246,-0.579651511997671
2017-06-19,391555.8920464658,393552.33561984246,-0.5072879494495445
2017-06-19,391222.60112852015,393552.33561984246,-0.5919757756368004
2017-06-19,390764.8670429724,393552.33561984246,-0.7082840894540235
2017-06-19,390263.47503393656,393552.33561984246,-0.8356856987587097
2017-06-19,390773.9749887858,393552.33561984246,-0.7059697985734866
2017-06-19,391287.52881809225,393552.33561984246,-0.5754779216805185
2017-06-19,391696.5508424632,393552.33561984246,-0.47154713856707164
2017-06-20,391845.8597992991,393552.33561984246,-0.4336083580486626
2017-06-20,391938.74317707575,393552.33561984246,-0.4100070808181857
2017-06-20,391811.9856417533,393552.33561984246,-0.4422156395916486
2017-06-20,391452.67810465104,393552.33561984246,-0.5335141797302428
2017-06-20,391601.5639233141,393552.33561984246,-0.4956829168491424
2017-06-20,391900.42490519077,393552.33561984246,-0.4197435931996038
2017-06-21,392167.1605019807,393552.33561984246,-0.35196719533632764
2017-06-22,392987.2745488013,393552.33561984246,-0.14357965126828404
2017-06-23,393894.7641827901,393894.7641827901,0.0
2017-06-23,394501.7753637861,394501.7753637861,0.0
2017-06-26,394639.0364085975,394639.0364085975,0.0
2017-06-26,395049.50639004674,395049.50639004674,0.0
2017-06-26,395464.1350036083,395464.1350036083,0.0
2017-06-26,395826.5956633556,395826.5956633556,0.0
2017-06-26,396554.70952204894,396554.70952204894,0.0
2017-06-27,396237.8985793527,396554.70952204894,-0.0798908536675991
2017-06-27,395207.21030415996,396554.70952204894,-0.3398015924493914
2017-06-27,394688.40218241216,396554.70952204894,-0.47063048170230204
2017-06-27,394151.41389391315,396554.70952204894,-0.6060439002306602
2017-06-27,393129.691660764,396554.70952204894,-0.863693654127318
2017-06-27,393019.9227874377,396554.70952204894,-0.8913742920545805
2017-06-27,392717.2531661535,396554.70952204894,-0.9676991002125703
2017-06-27,392123.4915904319,396554.70952204894,-1.1174291529554186
2017-06-27,392856.0808511516,396554.70952204894,-0.9326906432040964
2017-06-27,391614.0974221753,396554.70952204894,-1.2458841065910866
2017-06-27,390931.37089212204,396554.70952204894,-1.4180486310966987
2017-06-27,390104.5019702718,396554.70952204894,-1.6265618329312743
2017-06-27,389064.19675612205,396554.70952204894,-1.8888976945841591
2017-06-27,388001.810563497,396554.70952204894,-2.1568017610635333
2017-06-27,387644.37894098565,396554.70952204894,-2.246936013394606
2017-06-27,386434.1898227391,396554.70952204894,-2.552111841391994
2017-06-27,385531.5535859122,396554.70952204894,-2.779731439685203
2017-06-27,384953.3720900914,396554.70952204894,-2.9255326322918096
2017-06-27,384228.54604050703,396554.70952204894,-3.1083134774513526
2017-06-27,383930.92673246673,396554.70952204894,-3.1833647379442644
2017-06-27,384338.46394259203,396554.70952204894,-3.080595258641777
2017-06-27,383347.61732952297,396554.70952204894,-3.3304590452207563
2017-06-27,382439.35485974856,396554.70952204894,-3.559497422010959
2017-06-27,382402.0921909043,396554.70952204894,-3.5688940242828537
2017-06-28,383036.2339229219,396554.70952204894,-3.4089812261769192
2017-06-28,383664.8402394101,396554.70952204894,-3.2504643049566746
2017-06-28,384112.0126719183,396554.70952204894,-3.137699931776701
2017-06-28,384862.6463775376,396554.70952204894,-2.9484111180026913
2017-06-28,385577.8619346662,396554.70952204894,-2.768053770087036
2017-06-28,385991.64613175957,396554.70952204894,-2.6637089754956134
2017-06-28,386462.46846173285,396554.70952204894,-2.5449807600267462
2017-06-28,387055.94947851275,396554.70952204894,-2.395321456397444
2017-06-28,388045.4720477706,396554.70952204894,-2.145791556613751
2017-06-28,388568.88392576657,396554.70952204894,-2.0138017288730126
2017-06-28,389206.5751140801,396554.70952204894,-1.8529938572221842
2017-06-28,389866.53130510834,396554.70952204894,-1.6865713749816749
2017-06-28,390571.44819062605,396554.70952204894,-1.5088110638338588
2017-06-29,391002.05982884445,396554.70952204894,-1.4002228595133512
2017-06-29,391624.8000909334,396554.70952204894,-1.2431851930487388
2017-06-29,391169.7247639267,396554.70952204894,-1.3579424550555819
2017-06-29,392255.5058919824,396554.70952204894,-1.0841388405771775
2017-07-03,391232.66186170554,396554.70952204894,-1.3420714803155036
2017-07-03,390892.44253840565,396554.70952204894,-1.4278652724784906
2017-07-03,391675.70930036594,396554.70952204894,-1.2303473151443496
2017-07-03,392087.72504541924,396554.70952204894,-1.1264484746666041
2017-07-05,391332.4290787738,396554.70952204894,-1.3169129801961788
2017-07-05,391757.7672325284,396554.70952204894,-1.2096546010768798
2017-07-05,391074.8278571751,396554.70952204894,-1.3818727992106141
2017-07-05,389854.18437937164,396554.70952204894,-1.6896849241188359
2017-07-05,389202.90760564775,396554.70952204894,-1.853918700212139
2017-07-05,389190.9366650534,396554.70952204894,-1.856937436418489
2017-07-05,388748.2250459683,396554.70952204894,-1.968576917290798
2017-07-05,388814.85997440584,396554.70952204894,-1.95177345314386
2017-07-05,389138.81764550414,396554.70952204894,-1.870080394577301
2017-07-05,389791.5904129743,396554.70952204894,-1.7054693707271695
2017-07-05,390011.305313951,396554.70952204894,-1.650063421509847
2017-07-05,389841.8850766582,396554.70952204894,-1.6927864640622767
2017-07-06,389349.7320744605,396554.70952204894,-1.816893678118796
2017-07-07,389743.8820986372,396554.70952204894,-1.7175000724668181
2017-07-10,389757.2516409952,396554.70952204894,-1.7141286480360884
2017-07-10,389621.47100405843,396554.70952204894,-1.7483687247963484
2017-07-10,389730.2265750062,396554.70952204894,-1.720943613371281
2017-07-10,389023.58945282036,396554.70952204894,-1.899137720065291
2017-07-10,389873.16144035954,396554.70952204894,-1.684899440418295
2017-07-11,390272.59842478693,396554.70952204894,-1.5841726113487788
2017-07-11,391148.2290710109,396554.70952204894,-1.363363067243422
2017-07-11,391400.81049370125,396554.70952204894,-1.2996691010326094
2017-07-12,394912.0083476863,396554.70952204894,-0.41424326452773713
2017-07-13,395207.821453556,396554.70952204894,-0.3396474776749671
2017-07-13,395663.68710578745,396554.70952204894,-0.22469091776400868
2017-07-14,395513.87485243694,396554.70952204894,-0.2624693755034391
2017-07-14,394767.12509642664,396554.70952204894,-0.45077876587994836
2017-07-17,394480.9764237637,396554.70952204894,-0.5229374531409801
2017-07-17,394143.72873428446,396554.70952204894,-0.6079818824167625
2017-07-17,394473.2765435625,396554.70952204894,-0.5248791474435225
2017-07-19,394034.8486046843,396554.70952204894,-0.6354384040481423
2017-07-19,394059.61351303593,396554.70952204894,-0.6291933872176797
2017-07-20,394360.6345052411,396554.70952204894,-0.5532843171758699
2017-07-20,394705.11297270266,396554.70952204894,-0.46641648804915947
2017-07-21,395166.98120606964,396554.70952204894,-0.3499462451604401
2017-07-24,395279.5059782562,396554.70952204894,-0.32157064666555596
2017-07-25,395543.4895844597,396554.70952204894,-0.25500136886737124
2017-07-25,395787.6184141987,396554.70952204894,-0.19343891004971225
2017-07-25,396162.9347813268,396554.70952204894,-0.09879462563799501
2017-07-27,396928.2117078906,396928.2117078906,0.0
2017-07-27,397248.75081503607,397248.75081503607,0.0
2017-07-27,397509.8086328543,397509.8086328543,0.0
2017-07-28,396952.8953665353,397509.8086328543,-0.1401005092765894
2017-07-28,396878.13349480537,397509.8086328543,-0.15890806323030088
2017-07-28,396461.92475017643,397509.8086328543,-0.26361208199662856
2017-07-28,396199.2245821056,397509.8086328543,-0.32969854385636155
2017-07-28,395205.3007263284,397509.8086328543,-0.579736111280312
2017-07-28,395551.350384525,397509.8086328543,-0.49268174163172673
2017-07-31,395888.2126260152,397509.8086328543,-0.4079386147517325
2017-07-31,396159.2802476241,397509.8086328543,-0.3397471850757753
2017-07-31,396383.2073435093,397509.8086328543,-0.2834147145248319
2017-07-31,396406.41647324985,397509.8086328543,-0.2775760838202551
2017-07-31,395883.3899575748,397509.8086328543,-0.40915183473666666
2017-07-31,395691.5206012045,397509.8086328543,-0.45741966415959073
2017-08-01,395416.1421026559,397509.8086328543,-0.5266955644186777
2017-08-02,395329.76044594805,397509.8086328543,-0.5484262625880981
2017-08-03,395608.6586488566,397509.8086328543,-0.47826492396156656
2017-08-03,396090.39216714783,397509.8086328543,-0.3570770921573601
2017-08-03,397833.5871411365,397833.5871411365,0.0
2017-08-03,398432.0457580832,398432.0457580832,0.0
2017-08-03,398618.60961281206,398618.60961281206,0.0
2017-08-03,398928.3946941499,398928.3946941499,0.0
2017-08-03,399010.61952612776,399010.61952612776,0.0
2017-08-03,398939.8808903406,399010.61952612776,-0.01772850954973799
2017-08-03,399083.8206534722,399083.8206534722,0.0
2017-08-03,398516.80457100377,399083.8206534722,-0.14207944625266763
2017-08-03,398252.150022517,399083.8206534722,-0.20839497567037227
2017-08-03,398162.6171037847,399083.8206534722,-0.23082959068075237
2017-08-03,397607.013995047,399083.8206534722,-0.37004924329105215
2017-08-03,397840.81838123366,399083.8206534722,-0.31146396017839484
2017-08-03,397871.15472193196,399083.8206534722,-0.3038624641697059
2017-08-04,397854.6794820714,399083.8206534722,-0.3079907297139109
2017-08-04,397767.7596385024,399083.8206534722,-0.32977057622002165
2017-08-04,399799.90484786377,399799.90484786377,0.0
2017-08-04,400815.9046843479,400815.9046843479,0.0
2017-08-04,401669.3211042058,401669.3211042058,0.0
2017-08-07,402147.55606646877,402147.55606646877,0.0
2017-08-07,402889.9173471628,402889.9173471628,0.0
2017-08-07,403889.55553477723,403889.55553477723,0.0
2017-08-07,405202.20340202906,405202.20340202906,0.0
2017-08-07,405149.3785293748,405202.20340202906,-0.013036669645616271
2017-08-07,405450.0166123934,405450.0166123934,0.0
2017-08-07,404725.37387342064,405450.0166123934,-0.17872554181332898
2017-08-07,404831.7782032476,405450.0166123934,-0.15248202831788854
2017-08-07,405130.47257446044,405450.0166123934,-0.07881219011970562
2017-08-08,404910.0532208825,405450.0166123934,-0.1331763150541652
2017-08-08,406767.47000232997,406767.47000232997,0.0
2017-08-08,406453.9916129293,406767.47000232997,-0.07706574702221
2017-08-08,405793.33270408586,406767.47000232997,-0.2394825963439333
2017-08-08,405864.94932276336,406767.47000232997,-0.22187631659961207
2017-08-08,405755.2972425666,406767.47000232997,-0.24883326086955157
2017-08-08,405839.9409017878,406767.47000232997,-0.2280244043450369
2017-08-09,405742.5441530382,406767.47000232997,-0.251968489340093
2017-08-09,405391.2826953107,406767.47000232997,-0.338322852368546
2017-08-09,405080.73377943196,406767.47000232997,-0.41466841556635387
2017-08-09,405056.374088582,406767.47000232997,-0.4206570190428857
2017-08-09,404221.057913352,406767.47000232997,-0.6260117331809749
2017-08-09,403072.47007359064,406767.47000232997,-0.9083813729544705
2017-08-09,402929.5142510218,406767.47000232997,-0.943525732597594
2017-08-09,402433.9256313837,406767.47000232997,-1.065361586294356
2017-08-10,402143.2569590551,406767.47000232997,-1.1368197764802566
2017-08-11,404151.9271975805,406767.47000232997,-0.6430068768120686
2017-08-11,404592.90222729096,406767.47000232997,-0.5345972663513496
2017-08-11,398382.46223687707,406767.47000232997,-2.0613761875807994
2017-08-14,398876.833759308,406767.47000232997,-1.939839545914719
2017-08-14,399074.5130954349,406767.47000232997,-1.8912419193331829
2017-08-14,399570.16814835696,406767.47000232997,-1.7693897336313016
2017-08-14,400044.15168501774,406767.47000232997,-1.652865288680462
2017-08-14,400311.82326204417,406767.47000232997,-1.5870607205263534
2017-08-14,400528.95170344436,406767.47000232997,-1.533681712269144
2017-08-15,398848.5494307941,406767.47000232997,-1.9467929850660193
2017-08-15,397828.7079174349,406767.47000232997,-2.1975115376959335
2017-08-15,396868.5022434517,406767.47000232997,-2.433569173764448
2017-08-15,395108.8281546166,406767.47000232997,-2.866168685427722
2017-08-15,395628.0062235835,406767.47000232997,-2.7385335849699786
2017-08-16,394903.6504953396,406767.47000232997,-2.9166097050293667
2017-08-16,394056.9469076635,406767.47000232997,-3.1247639086266354
2017-08-16,394071.77095018484,406767.47000232997,-3.1211195556204143
2017-08-16,394164.731685835,406767.47000232997,-3.098266023195705
2017-08-16,393784.8556517396,406767.47000232997,-3.1916550137394286
2017-08-17,392455.14560760313,406767.47000232997,-3.518551863216804
2017-08-18,391544.87841103435,406767.47000232997,-3.7423325889871224
2017-08-18,390249.02034007455,406767.47000232997,-4.06090724564597
2017-08-18,390239.0390771426,406767.47000232997,-4.063361046322777
2017-08-18,389417.7802155406,406767.47000232997,-4.265259900623316
2017-08-18,389273.3691907191,406767.47000232997,-4.300762008208441
2017-08-23,389659.46329651924,406767.47000232997,-4.20584436255749
2017-08-23,390118.4179489451,406767.47000232997,-4.093014629043351
2017-08-23,389603.56278294284,406767.47000232997,-4.219586984005582
2017-08-24,389483.4734554114,406767.47000232997,-4.249109828477578
2017-08-24,389904.8402242637,406767.47000232997,-4.145520726613083
2017-08-24,390599.1709294628,406767.47000232997,-3.974825979268827
2017-08-25,391036.56352181564,406767.47000232997,-3.867297077719666
2017-08-25,391804.68335305416,406767.47000232997,-3.6784619598981445
2017-08-28,391230.4809744457,406767.47000232997,-3.8196242752143545
2017-08-29,391142.2320018672,406767.47000232997,-3.841319464502228
2017-08-29,391169.4869572923,406767.47000232997,-3.834619087152745
2017-08-29,391272.6275361257,406767.47000232997,-3.8092629349430274
2017-08-29,391787.5737734064,406767.47000232997,-3.682668190953857
2017-08-29,392268.7662253674,406767.47000232997,-3.5643715012116237
2017-08-29,392092.7396703318,406767.47000232997,-3.607645992909435
2017-08-29,392153.2822882238,406767.47000232997,-3.592762153281938
2017-08-29,392330.506988153,406767.47000232997,-3.5491931088034874
2017-08-29,392430.7526690999,406767.47000232997,-3.524548640319727
2017-08-29,392227.8927928794,406767.47000232997,-3.574419854509829
2017-08-29,392181.56020064896,406767.47000232997,-3.5858102914663883
2017-08-29,391417.8865717262,406767.47000232997,-3.7735523517934864
2017-08-30,391167.2281308827,406767.47000232997,-3.8351743986208846
2017-08-31,391664.6245683424,406767.47000232997,-3.712894109723438
2017-08-31,392181.3929361742,406767.47000232997,-3.585851411882136
2017-08-31,392700.53150223155,406767.47000232997,-3.458226022847364
2017-08-31,393689.5332169824,406767.47000232997,-3.215089147928342
2017-08-31,394739.77005478163,406767.47000232997,-2.9568981874286644
2017-09-01,395360.95049299864,406767.47000232997,-2.8041867530031315
2017-09-01,396236.52329438966,406767.47000232997,-2.588935321666698
2017-09-01,396717.2178896341,406767.47000232997,-2.4707610253687005
2017-09-06,396485.9951343207,406767.47000232997,-2.5276049896395065
2017-09-07,396830.3812994601,406767.47000232997,-2.442940853361006
2017-09-08,397131.68138147675,406767.47000232997,-2.3688690299639794
2017-09-08,397209.4868759326,406767.47000232997,-2.349741272659442
2017-09-08,396709.33140093304,406767.47000232997,-2.472699845279987
2017-09-08,397246.5422107627,406767.47000232997,-2.340631563166236
2017-09-11,396533.0866871956,406767.47000232997,-2.5160279692660192
2017-09-11,396987.30928936787,406767.47000232997,-2.404361566303735
2017-09-11,397785.1335120139,406767.47000232997,-2.208223900073581
2017-09-11,398361.1525092646,406767.47000232997,-2.066614985956774
2017-09-11,399180.24285997136,406767.47000232997,-1.865249239895006
2017-09-11,399614.4157614227,406767.47000232997,-1.7585118694143067
2017-09-12,400225.79804240214,406767.47000232997,-1.6082092208333076
2017-09-13,400673.1361483139,406767.47000232997,-1.498235307258268
2017-09-13,401599.5950587578,406767.47000232997,-1.2704739991972696
2017-09-15,402004.57892988273,406767.47000232997,-1.1709124803957296
2017-09-18,402459.0778398786,406767.47000232997,-1.0591781497243788
2017-09-19,402455.142290957,406767.47000232997,-1.0601456678303909
2017-09-19,402058.01158166805,406767.47000232997,-1.1577765598205143
2017-09-20,401734.8469887975,406767.47000232997,-1.2372235698945298
2017-09-20,402056.18773160875,406767.47000232997,-1.1582249363977488
2017-09-20,402748.5846808043,406767.47000232997,-0.9880055849851175
2017-09-21,402690.92496171826,406767.47000232997,-1.0021806907490294
2017-09-21,403442.46828204533,406767.47000232997,-0.8174207539913627
2017-09-26,403021.0882313805,406767.47000232997,-0.92101312106595
2017-09-26,403424.2663720573,406767.47000232997,-0.8218955243037254
2017-09-26,403453.83503070055,406767.47000232997,-0.814626344533018
2017-09-26,402978.5354959245,406767.47000232997,-0.931474315383133
2017-09-26,400050.21339845395,406767.47000232997,-1.6513750727995866
2017-09-26,397994.4717537754,406767.47000232997,-2.156760039957064
2017-09-26,397441.86609988764,406767.47000232997,-2.292613001327
2017-09-26,397609.0743843809,406767.47000232997,-2.251506399441582
2017-09-26,396862.69907564437,406767.47000232997,-2.4349958286066635
2017-09-26,396882.9701890406,406767.47000232997,-2.430012363877761
2017-09-26,397096.6658978793,406767.47000232997,-2.3774772610000716
2017-09-26,395599.74914474733,406767.47000232997,-2.7454803250413975
2017-09-26,396128.12317395775,406767.47000232997,-2.6155844832703257
2017-09-27,396687.6690193998,406767.47000232997,-2.47802534034308
2017-09-27,397150.07202643814,406767.47000232997,-2.3643478609134454
2017-09-27,397802.35309822916,406767.47000232997,-2.2039906249261914
2017-09-27,398269.798699901,406767.47000232997,-2.089073470496625
2017-09-28,398787.2730582257,406767.47000232997,-1.9618572114575838
2017-09-28,399306.46223139967,406767.47000232997,-1.8342193811337872
2017-09-28,400423.57713847794,406767.47000232997,-1.5595870691959934
2017-09-28,400894.16506584233,406767.47000232997,-1.443897403215157
2017-09-28,400310.4935271558,406767.47000232997,-1.58738762348356
2017-09-28,400438.97604626435,406767.47000232997,-1.5558013909099886
2017-09-28,400848.3248485327,406767.47000232997,-1.4551667943760067
2017-09-29,401013.2590703453,406767.47000232997,-1.4146192496542778
2017-09-29,401969.971307387,406767.47000232997,-1.1794204425726307
2017-09-29,402453.9811723378,406767.47000232997,-1.060431118045767
2017-09-29,404267.8231267422,406767.47000232997,-0.6145149403351846
2017-09-29,405192.84571592504,406767.47000232997,-0.3871067384999857
2017-09-29,405890.7116978894,406767.47000232997,-0.21554287623726867
2017-09-29,406245.4487576436,406767.47000232997,-0.1283340687699038
2017-10-02,406891.00337091734,406891.00337091734,0.0
2017-10-02,407501.401786751,407501.401786751,0.0
2017-10-02,407663.0545358459,407663.0545358459,0.0
2017-10-02,407164.671410803,407663.0545358459,-0.12225368953542715
2017-10-02,406869.14912573976,407663.0545358459,-0.19474548926442167
2017-10-02,407400.0243079394,407663.0545358459,-0.06452147796565896
2017-10-03,407105.282562945,407663.0545358459,-0.13682181073189495
2017-10-04,407593.8795701494,407663.0545358459,-0.01696866196894597
2017-10-04,407502.7103729732,407663.0545358459,-0.039332522554751725
2017-10-05,407827.99792804476,407827.99792804476,0.0
2017-10-05,408094.7041194559,408094.7041194559,0.0
2017-10-05,407707.47846120526,408094.7041194559,-0.0948862247762167
2017-10-10,407895.5559683886,408094.7041194559,-0.04879949410197843
2017-10-13,408028.5873574968,408094.7041194559,-0.016201328096565114
2017-10-16,408128.0056940972,408128.0056940972,0.0
2017-10-16,408397.21572374593,408397.21572374593,0.0
2017-10-16,408778.53020476364,408778.53020476364,0.0
2017-10-16,408866.01340304536,408866.01340304536,0.0
2017-10-16,408403.3054742121,408866.01340304536,-0.11316859647542772
2017-10-16,408417.88732547814,408866.01340304536,-0.10960218332588105
2017-10-17,407366.7460660049,408866.01340304536,-0.3666891568124857
2017-10-17,407331.8057799369,408866.01340304536,-0.3752348135613068
2017-10-17,407006.1322195745,408866.01340304536,-0.4548876948687556
2017-10-17,407450.1358506298,408866.01340304536,-0.3462937749780181
2017-10-18,407850.23501831864,408866.01340304536,-0.2484379604634464
2017-10-18,407551.8649693096,408866.01340304536,-0.32141297898495874
2017-10-18,407807.46661917114,408866.01340304536,-0.25889820850204576
2017-10-18,408275.0242226318,408866.01340304536,-0.14454348393857933
2017-10-18,408395.93644191936,408866.01340304536,-0.11497090629115679
2017-10-18,408659.0846270356,408866.01340304536,-0.0506104125132509
2017-10-18,408746.71723686735,408866.01340304536,-0.029177325154785074
2017-10-18,409172.41657447105,409172.41657447105,0.0
2017-10-19,409040.531950033,409172.41657447105,-0.032232041822903706
2017-10-19,409153.7038022964,409172.41657447105,-0.004573322007207231
2017-10-19,409158.36663577205,409172.41657447105,-0.0034337453185680654
2017-10-20,409452.26993199857,409452.26993199857,0.0
2017-10-20,409765.88449915475,409765.88449915475,0.0
2017-10-20,410075.6353957545,410075.6353957545,0.0
2017-10-20,410365.5393825903,410365.5393825903,0.0
2017-10-20,410670.4385374072,410670.4385374072,0.0
2017-10-20,410971.8471631568,410971.8471631568,0.0
2017-10-20,410864.8144071629,410971.8471631568,-0.02604381704798296
2017-10-20,410493.09614241833,410971.8471631568,-0.11649241281201003
2017-10-20,410449.9533906793,410971.8471631568,-0.12699015177802814
2017-10-23,410616.9526257693,410971.8471631568,-0.08635495103550973
2017-10-23,410906.343802614,410971.8471631568,-0.015938649081418656
2017-10-23,411257.5364599137,411257.5364599137,0.0
2017-10-23,411543.6411803212,411543.6411803212,0.0
2017-10-23,411426.2308597809,411543.6411803212,-0.0285292515281177
2017-10-23,411601.72788393503,411601.72788393503,0.0
2017-10-23,411220.9002775065,411601.72788393503,-0.09252332549389058
2017-10-23,411351.8130392273,411601.72788393503,-0.0607176374094893
2017-10-23,411427.94056660205,411601.72788393503,-0.0422222030569297
2017-10-24,411734.0695776734,411734.0695776734,0.0
2017-10-24,411995.4543932315,411995.4543932315,0.0
2017-10-24,412248.06306945556,412248.06306945556,0.0
2017-10-24,412208.6019214831,412248.06306945556,-0.009572185173806966
2017-10-24,412448.50668746454,412448.50668746454,0.0
2017-10-24,412607.8705269074,412607.8705269074,0.0
2017-10-26,412626.10545799666,412626.10545799666,0.0
2017-10-26,412127.24062537285,412626.10545799666,-0.1208999687671447
2017-10-26,412392.2047280369,412626.10545799666,-0.05668587781186385
2017-10-27,412941.5577212455,412941.5577212455,0.0
2017-10-27,413085.09573453426,413085.09573453426,0.0
2017-10-27,412905.6757849601,413085.09573453426,-0.043434137766487205
2017-10-27,412861.4126566731,413085.09573453426,-0.054149394439758615
2017-10-27,413195.38540700945,413195.38540700945,0.0
2017-10-27,413922.4344056059,413922.4344056059,0.0
2017-10-27,414031.25019746186,414031.25019746186,0.0
2017-10-30,414358.0092045874,414358.0092045874,0.0
2017-10-30,414871.14562511124,414871.14562511124,0.0
2017-10-30,415379.25202409056,415379.25202409056,0.0
2017-10-30,415376.1449702442,415379.25202409056,-0.0007480041025673249
2017-10-30,414347.6284637761,415379.25202409056,-0.24835702681043964
2017-10-31,414558.598309449,415379.25202409056,-0.19756733410314495
2017-10-31,413672.1262174096,415379.25202409056,-0.4109800377275299
2017-10-31,413504.3603210522,415379.25202409056,-0.45136864537702587
2017-10-31,413961.3781559518,415379.25202409056,-0.3413444126613552
2017-10-31,414289.8409305514,415379.25202409056,-0.26226901999331653
2017-10-31,414537.6859973351,415379.25202409056,-0.20260184461659775
2017-10-31,414614.8431817484,415379.25202409056,-0.18402672704938472
2017-10-31,414886.6936767421,415379.25202409056,-0.11858039248428962
2017-10-31,415320.7107922579,415379.25202409056,-0.014093441486876782
2017-11-01,415235.74275745533,415379.25202409056,-0.0345489732421458
2017-11-01,415122.69930383045,415379.25202409056,-0.06176348939191328
2017-11-01,415386.66457988357,415386.66457988357,0.0
2017-11-02,415687.56065580144,415687.56065580144,0.0
2017-11-02,415131.64282821724,415687.56065580144,-0.133734535309925
2017-11-02,414731.0522491059,415687.56065580144,-0.2301027255149381
2017-11-02,414519.5140665123,415687.56065580144,-0.28099147047999357
2017-11-02,414563.76478427334,415687.56065580144,-0.27034628357778223
2017-11-02,414865.9451319581,415687.56065580144,-0.19765217957138811
2017-11-02,415058.950120755,415687.56065580144,-0.1512218778100359
2017-11-02,415308.93898436177,415687.56065580144,-0.09108323348486715
2017-11-02,416291.50968884124,416291.50968884124,0.0
2017-11-02,416618.67158350267,416618.67158350267,0.0
2017-11-02,416943.8238220017,416943.8238220017,0.0
2017-11-02,417008.42051545397,417008.42051545397,0.0
2017-11-03,416679.7664882857,417008.42051545397,-0.07881232392431034
2017-11-03,416897.0694761804,417008.42051545397,-0.026702347913241085
2017-11-03,416847.7868519612,417008.42051545397,-0.038520484381151715
2017-11-06,417050.7280432884,417050.7280432884,0.0
2017-11-06,416146.9229107233,417050.7280432884,-0.21671347675270733
2017-11-06,415644.1560015851,417050.7280432884,-0.337266415599513
2017-11-07,415584.37678020645,417050.7280432884,-0.35160021658797913
2017-11-07,415653.79703246633,417050.7280432884,-0.3349546990065608
2017-11-07,416447.56174795504,417050.7280432884,-0.14462660169981803
2017-11-08,418433.49314649764,418433.49314649764,0.0
2017-11-08,418115.4120626848,418433.49314649764,-0.07601711837668407
2017-11-08,418165.7285724538,418433.49314649764,-0.06399214652497075
2017-11-08,417987.15766589856,418433.49314649764,-0.10666820125768844
2017-11-08,418553.43704308703,418553.43704308703,0.0
2017-11-09,419077.87283725047,419077.87283725047,0.0
2017-11-10,419209.4425931591,419209.4425931591,0.0
2017-11-10,420177.52456825774,420177.52456825774,0.0
2017-11-13,419511.0123041608,420177.52456825774,-0.15862634841827672
2017-11-13,419643.5952304392,420177.52456825774,-0.12707232219694514
2017-11-13,419297.12487872737,420177.52456825774,-0.2095304098987691
2017-11-13,418337.17860729166,420177.52456825774,-0.43799248016825204
2017-11-13,417875.799607051,420177.52456825774,-0.5477982106662657
2017-11-13,417590.25096440583,420177.52456825774,-0.6157572579614751
2017-11-13,418203.26221284014,420177.52456825774,-0.46986386467153285
2017-11-13,419142.43003845913,420177.52456825774,-0.2463469531984576
2017-11-13,419713.7684460418,420177.52456825774,-0.11037147279413917
2017-11-14,420163.76994433574,420177.52456825774,-0.003273526811346874
2017-11-14,420719.2794537504,420719.2794537504,0.0
2017-11-14,421157.41983158054,421157.41983158054,0.0
2017-11-14,421773.792340967,421773.792340967,0.0
2017-11-14,421896.5995060927,421896.5995060927,0.0
2017-11-15,421914.5498148444,421914.5498148444,0.0
2017-11-15,422621.6901724062,422621.6901724062,0.0
2017-11-16,423077.25543581595,423077.25543581595,0.0
2017-11-16,423494.45757260366,423494.45757260366,0.0
2017-11-16,423995.19785240456,423995.19785240456,0.0
2017-11-16,425019.9656712402,425019.9656712402,0.0
2017-11-16,425600.17636539915,425600.17636539915,0.0
2017-11-16,425260.581394802,425600.17636539915,-0.07979201829690256
2017-11-16,425685.74267682014,425685.74267682014,0.0
2017-11-16,426186.3428640756,426186.3428640756,0.0
2017-11-17,426222.52792172815,426222.52792172815,0.0
2017-11-17,427008.66893572576,427008.66893572576,0.0
2017-11-17,427530.45654440875,427530.45654440875,0.0
2017-11-17,427373.80434916087,427530.45654440875,-0.03664117792076126
2017-11-17,427369.55317147326,427530.45654440875,-0.037635534608695564
2017-11-17,427628.55671282246,427628.55671282246,0.0
2017-11-17,427836.4680590682,427836.4680590682,0.0
2017-11-17,428290.9855937106,428290.9855937106,0.0
2017-11-17,428173.3559218092,428290.9855937106,-0.027464895563548752
2017-11-17,427859.68071322044,428290.9855937106,-0.10070370262224612
2017-11-17,428204.3114770637,428290.9855937106,-0.020237203107784013
2017-11-20,428666.79648656846,428666.79648656846,0.0
2017-11-20,428523.9361501944,428666.79648656846,-0.03332666246721078
2017-11-20,427900.3202972926,428666.79648656846,-0.178804655634174
2017-11-20,428093.06339078187,428666.79648656846,-0.1338412726362326
2017-11-20,428954.8338100682,428954.8338100682,0.0
2017-11-20,428145.53645410313,428954.8338100682,-0.1886672656831302
2017-11-21,427478.66617705557,428954.8338100682,-0.3441312503465692
2017-11-21,427787.1969304128,428954.8338100682,-0.27220508725457565
2017-11-21,427899.3857925249,428954.8338100682,-0.2460510837862775
2017-11-21,428548.2690689812,428954.8338100682,-0.0947803146256297
2017-11-22,428741.8481832507,428954.8338100682,-0.04965222676842747
2017-11-22,428658.3007056367,428954.8338100682,-0.06912921386096858
2017-11-22,428742.29260292294,428954.8338100682,-0.04954862153141462
2017-11-24,428907.8268789278,428954.8338100682,-0.010958480342289889
2017-11-24,428790.7966001138,428954.8338100682,-0.03824113799986595
2017-11-24,429345.028409196,429345.028409196,0.0
2017-11-28,429897.4284684589,429897.4284684589,0.0
2017-11-28,429250.96497927594,429897.4284684589,-0.15037621683060706
2017-11-29,429419.5610132199,429897.4284684589,-0.11115848190612308
2017-11-30,429904.6733570814,429904.6733570814,0.0
2017-11-30,430346.0554418068,430346.0554418068,0.0
2017-12-01,430865.02866018825,430865.02866018825,0.0
2017-12-04,431596.6316916615,431596.6316916615,0.0
2017-12-07,432766.74804929935,432766.74804929935,0.0
2017-12-07,434045.99227650615,434045.99227650615,0.0
2017-12-07,435118.6070175137,435118.6070175137,0.0
2017-12-07,435833.8808134687,435833.8808134687,0.0
2017-12-07,435910.77890102466,435910.77890102466,0.0
2017-12-07,436120.27626863203,436120.27626863203,0.0
2017-12-07,436709.3428060614,436709.3428060614,0.0
2017-12-07,437478.241653241,437478.241653241,0.0
2017-12-08,437941.588303004,437941.588303004,0.0
2017-12-08,436864.6013018022,437941.588303004,-0.2459202391293859
2017-12-08,437410.3569085834,437941.588303004,-0.12130188331258944
2017-12-08,437834.0927273503,437941.588303004,-0.024545642278509947
2017-12-08,437397.0328140015,437941.588303004,-0.12434431977849199
2017-12-08,437684.44125354005,437941.588303004,-0.0587172025521405
2017-12-11,437510.32841789804,437941.588303004,-0.09847429351869721
2017-12-11,437767.9655783233,437941.588303004,-0.03964517856216232
2017-12-11,437222.61085508246,437941.588303004,-0.16417199624897896
2017-12-11,437913.65386544657,437941.588303004,-0.0063785761168878305
2017-12-11,438397.9513368147,438397.9513368147,0.0
2017-12-12,438277.94465718255,438397.9513368147,-0.027373914331985445
2017-12-12,436237.73319098586,438397.9513368147,-0.49275279212451123
2017-12-13,436015.59463771706,438397.9513368147,-0.5434233193455964
2017-12-14,435118.4385180577,438397.9513368147,-0.748067551127167
2017-12-14,434310.9673878945,438397.9513368147,-0.9322543448156275
2017-12-14,433973.38705702254,438397.9513368147,-1.009257517353863
2017-12-15,436171.3438669968,438397.9513368147,-0.5078964130713254
2017-12-15,436680.4800269867,438397.9513368147,-0.39176079737390973
2017-12-15,435885.96550091647,438397.9513368147,-0.5729921474857167
2017-12-15,435459.0581625355,438397.9513368147,-0.6703711012602981
2017-12-15,435616.6997591406,438397.9513368147,-0.6344125398380951
2017-12-18,436269.1768200918,438397.9513368147,-0.4855803979538627
2017-12-18,436873.70144821604,438397.9513368147,-0.34768636211704584
2017-12-18,437517.7952562105,438397.9513368147,-0.20076646752575056
2017-12-18,438285.4173961756,438397.9513368147,-0.025669358238537398
2017-12-18,438873.22043069993,438873.22043069993,0.0
2017-12-18,439315.44084792,439315.44084792,0.0
2017-12-18,440086.218631159,440086.218631159,0.0
2017-12-18,440660.5816994793,440660.5816994793,0.0
2017-12-18,441579.4593514581,441579.4593514581,0.0
2017-12-18,442367.3089675318,442367.3089675318,0.0
2017-12-18,442997.7584054497,442997.7584054497,0.0
2017-12-18,443647.84987643926,443647.84987643926,0.0
2017-12-18,444265.3088119239,444265.3088119239,0.0
2017-12-18,444638.747542171,444638.747542171,0.0
2017-12-18,444227.84520653903,444638.747542171,-0.09241262438401882
2017-12-18,444759.55740188534,444759.55740188534,0.0
2017-12-18,444806.29269091785,444806.29269091785,0.0
2017-12-18,445398.40646028385,445398.40646028385,0.0
2017-12-18,446074.85790430784,446074.85790430784,0.0
2017-12-18,446864.2330728858,446864.2330728858,0.0
2017-12-19,445760.1270900026,446864.2330728858,-0.24707862056686644
2017-12-19,445505.5864250568,446864.2330728858,-0.30404014178672883
2017-12-19,445712.23120013933,446864.2330728858,-0.2577968401777529
2017-12-19,445667.1601511876,446864.2330728858,-0.2678829123258356
2017-12-19,446135.4498012901,446864.2330728858,-0.16308829788952764
2017-12-20,447803.1185883552,447803.1185883552,0.0
2017-12-20,448868.2249944981,448868.2249944981,0.0
2017-12-20,449993.1374285957,449993.1374285957,0.0
2017-12-20,450809.72203357605,450809.72203357605,0.0
2017-12-20,452635.5689353491,452635.5689353491,0.0
2017-12-20,452804.3322712721,452804.3322712721,0.0
2017-12-20,452768.0306037778,452804.3322712721,-0.008017076009896438
2017-12-20,453333.4106489817,453333.4106489817,0.0
2017-12-20,451436.5464991981,453333.4106489817,-0.41842584403122995
2017-12-20,451253.39242383867,453333.4106489817,-0.4588274714112328
2017-12-21,451196.31156748394,453333.4106489817,-0.4714188346361531
2017-12-21,451394.46166098537,453333.4106489817,-0.427709262641941
2017-12-21,452501.2688358948,453333.4106489817,-0.18356066275715144
2017-12-21,452981.4208650417,453333.4106489817,-0.07764479203861528
2017-12-22,453220.06093692896,453333.4106489817,-0.025003608688462416
2017-12-22,453723.9887207478,453723.9887207478,0.0
2017-12-26,453814.5455951615,453814.5455951615,0.0
2017-12-26,454057.75404319493,454057.75404319493,0.0
2017-12-26,454175.29454119457,454175.29454119457,0.0
2017-12-26,453454.12845241185,454175.29454119457,-0.15878584710584812
2017-12-26,454091.4443730931,454175.29454119457,-0.018462071607438384
2017-12-26,454373.60187061725,454373.60187061725,0.0
2017-12-26,453880.0067653216,454373.60187061725,-0.10863199430238965
2017-12-26,453032.0366924867,454373.60187061725,-0.29525596835014434
2017-12-26,453427.24674454855,454373.60187061725,-0.20827687219781948
2017-12-26,453330.3629061974,454373.60187061725,-0.2295993781603827
2017-12-26,452885.9089747557,454373.60187061725,-0.3274162252685612
2017-12-26,451184.19266736286,454373.60187061725,-0.7019354095668983
2017-12-26,451072.65408357116,454373.60187061725,-0.7264831789206864
2017-12-26,451003.8792231492,454373.60187061725,-0.7416193708426668
2017-12-26,451185.86759703787,454373.60187061725,-0.7015667856705913
2017-12-28,451878.8296987472,454373.60187061725,-0.5490574631975285
2018-01-02,451888.1166078441,454373.60187061725,-0.5470135704496573
2018-01-02,452466.6968798488,454373.60187061725,-0.4196777680124688
2018-01-02,451666.43064368545,454373.60187061725,-0.5958029286443142
2018-01-02,451860.1308678674,454373.60187061725,-0.5531727618862806
2018-01-02,452167.74721297796,454373.60187061725,-0.48547156977385325
2018-01-03,452405.9008824387,454373.60187061725,-0.43305794616537846
2018-01-03,451254.4907382364,454373.60187061725,-0.686463984602039
2018-01-04,451978.6527109194,454373.60187061725,-0.527088094431116
2018-01-05,452697.46755399037,454373.60187061725,-0.3688890176996147
2018-01-05,453174.739226945,454373.60187061725,-0.26384953675492034
2018-01-05,454235.0720162926,454373.60187061725,-0.030488094764821446
2018-01-05,453872.58960252703,454373.60187061725,-0.11026438728561443
2018-01-08,454302.2631656919,454373.60187061725,-0.015700451045489037
2018-01-10,454608.1912894177,454608.1912894177,0.0
2018-01-10,453570.8534503797,454608.1912894177,-0.22818283060315414
2018-01-10,453941.2180188493,454608.1912894177,-0.1467138699539491
2018-01-10,454543.3930841538,454608.1912894177,-0.014253637859024391
2018-01-11,455057.4802735305,455057.4802735305,0.0
2018-01-11,455163.56453832425,455163.56453832425,0.0
2018-01-11,455547.6271964355,455547.6271964355,0.0
2018-01-11,455142.6023066356,455547.6271964355,-0.08890944999375248
2018-01-11,454882.46577797725,455547.6271964355,-0.14601358425503327
2018-01-11,454761.232670289,455547.6271964355,-0.1726261930033998
2018-01-12,454684.33126378304,455547.6271964355,-0.1895072833471762
2018-01-12,455399.36214742484,455547.6271964355,-0.03254655279913396
2018-01-12,456016.04921379837,456016.04921379837,0.0
2018-01-12,457044.5776449598,457044.5776449598,0.0
2018-01-16,456294.63508751476,457044.5776449598,-0.16408521053007596
2018-01-16,456948.16328110243,457044.5776449598,-0.021095177270050683
2018-01-16,456105.7353844597,457044.5776449598,-0.20541590611088617
2018-01-16,455668.3465655464,457044.5776449598,-0.3011152843131335
2018-01-16,455651.00689249823,457044.5776449598,-0.3049091534226903
2018-01-16,455986.10533448827,457044.5776449598,-0.23159060674684623
2018-01-16,455736.86896738224,457044.5776449598,-0.2861227857282237
2018-01-16,455663.2344832008,457044.5776449598,-0.3022337927903432
2018-01-16,455091.5077227326,457044.5776449598,-0.42732591474793924
2018-01-16,455368.2123502738,457044.5776449598,-0.36678376173368027
2018-01-16,454754.67932324525,457044.5776449598,-0.501022971000736
2018-01-16,454394.81433070207,457044.5776449598,-0.5797603655886948
2018-01-17,454078.0561139335,457044.5776449598,-0.6490661253027121
2018-01-17,453884.6121579594,457044.5776449598,-0.6913910899639055
2018-01-18,453875.37615573365,457044.5776449598,-0.6934118998974378
2018-01-18,453404.88028064754,457044.5776449598,-0.7963550039400376
2018-01-19,453317.67605024733,457044.5776449598,-0.815435031286506
2018-01-19,453321.6517726525,457044.5776449598,-0.8145651549987986
2018-01-19,453612.38819631014,457044.5776449598,-0.7509528865509987
2018-01-19,453970.40859061375,457044.5776449598,-0.6726190845948753
2018-01-22,454274.5991412837,457044.5776449598,-0.6060630930026788
2018-01-22,454561.56301409245,457044.5776449598,-0.5432762475077851
2018-01-22,454462.2400683512,457044.5776449598,-0.5650078138799375
2018-01-22,454753.8367377685,457044.5776449598,-0.5012073262076389
2018-01-23,455042.5353091687,457044.5776449598,-0.43804093379843734
2018-01-23,455354.71961286257,457044.5776449598,-0.3697359327190041
2018-01-23,455693.8827291658,457044.5776449598,-0.29552804734142457
2018-01-24,456042.97800687223,457044.5776449598,-0.21914703446402523
2018-01-26,456366.3010352163,457044.5776449598,-0.14840491341970952
2018-01-26,457119.6407740753,457119.6407740753,0.0
2018-01-26,457896.0899201578,457896.0899201578,0.0
2018-01-29,458334.43805851706,458334.43805851706,0.0
2018-01-31,458620.3219895498,458620.3219895498,0.0
2018-02-01,458904.8447541502,458904.8447541502,0.0
2018-02-01,459225.7639400918,459225.7639400918,0.0
2018-02-02,459017.7716328197,459225.7639400918,-0.045291950845169265
2018-02-02,457077.0270754605,459225.7639400918,-0.4679042495777019
2018-02-02,455732.53300201026,459225.7639400918,-0.7606783443747027
2018-02-05,454789.1714993305,459225.7639400918,-0.9661026861158664
2018-02-05,453797.4726090246,459225.7639400918,-1.1820528718801069
2018-02-05,452098.66806316597,459225.7639400918,-1.551980841792583
2018-02-05,450247.72555092897,459225.7639400918,-1.9550380431909056
2018-02-05,448811.06099142384,459225.7639400918,-2.267882981849997
2018-02-05,446603.17934375233,459225.7639400918,-2.7486664702867527
2018-02-05,445758.56474817265,459225.7639400918,-2.9325879010734335
2018-02-05,444045.59807704086,459225.7639400918,-3.3055997844736096
2018-02-05,443287.1839596794,459225.7639400918,-3.470750387273939
2018-02-06,442773.2137363906,459225.7639400918,-3.582671421250564
2018-02-06,441856.824893106,459225.7639400918,-3.7822222555552605
2018-02-06,442053.6785560127,459225.7639400918,-3.7393558315947013
2018-02-07,441439.62520409265,459225.7639400918,-3.8730707492098517
2018-02-07,442933.6136525323,459225.7639400918,-3.547743085617674
2018-02-07,443662.24114868895,459225.7639400918,-3.3890787524354176
2018-02-07,442905.9875685521,459225.7639400918,-3.553758881365536
2018-02-07,442469.80237491796,459225.7639400918,-3.6487416170665385
2018-02-07,442150.17122688727,459225.7639400918,-3.718343798200345
2018-02-07,441519.98397676676,459225.7639400918,-3.855571998272046
2018-02-07,440239.2148962041,459225.7639400918,-4.134469477710877
2018-02-08,440523.2778593823,459225.7639400918,-4.072612546875611
2018-02-08,441092.2142410221,459225.7639400918,-3.9487222022315165
2018-02-08,441938.2436744733,459225.7639400918,-3.764492679438115
2018-02-09,440780.98345509893,459225.7639400918,-4.01649513884833
2018-02-09,439879.0503036064,459225.7639400918,-4.212898133260947
2018-02-09,440643.7450593951,459225.7639400918,-4.0463798723455
2018-02-09,439826.78968749836,459225.7639400918,-4.224278290954982
2018-02-09,437780.98870802874,459225.7639400918,-4.669767446858808
2018-02-09,437774.6385804935,459225.7639400918,-4.671150236770408
2018-02-09,437393.0729588351,459225.7639400918,-4.754239133696536
2018-02-09,436387.7621404005,459225.7639400918,-4.973153423219234
2018-02-09,433876.4462183588,459225.7639400918,-5.520012096934515
2018-02-09,431613.53573710273,459225.7639400918,-6.012778544060789
2018-02-09,430160.50022780197,459225.7639400918,-6.329188385014382
2018-02-09,430627.5685426443,459225.7639400918,-6.227480608247902
2018-02-09,429930.8721950105,459225.7639400918,-6.379191684224189
2018-02-09,428981.162503965,459225.7639400918,-6.5859983936076265
2018-02-09,428822.8146945882,459225.7639400918,-6.62047986695055
2018-02-09,427634.66746174096,459225.7639400918,-6.879208214997291
2018-02-09,426794.1729126837,459225.7639400918,-7.062232473446111
2018-02-09,425264.1254034861,459225.7639400918,-7.3954122794025565
2018-02-12,422814.6335456334,459225.7639400918,-7.928808279843904
2018-02-12,421684.68916251976,459225.7639400918,-8.174862502372466
2018-02-12,420604.60790202813,459225.7639400918,-8.410058640155478
2018-02-12,420261.56408182095,459225.7639400918,-8.484759113679418
2018-02-12,418675.3209812241,459225.7639400918,-8.830175948960411
2018-02-12,414203.2827782621,459225.7639400918,-9.803997226885363
2018-02-12,413635.0432542532,459225.7639400918,-9.927735825332773
2018-02-12,412413.0412477973,459225.7639400918,-10.193836314985466
2018-02-12,411279.9962541503,459225.7639400918,-10.440565719696052
2018-02-12,409522.9312515228,459225.7639400918,-10.823180359508967
2018-02-12,408071.0867550209,459225.7639400918,-11.139330848115112
2018-02-12,407712.254188715,459225.7639400918,-11.217469444527287
2018-02-12,406617.33030162915,459225.7639400918,-11.455897680280348
2018-02-12,404840.65255616524,459225.7639400918,-11.842783148164436
2018-02-12,404174.4383405743,459225.7639400918,-11.987856501600639
2018-02-12,402870.4855500943,459225.7639400918,-12.271802415107825
2018-02-12,403094.15813965804,459225.7639400918,-12.223095960216295
2018-02-12,402379.37161967624,459225.7639400918,-12.378746312637517
2018-02-15,403585.0029889215,459225.7639400918,-12.116210657211504
2018-02-28,405325.28398349654,459225.7639400918,-11.7372508663575
2018-03-02,404558.67347484495,459225.7639400918,-11.904186297434839
2018-03-02,402182.03802487586,459225.7639400918,-12.4217172455197
2018-03-02,401494.366095932,459225.7639400918,-12.571463183779718
2018-03-02,401032.3823584921,459225.7639400918,-12.672063754069187
2018-03-02,402017.97909144923,459225.7639400918,-12.45744236076999
2018-03-05,402711.8405989618,459225.7639400918,-12.306348593390883
2018-03-05,403156.7848621744,459225.7639400918,-12.209458501816956
2018-03-05,403802.9149451199,459225.7639400918,-12.068758625267838
2018-03-05,404345.37738813215,459225.7639400918,-11.950633187714416
2018-03-05,404800.6994992102,459225.7639400918,-11.851483238641116
2018-03-05,403411.6206293172,459225.7639400918,-12.153966021395929
2018-03-05,402539.5490680517,459225.7639400918,-12.343866421099825
2018-03-05,402169.6846497064,459225.7639400918,-12.424407289532791
2018-03-05,402658.9321270503,459225.7639400918,-12.317869826750606
2018-03-06,403248.8886786032,459225.7639400918,-12.189402175787126
2018-03-06,404103.7020769669,459225.7639400918,-12.003259875967213
2018-03-06,404533.04945571756,459225.7639400918,-11.909766127910279
2018-03-06,405340.87959458743,459225.7639400918,-11.733854800127009
2018-03-06,406426.87242676923,459225.7639400918,-11.497371371395978
2018-03-07,407720.4453391525,459225.7639400918,-11.215685757486913
2018-03-07,408549.4638302869,459225.7639400918,-11.035160500362489
2018-03-07,409273.86227146705,459225.7639400918,-10.877417076961136
2018-03-07,409868.97926530393,459225.7639400918,-10.747825699349638
2018-03-07,410654.7412142624,459225.7639400918,-10.576719892433074
2018-03-07,411100.2209563986,459225.7639400918,-10.479713196137542
2018-03-08,411679.73326635524,459225.7639400918,-10.353519860427342
2018-03-08,412470.5423888339,459225.7639400918,-10.181314992021525
2018-03-08,412940.2315350487,459225.7639400918,-10.079036508735888
2018-03-08,412940.1200775018,459225.7639400918,-10.079060779488017
2018-03-09,411918.90316646086,459225.7639400918,-10.301438745018315
2018-03-09,409900.9381922935,459225.7639400918,-10.740866393165383
2018-03-09,410514.2357350738,459225.7639400918,-10.607316058898792
2018-03-09,410968.46470364835,459225.7639400918,-10.50840415015105
2018-03-09,411273.28093048884,459225.7639400918,-10.44202803391898
2018-03-12,411766.9230353551,459225.7639400918,-10.334533606639706
2018-03-13,411360.30133498,459225.7639400918,-10.423078660577088
2018-03-13,410378.78773840546,459225.7639400918,-10.636810919009912
2018-03-15,410515.24381045334,459225.7639400918,-10.60709654260448
2018-03-19,411175.48168619245,459225.7639400918,-10.463324583889802
2018-03-19,411582.4738897735,459225.7639400918,-10.374698849983
2018-03-20,412881.4573966765,459225.7639400918,-10.09183503682106
2018-03-21,413364.21139668283,459225.7639400918,-9.986711579490528
2018-03-21,414061.3142481719,459225.7639400918,-9.834911984122002
2018-03-21,414699.7232098758,459225.7639400918,-9.695893442081497
2018-03-21,415462.4191290324,459225.7639400918,-9.529810443468184
2018-03-21,416264.57580920047,459225.7639400918,-9.355134555668322
2018-03-22,415520.4907670088,459225.7639400918,-9.517164890335854
2018-03-22,416237.0028036557,459225.7639400918,-9.36113879317194
2018-03-23,414722.2803976918,459225.7639400918,-9.690981438098428
2018-03-26,413813.4387684376,459225.7639400918,-9.888888807549238
2018-03-26,413239.62282724376,459225.7639400918,-10.013841714431157
2018-03-26,411927.1003339113,459225.7639400918,-10.299653747726326
2018-03-26,411451.3910042933,459225.7639400918,-10.403243173009548
2018-03-26,410532.1598546695,459225.7639400918,-10.603412941738753
2018-03-26,410356.16427806043,459225.7639400918,-10.641737354354245
2018-03-26,409566.6461086124,459225.7639400918,-10.813661107645885
2018-03-26,407585.02295189915,459225.7639400918,-11.245175040947714
2018-03-26,407423.82675670926,459225.7639400918,-11.280276772568095
2018-03-26,406290.76113447594,459225.7639400918,-11.527010669314606
2018-03-26,406085.0721989103,459225.7639400918,-11.571801042964564
2018-03-27,405027.985236637,459225.7639400918,-11.801989992557383
2018-03-27,403434.6704439289,459225.7639400918,-12.148946744077085
2018-03-27,403028.5693521923,459225.7639400918,-12.23737843141369
2018-03-27,402589.33188030595,459225.7639400918,-12.333025824564661
2018-03-27,402019.4835921934,459225.7639400918,-12.457114743971825
2018-03-27,400250.59686035843,459225.7639400918,-12.84230365773358
2018-03-27,399308.821960961,459225.7639400918,-13.04738250420708
2018-03-27,398158.4824320376,459225.7639400918,-13.297877929170532
2018-03-27,396831.4528471102,459225.7639400918,-13.586848995066669
2018-03-27,394265.76132121665,459225.7639400918,-14.145548381590697
2018-03-27,393394.1828618679,459225.7639400918,-14.3353414044975
2018-03-27,392987.948156853,459225.7639400918,-14.423802187169946
2018-03-27,392308.8746672688,459225.7639400918,-14.571675748042878
2018-03-27,391708.5308609051,459225.7639400918,-14.70240530494161
2018-03-27,390688.1484776925,459225.7639400918,-14.924601545513545
2018-03-27,389185.5648443868,459225.7639400918,-15.251800877801374
2018-03-27,388193.8733457302,459225.7639400918,-15.467749453976213
2018-03-27,387861.60114058515,459225.7639400918,-15.540104324115509
2018-03-27,386338.97666436323,459225.7639400918,-15.871667706613476
2018-03-27,386788.9828050699,459225.7639400918,-15.77367535164505
2018-03-27,386071.21045516245,459225.7639400918,-15.929975891873681
2018-03-28,386524.5509123053,459225.7639400918,-15.831257463435943
2018-03-29,385773.8033840927,459225.7639400918,-15.994738606517139
2018-03-29,384813.1985492417,459225.7639400918,-16.203917818634757
2018-04-03,385755.09006987605,459225.7639400918,-15.99881357697526
2018-04-04,386152.8102345682,459225.7639400918,-15.912206902018752
2018-04-04,385977.5707690552,459225.7639400918,-15.95036666553233
2018-04-04,385688.8659776842,459225.7639400918,-16.013234390743122
2018-04-04,386337.65000721574,459225.7639400918,-15.871956596578213
2018-04-04,386349.3981197173,459225.7639400918,-15.869398353242564
2018-04-05,386444.0387320706,459225.7639400918,-15.848789620069304
2018-04-05,386223.9991167681,459225.7639400918,-15.896704966415426
2018-04-16,386464.0913023797,459225.7639400918,-15.844423016127696
2018-04-16,386821.2987156825,459225.7639400918,-15.766638309486225
2018-04-16,387100.51814963686,459225.7639400918,-15.705836095002729
2018-04-18,387392.73353284365,459225.7639400918,-15.642203910976377
2018-04-18,387641.42057911144,459225.7639400918,-15.588050362592224
2018-04-23,388215.2987415543,459225.7639400918,-15.463083906546924
2018-04-25,388639.3923076103,459225.7639400918,-15.370734217274848
2018-04-27,389147.5300733924,459225.7639400918,-15.260083246514341
2018-04-27,389456.1810424002,459225.7639400918,-15.192872085198037
2018-04-27,389697.46228738985,459225.7639400918,-15.140331207935509
2018-04-27,389942.52599873615,459225.7639400918,-15.08696666905518
2018-04-27,390225.75725816574,459225.7639400918,-15.025290848212833
2018-04-27,390554.4786346977,459225.7639400918,-14.953709198761908
2018-04-27,390436.786131807,459225.7639400918,-14.979337661303047
2018-04-30,390765.2499357275,459225.7639400918,-14.907812100301784
2018-04-30,391103.50263851235,459225.7639400918,-14.834154930050126
2018-04-30,391178.99474832707,459225.7639400918,-14.817715932994076
2018-04-30,391570.7847847206,459225.7639400918,-14.732400589832132
2018-04-30,391961.98223836126,459225.7639400918,-14.647214286197027
2018-05-01,392192.45338683686,459225.7639400918,-14.597027391956122
2018-05-01,392452.0917632445,459225.7639400918,-14.540489105824275
2018-05-01,392942.59488585824,459225.7639400918,-14.433678216468826
2018-05-01,393209.47938254557,459225.7639400918,-14.37556203100103
2018-05-02,393691.5884073655,459225.7639400918,-14.270579022059307
2018-05-02,393434.1386962416,459225.7639400918,-14.326640709216187
2018-05-02,393108.0375671426,459225.7639400918,-14.39765177930536
2018-05-02,392782.3803978382,459225.7639400918,-14.468566173678681
2018-05-03,392934.9579563005,459225.7639400918,-14.435341217580131
2018-05-03,391767.72098476207,459225.7639400918,-14.689516192765259
2018-05-03,391860.51043601346,459225.7639400918,-14.669310564393005
2018-05-03,391449.82359488297,459225.7639400918,-14.758740834508263
2018-05-03,391148.57421988965,459225.7639400918,-14.824340240867489
2018-05-03,390422.57891312125,459225.7639400918,-14.982431394233856
2018-05-03,390442.502188608,459225.7639400918,-14.978092945250548
2018-05-03,390275.0145208407,459225.7639400918,-15.014564694206934
2018-05-03,389807.99237033766,459225.7639400918,-15.116262418327656
2018-05-03,389976.3565219996,459225.7639400918,-15.079599808151478
2018-05-03,389528.5578458905,459225.7639400918,-15.177111470447386
2018-05-03,389476.35520346684,459225.7639400918,-15.18847900391846
2018-05-03,389175.36640129867,459225.7639400918,-15.254021668508033
2018-05-03,388895.43100646866,459225.7639400918,-15.314979789069087
2018-05-03,387969.7069889054,459225.7639400918,-15.516563430548755
2018-05-03,387797.40723883396,459225.7639400918,-15.554083048044326
2018-05-03,387060.2346142026,459225.7639400918,-15.714608149751715
2018-05-03,386773.1051761832,459225.7639400918,-15.777132829455187
2018-05-03,386524.75245991896,459225.7639400918,-15.831213574867514
2018-05-03,386265.90677891835,459225.7639400918,-15.887579245377756
2018-05-03,386211.0262040601,459225.7639400918,-15.899529919570632
2018-05-04,385724.4720976164,459225.7639400918,-16.00548087978444
2018-05-04,385942.8790499527,459225.7639400918,-15.95792105856221
2018-05-04,385666.79845970287,459225.7639400918,-16.0180397652918
2018-05-04,385475.18921037944,459225.7639400918,-16.059764177197493
2018-05-04,384956.337334617,459225.7639400918,-16.17274822916156
2018-05-04,385177.9204261408,459225.7639400918,-16.124496778802452
2018-05-04,385488.21256515256,459225.7639400918,-16.056928239888276
2018-05-04,386154.15318975603,459225.7639400918,-15.911914463028326
2018-05-04,386506.4869267175,459225.7639400918,-15.835191037509144
2018-05-04,386612.2713961683,459225.7639400918,-15.812155642338116
2018-05-04,386095.8043385852,459225.7639400918,-15.924620381500807
2018-05-04,385811.4339642531,459225.7639400918,-15.986544253517962
2018-05-04,386056.6037698106,459225.7639400918,-15.933156611793784
2018-05-04,386006.9388777006,459225.7639400918,-15.94397153029571
2018-05-04,386192.14182285726,459225.7639400918,-15.903642141202285
2018-05-04,385481.6028335598,459225.7639400918,-16.0583675606128
2018-05-04,385722.7786664806,459225.7639400918,-16.005849637652304
2018-05-04,386038.30741505156,459225.7639400918,-15.937140786070511
2018-05-04,385966.33721785014,459225.7639400918,-15.952812859123192
2018-05-04,386117.69024038484,459225.7639400918,-15.91985455529544
2018-05-04,385978.292887817,459225.7639400918,-15.950209418526937
2018-05-07,386496.80873054825,459225.7639400918,-15.837298540382289
2018-05-07,387293.6545924486,459225.7639400918,-15.663779124776436
2018-05-07,387558.36372902093,459225.7639400918,-15.60613664097911
2018-05-07,388077.5109388532,459225.7639400918,-15.493088277712626
2018-05-07,388855.9493963207,459225.7639400918,-15.323577218318096
2018-05-07,389355.7837219562,459225.7639400918,-15.21473438655992
2018-05-07,389457.95191038016,459225.7639400918,-15.192486464852003
2018-05-07,389432.1935836148,459225.7639400918,-15.198095541865536
2018-05-07,389163.54745235713,459225.7639400918,-15.256595337032234
2018-05-07,388724.232431545,459225.7639400918,-15.352259617068023
2018-05-08,389351.17500916275,459225.7639400918,-15.215737969798349
2018-05-08,389888.27789910237,459225.7639400918,-15.098779616823691
2018-05-08,390521.0328114741,459225.7639400918,-14.960992288224615
2018-05-08,391023.1762127273,459225.7639400918,-14.851646637199966
2018-05-08,389896.0802431114,459225.7639400918,-15.097080595422515
2018-05-08,390198.4776553044,459225.7639400918,-15.031231194988514
2018-05-08,390380.4528767316,459225.7639400918,-14.991604667969249
2018-05-09,390850.2798271306,459225.7639400918,-14.88929617674524
2018-05-09,391366.6503139455,459225.7639400918,-14.776852466622254
2018-05-09,391920.14442626154,459225.7639400918,-14.65632479684015
2018-05-09,391768.9857118447,459225.7639400918,-14.689240788556276
2018-05-09,391210.1143962094,459225.7639400918,-14.81093938639631
2018-05-09,391107.43957707135,459225.7639400918,-14.833297630902702
2018-05-09,391250.4745450816,459225.7639400918,-14.80215064847231
2018-05-09,390580.722257768,459225.7639400918,-14.947994444684277
2018-05-10,392597.44450987445,459225.7639400918,-14.508837408980686
2018-05-10,393118.46445884637,459225.7639400918,-14.395381242126795
2018-05-10,393522.1900459925,459225.7639400918,-14.307466839484789
2018-05-10,393997.24610351387,459225.7639400918,-14.204019669307433
2018-05-11,394267.5774855035,459225.7639400918,-14.145152897619745
2018-05-11,394699.1348250852,459225.7639400918,-14.051177913315957
2018-05-14,395260.82049437665,459225.7639400918,-13.92886646796666
2018-05-14,394714.0724270596,459225.7639400918,-14.047925133714429
2018-05-16,394032.7231172103,459225.7639400918,-14.196294272240841
2018-05-16,394568.3056261589,459225.7639400918,-14.079666994112246
2018-05-16,395025.888510565,459225.7639400918,-13.980024743973646
2018-05-17,395663.02213696094,459225.7639400918,-13.841283916166114
2018-05-17,396754.0015331259,459225.7639400918,-13.603714624146324
2018-05-18,397236.8381020301,459225.7639400918,-13.49857318679282
2018-05-18,397906.3377964487,459225.7639400918,-13.352784394658347
2018-05-21,398490.9100229011,459225.7639400918,-13.225489222576348
2018-05-21,398918.2236260612,459225.7639400918,-13.132438345052872
2018-05-21,399338.3890497037,459225.7639400918,-13.040944039498772
2018-05-21,399749.57668817363,459225.7639400918,-12.951404716847973
2018-05-21,400206.193085511,459225.7639400918,-12.851972926823901
2018-05-22,400672.36895359226,459225.7639400918,-12.750459487316162
2018-05-23,400444.18364197284,459225.7639400918,-12.800148622712582
2018-05-23,401078.4846199061,459225.7639400918,-12.662024626251437
2018-05-24,401498.22797712585,459225.7639400918,-12.57062222896031
2018-05-24,402126.5047754009,459225.7639400918,-12.433810044712514
2018-05-25,402298.2547213854,459225.7639400918,-12.396410151354848
2018-05-25,401957.34773473383,459225.7639400918,-12.470645312667807
2018-05-25,402353.4878491077,459225.7639400918,-12.384382706019816
2018-05-25,401037.14745788765,459225.7639400918,-12.671026116425635
2018-05-25,401471.10760308855,459225.7639400918,-12.576527902414824
2018-05-29,402373.9947210601,459225.7639400918,-12.379917174343971
2018-05-29,401477.02077055495,459225.7639400918,-12.575240263974056
2018-05-29,401230.0505702692,459225.7639400918,-12.629019955724537
2018-05-29,401000.61986380984,459225.7639400918,-12.678980285582961
2018-05-31,400959.1585834246,459225.7639400918,-12.688008803501802
2018-05-31,400621.92922345514,459225.7639400918,-12.761443132855637
2018-05-31,401028.18375888385,459225.7639400918,-12.672978031955568
2018-05-31,401649.4644239212,459225.7639400918,-12.537689310411107
2018-06-01,402183.21686150564,459225.7639400918,-12.421460544628253
2018-06-01,402140.86515320704,459225.7639400918,-12.430682960185958
2018-06-01,402938.2690844472,459225.7639400918,-12.257042020618778
2018-06-01,403721.90115470457,459225.7639400918,-12.086400011439254
2018-06-04,404149.2743489591,459225.7639400918,-11.993336157489134
2018-06-04,403798.39933885454,459225.7639400918,-12.06974193383193
2018-06-05,404315.97160581214,459225.7639400918,-11.957036526688194
2018-06-05,405117.0456561889,459225.7639400918,-11.782596389988619
2018-06-06,405758.02631363407,459225.7639400918,-11.643017841096755
2018-06-06,406425.104666085,459225.7639400918,-11.497756315104075
2018-06-08,406483.60332899244,459225.7639400918,-11.485017773954828
2018-06-15,405902.3973064478,459225.7639400918,-11.61157992882131
2018-06-15,407138.80212457763,459225.7639400918,-11.342343114335629
2018-06-18,407772.6442439235,459225.7639400918,-11.204319037918928
2018-06-18,408589.3226845135,459225.7639400918,-11.026480923266332
2018-06-18,409081.7380757573,459225.7639400918,-10.91925362246794
2018-06-18,409615.6886471752,459225.7639400918,-10.802981711493977
2018-06-18,410083.28625986015,459225.7639400918,-10.701158675984596
2018-06-19,409457.46449365607,459225.7639400918,-10.837436257807234
2018-06-19,409889.2605588222,459225.7639400918,-10.743409289141237
2018-06-19,410613.1133911238,459225.7639400918,-10.585784676338356
2018-06-19,411095.897093044,459225.7639400918,-10.480654751183904
2018-06-19,411742.89776169055,459225.7639400918,-10.339765297792752
2018-06-20,412271.4346421794,459225.7639400918,-10.224672260338998
2018-06-20,412714.8447920341,459225.7639400918,-10.128116233941368
2018-06-20,413146.58396695356,459225.7639400918,-10.034101653571316
2018-06-20,413856.38301136735,459225.7639400918,-9.879537362943584
2018-06-20,414153.44505285134,459225.7639400918,-9.814849781189624
2018-06-20,415237.11961837637,459225.7639400918,-9.578871173145673
2018-06-20,415419.51984218013,459225.7639400918,-9.539152098536533
2018-06-20,415872.31923157565,459225.7639400918,-9.440551491830464
2018-06-20,416554.9090879547,459225.7639400918,-9.291912214599478
2018-06-20,416917.41079864244,459225.7639400918,-9.212974633315373
2018-06-20,418989.54649340606,459225.7639400918,-8.761750887290107
2018-06-20,419593.09163892095,459225.7639400918,-8.6303242137654
2018-06-20,420286.8064095412,459225.7639400918,-8.479262399491674
2018-06-20,419650.95641499263,459225.7639400918,-8.617723706429919
2018-06-21,417915.95287459175,459225.7639400918,-8.995534290382091
2018-06-21,417753.64455167815,459225.7639400918,-9.030878196508136
2018-06-21,417030.14213581436,459225.7639400918,-9.18842650339237
2018-06-22,417217.13508385676,459225.7639400918,-9.147707327177596
2018-06-22,417831.8489675357,459225.7639400918,-9.01384857360837
2018-06-22,418478.66554446425,459225.7639400918,-8.872999207627911
2018-06-22,418646.8711166684,459225.7639400918,-8.83637112936833
2018-06-22,417525.92719458346,459225.7639400918,-9.080465431148657
2018-06-22,416244.1584347067,459225.7639400918,-9.359580598572927
2018-06-22,415453.04189373925,459225.7639400918,-9.531852409757857
2018-06-22,415188.22571488,459225.7639400918,-9.589518202849948
2018-06-22,414781.02683391434,459225.7639400918,-9.67818894237291
2018-06-22,414800.9236165744,459225.7639400918,-9.67385626240972
2018-06-25,413746.1574369754,459225.7639400918,-9.90353984343297
2018-06-25,412537.0678897092,459225.7639400918,-10.166828544156637
2018-06-25,412128.69803054904,459225.7639400918,-10.255754273335329
2018-06-25,411681.3700594585,459225.7639400918,-10.353163435933821
2018-06-25,410851.3015381274,459225.7639400918,-10.533917345341951
2018-06-26,411014.55868705834,459225.7639400918,-10.498366824933383
2018-06-26,410709.19083634677,459225.7639400918,-10.564863061575586
2018-06-26,408115.18420589354,459225.7639400918,-11.129728283464928
2018-06-26,407838.2110128113,459225.7639400918,-11.19004136143901
2018-06-26,407406.31630597584,459225.7639400918,-11.28408981009961
2018-06-26,407106.04819263204,459225.7639400918,-11.349475539063844
2018-06-26,406897.1944493033,459225.7639400918,-11.39495507434444
2018-06-26,406989.0120017905,459225.7639400918,-11.374961084525703
2018-06-26,406394.15993249643,459225.7639400918,-11.50449477274701
2018-06-26,406456.8214554697,459225.7639400918,-11.49084973627614
2018-06-26,405396.41770822706,459225.7639400918,-11.72176094172431
2018-06-26,404937.5118275149,459225.7639400918,-11.821691284650806
2018-06-26,404349.47782131727,459225.7639400918,-11.949740286334071
2018-06-26,403733.2688465807,459225.7639400918,-12.083924607668656
2018-06-26,403730.5781516038,459225.7639400918,-12.084510527533823
2018-06-27,402807.50586204923,459225.7639400918,-12.285516734510265
2018-06-27,403440.88435635535,459225.7639400918,-12.14759361607026
2018-06-28,402603.1846304288,459225.7639400918,-12.330009279934416
2018-06-28,402505.73861784994,459225.7639400918,-12.351228910937428
2018-06-28,402564.3368690561,459225.7639400918,-12.338468683657625
2018-06-29,402097.62631548574,459225.7639400918,-12.440098555110406
2018-07-02,402303.25410636124,459225.7639400918,-12.395321496194711
2018-07-02,402900.1164010349,459225.7639400918,-12.265350065682487
2018-07-02,403017.5891803965,459225.7639400918,-12.23976944965743
2018-07-02,403545.8718478329,459225.7639400918,-12.124731769083105
2018-07-02,403714.61456068995,459225.7639400918,-12.087986724247372
2018-07-02,403691.78621845035,459225.7639400918,-12.092957774225871
2018-07-02,402459.8130106508,459225.7639400918,-12.361229570918937
2018-07-02,402120.17663664743,459225.7639400918,-12.435188046394995
2018-07-02,403074.96134978684,459225.7639400918,-12.227276211277667
2018-07-03,401904.5458675129,459225.7639400918,-12.482143332022803
2018-07-03,401557.30875126587,459225.7639400918,-12.557756928539638
2018-07-03,401647.1586086925,459225.7639400918,-12.538191419702379
2018-07-03,400981.03905107215,459225.7639400918,-12.68324416062553
2018-07-03,399897.07471114973,459225.7639400918,-12.919285869309762
2018-07-03,399252.7110298678,459225.7639400918,-13.05960109808817
2018-07-03,399429.09169660736,459225.7639400918,-13.021192829086397
2018-07-03,399510.3446202209,459225.7639400918,-13.003499369791696
2018-07-03,399356.1244103751,459225.7639400918,-13.037082026070085
2018-07-03,399423.63796718227,459225.7639400918,-13.02238042130211
2018-07-03,399926.05059123685,459225.7639400918,-12.912976144907867
2018-07-03,398891.326495436,459225.7639400918,-13.138295405509243
2018-07-03,398536.7051599371,459225.7639400918,-13.215516973492782
2018-07-03,397438.63015496003,459225.7639400918,-13.454631389799859
2018-07-03,397273.98215596424,459225.7639400918,-13.490484778682731
2018-07-03,397277.05798531097,459225.7639400918,-13.489814992797827
2018-07-03,397067.22095251054,459225.7639400918,-13.535508647047548
2018-07-03,396261.55852348165,459225.7639400918,-13.710947939067319
2018-07-03,395515.3587903007,459225.7639400918,-13.87343876422892
2018-07-03,395626.1005095794,459225.7639400918,-13.849323889155595
2018-07-03,395447.9039204311,459225.7639400918,-13.888127589457472
2018-07-03,394878.80285094865,459225.7639400918,-14.012053796166704
2018-07-03,394730.9117106117,459225.7639400918,-14.044258248083347
2018-07-03,394488.1415305849,459225.7639400918,-14.097123352589655
2018-07-03,393449.39705452864,459225.7639400918,-14.323318082420137
2018-07-03,393283.0098216543,459225.7639400918,-14.359550203076166
2018-07-03,392531.1856959491,459225.7639400918,-14.523265783677441
2018-07-03,392087.43729339435,459225.7639400918,-14.619895467244731
2018-07-03,392307.4406648546,459225.7639400918,-14.571988013278592
2018-07-05,393070.5329298487,459225.7639400918,-14.405818707260812
2018-07-05,393340.4737829646,459225.7639400918,-14.347036976288269
2018-07-05,393993.72340795584,459225.7639400918,-14.204786763803135
2018-07-05,394745.39818613825,459225.7639400918,-14.041103704792432
2018-07-05,394206.6499096137,459225.7639400918,-14.158420353558423
2018-07-05,394651.5735907752,459225.7639400918,-14.061534743887027
2018-07-05,395007.7408767282,459225.7639400918,-13.983976533106965
2018-07-05,394766.06695929903,459225.7639400918,-14.036602917862828
2018-07-05,394978.1771049991,459225.7639400918,-13.990414275509627
2018-07-05,394386.92216629087,459225.7639400918,-14.119164660426042
2018-07-05,394519.81115349394,459225.7639400918,-14.09022704463051
2018-07-06,395022.61287334625,459225.7639400918,-13.98073803958464
2018-07-06,395391.7453522554,459225.7639400918,-13.90035655668567
2018-07-09,395260.2815203029,459225.7639400918,-13.928983833784542
2018-07-09,395751.93898072914,459225.7639400918,-13.821921578346624
2018-07-09,396365.9535484682,459225.7639400918,-13.688215106290075
2018-07-09,397137.3731233346,459225.7639400918,-13.52023246345058
2018-07-09,397181.8880361272,459225.7639400918,-13.510538993203905
2018-07-09,397508.6212578125,459225.7639400918,-13.439390280012825
2018-07-11,397539.1580796054,459225.7639400918,-13.432740648352159
2018-07-13,397799.7254639547,459225.7639400918,-13.376000063478683
2018-07-16,397435.84961740137,459225.7639400918,-13.455236873589532
2018-07-16,397734.3457187704,459225.7639400918,-13.390237014085141
2018-07-16,398100.79247890157,459225.7639400918,-13.310440367445128
2018-07-18,398446.3677650356,459225.7639400918,-13.235188647426407
2018-07-18,398899.3834636356,459225.7639400918,-13.136540937700115
2018-07-18,399729.94952578994,459225.7639400918,-12.955678684888289
2018-07-19,400249.96922849066,459225.7639400918,-12.842440329479171
2018-07-20,400511.3317618011,459225.7639400918,-12.785526594703494
2018-07-20,400809.609040733,459225.7639400918,-12.72057438549538
2018-07-23,400697.9875117884,459225.7639400918,-12.7448808460012
2018-07-23,400745.73328817415,459225.7639400918,-12.734483829950507
2018-07-23,401109.00317981746,459225.7639400918,-12.655378971258235
2018-07-23,401404.2570486235,459225.7639400918,-12.59108513323991
2018-07-24,401032.0227084236,459225.7639400918,-12.672142070683096
2018-07-24,401605.0849665903,459225.7639400918,-12.547353284172106
2018-07-25,401707.77789059654,459225.7639400918,-12.524991097189133
2018-07-25,401237.07407734415,459225.7639400918,-12.627490532154154
2018-07-25,401343.8742852514,459225.7639400918,-12.604233951993898
2018-07-25,401073.3759125264,459225.7639400918,-12.663137087219631
2018-07-25,401455.36018317624,459225.7639400918,-12.579957026202916
2018-07-25,401855.815087048,459225.7639400918,-12.49275484041179
2018-07-26,402094.090568332,459225.7639400918,-12.440868491693102
2018-07-26,402003.7497557416,459225.7639400918,-12.4605409098552
2018-07-26,402015.9571331423,459225.7639400918,-12.457882657997569
2018-07-26,402338.41831946,459225.7639400918,-12.387664213903522
2018-07-26,402433.16424379736,459225.7639400918,-12.367032548222474
2018-07-27,402405.45257414324,459225.7639400918,-12.373066980919882
2018-07-27,401710.2189729066,459225.7639400918,-12.524459532433466
2018-07-30,401805.250305038,459225.7639400918,-12.503765716974147
2018-07-31,404446.29799651605,459225.7639400918,-11.928656936312924
2018-07-31,406801.06711631565,459225.7639400918,-11.415887552557967
2018-07-31,406876.68494795915,459225.7639400918,-11.3994211785909
2018-08-01,407165.8715710352,459225.7639400918,-11.336448530759721
2018-08-01,407455.2801491646,459225.7639400918,-11.273427550480578
2018-08-01,406796.03800564114,459225.7639400918,-11.41698268072137
2018-08-01,406000.69747772155,459225.7639400918,-11.590174298085275
2018-08-01,405505.83680440916,459225.7639400918,-11.697934078169595
2018-08-02,405819.9379897276,459225.7639400918,-11.629536089645718
2018-08-02,405688.77567270014,459225.7639400918,-11.658097709512623
2018-08-02,405703.91356832476,459225.7639400918,-11.654801314403006
2018-08-02,405129.86858729005,459225.7639400918,-11.779804096500744
2018-08-02,405302.3686064133,459225.7639400918,-11.742240868853578
2018-08-02,405055.5634847219,459225.7639400918,-11.795984613449674
2018-08-02,405125.7124261995,459225.7639400918,-11.780709133068134
2018-08-02,403772.9620499223,459225.7639400918,-12.075281102347644
2018-08-02,403963.5341475497,459225.7639400918,-12.033782538331481
2018-08-02,404084.01567623136,459225.7639400918,-12.007546743621722
2018-08-02,404110.45164498786,459225.7639400918,-12.001790104767297
2018-08-02,403917.41418333363,459225.7639400918,-12.043825521072774
2018-08-02,403862.93416499987,459225.7639400918,-12.05568897095118
2018-08-03,403318.086539097,459225.7639400918,-12.174333800724698
2018-08-03,404180.327459686,459225.7639400918,-11.9865740998771
2018-08-03,406821.4346823393,459225.7639400918,-11.411452355837097
2018-08-03,408020.70054089546,459225.7639400918,-11.150302840124692
2018-08-03,407373.8199887894,459225.7639400918,-11.29116613720017
2018-08-03,407552.8328831404,459225.7639400918,-11.252184680059106
2018-08-03,407422.0098844962,459225.7639400918,-11.280672410695505
2018-08-03,408514.9909584071,459225.7639400918,-11.042667237698836
2018-08-03,407617.3064596976,459225.7639400918,-11.238145054754984
2018-08-03,407684.71830961684,459225.7639400918,-11.223465597456931
2018-08-03,407448.73851662705,459225.7639400918,-11.274852042103484
2018-08-03,407570.74367372465,459225.7639400918,-11.248284465395503
2018-08-03,407757.0588813563,459225.7639400918,-11.207712872453262
2018-08-03,407357.2208428517,459225.7639400918,-11.294780730988483
2018-08-03,407310.5331156627,459225.7639400918,-11.304947348555498
2018-08-03,407763.4084714092,459225.7639400918,-11.206330199582652
2018-08-06,408256.51873537037,459225.7639400918,-11.098951584818016
2018-08-06,408997.45674019627,459225.7639400918,-10.937606542138187
2018-08-06,409284.4711496526,459225.7639400918,-10.875106910803526
2018-08-06,409623.3545107471,459225.7639400918,-10.801312409774894
2018-08-06,409970.00528325327,459225.7639400918,-10.725826494191255
2018-08-06,409480.0120167094,459225.7639400918,-10.832526358401784
2018-08-06,409358.83607151906,459225.7639400918,-10.858913367734772
2018-08-06,409342.0650539373,459225.7639400918,-10.862565387917146
2018-08-06,409055.50560553884,459225.7639400918,-10.924965947924893
2018-08-07,409122.5996212689,459225.7639400918,-10.910355701506132
2018-08-07,408810.66030539054,459225.7639400918,-10.978282926059475
2018-08-07,407765.9837508561,459225.7639400918,-11.205769412351378
2018-08-08,408071.9275845414,459225.7639400918,-11.139147750914017
2018-08-08,408377.908608998,459225.7639400918,-11.07251799089547
2018-08-09,407950.1673126112,459225.7639400918,-11.165662001962456
2018-08-09,407979.2932511568,459225.7639400918,-11.159319601158172
2018-08-09,405734.9089260796,459225.7639400918,-11.648051832952122
2018-08-09,405295.6718975904,459225.7639400918,-11.743699129549897
2018-08-09,405537.9021479661,459225.7639400918,-11.69095159894591
2018-08-09,404957.2946294451,459225.7639400918,-11.817383424882555
2018-08-10,403131.11411288864,459225.7639400918,-12.215048508149687
2018-08-10,402841.23423569574,459225.7639400918,-12.278172117484184
2018-08-13,402846.48581240134,459225.7639400918,-12.277028545603427
2018-08-14,403178.28267900884,459225.7639400918,-12.204777184146542
2018-08-14,403595.7709835302,459225.7639400918,-12.113865842208892
2018-08-15,402734.1402257487,459225.7639400918,-12.301492675335332
2018-08-15,403169.22008573427,459225.7639400918,-12.206750634677022
2018-08-17,402564.26596232626,459225.7639400918,-12.338484124152348
2018-08-17,402716.3684371901,459225.7639400918,-12.305362621221242
2018-08-20,402515.7983176108,459225.7639400918,-12.349038332674885
2018-08-20,402916.07813228783,459225.7639400918,-12.261874273924635
2018-08-20,403902.4562903194,459225.7639400918,-12.047082719206848
2018-08-21,404066.11614733597,459225.7639400918,-12.011444505964542
2018-08-22,405237.6539754073,459225.7639400918,-11.756332985648326
2018-08-23,409623.4631250339,459225.7639400918,-10.801288758164883
2018-08-23,408853.8210362536,459225.7639400918,-10.968884339513995
2018-08-23,408830.62723782763,459225.7639400918,-10.973934970433948
2018-08-23,408793.78851155535,459225.7639400918,-10.981956891058832
2018-08-23,408630.03543508245,459225.7639400918,-11.017615403566476
2018-08-27,409331.9460038672,459225.7639400918,-10.864768890173487
2018-08-30,410944.6033925936,459225.7639400918,-10.513600137164062
2018-08-31,411373.7775387857,459225.7639400918,-10.42014411185097
2018-08-31,414650.50417236006,459225.7639400918,-9.706611272260156
2018-08-31,415198.4458085774,459225.7639400918,-9.587292697553874
2018-09-04,416285.3484558481,459225.7639400918,-9.350611149474943
2018-09-04,416461.2564665622,459225.7639400918,-9.312305805017603
2018-09-04,416652.10824430984,459225.7639400918,-9.27074633846892
2018-09-04,416254.20129307755,459225.7639400918,-9.35739368765471
2018-09-04,416007.9428726152,459225.7639400918,-9.411018383784455
2018-09-04,415323.52357944706,459225.7639400918,-9.560056035177507
2018-09-04,416092.0133586786,459225.7639400918,-9.392711378240577
2018-09-05,415667.61304417247,459225.7639400918,-9.485127864385616
2018-09-05,415731.17974017083,459225.7639400918,-9.471285719412526
2018-09-05,415666.8240398026,459225.7639400918,-9.485299676255032
2018-09-05,415656.40813311626,459225.7639400918,-9.48756782136017
2018-09-05,414633.7893694071,459225.7639400918,-9.710251051267662
2018-09-05,414702.3308652513,459225.7639400918,-9.695325604738677
2018-09-06,414079.97446697677,459225.7639400918,-9.830848575604861
2018-09-06,413649.2040112786,459225.7639400918,-9.924652209791725
2018-09-06,413708.4546514742,459225.7639400918,-9.911749919709553
2018-09-06,414412.9034285938,459225.7639400918,-9.758350691609726
2018-09-07,414707.0244228388,459225.7639400918,-9.694303545883086
2018-09-07,414029.5336882792,459225.7639400918,-9.841832449476565
2018-09-07,414555.59731800604,459225.7639400918,-9.727277981710369
2018-09-10,415306.4996913379,459225.7639400918,-9.563763119893995
2018-09-10,416151.1306867642,459225.7639400918,-9.379838117912504
2018-09-10,416911.3818199281,459225.7639400918,-9.214287490560704
2018-09-10,417368.39215713734,459225.7639400918,-9.11476991704999
2018-09-10,416966.4183699896,459225.7639400918,-9.202302851548014
2018-09-10,417186.219874664,459225.7639400918,-9.154439355652553
2018-09-10,417297.4073086078,459225.7639400918,-9.130227422726604
2018-09-10,418050.92021250003,459225.7639400918,-8.966144097473428
2018-09-11,418729.33810795704,459225.7639400918,-8.818413297346648
2018-09-12,418312.3573152541,459225.7639400918,-8.909214124618467
2018-09-12,418080.6859128768,459225.7639400918,-8.959662383529205
2018-09-12,417695.48865953425,459225.7639400918,-9.04354209664408
2018-09-12,418369.5427612372,459225.7639400918,-8.896761546720303
2018-09-12,418354.65729540767,459225.7639400918,-8.900002973268718
2018-09-12,417739.23276245437,459225.7639400918,-9.034016476272784
2018-09-12,417508.2196359291,459225.7639400918,-9.084321390470805
2018-09-12,418305.45125035546,459225.7639400918,-8.910717974236876
2018-09-13,418339.2723701724,459225.7639400918,-8.903353161007162
2018-09-13,419044.41089047433,459225.7639400918,-8.74980373593746
2018-09-13,419039.9125775207,459225.7639400918,-8.75078327874774
2018-09-13,418481.54761871306,459225.7639400918,-8.872371613430218
2018-09-13,417589.46682046505,459225.7639400918,-9.066629180905108
2018-09-13,416300.5206098397,459225.7639400918,-9.347307294338112
2018-09-14,416958.81142585824,459225.7639400918,-9.203959323098326
2018-09-14,416151.72773884423,459225.7639400918,-9.379708105154746
2018-09-14,415670.0962667963,459225.7639400918,-9.484587123247202
2018-09-14,415842.6457298323,459225.7639400918,-9.447013128801517
2018-09-14,416004.98383603874,459225.7639400918,-9.41166273713063
2018-09-14,416450.6193134836,459225.7639400918,-9.31462212825421
2018-09-14,416597.8534158348,459225.7639400918,-9.28256075149522
2018-09-14,417205.14581401856,459225.7639400918,-9.150318084408491
2018-09-14,417628.4551141654,459225.7639400918,-9.058139175168971
2018-09-17,418150.5125918215,459225.7639400918,-8.944457078333436
2018-09-17,418664.1165389482,459225.7639400918,-8.832615803854393
2018-09-17,419288.2805133535,459225.7639400918,-8.696699219155393
2018-09-17,418415.7100696704,459225.7639400918,-8.886708254405624
2018-09-17,418385.7249324978,459225.7639400918,-8.893237752427547
2018-09-17,417600.73554702714,459225.7639400918,-9.064175327605284
2018-09-17,417540.1088867878,459225.7639400918,-9.077377256808731
2018-09-17,417424.8994489607,459225.7639400918,-9.102465012521426
2018-09-18,417995.17174666194,459225.7639400918,-8.978283761711726
2018-09-18,417441.7597490925,459225.7639400918,-9.098793550365837
2018-09-18,417989.65360961395,459225.7639400918,-8.979485379190818
2018-09-19,418057.3155071675,459225.7639400918,-8.9647514720657
2018-09-19,416593.0244975652,459225.7639400918,-9.283612286197492
2018-09-20,416714.0175674836,459225.7639400918,-9.257265099384558
2018-09-20,417213.2566966343,459225.7639400918,-9.148551876313777
2018-09-21,416997.95660640765,459225.7639400918,-9.195435154024372
2018-09-21,416712.6992109303,459225.7639400918,-9.257552181830011
2018-09-21,417006.7130077711,459225.7639400918,-9.193528379176126
2018-09-21,415831.6159981956,459225.7639400918,-9.449414939088042
2018-09-21,415830.91804973263,459225.7639400918,-9.449566922821921
2018-09-21,415279.94380580424,459225.7639400918,-9.569545871564063
2018-09-21,415519.3064662284,459225.7639400918,-9.517422781088813
2018-09-21,416039.71042298904,459225.7639400918,-9.404100751354319
2018-09-21,417793.80457835784,459225.7639400918,-9.022133036755966
2018-09-21,419420.9276536982,459225.7639400918,-8.667814267403855
2018-09-24,419862.14228532696,459225.7639400918,-8.571736332262935
2018-09-24,420337.5472177129,459225.7639400918,-8.468213191856558
2018-09-24,420829.19805779296,459225.7639400918,-8.361152378050782
2018-09-24,421357.9467545354,459225.7639400918,-8.246013215951976
2018-09-25,421365.1470393527,459225.7639400918,-8.244445297646289
2018-09-25,421845.0320304189,459225.7639400918,-8.13994658944035
2018-09-25,422320.97353413556,459225.7639400918,-8.036306606432184
2018-09-26,423367.15433274815,459225.7639400918,-7.808492559233154
2018-09-26,423532.22074648837,459225.7639400918,-7.772548057268811
2018-09-26,423232.7050910189,459225.7639400918,-7.837769932648718
2018-09-26,422274.6306476093,459225.7639400918,-8.04639813224917
2018-09-26,422270.56712225487,459225.7639400918,-8.047282996660861
2018-09-26,423378.50027453585,459225.7639400918,-7.806021891714337
2018-09-27,423791.38059667347,459225.7639400918,-7.7161139739626945
2018-09-27,422627.0860822718,459225.7639400918,-7.969648206104236
2018-09-28,421904.52105989686,459225.7639400918,-8.126992388228398
2018-09-28,421745.89663835487,459225.7639400918,-8.16153409603264
2018-09-28,421537.13059275725,459225.7639400918,-8.206994534446729
2018-10-01,419700.19530198374,459225.7639400918,-8.607001553872832
2018-10-01,419628.2990866906,459225.7639400918,-8.62265751678665
2018-10-01,419305.9780652767,459225.7639400918,-8.692845438877175
2018-10-01,419219.8824529677,459225.7639400918,-8.71159343149203
2018-10-01,418922.0319431461,459225.7639400918,-8.776452708390194
2018-10-01,417467.5992217104,459225.7639400918,-9.093166803208579
2018-10-01,412801.36906357895,459225.7639400918,-10.109274897426957
2018-10-01,413516.5103371453,459225.7639400918,-9.953547294639487
2018-10-02,412336.9715329931,459225.7639400918,-10.210401090043288
2018-10-02,412029.0052335763,459225.7639400918,-10.277463159203885
2018-10-02,411594.9654825651,459225.7639400918,-10.371978708002189
2018-10-02,409487.6853044116,459225.7639400918,-10.830855440020295
2018-10-02,408473.4386215356,459225.7639400918,-11.051715583879371
2018-10-03,407517.35748362064,459225.7639400918,-11.259909725626107
2018-10-03,406149.2145530299,459225.7639400918,-11.557833543935484
2018-10-03,405200.9494188293,459225.7639400918,-11.764325689773436
2018-10-04,404602.5055135468,459225.7639400918,-11.89464152835965
2018-10-05,402570.40669742826,459225.7639400918,-12.337146931079966
2018-10-05,402634.92272439,459225.7639400918,-12.323098061868405
2018-10-08,402940.9088991764,459225.7639400918,-12.256467180325286
2018-10-08,402339.7301791519,459225.7639400918,-12.387378546200416
2018-10-08,402111.45827147696,459225.7639400918,-12.437086538564873
2018-10-08,401795.3166203738,459225.7639400918,-12.505928854464294
2018-10-08,400106.9312722374,459225.7639400918,-12.87358796262284
2018-10-08,400498.11776749504,459225.7639400918,-12.788404045261291
2018-10-09,400886.76290144364,459225.7639400918,-12.70377352919136
2018-10-09,401179.4176767695,459225.7639400918,-12.640045664096226
2018-10-09,401860.1022237623,459225.7639400918,-12.491821282878444
2018-10-09,401062.87747751584,459225.7639400918,-12.665423203512512
2018-10-09,399737.5964444097,459225.7639400918,-12.954013508580639
2018-10-09,399938.1736515883,459225.7639400918,-12.910336253746829
2018-10-09,397569.2814196271,459225.7639400918,-13.42618105557948
2018-10-09,397238.3277479735,459225.7639400918,-13.498248804743648
2018-10-09,392040.82432647713,459225.7639400918,-14.630045805178145
2018-10-10,390262.628629924,459225.7639400918,-15.017261818778186
2018-10-10,388890.05949487846,459225.7639400918,-15.316149477708526
2018-10-10,387830.8909532999,459225.7639400918,-15.546791707467387
2018-10-10,386107.9059389398,459225.7639400918,-15.921985163421848
2018-10-10,384758.00162311224,459225.7639400918,-16.215937380789956
2018-10-10,383076.3508954456,459225.7639400918,-16.582129972694705
2018-10-11,382257.2235350192,459225.7639400918,-16.760501358785596
2018-10-11,379959.2502278212,459225.7639400918,-17.26090301035709
2018-10-11,378736.42739114544,459225.7639400918,-17.52718224220682
2018-10-11,378333.4612214497,459225.7639400918,-17.614931275762412
2018-10-11,377975.7385232927,459225.7639400918,-17.69282818970901
2018-10-11,375597.3525584216,459225.7639400918,-18.210740326098065
2018-10-12,374678.2349603683,459225.7639400918,-18.41088536808513
2018-10-12,374068.5148089146,459225.7639400918,-18.543656697424833
2018-10-12,374265.9286817937,459225.7639400918,-18.500668283363463
2018-10-15,373746.7801782213,459225.7639400918,-18.613716928351973
2018-10-15,372999.75968521653,459225.7639400918,-18.776386480381333
2018-10-15,372254.853445143,459225.7639400918,-18.93859563730719
2018-10-15,371295.7139437187,459225.7639400918,-19.1474557616162
2018-10-15,370769.37177520135,459225.7639400918,-19.262070883381455
2018-10-15,370680.8626466038,459225.7639400918,-19.28134443803531
2018-10-15,369921.3823851486,459225.7639400918,-19.4467272020464
2018-10-15,369583.14844462357,459225.7639400918,-19.52038028666932
2018-10-15,370089.96842031134,459225.7639400918,-19.410016275003393
2018-10-16,370011.4580281644,459225.7639400918,-19.427112526632076
2018-10-16,369801.7775067706,459225.7639400918,-19.472772099299505
2018-10-16,369629.99260793225,459225.7639400918,-19.510179603914334
2018-10-16,369040.5919144534,459225.7639400918,-19.638526212436872
2018-10-16,368950.31321653427,459225.7639400918,-19.658185104643742
2018-10-16,368321.16631411365,459225.7639400918,-19.79518676087109
2018-10-16,368486.84320153063,459225.7639400918,-19.759109323491376
2018-10-16,367591.5237143959,459225.7639400918,-19.954072140789137
2018-10-16,368452.24142931576,459225.7639400918,-19.766644129883336
2018-10-16,368293.9588638791,459225.7639400918,-19.801111395848256
2018-10-19,368641.9534928186,459225.7639400918,-19.725332845020937
2018-10-29,368866.03671026643,459225.7639400918,-19.67653697269765
2018-10-30,367030.09695793653,459225.7639400918,-20.07632720584524
2018-11-09,368002.4338985319,459225.7639400918,-19.864593235988487
2018-12-03,368525.9515277307,459225.7639400918,-19.7505931797401
2018-12-11,368009.3265567918,459225.7639400918,-19.863092305770472
2018-12-12,368568.5964571346,459225.7639400918,-19.74130691299452
2019-02-15,369199.63399103924,459225.7639400918,-19.6038935569819
2019-02-20,369650.9050884666,459225.7639400918,-19.505625747799005
2019-02-21,369218.2295405054,459225.7639400918,-19.5998442307188
2019-02-21,369766.8178313994,459225.7639400918,-19.480384841901593
2019-02-22,370233.26566950924,459225.7639400918,-19.37881217879406
2019-02-25,370435.60570537375,459225.7639400918,-19.334751054233354
2019-02-25,372446.792181398,459225.7639400918,-18.896799477046443
2019-02-25,372561.32710343384,459225.7639400918,-18.871858602420176
2019-02-26,373002.0128572021,459225.7639400918,-18.775895834567773
2019-02-28,373313.81477310084,459225.7639400918,-18.707998529934095
2019-02-28,372786.27133246575,459225.7639400918,-18.82287523809368
2019-03-01,373218.66433719185,459225.7639400918,-18.72871828117205
2019-03-01,373205.1830674932,459225.7639400918,-18.731653933035957
2019-03-01,374190.2185694734,459225.7639400918,-18.517154752169283
2019-03-04,374328.76927242504,459225.7639400918,-18.48698425351022
2019-03-04,374353.75756887026,459225.7639400918,-18.481542856618454
2019-03-04,374447.62247644144,459225.7639400918,-18.461103039225407
2019-03-05,374588.0259263709,459225.7639400918,-18.43052909042846
2019-03-05,374605.23300660826,459225.7639400918,-18.42678211419399
2019-03-05,374989.64852236904,459225.7639400918,-18.34307263054862
2019-03-06,374819.93642835424,459225.7639400918,-18.38002876570939
2019-03-06,375052.49371172144,459225.7639400918,-18.329387599287912
2019-03-06,368839.49548323086,459225.7639400918,-19.682316532365178
2019-03-06,368534.13210641587,459225.7639400918,-19.748811794781425
2019-03-07,367801.25438535557,459225.7639400918,-19.908401647661698
2019-03-08,367808.47243843775,459225.7639400918,-19.90682986017742
2019-03-08,368052.6960251593,459225.7639400918,-19.853648265001624
2019-03-11,368006.91610774334,459225.7639400918,-19.863617199893955
2019-03-11,368556.0659946314,459225.7639400918,-19.74403551915888
2019-03-11,368955.7795049821,459225.7639400918,-19.656994777602648
2019-03-11,369526.40796024416,459225.7639400918,-19.532735970699886
2019-03-11,369984.0361287549,459225.7639400918,-19.4330838595935
2019-03-11,370509.9321766472,459225.7639400918,-19.31856588408181
2019-03-11,371425.8287461242,459225.7639400918,-19.11912224624695
2019-03-11,372004.50132256973,459225.7639400918,-18.99311176907324
2019-03-11,371273.6942250453,459225.7639400918,-19.152250727491907
2019-03-11,370610.09412145586,459225.7639400918,-19.296754837604517
2019-03-11,370065.3249667641,459225.7639400918,-19.41538257965839
2019-03-11,369106.3769534487,459225.7639400918,-19.624201005934772
2019-03-11,369350.54805991624,459225.7639400918,-19.571030838744544
2019-03-11,369350.5487687977,459225.7639400918,-19.571030684380062
2019-03-11,367778.5192093549,459225.7639400918,-19.913352409963363
2019-03-11,367745.92249142844,459225.7639400918,-19.92045060010992
2019-03-11,367055.369448689,459225.7639400918,-20.070823923421443
2019-03-11,367711.827364584,459225.7639400918,-19.927875080511864
2019-03-11,367769.97110782727,459225.7639400918,-19.91521382589401
2019-03-11,367137.1156446246,459225.7639400918,-20.05302305022256
2019-03-11,367185.75421227433,459225.7639400918,-20.04243162189492
2019-03-11,367246.9471602136,459225.7639400918,-20.029106379117984
2019-03-11,367912.2236017213,459225.7639400918,-19.884237233319258
2019-03-11,367981.3091901849,459225.7639400918,-19.86919330636906
2019-03-11,368146.4362438686,459225.7639400918,-19.833235599582984
2019-03-11,368300.8409001686,459225.7639400918,-19.79961277864733
2019-03-12,368396.65592174773,459225.7639400918,-19.778748308684435
2019-03-13,368979.0735445511,459225.7639400918,-19.651922318390184
2019-03-13,368816.05914593197,459225.7639400918,-19.68741997802071
2019-03-13,369296.4004664489,459225.7639400918,-19.58282190050962
2019-03-13,369850.3507968605,459225.7639400918,-19.46219488567082
2019-03-13,370277.8473642983,459225.7639400918,-19.369104166245606
2019-03-13,371182.4959229578,459225.7639400918,-19.17210987069526
2019-03-14,371613.8439851394,459225.7639400918,-19.07818045818131
2019-03-14,372000.5698301525,459225.7639400918,-18.993967882280725
2019-03-14,371467.5395007073,459225.7639400918,-19.110039403371324
2019-03-14,371867.5419097379,459225.7639400918,-19.022935751869138
2019-03-15,371585.00093705225,459225.7639400918,-19.084461257376827
2019-03-15,372021.0735673739,459225.7639400918,-18.98950303321705
2019-03-15,371467.79160447896,459225.7639400918,-19.109984505804274
2019-03-18,371600.57943372184,459225.7639400918,-19.08106891794536
2019-03-18,372092.87897164037,459225.7639400918,-18.97386684511419
2019-03-18,372520.92279803817,459225.7639400918,-18.88065695577235
2019-03-18,373144.7625210684,459225.7639400918,-18.744810979345033
2019-03-18,373733.7419422298,459225.7639400918,-18.61655610616282
2019-03-18,374372.9247746887,459225.7639400918,-18.477369047715833
2019-03-18,374568.01197233534,459225.7639400918,-18.434887285374625
2019-03-18,374714.46845515224,459225.7639400918,-18.40299524134811
2019-03-18,374907.9935138773,459225.7639400918,-18.36085364696876
2019-03-18,374600.26534854085,459225.7639400918,-18.427863860571804
2019-03-19,374861.32895869575,459225.7639400918,-18.371015218650015
2019-03-19,374508.89794513053,459225.7639400918,-18.447759826910104
2019-03-19,374908.7904223012,459225.7639400918,-18.360680113929792
2019-03-20,375502.5678365701,459225.7639400918,-18.231380440241114
2019-03-20,376090.89060581895,459225.7639400918,-18.1032685581461
2019-03-20,376006.5523860156,459225.7639400918,-18.1216338648048
2019-03-20,376691.30881691613,459225.7639400918,-17.97252279903501
2019-03-20,376574.26835457596,459225.7639400918,-17.99800927464909
2019-03-20,376850.23003069375,459225.7639400918,-17.937916462401347
2019-03-20,376871.13416549045,459225.7639400918,-17.93336442363563
2019-03-21,376673.9630638997,459225.7639400918,-17.976299972351157
2019-03-21,377137.68714455375,459225.7639400918,-17.875320428722034
2019-03-22,377679.807976591,459225.7639400918,-17.757269379628905
2019-03-25,378076.50717914384,459225.7639400918,-17.670885027159386
2019-03-25,378690.8085356549,459225.7639400918,-17.53711610460581
2019-03-26,378184.2860446629,459225.7639400918,-17.647415336653715
2019-03-26,377700.1852836143,459225.7639400918,-17.752832061729208
2019-03-26,377457.00647288427,459225.7639400918,-17.805786148765527
2019-03-26,377441.0617369618,459225.7639400918,-17.809258239657304
2019-03-26,376848.04515061964,459225.7639400918,-17.938392237117327
2019-03-26,376488.3873213784,459225.7639400918,-18.016710540985002
2019-03-28,376934.63026662625,459225.7639400918,-17.919537651245726
2019-03-28,377427.58751595515,459225.7639400918,-17.812192356613433
2019-03-28,377979.33020920196,459225.7639400918,-17.69204607202501
2019-03-29,378407.9197849214,459225.7639400918,-17.5987173415021
2019-04-01,379202.9975811443,459225.7639400918,-17.425582936019005
2019-04-01,379890.2717139585,459225.7639400918,-17.2759236209759
2019-04-01,380507.24983365793,459225.7639400918,-17.141571812313018
2019-04-02,380918.97598921595,459225.7639400918,-17.051915223356538
2019-04-02,381472.7228950711,459225.7639400918,-16.931332505805138
2019-04-02,381898.77031422657,459225.7639400918,-16.838557349746807
2019-04-04,382307.5580313469,459225.7639400918,-16.74954062873077
2019-04-05,381283.36729461956,459225.7639400918,-16.972566168051543
2019-04-05,381836.3138054642,459225.7639400918,-16.852157742770604
2019-04-05,382276.1998261558,459225.7639400918,-16.75636912304739
2019-04-10,382124.34360397275,459225.7639400918,-16.789437002532225
2019-04-10,382105.9805798737,459225.7639400918,-16.793435694578918
2019-04-10,382172.42253021226,459225.7639400918,-16.77896744049655
2019-04-10,381969.3554810562,459225.7639400918,-16.823186877884773
2019-04-12,381964.15289909026,459225.7639400918,-16.82431978077796
2019-04-12,382243.5178856831,459225.7639400918,-16.7634858710696
2019-04-12,382478.2788654141,459225.7639400918,-16.71236483253797
2019-04-12,382574.88922657794,459225.7639400918,-16.691327171163103
2019-04-12,382825.7056199329,459225.7639400918,-16.63670994080499
2019-04-15,382870.1171056648,459225.7639400918,-16.627038992609304
2019-04-15,383114.61084759183,459225.7639400918,-16.573798569025637
2019-04-16,382631.1444706372,459225.7639400918,-16.679077152005515
2019-04-18,382778.4926683085,459225.7639400918,-16.646990930098653
2019-04-18,383030.0845036353,459225.7639400918,-16.592204841189314
2019-04-22,383306.7559847839,459225.7639400918,-16.531957463347364
2019-04-22,383707.8327840336,459225.7639400918,-16.444619854976143
2019-04-22,383954.50264935306,459225.7639400918,-16.390905563512387
2019-04-22,384296.8563629856,459225.7639400918,-16.316355366089834
2019-04-22,384254.23807152436,459225.7639400918,-16.325635832215166
2019-04-22,384112.91984669503,459225.7639400918,-16.35640898039763
2019-04-23,384172.9642952486,459225.7639400918,-16.34333383234008
2019-04-23,384234.43431928376,459225.7639400918,-16.32994825407728
2019-04-23,384769.8176400494,459225.7639400918,-16.213364350732633
2019-04-23,385066.1543849271,459225.7639400918,-16.14883470798454
2019-04-24,385315.3053833841,459225.7639400918,-16.09458013038434
2019-04-24,385594.0476405204,459225.7639400918,-16.03388182488321
2019-04-24,385872.17119800777,459225.7639400918,-15.973318246067175
2019-04-24,386094.0222803414,459225.7639400918,-15.925008438614254
2019-04-24,386394.36499698093,459225.7639400918,-15.859606464199185
2019-04-25,386140.45481813647,459225.7639400918,-15.914897390532662
2019-04-25,386337.2698673413,459225.7639400918,-15.87203937500753
2019-04-25,386609.2536689729,459225.7639400918,-15.812812776025373
2019-04-25,386608.41798651195,459225.7639400918,-15.812994752414012
2019-04-25,386843.1977740649,459225.7639400918,-15.761869618332122
2019-04-26,386861.19931002514,459225.7639400918,-15.757949643153509
2019-04-26,387204.06795825117,459225.7639400918,-15.68328731469784
2019-04-26,387575.6302591349,459225.7639400918,-15.602376719069271
2019-04-26,387755.58418207214,459225.7639400918,-15.563190345597272
2019-04-26,388095.6742656182,459225.7639400918,-15.489133071321511
2019-04-26,388217.3294400328,459225.7639400918,-15.462641706078678
2019-04-26,388377.3298285268,459225.7639400918,-15.427800370714287
2019-04-26,388420.3337382766,459225.7639400918,-15.418435933192134
2019-04-26,388405.39718366496,459225.7639400918,-15.421688484722237
2019-04-26,388387.80150442815,459225.7639400918,-15.425520081426622
2019-04-26,388677.9669888149,459225.7639400918,-15.362334278892995
2019-04-26,388258.0057241144,459225.7639400918,-15.453784127241493
2019-04-26,388083.2514012263,459225.7639400918,-15.491838247156005
2019-04-29,388352.78662137996,459225.7639400918,-15.433144845931942
2019-04-29,388577.37070020096,459225.7639400918,-15.38423990712927
2019-04-29,389386.77924220054,459225.7639400918,-15.207984869725669
2019-05-01,389430.2012681615,459225.7639400918,-15.198529384130005
2019-05-01,389094.87493525905,459225.7639400918,-15.271549314463481
2019-05-03,389510.6133177409,459225.7639400918,-15.181019031729587
2019-05-06,388620.4717555014,459225.7639400918,-15.374854315404049
2019-05-06,388274.17269732914,459225.7639400918,-15.450263642442033
2019-05-06,388598.6599459159,459225.7639400918,-15.379604007450581
2019-05-07,387701.3616994172,459225.7639400918,-15.57499771506839
2019-05-07,387008.6364706408,459225.7639400918,-15.725844048870071
2019-05-07,386731.10089287587,459225.7639400918,-15.786279590505126
2019-05-07,386420.3695443866,459225.7639400918,-15.853943770716459
2019-05-08,386306.600637412,459225.7639400918,-15.878717839574977
2019-05-08,387209.7722394168,459225.7639400918,-15.682045162881991
2019-05-09,386366.7696009621,459225.7639400918,-15.865615577403561
2019-05-09,386032.40474109264,459225.7639400918,-15.938426139467996
2019-05-09,385111.5293534439,459225.7639400918,-16.138953953880623
2019-05-10,384266.6121387481,459225.7639400918,-16.322941282345493
2019-05-15,382564.67169184494,459225.7639400918,-16.693552119224673
2019-05-15,382277.67295790813,459225.7639400918,-16.756048337092416
2019-05-15,383259.65525296226,459225.7639400918,-16.54221401590171
2019-05-17,383694.1857161642,459225.7639400918,-16.44759161068783
2019-05-20,384248.4800874967,459225.7639400918,-16.32688967824904
2019-05-21,384725.16560310224,459225.7639400918,-16.2230876808359
2019-05-23,384438.70528814394,459225.7639400918,-16.285466653762093
2019-05-28,384067.18587190285,459225.7639400918,-16.366367910924478
2019-05-28,383495.97679188795,459225.7639400918,-16.490753153406086
2019-05-29,383413.90817378234,459225.7639400918,-16.50862423655296
2019-05-30,382323.407961007,459225.7639400918,-16.746089182643754
2019-05-31,380292.7499857428,459225.7639400918,-17.18828083100456
2019-05-31,379955.84228932444,459225.7639400918,-17.261645115605603
2019-05-31,380631.63624550623,459225.7639400918,-17.114485698768107
2019-05-31,381243.40974553255,459225.7639400918,-16.98126723672508
2019-06-03,381801.74542976887,459225.7639400918,-16.85968527680936
2019-06-03,382763.2460851441,459225.7639400918,-16.650310992769693
2019-06-03,383180.9448642889,459225.7639400918,-16.55935381833745
2019-06-03,383567.54392720433,459225.7639400918,-16.475168850229725
2019-06-03,382529.53893341986,459225.7639400918,-16.701202552014777
2019-06-03,383296.36539016006,459225.7639400918,-16.534220096553014
2019-06-04,384159.7058862888,459225.7639400918,-16.34622095453594
2019-06-04,384620.6603722782,459225.7639400918,-16.245844511795777
2019-06-04,385247.43017048785,459225.7639400918,-16.109360488592884
2019-06-04,385810.63239134196,459225.7639400918,-15.986718802285496
2019-06-04,386274.92045628716,459225.7639400918,-15.885616446668147
2019-06-04,386740.6415705627,459225.7639400918,-15.784202033356557
2019-06-04,387388.59647591127,459225.7639400918,-15.643104787463985
2019-06-04,387869.0686884366,459225.7639400918,-15.53847820719485
2019-06-04,388480.4134549576,459225.7639400918,-15.405353105224142
2019-06-04,389401.9709261881,459225.7639400918,-15.204676761779542
2019-06-04,389973.36084719794,459225.7639400918,-15.080252139757603
2019-06-04,390738.0177469108,459225.7639400918,-14.913742122298604
2019-06-04,391684.95726264006,459225.7639400918,-14.707538640245538
2019-06-04,392151.2017044309,459225.7639400918,-14.606010268276478
2019-06-05,392730.0859623261,459225.7639400918,-14.47995369581233
2019-06-05,393571.9839777563,459225.7639400918,-14.296623821589503
2019-06-05,393983.95217033586,459225.7639400918,-14.206914527179503
2019-06-06,394124.5052100004,459225.7639400918,-14.176308004048355
2019-06-06,394135.5894166119,459225.7639400918,-14.173894331410219
2019-06-06,393965.3387025873,459225.7639400918,-14.210967755288676
2019-06-06,394650.3608519001,459225.7639400918,-14.061798827257407
2019-06-06,395019.6058581542,459225.7639400918,-13.981392840649429
2019-06-06,394342.99693395407,459225.7639400918,-14.12872972314376
2019-06-06,395227.81230815843,459225.7639400918,-13.936054258550318
2019-06-06,395608.51334235474,459225.7639400918,-13.853153632302796
2019-06-06,396213.7054821876,459225.7639400918,-13.72136831289031
2019-06-07,396272.35514874296,459225.7639400918,-13.708596889516292
2019-06-10,396942.2423990362,459225.7639400918,-13.562723704060476
2019-06-14,397394.7638400294,459225.7639400918,-13.464183622791806
2019-06-14,398049.17620485503,459225.7639400918,-13.321680214618267
2019-06-17,398222.53922521346,459225.7639400918,-13.283929061705807
2019-06-18,398643.56743770617,459225.7639400918,-13.192246877134902
2019-06-20,398604.6859572991,459225.7639400918,-13.200713623441443
2019-06-20,399050.57323145977,459225.7639400918,-13.103618183861782
2019-06-20,399584.1984767957,459225.7639400918,-12.987417115185346
2019-06-20,400298.9945662475,459225.7639400918,-12.831764678937219
2019-06-21,400441.91809558036,459225.7639400918,-12.80064196314998
2019-06-24,399256.4548899997,459225.7639400918,-13.058785843277601
2019-06-26,398920.90119543264,459225.7639400918,-13.131855283390903
2019-06-26,398179.1327013556,459225.7639400918,-13.293381171597341
2019-06-26,398515.1328422353,459225.7639400918,-13.220214514309456
2019-06-27,399048.75835783704,459225.7639400918,-13.10401338678053
2019-06-27,399319.1629935944,459225.7639400918,-13.045130663512271
2019-06-27,399606.83740245964,459225.7639400918,-12.98248731214692
2019-06-27,399577.52338980115,459225.7639400918,-12.988870667559512
2019-06-27,399008.8477203409,459225.7639400918,-13.112704240088439
2019-06-28,399500.94089636754,459225.7639400918,-13.005547104172422
2019-06-28,400046.0659024104,459225.7639400918,-12.886841872705052
2019-06-28,401504.69780037575,459225.7639400918,-12.569213374371143
2019-06-28,402295.5912366513,459225.7639400918,-12.396990145976945
2019-07-01,402935.5283754738,459225.7639400918,-12.257638831422653
2019-07-01,403750.8477239562,459225.7639400918,-12.080096669700913
2019-07-01,404823.1225630667,459225.7639400918,-11.846600441198719
2019-07-01,405802.1134285755,459225.7639400918,-11.63341752717639
2019-07-01,407149.4000777863,459225.7639400918,-11.340035327177143
2019-07-01,408334.2242331529,459225.7639400918,-11.08203060522927
2019-07-01,408912.9542455399,459225.7639400918,-10.956007620930315
2019-07-01,409481.755573327,459225.7639400918,-10.832146685318413
2019-07-01,410563.4725080318,459225.7639400918,-10.596594366688938
2019-07-01,411368.4070550072,459225.7639400918,-10.421313576676388
2019-07-01,412037.8882074253,459225.7639400918,-10.275528822207459
2019-07-01,412896.4077430107,459225.7639400918,-10.088579482035547
2019-07-01,413334.26818563364,459225.7639400918,-9.993231947771324
2019-07-01,413867.7972220544,459225.7639400918,-9.87705182933826
2019-07-02,413974.62225604063,459225.7639400918,-9.853789843105236
2019-07-02,414387.58976125537,459225.7639400918,-9.763862940557013
2019-07-02,414906.53150295187,459225.7639400918,-9.6508593195833
2019-07-02,414350.8055577097,459225.7639400918,-9.771872988431953
2019-07-02,414898.51739287836,459225.7639400918,-9.652604454700448
2019-07-02,414448.1681826038,459225.7639400918,-9.750671515749168
2019-07-02,414793.22876642644,459225.7639400918,-9.675531876182324
2019-07-02,414570.5694429178,459225.7639400918,-9.72401768446935
2019-07-02,414666.9844358425,459225.7639400918,-9.703022566055818
2019-07-03,414874.67332556815,459225.7639400918,-9.657796686753292
2019-07-03,415088.08434097393,459225.7639400918,-9.611324769852386
2019-07-03,415369.25151983334,459225.7639400918,-9.550098418689718
2019-07-03,416112.95367542334,459225.7639400918,-9.388151460572834
2019-07-09,416270.7496485492,459225.7639400918,-9.353790153887429
2019-07-11,416610.08622814744,459225.7639400918,-9.279896960986667
2019-07-12,417237.481123364,459225.7639400918,-9.143276818023953
2019-07-12,417540.86375177134,459225.7639400918,-9.077212879057562
2019-07-12,417846.6958699483,459225.7639400918,-9.010615544545452
2019-07-15,418164.6428039965,459225.7639400918,-8.941380114172325
2019-07-15,418511.36918910296,459225.7639400918,-8.865877733353884
2019-07-15,418906.3658973365,459225.7639400918,-8.779864112331287
2019-07-15,419202.9346098078,459225.7639400918,-8.715283956826342
2019-07-15,419529.55651083344,459225.7639400918,-8.644159484579124
2019-07-15,419925.0553465804,459225.7639400918,-8.558036521365207
2019-07-15,420438.00542779034,459225.7639400918,-8.446337631301002
2019-07-16,419812.0469731836,459225.7639400918,-8.582644978091855
2019-07-16,420181.005104332,459225.7639400918,-8.502301460780716
2019-07-16,420559.8658121918,459225.7639400918,-8.419801579979335
2019-07-16,420923.6030435037,459225.7639400918,-8.340594954420895
2019-07-17,420183.2540524414,459225.7639400918,-8.50181173474921
2019-07-18,420033.9090877151,459225.7639400918,-8.53433276829161
2019-07-19,419414.4309515676,459225.7639400918,-8.669228975079413
2019-07-19,419345.01723971835,459225.7639400918,-8.684344353461865
2019-07-19,419274.344541205,459225.7639400918,-8.699733886032297
2019-07-19,419090.8799296809,459225.7639400918,-8.739684739388165
2019-07-19,419138.62040559895,459225.7639400918,-8.729288877555753
2019-07-19,419148.5367047223,459225.7639400918,-8.72712952590303
2019-07-22,418727.05898874084,459225.7639400918,-8.818909593372517
2019-07-22,418813.44075388537,459225.7639400918,-8.800099288740785
2019-07-22,418707.48314320564,459225.7639400918,-8.823172386767915
2019-07-22,418717.5245651994,459225.7639400918,-8.820985788632044
2019-07-22,418444.6285988431,459225.7639400918,-8.880411018613668
2019-07-22,418576.63273089135,459225.7639400918,-8.851666086945277
2019-07-23,418869.4427419904,459225.7639400918,-8.787904418047006
2019-07-23,419178.3655186199,459225.7639400918,-8.720634068496278
2019-07-23,418932.07252977666,459225.7639400918,-8.774266292161185
2019-07-24,419272.4152832321,459225.7639400918,-8.70015399703746
2019-07-24,419608.1097855884,459225.7639400918,-8.62705389492732
2019-07-24,420190.2686654795,459225.7639400918,-8.500284247924883
2019-07-24,420498.1936003629,459225.7639400918,-8.433231186214783
2019-07-25,420944.445811423,459225.7639400918,-8.336056278772459
2019-07-25,421254.39891151944,459225.7639400918,-8.268561568232467
2019-07-25,421631.4446282298,459225.7639400918,-8.186456915942202
2019-07-25,422797.84006420715,459225.7639400918,-7.932465191704025
2019-07-25,423309.7135859711,459225.7639400918,-7.8210007308749665
2019-07-25,423657.5142673927,459225.7639400918,-7.745264413635813
2019-07-25,422895.2536929648,459225.7639400918,-7.911252612531235
2019-07-25,422143.3820393497,459225.7639400918,-8.074978542706436
2019-07-25,422118.2479955723,459225.7639400918,-8.080451677219138
2019-07-25,421842.51990789786,459225.7639400918,-8.140493623757308
2019-07-25,421655.8680382298,459225.7639400918,-8.181138527489756
2019-07-25,421448.71694261034,459225.7639400918,-8.226247297921569
2019-07-26,421588.9376543095,459225.7639400918,-8.195713141802782
2019-07-26,421935.1618330343,459225.7639400918,-8.120320120349838
2019-07-26,422269.5586000935,459225.7639400918,-8.047502610245406
2019-07-26,423192.93448161683,459225.7639400918,-7.846430293744505
2019-07-26,425611.3702667415,459225.7639400918,-7.319796995914082
2019-07-29,425914.0905391231,459225.7639400918,-7.253877290150121
2019-07-29,426070.2997275645,459225.7639400918,-7.219861518234115
2019-07-29,426041.1324926496,459225.7639400918,-7.226212911645637
2019-07-29,426049.41599729395,459225.7639400918,-7.224409113754751
2019-07-29,426305.10235733655,459225.7639400918,-7.168731410080452
2019-07-29,426438.13619155576,459225.7639400918,-7.139762252714846
2019-07-29,426428.0069648358,459225.7639400918,-7.1419679710162445
2019-07-29,426219.1150031949,459225.7639400918,-7.187455828633084
2019-07-29,426263.48139694403,459225.7639400918,-7.177794699569138
2019-07-30,426464.3549792114,459225.7639400918,-7.134052906742902
2019-07-30,426555.72957212926,459225.7639400918,-7.114155374833135
2019-07-30,426465.73528769944,459225.7639400918,-7.133752333779358
2019-07-30,423537.56099815405,459225.7639400918,-7.771385175722299
2019-07-30,423851.13435453636,459225.7639400918,-7.703102126075454
2019-07-30,425620.41258265986,459225.7639400918,-7.317827960936431
2019-07-31,425771.3590512313,459225.7639400918,-7.284958187412329
2019-07-31,425009.2552445889,459225.7639400918,-7.45091224889696
2019-07-31,424929.8883496707,459225.7639400918,-7.468195010699617
2019-07-31,424559.95148818736,459225.7639400918,-7.548751654192204
2019-07-31,424455.8990120526,459225.7639400918,-7.571409894279165
2019-08-01,423544.20895524375,459225.7639400918,-7.769937531096992
2019-08-02,422849.4182657345,459225.7639400918,-7.921233635119562
2019-08-02,422953.75345511164,459225.7639400918,-7.898513832014016
2019-08-08,422097.25869234296,459225.7639400918,-8.08502226207684
2019-08-08,420866.4055882964,459225.7639400918,-8.353050147421513
2019-08-08,419268.4434942235,459225.7639400918,-8.701018885142716
2019-08-12,419465.2929833631,459225.7639400918,-8.658153370052574
2019-08-13,419934.2105265774,459225.7639400918,-8.556042909352147
2019-08-19,420527.76386180933,459225.7639400918,-8.42679203062545
2019-08-19,420967.4582511981,459225.7639400918,-8.33104514011646
2019-08-19,421657.73563979316,459225.7639400918,-8.18073184264975
2019-08-19,422231.28247995774,459225.7639400918,-8.055837534620595
2019-08-19,423011.09184422984,459225.7639400918,-7.886027949552578
2019-08-22,423485.74084254383,459225.7639400918,-7.7826694196997295
2019-08-23,420994.54478056444,459225.7639400918,-8.325146836603627
2019-08-23,419743.92107422964,459225.7639400918,-8.597479925149143
2019-08-27,419529.8471503431,459225.7639400918,-8.644096195553876
2019-08-28,420130.27947968786,459225.7639400918,-8.513347362084014
2019-08-28,420781.8482637464,459225.7639400918,-8.371463165851601
2019-08-28,421198.48517945345,459225.7639400918,-8.280737220483827
2019-08-29,421829.04812981625,459225.7639400918,-8.143427208747408
2019-08-29,422377.5588500396,459225.7639400918,-8.02398471155012
2019-08-30,423081.0752255301,459225.7639400918,-7.8707885211939015
2019-09-03,422481.5465539472,459225.7639400918,-8.001340576121962
2019-09-03,420975.6478393475,459225.7639400918,-8.329261793276533
2019-09-03,420607.21136719146,459225.7639400918,-8.409491715264117
2019-09-03,421055.3108108465,459225.7639400918,-8.311914558483883
2019-09-05,421622.2696099254,459225.7639400918,-8.18845484790178
2019-09-11,422320.4337973867,459225.7639400918,-8.036424138328528
2019-09-11,422972.12062360835,459225.7639400918,-7.894514237492331
2019-09-12,423450.48530679423,459225.7639400918,-7.790346588212034
2019-09-12,424221.35415607475,459225.7639400918,-7.622483870174053
2019-09-13,423243.3006327234,459225.7639400918,-7.835462670614128
2019-09-13,424188.57446229015,459225.7639400918,-7.629621904744098
2019-09-13,424651.17023761454,459225.7639400918,-7.528888058420804
2019-09-13,425198.5010644328,459225.7639400918,-7.409702492236053
2019-09-16,425632.2417506941,459225.7639400918,-7.315252067124907
2019-09-16,426213.5695479828,459225.7639400918,-7.188663394855956
2019-09-17,425193.83947137545,459225.7639400918,-7.410717590565323
2019-09-17,425889.9642341409,459225.7639400918,-7.259130981662381
2019-09-17,427146.75575707253,459225.7639400918,-6.985454802837271
2019-09-17,427719.0198276434,459225.7639400918,-6.86083982791493
2019-09-17,428148.60501515254,459225.7639400918,-6.767294295141822
2019-09-18,428935.40282604774,459225.7639400918,-6.595962921190897
2019-09-18,429443.9027133084,459225.7639400918,-6.485233095647615
2019-09-18,429684.1548903752,459225.7639400918,-6.4329163059698145
2019-09-18,429646.45536876225,459225.7639400918,-6.4411256715092176
2019-09-18,429686.8885624141,459225.7639400918,-6.432321027513434
2019-09-18,430227.47995741153,459225.7639400918,-6.314603025291773
2019-09-19,430748.6383021014,459225.7639400918,-6.20111672168842
2019-09-19,430872.7906256274,459225.7639400918,-6.174081582705631
2019-09-19,430640.30699465494,459225.7639400918,-6.224706710742387
2019-09-19,429746.7708370348,459225.7639400918,-6.41928119409753
2019-09-19,430274.82841651316,459225.7639400918,-6.304292528185647
2019-09-20,430365.60110656236,459225.7639400918,-6.2845260653307795
2019-09-20,430330.0380302454,459225.7639400918,-6.292270203205762
2019-09-20,431173.7828373815,459225.7639400918,-6.108538175652055
2019-09-20,430672.4482528696,459225.7639400918,-6.217707700508534
2019-09-24,431169.4895631451,459225.7639400918,-6.109473069678819
2019-09-24,434930.9079822113,459225.7639400918,-5.290394804819766
2019-09-24,435181.5904070073,459225.7639400918,-5.235806747162641
2019-09-25,435639.7180814185,459225.7639400918,-5.136045864741652
2019-09-25,435841.90128549346,459225.7639400918,-5.092018891529115
2019-09-25,436302.11577730323,459225.7639400918,-4.991803588306316
2019-09-25,436943.9852427424,459225.7639400918,-4.852031494525683
2019-09-25,437611.1629727801,459225.7639400918,-4.706748328286615
2019-09-25,438042.19965430826,459225.7639400918,-4.612886721344115
2019-09-25,438365.20081664796,459225.7639400918,-4.542550693250134
2019-09-25,438855.45913265407,459225.7639400918,-4.435793112447228
2019-09-25,439984.6627122895,459225.7639400918,-4.189900205667127
2019-09-25,440730.8576813775,459225.7639400918,-4.027410417923998
2019-09-25,440904.63501220697,459225.7639400918,-3.9895690456676847
2019-09-25,441688.39808130625,459225.7639400918,-3.818898510466283
2019-09-25,442507.45524200465,459225.7639400918,-3.640542410914941
2019-09-25,442449.8167628532,459225.7639400918,-3.6530936403270156
2019-09-25,443319.9270746611,459225.7639400918,-3.463620318024175
2019-09-26,443303.4596321693,459225.7639400918,-3.4672062323575745
2019-09-26,443641.7354835193,459225.7639400918,-3.3935440213248818
2019-09-27,443114.58358437044,459225.7639400918,-3.508335468265053
2019-09-27,443724.8729528275,459225.7639400918,-3.3754401874731284
2019-09-27,443443.8712295763,459225.7639400918,-3.4366305093836926
2019-09-27,443986.59865735547,459225.7639400918,-3.3184473693258156
2019-09-27,444274.16719834256,459225.7639400918,-3.2558270715185245
2019-09-27,444114.5483404075,459225.7639400918,-3.2905853256211612
2019-09-27,444063.3678568612,459225.7639400918,-3.301730276006166
2019-09-30,443131.28960533725,459225.7639400918,-3.50469760160368
2019-09-30,443188.6936226876,459225.7639400918,-3.4921974280816572
2019-09-30,442739.82234938734,459225.7639400918,-3.5899426568007535
2019-09-30,442886.8911070585,459225.7639400918,-3.557917285138385
2019-09-30,443004.0627636472,459225.7639400918,-3.532402240951108
2019-09-30,443453.03318425786,459225.7639400918,-3.4346354221301034
2019-10-01,442060.446535057,459225.7639400918,-3.7378820512505357
2019-10-01,442370.0140474918,459225.7639400918,-3.6704713054381175
2019-10-01,441647.8688828939,459225.7639400918,-3.82772406024917
2019-10-01,441523.54608094326,459225.7639400918,-3.854796322241604
2019-10-01,440835.34437898017,459225.7639400918,-4.004657622717957
2019-10-01,439876.7760483455,459225.7639400918,-4.213393370122523
2019-10-01,439344.49153511703,459225.7639400918,-4.329302483901665
2019-10-01,438789.8156343212,459225.7639400918,-4.450087497363628
2019-10-01,438468.25116520457,459225.7639400918,-4.520110674277234
2019-10-01,438075.1114517103,459225.7639400918,-4.605719920178683
2019-10-01,437341.24665834085,459225.7639400918,-4.765524715770502
2019-10-01,436810.6558544392,459225.7639400918,-4.881065011103514
2019-10-01,436524.11047202785,459225.7639400918,-4.943462508132604
2019-10-01,436229.636240702,459225.7639400918,-5.007586573994958
2019-10-01,434967.17158213316,459225.7639400918,-5.282498122453625
2019-10-01,433678.56875746784,459225.7639400918,-5.563101460909483
2019-10-01,433369.083526961,459225.7639400918,-5.630494289188873
2019-10-01,432855.07459943404,459225.7639400918,-5.742423751315914
2019-10-01,431623.4128056874,459225.7639400918,-6.010627735164546
2019-10-01,431824.9206977278,459225.7639400918,-5.966747816426644
2019-10-01,431543.01268741814,459225.7639400918,-6.028135489428905
2019-10-01,429652.2563280787,459225.7639400918,-6.43986246727027
2019-10-01,429184.8725573731,459225.7639400918,-6.541638937016985
2019-10-01,429115.33321336075,459225.7639400918,-6.55678167278505
2019-10-01,427848.49091831176,459225.7639400918,-6.8326464858085325
2019-10-01,425555.0550508848,459225.7639400918,-7.3320600743993865
2019-10-01,425050.9083005082,459225.7639400918,-7.44184197035641
2019-10-01,424980.9307831293,459225.7639400918,-7.457080121800382
2019-10-01,424414.8266183139,459225.7639400918,-7.580353729090682
2019-10-01,424326.65783020045,459225.7639400918,-7.599553171943578
2019-10-01,423769.9470627177,459225.7639400918,-7.720781293533764
2019-10-01,423069.4930501922,459225.7639400918,-7.873310630414975
2019-10-01,423051.04441494826,459225.7639400918,-7.877327964957716
2019-10-03,423693.4400540622,459225.7639400918,-7.737441292746157
2019-10-03,423189.2174993952,459225.7639400918,-7.847239695680004
2019-10-03,422858.59825294616,459225.7639400918,-7.919234621141581
2019-10-04,421471.34274437255,459225.7639400918,-8.22132035271534
2019-10-04,420449.81809299625,459225.7639400918,-8.443765331109358
2019-10-04,421364.2171554603,459225.7639400918,-8.244647787133024
2019-10-07,421377.7122386566,459225.7639400918,-8.241709127272026
2019-10-07,421044.7944924279,459225.7639400918,-8.31420456902867
2019-10-07,420973.7316024465,459225.7639400918,-8.329679068841498
2019-10-07,421333.6543791979,459225.7639400918,-8.251303070582319
2019-10-07,421755.7979839479,459225.7639400918,-8.159378000628042
2019-10-07,422213.7595238757,459225.7639400918,-8.059653295289525
2019-10-07,422615.6872860685,459225.7639400918,-7.972130383085229
2019-10-07,422684.0960726831,459225.7639400918,-7.957233835028417
2019-10-07,423020.6355407854,459225.7639400918,-7.883949735021742
2019-10-09,423293.39563238213,459225.7639400918,-7.8245540928311765
2019-10-09,423570.9717267548,459225.7639400918,-7.764109728388053
2019-10-09,423921.9456646536,459225.7639400918,-7.687682409744712
2019-10-09,423535.8701473057,459225.7639400918,-7.771753371712399
2019-10-09,421370.01659282565,459225.7639400918,-8.243384914310829
2019-10-09,421164.86984954786,459225.7639400918,-8.288057221351629
2019-10-10,420301.5575246837,459225.7639400918,-8.476050228855618
2019-10-10,420082.56681785866,459225.7639400918,-8.523737167181148
2019-10-10,419901.75274639257,459225.7639400918,-8.563110844719345
2019-10-10,420219.56279865885,459225.7639400918,-8.493905221424274
2019-10-10,420534.4654646868,459225.7639400918,-8.425332704210492
2019-10-11,420733.1023326665,459225.7639400918,-8.382077973405442
2019-10-11,421158.26309106086,459225.7639400918,-8.289495894659137
2019-10-11,421458.84378668765,459225.7639400918,-8.224042098459234
2019-10-11,421807.47600005544,459225.7639400918,-8.148124708638468
2019-10-11,422084.20800791704,459225.7639400918,-8.087864150631601
2019-10-11,422633.33544177713,459225.7639400918,-7.968287359218886
2019-10-11,423072.40053935605,459225.7639400918,-7.872677501920854
2019-10-11,422992.7051485946,459225.7639400918,-7.8900317962613205
2019-10-11,422865.16872428433,459225.7639400918,-7.9178038496444
2019-10-11,422611.886430428,459225.7639400918,-7.972958049113347
2019-10-11,422885.02342203696,459225.7639400918,-7.9134803339987885
2019-10-14,422913.7802559563,459225.7639400918,-7.907218308612278
2019-10-14,422954.7690327458,459225.7639400918,-7.898292682045112
2019-10-14,422849.3406349548,459225.7639400918,-7.921250539828706
2019-10-15,422279.32457390236,459225.7639400918,-8.045375993105063
2019-10-15,421914.64922543336,459225.7639400918,-8.124786901007994
2019-10-15,421797.7013806152,459225.7639400918,-8.150253208432643
2019-10-15,422087.0001910411,459225.7639400918,-8.087256130929026
2019-10-15,422449.8088235033,459225.7639400918,-8.008251715029234
2019-10-16,423507.42556267884,459225.7639400918,-7.777947402374536
2019-10-17,423765.7493309253,459225.7639400918,-7.721695382446457
2019-10-21,424457.17999176,459225.7639400918,-7.571130950934093
2019-10-21,424208.2258117678,459225.7639400918,-7.625342669774998
2019-10-21,424472.83454879443,459225.7639400918,-7.5677220487635966
2019-10-22,424498.8659822654,459225.7639400918,-7.562053500629971
2019-10-24,424413.6751240645,459225.7639400918,-7.580604475965059
2019-10-24,424762.11160258896,459225.7639400918,-7.504729708936542
2019-10-25,424689.2817327185,459225.7639400918,-7.520588982433214
2019-10-25,424260.24685908476,459225.7639400918,-7.614014680057996
2019-10-25,424773.5976343918,459225.7639400918,-7.502228535721805
2019-10-25,425068.50337766146,459225.7639400918,-7.438010504760431
2019-10-28,425596.1317101016,459225.7639400918,-7.323115310746667
2019-10-28,425856.77420515346,459225.7639400918,-7.26635836993055
2019-10-28,426157.9392244862,459225.7639400918,-7.200777332675852
2019-10-28,426540.5388707651,459225.7639400918,-7.1174632688053405
2019-10-28,426973.7412638199,459225.7639400918,-7.023130061247901
2019-10-28,427278.0399656889,459225.7639400918,-6.956866640124021
2019-10-29,427628.9471997401,459225.7639400918,-6.880453846764939
2019-10-29,428003.26252083824,459225.7639400918,-6.798943759463529
2019-10-29,428357.85898469033,459225.7639400918,-6.721727607475516
2019-10-29,428496.5848706323,459225.7639400918,-6.6915189613508534
2019-10-29,428099.55010040174,459225.7639400918,-6.777976386305418
2019-10-29,428194.6986492192,459225.7639400918,-6.7572570459964
2019-10-30,428344.6934239562,459225.7639400918,-6.724594511244404
2019-10-30,428694.6923647367,459225.7639400918,-6.64837950584542
2019-10-31,428702.0372666522,459225.7639400918,-6.64678009603607
2019-10-31,428738.0518005515,459225.7639400918,-6.638937649743366
2019-11-01,428396.1063494419,459225.7639400918,-6.7133989448100255
2019-11-01,428806.9298359312,459225.7639400918,-6.623938919099688
2019-11-01,429071.9632380145,459225.7639400918,-6.566225823952474
2019-11-04,429575.44442683074,459225.7639400918,-6.456588859228097
2019-11-04,430381.79385511315,459225.7639400918,-6.280999967750396
2019-11-04,430679.0104353753,459225.7639400918,-6.216278733969411
2019-11-04,430982.01154350286,459225.7639400918,-6.150297874026402
2019-11-04,431254.57948526833,459225.7639400918,-6.090944073963687
2019-11-04,430667.49517945445,459225.7639400918,-6.218786270964306
2019-11-04,431085.6300248235,459225.7639400918,-6.127734139702877
2019-11-05,430340.60241433623,459225.7639400918,-6.289969725985105
2019-11-05,430443.1708181684,459225.7639400918,-6.267634654243456
2019-11-05,430667.15771466296,459225.7639400918,-6.218859756560713
2019-11-06,430560.08433847054,459225.7639400918,-6.242175821250496
2019-11-06,430867.1862749915,459225.7639400918,-6.175301973867444
2019-11-06,430413.8965949578,459225.7639400918,-6.274009345192722
2019-11-06,430479.41258209426,459225.7639400918,-6.259742726836133
2019-11-06,431011.5324380567,459225.7639400918,-6.143869468463835
2019-11-07,433030.8656177972,459225.7639400918,-5.704143882857559
2019-11-07,432754.23191486084,459225.7639400918,-5.764383034198475
2019-11-07,432342.6173725746,459225.7639400918,-5.8540153184925146
2019-11-07,431666.6446260572,459225.7639400918,-6.001213668323248
2019-11-08,430170.49923353986,459225.7639400918,-6.327011023349806
2019-11-08,430160.20391661796,459225.7639400918,-6.329252909091052
2019-11-08,429880.38895528985,459225.7639400918,-6.3901848043156
2019-11-08,430323.1081502708,459225.7639400918,-6.293779238743123
2019-11-08,431016.31380309566,459225.7639400918,-6.142828288849278
2019-11-08,431641.4078496935,459225.7639400918,-6.0067091736597
2019-11-11,431901.2630960018,459225.7639400918,-5.950123662411637
2019-11-11,432484.7343930545,459225.7639400918,-5.823068226312715
2019-11-13,433027.11902515386,459225.7639400918,-5.704959732693852
2019-11-13,433527.5477111693,459225.7639400918,-5.5959874743166615
2019-11-13,432705.0023900306,459225.7639400918,-5.775103148071847
2019-11-13,432332.16243482573,459225.7639400918,-5.85629196291663
2019-11-13,432943.73362873174,459225.7639400918,-5.723117554612789
2019-11-14,432199.19546967756,459225.7639400918,-5.885246559019281
2019-11-14,432544.261543492,459225.7639400918,-5.8101057239638205
2019-11-14,430332.9399883113,459225.7639400918,-6.291638279151453
2019-11-14,431330.45786598505,459225.7639400918,-6.074420963399137
2019-11-15,431377.84209345607,459225.7639400918,-6.064102677450965
2019-11-15,431901.919253567,459225.7639400918,-5.949980778972443
2019-11-15,432327.0042201527,459225.7639400918,-5.857415204484959
2019-11-18,433098.4127544474,459225.7639400918,-5.689434965816266
2019-11-18,433323.2224055295,459225.7639400918,-5.640480906890366
2019-11-18,433815.6050200287,459225.7639400918,-5.533260743484329
2019-11-18,433929.39722535555,459225.7639400918,-5.508481601227475
2019-11-18,433988.5003142115,459225.7639400918,-5.495611441602975
2019-11-19,434134.9182877332,459225.7639400918,-5.463727783276512
2019-11-19,434246.3318776819,459225.7639400918,-5.439466603112586
2019-11-19,434763.7028303173,459225.7639400918,-5.32680503373624
2019-11-19,435411.87421974866,459225.7639400918,-5.185660646742329
2019-11-19,435238.15363018657,459225.7639400918,-5.2234896631441075
2019-11-20,434989.02690479293,459225.7639400918,-5.277738955095013
2019-11-20,435036.072296017,459225.7639400918,-5.267494453388391
2019-11-20,435102.08511036827,459225.7639400918,-5.253119647021941
2019-11-20,435032.7293136444,459225.7639400918,-5.268222413933099
2019-11-20,435563.0217875844,459225.7639400918,-5.152747082281371
2019-11-22,435569.75540324487,459225.7639400918,-5.151280784832664
2019-11-22,435709.89095191966,459225.7639400918,-5.120765173628177
2019-11-22,436175.6311782354,459225.7639400918,-5.019346598520422
2019-11-22,435033.0388471964,459225.7639400918,-5.268155010582442
2019-11-22,434900.49883801746,459225.7639400918,-5.29701663368515
2019-11-22,434246.2891492088,459225.7639400918,-5.43947590757162
2019-11-22,433492.37429344474,459225.7639400918,-5.603646760987072
2019-11-25,434103.83250094467,459225.7639400918,-5.470496956356401
2019-11-25,434924.6862067737,459225.7639400918,-5.291749645058751
2019-11-25,435068.26851059386,459225.7639400918,-5.260483475977064
2019-11-25,435669.90617124236,459225.7639400918,-5.12947217219338
2019-11-25,436782.62258620985,459225.7639400918,-4.887169474404705
2019-11-25,437445.1189911656,459225.7639400918,-4.742905703297522
2019-11-25,437219.21465023566,459225.7639400918,-4.792098139495288
2019-11-25,436962.4470546878,459225.7639400918,-4.848011290653199
2019-11-25,436140.46633761877,459225.7639400918,-5.027004017458534
2019-11-25,436825.0082506694,459225.7639400918,-4.877939664627508
2019-11-26,437270.54876376904,459225.7639400918,-4.780919734979623
2019-11-26,438176.5912305985,459225.7639400918,-4.583621905028674
2019-11-26,437498.2417646181,459225.7639400918,-4.731337804101994
2019-11-26,437011.335941379,459225.7639400918,-4.837365353397461
2019-11-26,437011.3349338811,459225.7639400918,-4.837365572788002
2019-11-26,437286.69835618127,459225.7639400918,-4.777403034985776
2019-11-26,437196.27898381645,459225.7639400918,-4.7970925601528815
2019-11-26,436979.53447590105,459225.7639400918,-4.8442903711066405
2019-11-26,437101.68117615004,459225.7639400918,-4.817691972270958
2019-11-27,437540.7233824298,459225.7639400918,-4.722087099732266
2019-11-27,437742.19959916145,459225.7639400918,-4.6782140785404644
2019-11-27,438443.7418245431,459225.7639400918,-4.525447774802948
2019-11-27,438976.6363639679,459225.7639400918,-4.409405823050799
2019-11-27,438980.55731097294,459225.7639400918,-4.408552006189262
2019-11-27,438438.0714996559,459225.7639400918,-4.526682532373724
2019-11-27,438457.0392419838,459225.7639400918,-4.522552158205439
2019-11-29,438291.9684650505,459225.7639400918,-4.55849761028918
2019-11-29,438130.839046989,459225.7639400918,-4.593584800667841
2019-11-29,438188.20051378454,459225.7639400918,-4.581093892861754
2019-11-29,437471.2965322862,459225.7639400918,-4.737205339081016
2019-11-29,437824.3861099339,459225.7639400918,-4.660317323343784
2019-11-29,437531.4166402641,459225.7639400918,-4.724113715592372
2019-12-03,437352.9571994359,459225.7639400918,-4.7629746539023285
2019-12-03,436745.66322399385,459225.7639400918,-4.895217664449379
2019-12-04,436447.24561877124,459225.7639400918,-4.96020043080426
2019-12-04,435203.7094728851,459225.7639400918,-5.230990147656545
2019-12-04,434710.2103987515,459225.7639400918,-5.338453428875674
2019-12-05,434700.43856173544,459225.7639400918,-5.340581322775225
2019-12-05,434413.08367552713,459225.7639400918,-5.403155095584234
2019-12-06,434899.2118044699,459225.7639400918,-5.297296895301255
2019-12-09,435380.1442197429,459225.7639400918,-5.1925701022862665
2019-12-10,436214.55461857794,459225.7639400918,-5.010870715109923
2019-12-11,435767.1654806652,459225.7639400918,-5.108293197262097
2019-12-11,435415.5046534946,459225.7639400918,-5.184870091413995
2019-12-11,435049.0771730298,459225.7639400918,-5.26466253975594
2019-12-11,435530.15816402587,459225.7639400918,-5.159903393215797
2019-12-11,436298.3983634378,459225.7639400918,-4.992613084235626
2019-12-12,436887.71027110546,459225.7639400918,-4.864285809517532
2019-12-12,437014.91577122686,459225.7639400918,-4.836585817463515
2019-12-12,437833.6389910809,459225.7639400918,-4.6583024361415415
2019-12-12,438912.36179605796,459225.7639400918,-4.423402112666277
2019-12-13,439370.7924446025,459225.7639400918,-4.323575255259301
2019-12-13,439271.1218474167,459225.7639400918,-4.345279306950714
2019-12-13,439349.51068418374,459225.7639400918,-4.328209524956234
2019-12-13,438270.12049039174,459225.7639400918,-4.563255177563132
2019-12-13,437931.71932270366,459225.7639400918,-4.636944677208065
2019-12-13,439737.37868784915,459225.7639400918,-4.243748235080518
2019-12-16,440066.34694577305,459225.7639400918,-4.172112825276547
2019-12-16,440507.7794139197,459225.7639400918,-4.07598745453096
2019-12-16,441047.1972322878,459225.7639400918,-3.958525007794537
2019-12-16,440478.12654509046,459225.7639400918,-4.082444598523676
2019-12-16,440117.1451617082,459225.7639400918,-4.16105111665217
2019-12-16,440138.5319672044,459225.7639400918,-4.156393972568454
2019-12-16,440797.5008846853,459225.7639400918,-4.012898339434319
2019-12-17,441168.78418816836,459225.7639400918,-3.932048497670764
2019-12-18,440484.5495128692,459225.7639400918,-4.081045947079636
2019-12-18,440962.72930320277,459225.7639400918,-3.9769185596632943
2019-12-18,441653.0208476043,459225.7639400918,-3.826602179659057
2019-12-18,442254.2276513027,459225.7639400918,-3.6956846983443947
2019-12-19,442756.1498531154,459225.7639400918,-3.5863872152271035
2019-12-19,442464.358955983,459225.7639400918,-3.649926964092419
2019-12-19,442923.4458972775,459225.7639400918,-3.549957193808716
2019-12-19,442331.30345368624,459225.7639400918,-3.6789008398512997
2019-12-19,442599.57307576574,459225.7639400918,-3.6204830325014274
2019-12-19,442655.93129430886,459225.7639400918,-3.6082105898449943
2019-12-20,443402.7022101432,459225.7639400918,-3.4455953851955075
2019-12-20,443606.55853470904,459225.7639400918,-3.401204076916814
2019-12-20,443988.0019795649,459225.7639400918,-3.3181417849445323
2019-12-20,444346.00191263814,459225.7639400918,-3.2401845009277017
2019-12-23,444287.01881622046,459225.7639400918,-3.253028531260759
2019-12-23,443584.4608493501,459225.7639400918,-3.4060160206477925
2019-12-23,443808.5234224885,459225.7639400918,-3.357224643784272
2019-12-23,444303.391616762,459225.7639400918,-3.2494632259518754
2019-12-24,443955.3030666106,459225.7639400918,-3.3252622288572944
2019-12-24,444580.0607998509,459225.7639400918,-3.1892163485303757
2019-12-24,445360.94004808017,459225.7639400918,-3.019173787867091
2019-12-24,445948.5927513463,459225.7639400918,-2.891207817877919
2019-12-24,445725.567948776,459225.7639400918,-2.939773212087679
2019-12-24,445719.8666859615,459225.7639400918,-2.941014706633978
2019-12-24,444848.3573293742,459225.7639400918,-3.1307926818742797
2019-12-24,444844.75794641447,459225.7639400918,-3.1315764756511855
2019-12-24,445000.79773347714,459225.7639400918,-3.0975975922096564
2019-12-24,445339.1776941218,459225.7639400918,-3.023912710564213
2019-12-26,445167.9880147615,459225.7639400918,-3.061190601484688
2019-12-26,445274.7379478666,459225.7639400918,-3.037944969055611
2019-12-26,445762.67750035075,459225.7639400918,-2.931692317136066
2019-12-26,445889.9915266402,459225.7639400918,-2.903968692660577
2019-12-27,445739.616706688,459225.7639400918,-2.9367139852290913
2019-12-27,446125.8130460213,459225.7639400918,-2.852616713329579
2019-12-27,446351.52842212166,459225.7639400918,-2.8034654257006526
2019-12-27,446689.0604628996,459225.7639400918,-2.729965185234615
2019-12-27,446858.08309692313,459225.7639400918,-2.6931591853766546
2019-12-30,446891.99837474606,459225.7639400918,-2.6857738685050694
2019-12-30,446945.59965184523,459225.7639400918,-2.6741017713998736
2019-12-30,446726.88930752873,459225.7639400918,-2.721727658597489
2019-12-31,446489.0205693182,459225.7639400918,-2.7735254358322954
2019-12-31,446021.96038407966,459225.7639400918,-2.875231442313995
2019-12-31,446039.37134680344,459225.7639400918,-2.871440069074307
2019-12-31,445335.21682152955,459225.7639400918,-3.0247752215344694
2019-12-31,444769.71531259624,459225.7639400918,-3.147917595795312
2019-12-31,443944.0391477234,459225.7639400918,-3.3277150352483256
2019-12-31,443836.31250114454,459225.7639400918,-3.3511733546715634
2019-12-31,442687.1984903623,459225.7639400918,-3.6014019134795405
2019-12-31,442184.70814188995,459225.7639400918,-3.7108231149733504
2020-01-06,442539.3312076751,459225.7639400918,-3.6336011702064583
2020-01-06,442831.40645731316,459225.7639400918,-3.5699995013601606
2020-01-06,443286.45500545256,459225.7639400918,-3.4709091227552777
2020-01-06,444091.3742923153,459225.7639400918,-3.2956316557515497
2020-01-08,444419.81789291895,459225.7639400918,-3.2241104941804584
2020-01-08,444531.98060996505,459225.7639400918,-3.199686185734922
2020-01-08,444974.2332312209,459225.7639400918,-3.1033822202384287
2020-01-09,445063.6872422372,459225.7639400918,-3.0839029100514765
2020-01-10,445327.1725134152,459225.7639400918,-3.0265269325110733
2020-01-10,445641.3034534643,459225.7639400918,-2.958122464661998
2020-01-10,445925.7308730836,459225.7639400918,-2.896186170587611
2020-01-10,446068.797458478,459225.7639400918,-2.8650323032246505
2020-01-10,446337.44111842,459225.7639400918,-2.806533046206263
2020-01-10,447132.87417578837,459225.7639400918,-2.633321279831554
2020-01-10,446081.85664538376,459225.7639400918,-2.8621885631884445
2020-01-10,445073.63360528875,459225.7639400918,-3.0817370117433764
2020-01-10,444924.583597136,459225.7639400918,-3.1141938161861193
2020-01-10,443967.8579252795,459225.7639400918,-3.3225283102371455
2020-01-13,444489.160384578,459225.7639400918,-3.2090106245511727
2020-01-13,444757.15722070367,459225.7639400918,-3.150652218475194
2020-01-13,445400.66592836904,459225.7639400918,-3.0105231668853705
2020-01-13,445467.70556048723,459225.7639400918,-2.995924762923232
2020-01-13,445772.1658655482,459225.7639400918,-2.929626151440999
2020-01-13,446100.3534145806,459225.7639400918,-2.858160747101185
2020-01-13,445892.7602625639,459225.7639400918,-2.903365778769176
2020-01-13,446239.7545052658,459225.7639400918,-2.8278050698654003
2020-01-13,446096.71376846905,459225.7639400918,-2.8589533084941463
2020-01-13,446083.50352246297,459225.7639400918,-2.861829942830326
2020-01-14,445343.31826821837,459225.7639400918,-3.023011068186603
2020-01-14,445346.7936286633,459225.7639400918,-3.0222542812818127
2020-01-14,445889.2948939166,459225.7639400918,-2.9041203898819257
2020-01-14,446296.3914225396,459225.7639400918,-2.81547193838169
2020-01-15,447136.1448261847,459225.7639400918,-2.6326090701401172
2020-01-15,447569.7826200661,459225.7639400918,-2.53818105064905
2020-01-15,447855.4919766728,459225.7639400918,-2.4759656047743763
2020-01-15,447795.207696944,459225.7639400918,-2.4890929779451545
2020-01-15,447779.7228313892,459225.7639400918,-2.4924649284694294
2020-01-15,447306.43178553984,459225.7639400918,-2.5955277535575987
2020-01-15,447179.63845677814,459225.7639400918,-2.623137992075977
2020-01-15,447014.79789039807,459225.7639400918,-2.6590333140121327
2020-01-15,446970.06078370486,459225.7639400918,-2.668775168717621
2020-01-16,447344.3656654745,459225.7639400918,-2.587267354661598
2020-01-16,447733.16733546543,459225.7639400918,-2.5026027516447567
2020-01-16,448026.74515159643,459225.7639400918,-2.438673887198619
2020-01-16,448595.9863356265,459225.7639400918,-2.3147171694513244
2020-01-16,448956.6345207797,459225.7639400918,-2.236183207841921
2020-01-16,449173.9975061429,459225.7639400918,-2.188850718589091
2020-01-16,449400.0145889905,459225.7639400918,-2.1396337319574172
2020-01-16,449549.4591955774,459225.7639400918,-2.107091000620933
2020-01-16,449798.25114631624,459225.7639400918,-2.052914608468146
2020-01-16,449968.6158299739,459225.7639400918,-2.0158163668111566
2020-01-16,450196.5931983161,459225.7639400918,-1.966172512688903
2020-01-16,450149.6791241761,459225.7639400918,-1.9763884190739243
2020-01-17,449753.5974426006,459225.7639400918,-2.0626383015232856
2020-01-17,450249.8967460375,459225.7639400918,-1.9545652484831497
2020-01-17,450354.45398133696,459225.7639400918,-1.931797093142224
2020-01-17,450436.5180582244,459225.7639400918,-1.9139269988811034
2020-01-17,450398.4934986112,459225.7639400918,-1.9222071439859763
2020-01-17,450211.4630498241,459225.7639400918,-1.962934486281059
2020-01-17,450248.8366421372,459225.7639400918,-1.9547960943945872
2020-01-17,450063.2553533886,459225.7639400918,-1.9952078707627803
2020-01-17,450248.9350374011,459225.7639400918,-1.9547746680566902
2020-01-17,450343.98621450004,459225.7639400918,-1.9340765312005577
2020-01-17,450476.54623246373,459225.7639400918,-1.9052105510285504
2020-01-21,450215.49395301763,459225.7639400918,-1.962056725599922
2020-01-21,449884.6141608189,459225.7639400918,-2.0341083869352556
2020-01-21,449498.79842688877,459225.7639400918,-2.1181227790329262
2020-01-22,449455.18770751136,459225.7639400918,-2.1276193540950996
2020-01-22,449800.4806644438,459225.7639400918,-2.052429113467073
2020-01-22,449855.5140525132,459225.7639400918,-2.040445163002886
2020-01-23,449685.0383817164,459225.7639400918,-2.0775675729770358
2020-01-23,449951.94165856007,459225.7639400918,-2.019447297983388
2020-01-24,449626.2529420503,459225.7639400918,-2.090368562007302
2020-01-24,448182.38516683143,459225.7639400918,-2.4047820571977003
2020-01-24,448122.8015160737,459225.7639400918,-2.4177568629330133
2020-01-24,448523.12235861394,459225.7639400918,-2.3305838700448214
2020-01-24,448880.00726785156,459225.7639400918,-2.2528693911846642
2020-01-24,449210.0770017201,459225.7639400918,-2.1809941263831916
2020-01-27,448217.79081503616,459225.7639400918,-2.397072200524818
2020-01-30,448612.52387742634,459225.7639400918,-2.3111159904456127
2020-01-30,448075.8690863795,459225.7639400918,-2.427976766383453
2020-01-30,448170.81002003397,459225.7639400918,-2.4073026358991543
2020-01-30,448042.97982401215,459225.7639400918,-2.435138660368918
2020-01-31,447380.49337447895,459225.7639400918,-2.579400263605017
2020-02-03,447687.21447569045,459225.7639400918,-2.5126093460876993
2020-02-03,448108.4827019178,459225.7639400918,-2.420874896649812
2020-02-03,448488.2162637311,459225.7639400918,-2.338184945076702
2020-02-03,447834.0311450827,459225.7639400918,-2.480638868618705
2020-02-03,446669.2673938307,459225.7639400918,-2.7342752807525805
2020-02-03,445243.4742771414,459225.7639400918,-3.044752877753282
2020-02-03,444132.6077605748,459225.7639400918,-3.2866527457039663
2020-02-03,443109.7240187966,459225.7639400918,-3.5093936766574054
2020-02-03,442056.98876418767,459225.7639400918,-3.7386350078877335
2020-02-03,441485.0354393465,459225.7639400918,-3.863182315498239
2020-02-03,441277.1168662701,459225.7639400918,-3.9084582101458993
2020-02-03,439823.94046345743,459225.7639400918,-4.22489873176311
2020-02-03,439625.520969662,459225.7639400918,-4.268106127640254
2020-02-03,438214.52701795066,459225.7639400918,-4.575361090777603
2020-02-03,436130.51655788627,459225.7639400918,-5.029170659775623
2020-02-03,436011.23462419654,459225.7639400918,-5.0551452332983065
2020-02-03,435223.0186574183,459225.7639400918,-5.226785421778901
2020-02-03,433664.7037719198,459225.7639400918,-5.566120669899209
2020-02-03,433092.0697165237,459225.7639400918,-5.69081621190953
2020-02-03,431719.0912540137,459225.7639400918,-5.989793005095092
2020-02-03,431667.27099077293,459225.7639400918,-6.001077272509918
2020-02-03,431667.2718370248,459225.7639400918,-6.0010770882319635
2020-02-03,430996.41473428,459225.7639400918,-6.14716146664072
2020-02-04,431328.45545784757,459225.7639400918,-6.074857003424485
2020-02-05,431696.5495253457,459225.7639400918,-5.994701642727838
2020-02-05,431827.65924365463,459225.7639400918,-5.966151476643066
2020-02-05,432410.68383769697,459225.7639400918,-5.839193313616658
2020-02-05,432701.210658884,459225.7639400918,-5.775928827170083
2020-02-05,433031.4934327601,459225.7639400918,-5.7040071712415665
2020-02-05,433150.3842899948,459225.7639400918,-5.678117757674133
2020-02-06,433005.47119579837,459225.7639400918,-5.709673716763422
2020-02-06,432456.8131797461,459225.7639400918,-5.829148288778908
2020-02-06,432662.19015299313,459225.7639400918,-5.7844258473625265
2020-02-06,432996.86082061566,459225.7639400918,-5.711548693269275
2020-02-06,433318.7298711795,459225.7639400918,-5.641459191364538
2020-02-06,435045.2405867226,459225.7639400918,-5.265497986416039
2020-02-06,437340.70734135015,459225.7639400918,-4.765642156261225
2020-02-06,437895.4378095553,459225.7639400918,-4.644845260319311
2020-02-07,438197.42846138636,459225.7639400918,-4.579084435133895
2020-02-07,438159.49679994554,459225.7639400918,-4.58734435093552
2020-02-07,438040.54846666387,459225.7639400918,-4.613246280361499
2020-02-07,437760.4576110053,459225.7639400918,-4.674238253733253
2020-02-10,437689.4479519058,459225.7639400918,-4.689701162105435
2020-02-11,437962.07771525887,459225.7639400918,-4.63033389990874
2020-02-11,438046.1525837569,459225.7639400918,-4.612025940055471
2020-02-11,438779.83846241655,459225.7639400918,-4.452260104540334
2020-02-12,439053.2672938901,459225.7639400918,-4.392718839013854
2020-02-12,439035.2669794577,459225.7639400918,-4.396638548195235
2020-02-12,439703.92773071595,459225.7639400918,-4.251032442492185
2020-02-12,440754.9079205811,459225.7639400918,-4.02217329032966
2020-02-13,440067.8324063399,459225.7639400918,-4.171789354625843
2020-02-13,440639.3100723234,459225.7639400918,-4.047345625449946
2020-02-14,441163.75784748455,459225.7639400918,-3.933143022647037
2020-02-14,440776.92952156835,459225.7639400918,-4.017377914565397
2020-02-14,439276.3289483401,459225.7639400918,-4.3441454200192124
2020-02-18,441161.2245600734,459225.7639400918,-3.9336946657842633
2020-02-18,441832.48211726744,459225.7639400918,-3.7875230852887034
2020-02-20,439111.98360971163,459225.7639400918,-4.379932902241114
2020-02-20,439031.9326010894,459225.7639400918,-4.397364635150739
2020-02-20,438989.9820570722,459225.7639400918,-4.406499694050148
2020-02-20,439468.893737588,459225.7639400918,-4.302212931825224
2020-02-20,441918.24154403125,459225.7639400918,-3.7688482997043757
2020-02-21,440968.1550403546,459225.7639400918,-3.9757370629839124
2020-02-27,438985.91574959387,459225.7639400918,-4.407385164291075
2020-02-28,435976.04447375366,459225.7639400918,-5.0628081636489375
2020-02-28,433488.5359844819,459225.7639400918,-5.604482582768909
2020-02-28,430867.248981297,459225.7639400918,-6.175288319079222
2020-02-28,428329.9031090364,459225.7639400918,-6.727815217938415
2020-02-28,425182.1548479096,459225.7639400918,-7.413262008667135
2020-02-28,421290.46306004724,459225.7639400918,-8.260708317966547
2020-02-28,419490.24009518843,459225.7639400918,-8.652720941433738
2020-02-28,414167.4072846814,459225.7639400918,-9.811809396061783
2020-03-02,412820.02709540364,459225.7639400918,-10.10521196514184
2020-03-02,409712.78896840883,459225.7639400918,-10.781837357483758
2020-03-02,408079.6599063343,459225.7639400918,-11.137463977397788
2020-03-02,404531.86760511604,459225.7639400918,-11.91002348511763
2020-03-02,404954.2151752451,459225.7639400918,-11.81805400010761
2020-03-03,404961.6520075544,459225.7639400918,-11.816434571736355
2020-03-03,403977.5274291802,459225.7639400918,-12.030735391866864
2020-06-01,404321.0511707862,459225.7639400918,-11.955930411706648
2020-06-01,408841.28968260513,459225.7639400918,-10.971613139732202
2020-06-01,409436.35695589986,459225.7639400918,-10.842032589157439
2020-06-01,411877.5547702844,459225.7639400918,-10.310442681518243
2020-06-02,412316.93562338146,459225.7639400918,-10.21476406598778
2020-06-02,412782.2687823405,459225.7639400918,-10.113434132979108
2020-06-04,414982.54860281904,459225.7639400918,-9.634306001839333
2020-06-05,414624.60524273216,459225.7639400918,-9.712250966646135
2020-06-08,415772.5693649015,459225.7639400918,-9.462272805072622
2020-06-09,415242.7015341411,459225.7639400918,-9.577655667352438
2020-06-10,416333.0279474834,459225.7639400918,-9.340228567446834
2020-06-10,416856.6345656779,459225.7639400918,-9.22620913314898
2020-06-10,418262.6266151315,459225.7639400918,-8.920043373329584
2020-06-10,419069.7360038606,459225.7639400918,-8.744288994523785
2020-06-12,419497.9729541096,459225.7639400918,-8.651037050953637
2020-06-15,418880.8844428848,459225.7639400918,-8.78541289823412
2020-06-15,419070.54462252586,459225.7639400918,-8.744112911488216
2020-06-26,420350.26037263824,459225.7639400918,-8.46544480298912
2020-06-30,419047.7894276048,459225.7639400918,-8.749068033066285
2020-06-30,419226.2541333582,459225.7639400918,-8.71020594827771
2020-06-30,418149.2412749094,459225.7639400918,-8.944733917529298
2020-07-01,418592.67852515524,459225.7639400918,-8.84817198980965
2020-07-01,419809.7246596694,459225.7639400918,-8.583150680013773
2020-07-01,420163.7407763893,459225.7639400918,-8.506060903150534
2020-07-01,420770.26754082285,459225.7639400918,-8.373984958798102
2020-07-01,421165.1137645026,459225.7639400918,-8.288004106963486
2020-07-01,421651.0650199918,459225.7639400918,-8.182184422257688
2020-07-01,422096.4151018886,459225.7639400918,-8.085205960492873
2020-07-01,423361.44368081517,459225.7639400918,-7.809736098333396
2020-07-02,421835.59609867533,459225.7639400918,-8.142001337340956
2020-07-02,422358.947880487,459225.7639400918,-8.028037395657588
2020-07-07,422568.0795080522,459225.7639400918,-7.982497348912199
2020-07-07,422930.4222827418,459225.7639400918,-7.903594377184141
2020-07-10,423649.1748238494,459225.7639400918,-7.747080392659232
2020-07-15,424019.82370223524,459225.7639400918,-7.666368701920081
2020-07-15,424523.42579642613,459225.7639400918,-7.556705409105222
2020-07-15,425117.61089898384,459225.7639400918,-7.427316958104632
2020-07-16,425868.29571478645,459225.7639400918,-7.263849471140957
2020-07-16,426200.66092716885,459225.7639400918,-7.1914743479486605
2020-07-17,426653.0214301497,459225.7639400918,-7.092969312190293
2020-07-17,427094.4141181689,459225.7639400918,-6.996852603878436
2020-07-20,427565.4175051152,459225.7639400918,-6.894287934399704
2020-07-20,428059.20840581233,459225.7639400918,-6.786761105665083
2020-07-22,428708.7454759387,459225.7639400918,-6.6453193310239005
2020-07-24,429629.5990764617,459225.7639400918,-6.44479626092823
2020-07-29,429902.44563200127,459225.7639400918,-6.385381790538198
2020-07-29,429994.710502905,459225.7639400918,-6.365290393637441
2020-07-30,429596.7206710927,459225.7639400918,-6.451955790717437
2020-07-31,430021.1778602668,459225.7639400918,-6.359526919668837
2020-07-31,430392.3826959258,459225.7639400918,-6.278694164887383
2020-07-31,430703.6295318919,459225.7639400918,-6.2109177332482535
2020-08-03,431226.38371825556,459225.7639400918,-6.097083922645273
2020-08-03,432015.3049291613,459225.7639400918,-5.925290161742805
2020-08-04,431382.646440731,459225.7639400918,-6.063056493274859
2020-08-04,431806.4739598032,459225.7639400918,-5.970764737813279
2020-08-04,431982.2901504013,459225.7639400918,-5.932479387903979
2020-08-04,431726.14696342044,459225.7639400918,-5.988256569215233
2020-08-04,431490.01020550105,459225.7639400918,-6.039677194202248
2020-08-05,432010.93046294764,459225.7639400918,-5.926242735957317
2020-08-05,432779.1029684955,459225.7639400918,-5.758967167845227
2020-08-05,434142.30360804393,459225.7639400918,-5.462119572045646
2020-08-05,434499.44796520926,459225.7639400918,-5.384348596371051
2020-08-05,434534.4258976917,459225.7639400918,-5.376731878140277
2020-08-06,433971.30088023504,459225.7639400918,-5.499356752804347
2020-08-06,434253.68152492057,459225.7639400918,-5.437866159972024
2020-08-06,433660.72484073986,459225.7639400918,-5.566987113268115
2020-08-06,434658.9469453397,459225.7639400918,-5.349616446597497
2020-08-07,444757.9682818381,459225.7639400918,-3.1504756035728665
2020-08-10,445278.297127316,459225.7639400918,-3.0371699299073587
2020-08-10,446108.77182300645,459225.7639400918,-2.8563275728572908
2020-08-13,445670.97741794836,459225.7639400918,-2.9516607269255366
2020-08-14,446347.44120393065,459225.7639400918,-2.8043554494127245
2020-08-14,446523.5551765662,459225.7639400918,-2.7660052551369287
2020-08-14,447077.5714660461,459225.7639400918,-2.6453638771953836
2020-08-14,446426.3702128947,459225.7639400918,-2.7871680406996675
2020-08-14,446689.5109383026,459225.7639400918,-2.729867090694116
2020-08-14,447831.8149474483,459225.7639400918,-2.481121462978262
2020-08-17,444535.95317955007,459225.7639400918,-3.198821127653046
2020-08-17,445081.03126717184,459225.7639400918,-3.0801261130386477
2020-08-17,446200.3627271953,459225.7639400918,-2.836382937477292
2020-08-17,446777.45942187327,459225.7639400918,-2.7107156208775995
2020-08-17,447344.81778142706,459225.7639400918,-2.587168902878605
2020-08-17,448477.12601713097,459225.7639400918,-2.3405999329695857
2020-08-17,448929.88676272414,459225.7639400918,-2.2420077412535657
2020-08-17,450179.74954644655,459225.7639400918,-1.969840349555252
2020-08-17,450626.4427876057,459225.7639400918,-1.8725694043611982
2020-08-17,452210.99075856234,459225.7639400918,-1.5275216968106766
2020-08-18,452673.4771914591,459225.7639400918,-1.4268116606557613
2020-08-18,453398.82016107586,459225.7639400918,-1.2688625588036746
2020-08-18,453740.2942764244,459225.7639400918,-1.1945039007835456
2020-08-18,453839.3482151036,459225.7639400918,-1.1729341313025494
2020-08-19,453695.977436485,459225.7639400918,-1.2041542391180413
2020-08-19,453878.81611982425,459225.7639400918,-1.1643396865174829
2020-08-20,454133.26431556884,459225.7639400918,-1.1089316027981666
2020-08-20,454267.58030505717,459225.7639400918,-1.0796832460997279
2020-08-20,453377.68638524634,459225.7639400918,-1.2734646036994546
2020-08-20,453897.1518714451,459225.7639400918,-1.1603469332661063
2020-08-20,454551.0530311496,459225.7639400918,-1.0179548440039294
2020-08-20,454280.4904347701,459225.7639400918,-1.0768719644324742
2020-08-21,455047.06043306866,459225.7639400918,-0.9099453548011947
2020-08-24,455215.8444034779,459225.7639400918,-0.8731913258109425
2020-08-24,455403.962142111,459225.7639400918,-0.8322272176522356
2020-08-26,456040.7694006828,459225.7639400918,-0.6935574589897139
2020-08-26,456558.25153795833,459225.7639400918,-0.5808716782888257
2020-08-26,457260.83786617673,459225.7639400918,-0.42787801299655004
2020-08-26,457560.3211625724,459225.7639400918,-0.3626631840579115
2020-08-26,456237.3113509667,459225.7639400918,-0.650758912889521
2020-08-26,456107.6531525038,459225.7639400918,-0.6789929991808621
2020-08-26,457536.15049392,459225.7639400918,-0.3679265361061539
2020-08-27,457604.4224921208,459225.7639400918,-0.3530597747957617
2020-08-27,457351.2328359107,459225.7639400918,-0.40819380169307706
2020-08-27,456444.1389279745,459225.7639400918,-0.605720591164436
2020-08-27,456454.5347596822,459225.7639400918,-0.6034568175428309
2020-08-27,457301.9126217561,459225.7639400918,-0.41893366387577463
2020-08-28,457925.912328493,459225.7639400918,-0.2830528497456807
2020-08-31,457306.3304917694,459225.7639400918,-0.41797163814458976
2020-08-31,457224.8484856549,459225.7639400918,-0.43571498194468405
2020-08-31,457280.09192057734,459225.7639400918,-0.42368529213624656
2020-08-31,456825.4933102526,459225.7639400918,-0.5226776932646883
2020-09-01,456529.3575543469,459225.7639400918,-0.5871635690929311
2020-09-01,456187.3047971711,459225.7639400918,-0.6616482308943618
2020-09-01,455870.5677400073,459225.7639400918,-0.7306202011179461
2020-09-01,455621.4114097445,459225.7639400918,-0.7848759397605367
2020-09-01,455420.8974854629,459225.7639400918,-0.8285394142488267
2020-09-01,454221.47234978934,459225.7639400918,-1.0897236137986626
2020-09-01,454045.098206258,459225.7639400918,-1.1281304623208592
2020-09-01,453985.37789084605,459225.7639400918,-1.1411350278529688
2020-09-01,453318.1820163721,459225.7639400918,-1.2864221451848683
2020-09-01,453151.83438616287,459225.7639400918,-1.3226456420509831
2020-09-01,453766.84596299904,459225.7639400918,-1.1887220634696205
2020-09-01,453128.8867318089,459225.7639400918,-1.3276426731750846
2020-09-01,452425.149951266,459225.7639400918,-1.480886858454438
2020-09-01,452379.53570256557,459225.7639400918,-1.4908197176888753
2020-09-02,452572.9607920039,459225.7639400918,-1.4486998924032097
2020-09-03,453159.0697139781,459225.7639400918,-1.3210700928585442
2020-09-03,450687.157075613,459225.7639400918,-1.8593483935262718
2020-09-03,450743.88112323463,459225.7639400918,-1.8469962887281939
2020-09-08,449107.8045455132,459225.7639400918,-2.203264753215933
2020-09-09,447884.11588859145,459225.7639400918,-2.4697325241925996
2020-09-09,443345.1186822953,459225.7639400918,-3.458134648531657
2020-09-09,444067.4855687251,459225.7639400918,-3.3008336120584474
2020-09-09,441212.87640275905,459225.7639400918,-3.9224470732619094
2020-09-09,441752.25592406705,459225.7639400918,-3.804992966009694
2020-09-09,442090.91796953446,459225.7639400918,-3.731246658188952
2020-09-09,442316.446778856,459225.7639400918,-3.682135996934558
2020-09-09,441820.29470776464,459225.7639400918,-3.790176988980482
2020-09-09,442871.28368442535,459225.7639400918,-3.56131592342454
2020-09-09,441697.51588212565,459225.7639400918,-3.8169130380613447
2020-09-09,440222.1151951582,459225.7639400918,-4.138193071286984
2020-09-10,439361.9020122332,459225.7639400918,-4.325511216406827
2020-09-11,437837.2812420393,459225.7639400918,-4.657509307522818
2020-09-11,442647.16075475945,459225.7639400918,-3.6101204433937504
2020-09-11,443142.5718216853,459225.7639400918,-3.502240810797509
2020-09-14,443802.9153677908,459225.7639400918,-3.3584458415344964
2020-09-17,443185.89559160324,459225.7639400918,-3.4928067212233023
2020-09-17,441319.8333378813,459225.7639400918,-3.8991563645254077
2020-09-17,440646.98689762293,459225.7639400918,-4.04567393672899
2020-09-17,440012.28252622066,459225.7639400918,-4.183885775271453
2020-09-18,440194.9177769213,459225.7639400918,-4.144115521718244
2020-09-18,438030.1412916666,459225.7639400918,-4.6155125240730825
2020-09-18,437165.4658726845,459225.7639400918,-4.803802355976962
2020-09-18,435203.524071913,459225.7639400918,-5.231030520167562
2020-09-21,433003.1780519136,459225.7639400918,-5.710173066770501
2020-09-24,432657.6666029095,459225.7639400918,-5.78541088575515
2020-09-24,432463.617780435,459225.7639400918,-5.827666533785343
2020-09-24,433446.8234601718,459225.7639400918,-5.61356581101643
2020-09-25,432827.45435455453,459225.7639400918,-5.748438275553956
2020-09-25,431959.51585868583,459225.7639400918,-5.937438667958317
2020-09-25,432756.0908273651,459225.7639400918,-5.7639782414690055
2020-09-28,433403.0042856016,459225.7639400918,-5.62310777882639
2020-09-28,432048.9243141078,459225.7639400918,-5.91796927785815
2020-09-28,432594.677511182,459225.7639400918,-5.799127252882965
2020-09-29,433186.44342037075,459225.7639400918,-5.670265600150001
2020-09-29,433641.03977755265,459225.7639400918,-5.571273689661024
2020-09-29,433444.26505721855,459225.7639400918,-5.614122923259287
2020-09-30,434021.0015182154,459225.7639400918,-5.488534050359706
2020-09-30,433718.03990534233,459225.7639400918,-5.554506309902312
2020-09-30,433997.42515218066,459225.7639400918,-5.493667988367117
2020-10-01,434130.92851630005,459225.7639400918,-5.464596587195295
2020-10-01,434191.41242279805,459225.7639400918,-5.451425743734976
2020-10-12,434723.0865271535,459225.7639400918,-5.335649551259675
2020-10-19,434065.38948172436,459225.7639400918,-5.478868224311944
2020-10-20,433714.59789493546,459225.7639400918,-5.555255834575609
2020-10-20,434450.6417329668,459225.7639400918,-5.394976534974427
2020-10-22,434932.5779432552,459225.7639400918,-5.29003115774789
2020-10-22,436578.1633376463,459225.7639400918,-4.931692074097138
2020-10-26,437279.59805749636,459225.7639400918,-4.7789491805295246
2020-10-26,438215.52919673716,459225.7639400918,-4.5751428585125185
2020-10-26,439600.6794239537,459225.7639400918,-4.273515568411862
2020-10-26,439148.7185534294,459225.7639400918,-4.371933581078775
2020-10-26,438306.4445809805,459225.7639400918,-4.555345322881391
2020-10-26,437709.9149349677,459225.7639400918,-4.685244316547312
2020-10-26,438037.03996249015,459225.7639400918,-4.614010284572329
2020-10-27,437546.9934699719,459225.7639400918,-4.720721739154873
2020-10-27,437836.8762788995,459225.7639400918,-4.657597491412223
2020-10-27,437062.43805654504,459225.7639400918,-4.826237468339886
2020-10-27,436485.887481344,459225.7639400918,-4.951785863154307
2020-10-27,436819.3776735158,459225.7639400918,-4.879165766818568
2020-10-27,436166.46888782305,459225.7639400918,-5.021341758882015
2020-10-27,435329.9856321584,459225.7639400918,-5.203492526837135
2020-10-27,434571.5618640204,459225.7639400918,-5.368645231169491
2020-10-27,434786.74183093506,459225.7639400918,-5.321788111249122
2020-10-27,435928.6463598049,459225.7639400918,-5.073129473486192
2020-10-28,434041.8994682887,459225.7639400918,-5.483983358365861
2020-10-28,433277.0375167865,459225.7639400918,-5.65053802745494
2020-10-28,432320.5573812185,459225.7639400918,-5.858819054059707
2020-10-29,431985.83611900784,459225.7639400918,-5.9317072255200305
2020-10-29,430874.1942581063,459225.7639400918,-6.173775930760743
2020-10-29,430482.129165583,459225.7639400918,-6.259151169545133
2020-10-29,429536.6202491411,459225.7639400918,-6.465043127419958
2020-10-29,429281.4391083688,459225.7639400918,-6.520610815648702
2020-10-29,429027.9503688827,459225.7639400918,-6.57580997026739
2020-10-30,429238.98140222556,459225.7639400918,-6.529856313065699
2020-10-30,428265.32756688714,459225.7639400918,-6.741877047047305
2020-10-30,427338.29281146545,459225.7639400918,-6.943746111942066
2020-10-30,426869.15677869855,459225.7639400918,-7.045904150450571
2020-10-30,426276.1401826096,459225.7639400918,-7.17503815003303
2020-10-30,426249.50137609045,459225.7639400918,-7.180838958395914
2020-10-30,424999.55258017086,459225.7639400918,-7.45302507992255
2020-10-30,423937.7728826091,459225.7639400918,-7.6842359093089145
2020-10-30,423067.5880681474,459225.7639400918,-7.873725455147026
2020-10-30,422565.6806260539,459225.7639400918,-7.983019724220094
2020-10-30,420678.67266024865,459225.7639400918,-8.393930460067095
2020-10-30,418513.9678240111,459225.7639400918,-8.865311860288344
2020-10-30,417413.37856346776,459225.7639400918,-9.10497377539965
2020-10-30,415876.5201975384,459225.7639400918,-9.439636698651888
2020-10-30,415099.9586527979,459225.7639400918,-9.608739045627749
2020-10-30,413614.00540040823,459225.7639400918,-9.932316982466572
2020-10-30,411854.8897103883,459225.7639400918,-10.315378175490011
2020-10-30,410422.6379741112,459225.7639400918,-10.627262187394876
2020-10-30,409689.71090641775,459225.7639400918,-10.786862785890273
2020-11-02,408286.06628989085,459225.7639400918,-11.092517373839309
2020-11-02,408654.34994530556,459225.7639400918,-11.01232072889176
2020-11-02,408241.9988068688,459225.7639400918,-11.102113412755758
2020-11-02,406526.21448343125,459225.7639400918,-11.475738861971926
2020-11-02,406301.5920771211,459225.7639400918,-11.52465214688498
2020-11-02,406117.0580529369,459225.7639400918,-11.564835873207494
2020-11-02,405853.58559385117,459225.7639400918,-11.622209060814653
2020-11-04,406408.51840241085,459225.7639400918,-11.501368103678791
2020-11-05,409120.4324335522,459225.7639400918,-10.910827623572985
2020-11-05,411056.8213461974,459225.7639400918,-10.489163800526292
2020-11-09,412382.2702219564,459225.7639400918,-10.200536946408425
2020-11-12,413898.5496520504,459225.7639400918,-9.870355247305888
2020-11-12,414879.1768683145,459225.7639400918,-9.656816005114761
2020-11-12,415367.1428148522,459225.7639400918,-9.550557605683728
2020-11-13,415983.44479489425,459225.7639400918,-9.416353031716822
2020-11-19,416147.0945867887,459225.7639400918,-9.380717010233546
2020-11-19,416172.4482667619,459225.7639400918,-9.37519604822225
2020-11-20,416406.5422701484,459225.7639400918,-9.32422024900358
2020-11-20,417324.68537027633,459225.7639400918,-9.124287411557704
2020-11-24,417993.6046659186,459225.7639400918,-8.97862500579391
2020-11-24,418704.2943293232,459225.7639400918,-8.8238667759187
2020-11-25,419644.44821223203,459225.7639400918,-8.619140918457564
2020-11-25,420274.3671647351,459225.7639400918,-8.48197114228942
2020-11-25,421195.90380048176,459225.7639400918,-8.281299335934307
2020-11-25,422274.6112384868,459225.7639400918,-8.046402358737325
2020-11-25,422975.85644179874,459225.7639400918,-7.893700733877393
2020-11-25,423553.47643793304,459225.7639400918,-7.767919464294779
2020-11-25,424608.8273160315,459225.7639400918,-7.538108560602508
2020-11-25,426108.2838753422,459225.7639400918,-7.211590173122328
2020-11-25,426536.873999258,459225.7639400918,-7.118261323225382
2020-11-25,427514.6187708233,459225.7639400918,-6.905349755900325
2020-11-25,429284.5855041211,459225.7639400918,-6.51992566337735
2020-11-25,429859.0617821248,459225.7639400918,-6.394828962993036
2020-11-25,430748.24651639926,459225.7639400918,-6.201202036087765
2020-11-27,432374.7740158758,459225.7639400918,-5.847012958035787
2020-11-27,432038.5908405576,459225.7639400918,-5.920219472503492
2020-11-27,432436.21818147454,459225.7639400918,-5.8336330106496606
2020-11-27,432531.20184146916,459225.7639400918,-5.812949576170796
2020-11-27,433119.9897578044,459225.7639400918,-5.684736404661537
2020-11-30,433569.90677126736,459225.7639400918,-5.586763457847152
2020-11-30,432492.2995856597,459225.7639400918,-5.821420846483613
2020-11-30,431065.5331541661,459225.7639400918,-6.132110390391627
2020-11-30,430807.25160990574,459225.7639400918,-6.188353215716664
2020-12-01,430151.00589767273,459225.7639400918,-6.3312558496199784
2020-12-01,430978.51913925854,459225.7639400918,-6.151058372351747
2020-12-01,431482.16928640235,459225.7639400918,-6.041384615630747
2020-12-01,430330.72414004325,459225.7639400918,-6.292120797433758
2020-12-01,430551.20677232184,459225.7639400918,-6.244108980677905
2020-12-01,429659.078793789,459225.7639400918,-6.4383768220286335
2020-12-01,429653.3603969334,459225.7639400918,-6.439622047646328
2020-12-01,429004.71406647813,459225.7639400918,-6.580869856760948
2020-12-01,429045.2463557853,459225.7639400918,-6.57204363391156
2020-12-02,428212.3291903016,459225.7639400918,-6.75341785785261
2020-12-02,427535.61498181894,459225.7639400918,-6.900777666822503
2020-12-03,428170.897444481,459225.7639400918,-6.7624399443891186
2020-12-03,427625.70944425504,459225.7639400918,-6.881158893332291
2020-12-03,428131.7161116188,459225.7639400918,-6.770971985911792
2020-12-03,427295.4482976509,459225.7639400918,-6.953075839753272
2020-12-03,427470.93873353204,459225.7639400918,-6.914861425480118
2020-12-04,429671.74026182294,459225.7639400918,-6.435619688385852
2020-12-04,430244.6954559715,459225.7639400918,-6.31085421590175
2020-12-04,432415.2122313726,459225.7639400918,-5.838207220494012
2020-12-04,433741.1179103876,459225.7639400918,-5.549480893896198
2020-12-04,434283.01493834995,459225.7639400918,-5.431478579889907
2020-12-04,434765.5267125749,459225.7639400918,-5.326407869116833
2020-12-04,435205.2831948924,459225.7639400918,-5.230647457387215
2020-12-04,436210.02313148923,459225.7639400918,-5.011857481847449
2020-12-07,436679.30587556446,459225.7639400918,-4.909667495804669
2020-12-07,437885.71010797407,459225.7639400918,-4.646963543382917
2020-12-07,439268.53999297495,459225.7639400918,-4.3458415259385115
2020-12-07,438060.09904429887,459225.7639400918,-4.608988989248895
2020-12-08,438677.17855069594,459225.7639400918,-4.474615102840037
2020-12-08,440281.26135664876,459225.7639400918,-4.125313532259586
2020-12-09,440157.9462575368,459225.7639400918,-4.152166359081388
2020-12-09,440671.5981219994,459225.7639400918,-4.040314650227876
2020-12-09,440801.2518593297,459225.7639400918,-4.0120815353830395
2020-12-10,441366.058591889,459225.7639400918,-3.889090454108913
2020-12-10,441377.28279752826,459225.7639400918,-3.886646295588065
2020-12-10,441473.5033113458,459225.7639400918,-3.8656935265204058
2020-12-10,442565.7419084696,459225.7639400918,-3.6278500336482904
2020-12-11,441948.8407162948,459225.7639400918,-3.762185090741306
2020-12-14,441971.31324871944,459225.7639400918,-3.7572915211314917
2020-12-14,439388.36358319124,459225.7639400918,-4.319749002472881
2020-12-15,439975.78653997986,459225.7639400918,-4.191833061575181
2020-12-15,440481.3117003507,459225.7639400918,-4.081751006066465
2020-12-15,441148.73270265886,459225.7639400918,-3.9364148653887807
2020-12-15,441915.49044410913,459225.7639400918,-3.769447373218568
2020-12-15,442370.74729846395,459225.7639400918,-3.6703116343068896
2020-12-15,442740.6260885982,459225.7639400918,-3.5897676363045194
2020-12-15,443371.88702921313,459225.7639400918,-3.4523056317343093
2020-12-16,443769.73099912424,459225.7639400918,-3.3656719972235494
2020-12-16,444600.7820828296,459225.7639400918,-3.184704127177433
2020-12-17,446057.3629638431,459225.7639400918,-2.867522253818191
2020-12-17,446454.9698336537,459225.7639400918,-2.780940249707794
2020-12-17,446743.1868890755,459225.7639400918,-2.7181787328127216
2020-12-17,448073.9559638921,459225.7639400918,-2.4283933637605157
2020-12-17,450009.51194025617,459225.7639400918,-2.006910919100341
2020-12-17,450340.16094235284,459225.7639400918,-1.93490951411388
2020-12-17,450953.3403540168,459225.7639400918,-1.801384903821336
2020-12-17,451483.24222985964,459225.7639400918,-1.6859946279586875
2020-12-17,451997.5964834181,459225.7639400918,-1.5739899683887721
2020-12-17,452518.1910692252,459225.7639400918,-1.4606264276892058
2020-12-17,451541.7871596884,459225.7639400918,-1.673246011825638
2020-12-17,452348.79441339587,459225.7639400918,-1.4975138737192224
2020-12-18,451643.3861211736,459225.7639400918,-1.6511220437334526
2020-12-18,452926.45240273495,459225.7639400918,-1.371724330819263
2020-12-18,454085.8879758698,459225.7639400918,-1.1192481711223266
2020-12-18,455010.2061751467,459225.7639400918,-0.9179706575642136
2020-12-18,455747.49769822735,459225.7639400918,-0.7574196647900252
2020-12-21,457034.0628959509,459225.7639400918,-0.47726003552945806
2020-12-21,457561.36130457517,459225.7639400918,-0.36243668500571896
2020-12-21,458091.50229108304,459225.7639400918,-0.24699434092655828
2020-12-21,457357.37108563405,459225.7639400918,-0.40685714983132354
2020-12-21,457153.43509419856,459225.7639400918,-0.4512658061936636
2020-12-21,459624.0010970916,459624.0010970916,0.0
2020-12-22,457535.410575137,459624.0010970916,-0.4544128498444939
2020-12-23,457519.9231643915,459624.0010970916,-0.45778243252698175
2020-12-23,457377.32529845496,459624.0010970916,-0.4888073280059275
2020-12-23,457360.83503799065,459624.0010970916,-0.49239509984224433
2020-12-23,457506.88813875127,459624.0010970916,-0.46061845188391326
2020-12-23,457396.489737784,459624.0010970916,-0.4846377373659004
2020-12-23,457711.92557991395,459624.0010970916,-0.4160086315365699
2020-12-23,457462.15693652956,459624.0010970916,-0.47035058121461354
2020-12-23,457520.224040061,459624.0010970916,-0.45771697126542854
2020-12-23,456601.75506782165,459624.0010970916,-0.6575474783858201
2020-12-23,456567.0283937758,459624.0010970916,-0.6651029310956337
2020-12-23,457358.0155140231,459624.0010970916,-0.493008541255408
2020-12-23,457766.05181203457,459624.0010970916,-0.40423243360273264
2020-12-23,458257.23633377027,459624.0010970916,-0.29736583817619283
2020-12-23,457477.5639092312,459624.0010970916,-0.4669984993683901
2020-12-23,457418.93485463114,459624.0010970916,-0.4797543725299609
2020-12-23,457971.1018527333,459624.0010970916,-0.3596198719851309
2020-12-23,458115.79328152526,459624.0010970916,-0.3281394818300051
2020-12-23,458317.3145902976,459624.0010970916,-0.28429466339334675
2020-12-23,458675.90321413515,459624.0010970916,-0.20627684383178316
2020-12-23,458805.178327374,459624.0010970916,-0.17815056823906703
2020-12-23,459024.1841834816,459624.0010970916,-0.13050165182371948
2020-12-24,458603.9464751939,459624.0010970916,-0.2219324098530308
2020-12-24,457583.15272272105,459624.0010970916,-0.44402563171182874
2020-12-24,458049.73775261146,459624.0010970916,-0.3425111266431847
2020-12-24,458211.46394727175,459624.0010970916,-0.3073244970776559
2020-12-24,457681.4418257508,459624.0010970916,-0.4226409558038797
2020-12-28,457379.6314440755,459624.0010970916,-0.48830558187974005
2020-12-28,457255.3250761388,459624.0010970916,-0.5153508118155153
2020-12-28,457649.966242786,459624.0010970916,-0.42948907141353115
2020-12-28,458154.8947785951,459624.0010970916,-0.3196322026242883
2020-12-29,458528.59767898155,459624.0010970916,-0.2383259828676024
2020-12-30,458523.4507138596,459624.0010970916,-0.2394458036580053
2021-01-04,459076.59846939944,459624.0010970916,-0.11909792055800766
2021-01-04,459887.6549937283,459887.6549937283,0.0
2021-01-04,458801.89572590456,459887.6549937283,-0.2360922838510587
2021-01-04,460058.9409151049,460058.9409151049,0.0
2021-01-05,460502.7031581384,460502.7031581384,0.0
2021-01-05,461129.5583834362,461129.5583834362,0.0
2021-01-05,462648.75878710975,462648.75878710975,0.0
2021-01-06,464812.48550233856,464812.48550233856,0.0
2021-01-06,466165.25077813776,466165.25077813776,0.0
2021-01-06,467847.126167476,467847.126167476,0.0
2021-01-06,468338.79913846776,468338.79913846776,0.0
2021-01-07,469004.4770740011,469004.4770740011,0.0
2021-01-07,469394.7156684369,469394.7156684369,0.0
2021-01-07,469553.15090404777,469553.15090404777,0.0
2021-01-07,470093.3546529045,470093.3546529045,0.0
2021-01-07,471205.68096799514,471205.68096799514,0.0
2021-01-07,472734.3008547543,472734.3008547543,0.0
2021-01-07,473751.87480426783,473751.87480426783,0.0
2021-01-07,474253.08570446866,474253.08570446866,0.0
2021-01-07,474702.3707533807,474702.3707533807,0.0
2021-01-07,475178.4812239013,475178.4812239013,0.0
2021-01-07,476208.84360834234,476208.84360834234,0.0
2021-01-07,477369.31085776695,477369.31085776695,0.0
2021-01-07,478478.62300580885,478478.62300580885,0.0
2021-01-07,480414.51345017884,480414.51345017884,0.0
2021-01-07,480741.5085412646,480741.5085412646,0.0
2021-01-07,481194.99338070594,481194.99338070594,0.0
2021-01-07,483007.744492173,483007.744492173,0.0
2021-01-07,483615.98642424465,483615.98642424465,0.0
2021-01-07,484244.04749892524,484244.04749892524,0.0
2021-01-07,485110.68963318807,485110.68963318807,0.0
2021-01-07,485391.1053360759,485391.1053360759,0.0
2021-01-07,484552.7035097741,485391.1053360759,-0.17272706835475904
2021-01-07,485306.30759246217,485391.1053360759,-0.017469983005766635
2021-01-07,486564.10334018833,486564.10334018833,0.0
2021-01-07,487107.69736038166,487107.69736038166,0.0
2021-01-07,488397.82282828784,488397.82282828784,0.0
2021-01-07,489371.9318128944,489371.9318128944,0.0
2021-01-07,489684.21379880357,489684.21379880357,0.0
2021-01-08,489074.43918005057,489684.21379880357,-0.12452405071884494
2021-01-08,489479.1743748388,489684.21379880357,-0.04187176514719903
2021-01-08,490067.18828955834,490067.18828955834,0.0
2021-01-08,490536.74341054854,490536.74341054854,0.0
2021-01-08,491274.4502596122,491274.4502596122,0.0
2021-01-08,491770.5418828418,491770.5418828418,0.0
2021-01-08,492221.3828409068,492221.3828409068,0.0
2021-01-11,492465.3778070478,492465.3778070478,0.0
2021-01-11,492773.96714249934,492773.96714249934,0.0
2021-01-11,493232.0048864648,493232.0048864648,0.0
2021-01-11,493897.5573422311,493897.5573422311,0.0
2021-01-11,494402.68921303545,494402.68921303545,0.0
2021-01-11,494741.97373017174,494741.97373017174,0.0
2021-01-12,494287.27221349254,494741.97373017174,-0.09190680007417111
2021-01-12,493388.44271105004,494741.97373017174,-0.27358321933281216
2021-01-12,492986.7712287057,494741.97373017174,-0.3547712938589895
2021-01-12,493134.8981334831,494741.97373017174,-0.3248310598294113
2021-01-12,493516.2228762846,494741.97373017174,-0.24775558148935903
2021-01-12,493842.85026471,494741.97373017174,-0.1817358366994124
2021-01-12,494284.88327149727,494741.97373017174,-0.0923896663200374
2021-01-13,493723.456885888,494741.97373017174,-0.20586829061712522
2021-01-13,490466.3410538687,494741.97373017174,-0.8642146620522909
2021-01-13,490593.32539841137,494741.97373017174,-0.8385478799142702
2021-01-13,489671.58645524824,494741.97373017174,-1.0248548827775121
2021-01-13,489710.39770165674,494741.97373017174,-1.017010137744889
2021-01-13,489121.9755477121,494741.97373017174,-1.135945296916473
2021-01-14,488408.0073445563,494741.97373017174,-1.2802565219723927
2021-01-14,488969.2567032882,494741.97373017174,-1.1668136793325634
2021-01-15,489012.38559898944,494741.97373017174,-1.1580962270056299
2021-01-15,489595.14551822084,494741.97373017174,-1.0403055502135206
2021-01-15,490257.7908199713,494741.97373017174,-0.9063679955010404
2021-01-19,490756.621366543,494741.97373017174,-0.8055415904134144
2021-01-19,491469.3621998043,494741.97373017174,-0.6614784481884926
2021-01-19,491810.7791489932,494741.97373017174,-0.5924693551020982
2021-01-19,492334.3356275429,494741.97373017174,-0.4866452070917114
2021-01-19,492909.2681386377,494741.97373017174,-0.3704366495763657
2021-01-19,493258.7954179551,494741.97373017174,-0.2997882514463117
2021-01-20,493816.7677831126,494741.97373017174,-0.18700777297778828
2021-01-20,494599.57255372516,494741.97373017174,-0.02878291796690118
2021-01-20,494967.5849236399,494967.5849236399,0.0
2021-01-21,494532.52652457263,494967.5849236399,-0.08789634156232232
2021-01-21,494448.5306521452,494967.5849236399,-0.1048663159577924
2021-01-21,494503.5128926544,494967.5849236399,-0.09375806519877233
2021-01-21,495146.2822805713,495146.2822805713,0.0
2021-01-21,495355.5416400261,495355.5416400261,0.0
2021-01-22,495508.4867397116,495508.4867397116,0.0
2021-01-22,495368.9206100031,495508.4867397116,-0.028166244059065225
2021-01-22,494549.4916950463,495508.4867397116,-0.19353756198509886
2021-01-22,495023.0843499292,495508.4867397116,-0.09796045936089132
2021-01-22,495382.72523734445,495508.4867397116,-0.025380292312372696
2021-01-22,496099.94146164774,496099.94146164774,0.0
2021-01-25,497493.68636281847,497493.68636281847,0.0
2021-01-25,497844.2853558666,497844.2853558666,0.0
2021-01-25,497835.18445737596,497844.2853558666,-0.0018280612549627139
2021-01-25,498021.47386227286,498021.47386227286,0.0
2021-01-25,497772.8035076322,498021.47386227286,-0.04993165308960245
2021-01-25,497459.85005726054,498021.47386227286,-0.11277100175155046
2021-01-25,496860.0062126615,498021.47386227286,-0.23321637932675882
2021-01-25,496947.4884821308,498021.47386227286,-0.2156504159977373
2021-01-25,496613.3363843257,498021.47386227286,-0.28274633762812096
2021-01-27,496057.5934200856,498021.47386227286,-0.3943364985764362
2021-01-27,495016.41811797704,498021.47386227286,-0.603398829570724
2021-01-27,493594.79852924426,498021.47386227286,-0.8888523016284218
2021-01-27,493079.26531026326,498021.47386227286,-0.9923685646889117
2021-01-27,492611.65516905,498021.47386227286,-1.0862621346964174
2021-01-27,491159.830828207,498021.47386227286,-1.3777805564993406
2021-01-27,489957.0731361918,498021.47386227286,-1.6192877514978894
2021-01-27,488449.5247609723,498021.47386227286,-1.9219952559611255
2021-01-27,487424.985461425,498021.47386227286,-2.127717168231651
2021-01-27,486392.2175038639,498021.47386227286,-2.3350913502225823
2021-01-27,485050.0069705866,498021.47386227286,-2.6045999163629436
2021-01-27,483365.2297545556,498021.47386227286,-2.94289400697015
2021-01-28,484024.2329130353,498021.47386227286,-2.810569761316851
2021-01-28,483821.06059437303,498021.47386227286,-2.851365656539327
2021-01-28,483265.0377127332,498021.47386227286,-2.9630120233772352
2021-01-28,482808.07739030774,498021.47386227286,-3.0547671677652137
2021-01-28,481995.27794146043,498021.47386227286,-3.217972871034162
2021-01-28,481267.49365092075,498021.47386227286,-3.364107993460821
2021-01-28,480794.1561838433,498021.47386227286,-3.459151579313973
2021-01-28,480427.52012677316,498021.47386227286,-3.5327701030749696
2021-01-28,479453.46192330966,498021.47386227286,-3.7283556861442
2021-01-28,479560.9172069005,498021.47386227286,-3.706779250341646
2021-01-28,478044.40830379556,498021.47386227286,-4.011285980010158
2021-01-28,476982.9862468922,498021.47386227286,-4.224413749114528
2021-01-28,476530.7704660929,498021.47386227286,-4.315216215380136
2021-01-29,475610.5065182923,498021.47386227286,-4.500000204846244
2021-01-29,474810.52692257555,498021.47386227286,-4.66063175141646
2021-01-29,473417.7148823334,498021.47386227286,-4.9403008246073306
2021-01-29,472715.43542523374,498021.47386227286,-5.081314715364558
2021-02-01,471753.32647147856,498021.47386227286,-5.27450095416141
2021-02-01,470824.1044200205,498021.47386227286,-5.461083682061023
2021-02-01,470517.97001457703,498021.47386227286,-5.522553803634155
2021-02-01,470716.7695353696,498021.47386227286,-5.482635942412064
2021-02-01,471036.4865196632,498021.47386227286,-5.418438512969089
2021-02-02,471485.3734223292,498021.47386227286,-5.328304467305397
2021-02-02,472109.65893379715,498021.47386227286,-5.202951336118809
2021-02-02,472077.2465125329,498021.47386227286,-5.209459573808424
2021-02-02,472099.21478479076,498021.47386227286,-5.2050484643661905
2021-02-03,471072.87369188573,498021.47386227286,-5.411132166931366
2021-02-03,471161.35288584273,498021.47386227286,-5.393366026593918
2021-02-03,470903.98865116655,498021.47386227286,-5.445043363452559
2021-02-03,470254.1965309125,498021.47386227286,-5.575518082788411
2021-02-03,469261.1107422537,498021.47386227286,-5.774924301351066
2021-02-03,469391.60933123314,498021.47386227286,-5.748720895307674
2021-02-03,469052.3089004578,498021.47386227286,-5.816850574163482
2021-02-03,469418.5932747202,498021.47386227286,-5.743302666395217
2021-02-03,470024.32091275265,498021.47386227286,-5.621675855138484
2021-02-03,469911.972090738,498021.47386227286,-5.644234886809016
2021-02-03,470007.2485996707,498021.47386227286,-5.625103882638893
2021-02-03,469981.3726317765,498021.47386227286,-5.630299636085736
2021-02-03,469776.8062070176,498021.47386227286,-5.671375460220871
2021-02-03,469682.94938554685,498021.47386227286,-5.690221398879477
2021-02-03,469933.60773622635,498021.47386227286,-5.639890567010807
2021-02-03,470724.570956178,498021.47386227286,-5.481069459595988
2021-02-03,470678.2292933602,498021.47386227286,-5.490374613138549
2021-02-03,470647.29729584063,498021.47386227286,-5.4965855898018
2021-02-03,470489.88595371676,498021.47386227286,-5.52819293012452
2021-02-03,470419.25505913456,498021.47386227286,-5.542375229139548
2021-02-03,469680.46728512703,498021.47386227286,-5.690719791127621
2021-02-03,470353.43611331476,498021.47386227286,-5.5555913150463185
2021-02-04,470477.9985865488,498021.47386227286,-5.530579848719774
2021-02-05,470736.7001663665,498021.47386227286,-5.478633980239153
2021-02-08,471478.69942960393,498021.47386227286,-5.329644568701729
2021-02-11,472568.53667611565,498021.47386227286,-5.110811184257527
2021-02-11,474169.9950416949,498021.47386227286,-4.789247065112308
2021-02-11,475167.2207921946,498021.47386227286,-4.589009564755953
2021-02-16,473775.9009108954,498021.47386227286,-4.8683790205565645
2021-02-16,474508.5101439694,498021.47386227286,-4.7212750759430016
2021-02-17,474754.90967141435,498021.47386227286,-4.6717993925886105
2021-02-19,475791.4739701212,498021.47386227286,-4.463662925968401
2021-02-19,476339.80363650265,498021.47386227286,-4.353561314861344
2021-02-22,476850.05529866926,498021.47386227286,-4.251105559648724
2021-02-22,478033.647458471,498021.47386227286,-4.013446699153671
2021-02-22,478792.7173558076,498021.47386227286,-3.861029597246432
2021-02-22,479288.4115393117,498021.47386227286,-3.7614969044772093
2021-02-22,479821.9393331234,498021.47386227286,-3.6543674287792918
2021-02-22,481344.6073328865,498021.47386227286,-3.3486239860408786
2021-02-22,481999.7764415515,498021.47386227286,-3.2170695967122347
2021-02-22,482692.25185682374,498021.47386227286,-3.0780243041665294
2021-02-23,483677.5927981372,498021.47386227286,-2.8801732087766196
2021-02-23,485332.28270048427,498021.47386227286,-2.5479204869181546
2021-02-23,485961.1787873051,498021.47386227286,-2.4216415773073754
2021-02-24,486464.65581356006,498021.47386227286,-2.3205461320948624
2021-02-24,487174.5295854567,498021.47386227286,-2.1780073442808736
2021-02-24,488207.5255100564,498021.47386227286,-1.970587387749968
2021-02-24,489314.9655617067,498021.47386227286,-1.748219455889154
2021-02-24,490201.17356735707,498021.47386227286,-1.5702737141568497
2021-02-24,491006.46871261526,498021.47386227286,-1.4085748341842774
2021-02-24,491886.9341962326,498021.47386227286,-1.2317821596055867
2021-02-24,491156.71220838494,498021.47386227286,-1.3784067583773232
2021-02-24,491767.51579314924,498021.47386227286,-1.2557607246576565
2021-02-24,490293.97945935413,498021.47386227286,-1.5516387964137786
2021-02-24,490408.9115459842,498021.47386227286,-1.5285610592755066
2021-02-24,489896.5066769111,498021.47386227286,-1.6314491667097721
2021-02-24,490375.2637120843,498021.47386227286,-1.5353173610949722
2021-02-25,491011.7472663303,498021.47386227286,-1.4075149293424043
2021-02-25,491223.3523107612,498021.47386227286,-1.3650257887055781
2021-02-25,486840.7382638612,498021.47386227286,-2.245030824012954
2021-02-25,485776.64078387705,498021.47386227286,-2.4586958035030633
2021-02-25,482337.69369283225,498021.47386227286,-3.149217652766904
2021-02-26,481137.3125708259,498021.47386227286,-3.3902476454491666
2021-02-26,480962.4161896802,498021.47386227286,-3.4253658863935446
2021-02-26,479224.5477561713,498021.47386227286,-3.7743204043646936
2021-02-26,479843.36103076267,498021.47386227286,-3.6500660685441306
2021-03-01,480529.55172093894,498021.47386227286,-3.5122827145745306
2021-03-01,481450.7602363748,498021.47386227286,-3.327309061070862
2021-03-01,482045.8071251751,498021.47386227286,-3.2078268860984553
2021-03-01,482630.1052683682,498021.47386227286,-3.090503000712198
2021-03-01,483611.7017005223,498021.47386227286,-2.8934037823709566
2021-03-01,484714.82703189214,498021.47386227286,-2.6719022228468514
2021-03-01,484947.54162715154,498021.47386227286,-2.6251743993546945
2021-03-01,485557.9047924142,498021.47386227286,-2.502616799472672
2021-03-01,486117.81880467734,498021.47386227286,-2.390189114794568
2021-03-01,483208.36008641904,498021.47386227286,-2.974392582105881
2021-03-01,481646.03512033675,498021.47386227286,-3.28809892773112
2021-03-01,481545.9189888342,498021.47386227286,-3.3082017017593426
2021-03-01,482374.5480639634,498021.47386227286,-3.1418174957324387
2021-03-01,477008.04098208644,498021.47386227286,-4.219382894721855
2021-03-01,476640.189823708,498021.47386227286,-4.293245404208785
2021-03-01,477116.1589975208,498021.47386227286,-4.197673385973993
2021-03-02,476917.8591554021,498021.47386227286,-4.237490914439349
2021-03-02,475602.5225606462,498021.47386227286,-4.501603340065335
2021-03-02,474896.46604300896,498021.47386227286,-4.643375644010702
2021-03-02,473421.63473158394,498021.47386227286,-4.939513740223172
2021-03-02,472020.6101660218,498021.47386227286,-5.220831843777397
2021-03-03,472572.73910650384,498021.47386227286,-5.109967359119707
2021-03-03,473374.54422849364,498021.47386227286,-4.948969256814675
2021-03-03,472294.4293937652,498021.47386227286,-5.16585043391571
2021-03-03,471169.82778909506,498021.47386227286,-5.391664312170521
2021-03-04,469433.5385250754,498021.47386227286,-5.740301741507515
2021-03-04,469108.5460649204,498021.47386227286,-5.805558457776123
2021-03-04,466417.23221286974,498021.47386227286,-6.3459596238501215
2021-03-04,465953.9765684981,498021.47386227286,-6.438978834604018
2021-03-04,465657.7893031826,498021.47386227286,-6.498451624606124
2021-03-04,464094.0003366562,498021.47386227286,-6.812451933548408
2021-03-04,460977.4220290864,498021.47386227286,-7.438243886533888
2021-03-04,459570.41828110034,498021.47386227286,-7.720762577359487
2021-03-04,455985.3078230977,498021.47386227286,-8.440633234783009
2021-03-05,454872.82241474884,498021.47386227286,-8.664014246794652
2021-03-05,455406.4073061748,498021.47386227286,-8.556873306206711
2021-03-05,454603.26346322347,498021.47386227286,-8.718140216390879
2021-03-05,453385.4940656473,498021.47386227286,-8.96266168012056
2021-03-05,453103.9122156013,498021.47386227286,-9.019201782269622
2021-03-08,451212.7587936276,498021.47386227286,-9.398935091218604
2021-03-08,447778.0652179644,498021.47386227286,-10.088602857756129
2021-03-08,446362.66744444193,498021.47386227286,-10.372807023200188
2021-03-08,447297.2424922872,498021.47386227286,-10.185149442775513
2021-03-08,447504.38516057795,498021.47386227286,-10.143556322967981
2021-03-09,448773.6215531409,498021.47386227286,-9.888700566905948
2021-03-09,449543.2630932515,498021.47386227286,-9.734160736697056
2021-03-09,449165.13559304393,498021.47386227286,-9.810086679663954
2021-03-09,449126.7055815585,498021.47386227286,-9.81780321670148
2021-03-10,450216.22963600553,498021.47386227286,-9.599032719518396
2021-03-10,452973.17835686175,498021.47386227286,-9.045452429199699
2021-03-10,453903.85219801794,498021.47386227286,-8.858578189834358
2021-03-10,455650.5936637964,498021.47386227286,-8.50784201530115
2021-03-10,456885.82294178143,498021.47386227286,-8.259814702662286
2021-03-10,458584.9638279093,498021.47386227286,-7.9186364653162835
2021-03-10,460607.480514243,498021.47386227286,-7.512526128216036
2021-03-10,461905.64666703023,498021.47386227286,-7.2518614338365674
2021-03-10,463791.26764193486,498021.47386227286,-6.873239010132387
2021-03-10,464295.5732326832,498021.47386227286,-6.771977193681518
2021-03-10,465454.8931326858,498021.47386227286,-6.539192070780728
2021-03-10,467256.9901323656,498021.47386227286,-6.177340806475973
2021-03-10,468161.6517669548,498021.47386227286,-5.995689676541086
2021-03-10,469121.64480779873,498021.47386227286,-5.802928301534712
2021-03-10,470197.3325529279,498021.47386227286,-5.586936059917709
2021-03-11,470908.5461891238,498021.47386227286,-5.444128234648589
2021-03-11,471593.05767126096,498021.47386227286,-5.306682056509202
2021-03-11,472782.30629411305,498021.47386227286,-5.067887409035634
2021-03-11,473544.04283281026,498021.47386227286,-4.914934860064248
2021-03-11,474418.2989037741,498021.47386227286,-4.73938900173332
2021-03-11,475122.75407782866,498021.47386227286,-4.597938238859316
2021-03-11,476838.4528075217,498021.47386227286,-4.253435276690362
2021-03-11,477384.3627312202,498021.47386227286,-4.143819536737451
2021-03-11,477938.73154586676,498021.47386227286,-4.032505297544652
2021-03-11,478763.1478171657,498021.47386227286,-3.86696699958625
2021-03-11,478813.9886854238,498021.47386227286,-3.8567584300914834
2021-03-11,478945.0070028015,498021.47386227286,-3.830450665415868
2021-03-12,479420.1574227083,498021.47386227286,-3.735043048506929
2021-03-12,480224.48905822926,498021.47386227286,-3.573537636042846
2021-03-15,481212.4280591299,498021.47386227286,-3.3751648644354364
2021-03-16,481342.4618643602,498021.47386227286,-3.349054784437913
2021-03-18,481943.2333575797,498021.47386227286,-3.2284231400711842
2021-03-22,482525.71226472437,498021.47386227286,-3.111464547376892
2021-03-23,481994.72224131227,498021.47386227286,-3.2180844525978762
2021-03-23,479203.8599126622,498021.47386227286,-3.778474410686689
2021-03-24,479901.74958311906,498021.47386227286,-3.6383419651829683
2021-03-25,480802.4123474096,498021.47386227286,-3.4574937866284023
2021-03-25,481310.03094982344,498021.47386227286,-3.355566735475938
2021-03-25,482722.3691625317,498021.47386227286,-3.0719769131826875
2021-03-25,483716.3776634045,498021.47386227286,-2.8723854190320335
2021-03-25,484353.131397801,498021.47386227286,-2.7445287365764948
2021-03-25,484536.2863844768,498021.47386227286,-2.707752212613498
2021-03-25,485252.56276980793,498021.47386227286,-2.563927814886985
2021-03-26,485952.30483726924,498021.47386227286,-2.423423418151911
2021-03-26,486117.26910916547,498021.47386227286,-2.390299490660012
2021-03-26,487519.47949693375,498021.47386227286,-2.1087432804641315
2021-03-26,489352.32694143156,498021.47386227286,-1.7407174942899637
2021-03-26,490277.2523842047,498021.47386227286,-1.554997502017314
2021-03-26,491102.57398861833,498021.47386227286,-1.389277418099434
2021-03-26,491945.0258894763,498021.47386227286,-1.22011766393772
2021-03-26,492721.2425660795,498021.47386227286,-1.0642575821256957
2021-03-26,493649.07845348265,498021.47386227286,-0.8779531884200217
2021-03-26,494248.80416458845,498021.47386227286,-0.7575315314069644
2021-03-26,494779.7962400105,498021.47386227286,-0.6509112141535628
2021-03-26,495549.18893129815,498021.47386227286,-0.49642135143321503
2021-03-26,496365.68517094804,498021.47386227286,-0.332473352701801
2021-03-26,498232.13305140747,498232.13305140747,0.0
2021-03-26,498751.56838664506,498751.56838664506,0.0
2021-03-26,499454.41618763603,499454.41618763603,0.0
2021-03-26,501219.9824841909,501219.9824841909,0.0
2021-03-26,502214.04390872805,502214.04390872805,0.0
2021-03-26,504016.19903266826,504016.19903266826,0.0
2021-03-26,504960.6876928622,504960.6876928622,0.0
2021-03-26,505268.8645425929,505268.8645425929,0.0
2021-03-26,506178.8437367871,506178.8437367871,0.0
2021-03-26,503305.83149133914,506178.8437367871,-0.5675883694068262
2021-03-26,502407.34141914285,506178.8437367871,-0.7450928390846435
2021-03-26,502711.70824967494,506178.8437367871,-0.6849625443680274
2021-03-26,503412.7552642988,506178.8437367871,-0.5464646550748856
2021-03-29,503375.2404279002,506178.8437367871,-0.5538760348397226
2021-03-29,501475.9008288124,506178.8437367871,-0.9291069680542073
2021-03-29,501320.1509162433,506178.8437367871,-0.9598767077413238
2021-03-29,499514.3952284142,506178.8437367871,-1.3166193314547914
2021-03-29,498810.72224040417,506178.8437367871,-1.4556360044582084
2021-03-30,497470.214580317,506178.8437367871,-1.7204648641930502
2021-03-30,496583.6996611828,506178.8437367871,-1.8956035390119437
2021-03-30,496225.7774406843,506178.8437367871,-1.9663141633154393
2021-03-30,497140.48310707574,506178.8437367871,-1.7856061630286753
2021-03-30,496070.55205041496,506178.8437367871,-1.996980279094486
2021-03-30,496119.74415826716,506178.8437367871,-1.9872619535538438
2021-03-30,496390.8052399938,506178.8437367871,-1.9337114970144988
2021-03-30,494693.7979532586,506178.8437367871,-2.26896993535761
2021-03-30,494194.29964280536,506178.8437367871,-2.367650138339977
2021-03-30,494103.97516874515,506178.8437367871,-2.385494517886424
2021-03-30,493883.9545164073,506178.8437367871,-2.4289614970105617
2021-03-30,493124.8202624969,506178.8437367871,-2.5789350218434457
2021-03-30,493726.47197639814,506178.8437367871,-2.4600735322047917
2021-03-30,494265.97727651085,506178.8437367871,-2.3534896030682253
2021-03-30,493117.622583697,506178.8437367871,-2.5803569854219157
2021-03-30,492692.5043438171,506178.8437367871,-2.6643427634014
2021-03-30,491115.2402657347,506178.8437367871,-2.975944897231904
2021-03-30,490584.8410816504,506178.8437367871,-3.0807298345415575
2021-03-30,490451.44757517485,506178.8437367871,-3.107082873220692
2021-03-30,490185.7353931144,506178.8437367871,-3.159576608458397
2021-03-30,490213.93214158964,506178.8437367871,-3.1540060973980975
2021-03-30,490502.5634404873,506178.8437367871,-3.096984492787582
2021-03-30,490918.6885611076,506178.8437367871,-3.014775383147929
2021-04-01,491192.2232283508,506178.8437367871,-2.960736248437386
2021-04-01,491298.5336413217,506178.8437367871,-2.939733708665855
2021-04-05,492276.0867975284,506178.8437367871,-2.7466096442561216
2021-04-05,492707.4783218894,506178.8437367871,-2.661384524775355
2021-04-05,492218.54143743054,506178.8437367871,-2.757978226884549
2021-04-07,492643.70336694736,506178.8437367871,-2.673983817640155
2021-04-08,493016.3296701141,506178.8437367871,-2.600368274877467
2021-04-12,493606.2185061804,506178.8437367871,-2.483830643294224
2021-04-12,494239.9946289511,506178.8437367871,-2.358622699380175
2021-04-13,494239.99527112546,506178.8437367871,-2.3586225725130925
2021-04-13,494014.87950899755,506178.8437367871,-2.4030961345580866
2021-04-14,494496.6838613151,506178.8437367871,-2.3079115257426164
2021-04-14,494837.84872898966,506178.8437367871,-2.2405114611417365
2021-04-14,495017.03881448234,506178.8437367871,-2.2051109129540967
2021-04-14,495473.44394567265,506178.8437367871,-2.1149441395226
2021-04-15,495314.9504684533,506178.8437367871,-2.1462558940892893
2021-04-15,495623.1259251851,506178.8437367871,-2.0853731723902245
2021-04-15,496362.26167821564,506178.8437367871,-1.9393505240365347
2021-04-15,496715.47377475275,506178.8437367871,-1.8695704253801824
2021-04-15,496930.2247720993,506178.8437367871,-1.8271445120881198
2021-04-16,497271.90430057765,506178.8437367871,-1.7596427718028163
2021-04-16,497713.2794643218,506178.8437367871,-1.6724452981814848
2021-04-19,497297.67912969063,506178.8437367871,-1.754550731818943
2021-04-19,497362.2907956351,506178.8437367871,-1.7417861394729914
2021-04-19,497523.57540265605,506178.8437367871,-1.7099229731205017
2021-04-19,496735.9413430267,506178.8437367871,-1.8655268805882177
2021-04-19,496298.8780906459,506178.8437367871,-1.9518724988985887
2021-04-20,496290.931314197,506178.8437367871,-1.9534424531839554
2021-04-20,494942.2212454071,506178.8437367871,-2.2198917695625795
2021-04-21,495133.65687410155,506178.8437367871,-2.1820720086098735
2021-04-21,495045.1765757433,506178.8437367871,-2.1995520553271675
2021-04-22,493707.1066875705,506178.8437367871,-2.463899312177077
2021-04-22,494436.70920077275,506178.8437367871,-2.319760037643978
2021-04-22,492570.4301393559,506178.8437367871,-2.6884595762575136
2021-04-23,494114.9377635344,506178.8437367871,-2.3833287626548643
2021-04-23,494377.852577041,506178.8437367871,-2.3313876717223265
2021-04-23,495336.3812609121,506178.8437367871,-2.1420220560448913
2021-04-23,496088.9190814542,506178.8437367871,-1.993351713565419
2021-04-23,496785.7109614951,506178.8437367871,-1.855694462840174
2021-04-23,497400.79170891445,506178.8437367871,-1.7341799517083794
2021-04-23,497872.67299587885,506178.8437367871,-1.640955730110967
2021-04-23,498446.0229022216,506178.8437367871,-1.5276855068613981
2021-04-23,499784.0864551742,506178.8437367871,-1.2633395015889222
2021-04-23,499144.6547795104,506178.8437367871,-1.3896647487966671
2021-04-23,498669.00003139215,506178.8437367871,-1.483634450218165
2021-04-23,499141.9921663716,506178.8437367871,-1.3901907710063535
2021-04-26,499566.70114718756,506178.8437367871,-1.3062858456877442
2021-04-26,500126.4386371973,506178.8437367871,-1.1957048727893957
2021-04-26,500426.12333601096,506178.8437367871,-1.136499573610695
2021-04-27,500970.5750191567,506178.8437367871,-1.028938443807959
2021-04-27,501422.28919446404,506178.8437367871,-0.9396984092042492
2021-04-28,501950.23166268365,506178.8437367871,-0.8353988173204482
2021-04-28,502366.48121425,506178.8437367871,-0.7531651252733016
2021-04-29,502833.12945275655,506178.8437367871,-0.6609747375712757
2021-04-30,503386.9334846519,506178.8437367871,-0.5515659705420208
2021-04-30,503861.90909567144,506178.8437367871,-0.457730438516799
2021-04-30,504249.42787614034,506178.8437367871,-0.3811727583087312
2021-04-30,503977.8288637592,506178.8437367871,-0.43482948769238666
2021-04-30,502693.5044961464,506178.8437367871,-0.6885588530154114
2021-04-30,502609.29963888234,506178.8437367871,-0.7051942494382318
2021-05-03,503194.89810128324,506178.8437367871,-0.5895042182078055
2021-05-03,503456.49345624965,506178.8437367871,-0.5378237976996656
2021-05-03,503061.9590024616,506178.8437367871,-0.615767484732392
2021-05-03,503607.0373315272,506178.8437367871,-0.5080825556188628
2021-05-03,503116.56929432956,506178.8437367871,-0.604978750168768
2021-05-03,503662.6614064688,506178.8437367871,-0.4970935394579101
2021-05-03,504119.89563617716,506178.8437367871,-0.40676297045725407
2021-05-03,504227.2102501615,506178.8437367871,-0.38556204210709194
2021-05-03,504408.56644602277,506178.8437367871,-0.349733560117907
2021-05-04,504947.1175219498,506178.8437367871,-0.24333814620624097
2021-05-05,505555.2375825892,506178.8437367871,-0.12319877883362511
2021-05-05,505967.5269112583,506178.8437367871,-0.041747463005128764
2021-05-06,505911.0683124097,506178.8437367871,-0.052901346567667665
2021-05-06,506160.48153453565,506178.8437367871,-0.0036276115603509447
2021-05-06,506818.8236379311,506818.8236379311,0.0
2021-05-06,507154.660677561,507154.660677561,0.0
2021-05-06,507902.5945998246,507902.5945998246,0.0
2021-05-06,508390.6744836175,508390.6744836175,0.0
2021-05-06,509345.0620652357,509345.0620652357,0.0
2021-05-07,510541.6290596069,510541.6290596069,0.0
2021-05-07,511087.46569281956,511087.46569281956,0.0
2021-05-07,511815.2157215672,511815.2157215672,0.0
2021-05-07,512058.70675105014,512058.70675105014,0.0
2021-05-07,512848.19269197166,512848.19269197166,0.0
2021-05-07,514368.9181700924,514368.9181700924,0.0
2021-05-07,514715.6156678202,514715.6156678202,0.0
2021-05-07,515018.2873421636,515018.2873421636,0.0
2021-05-07,515189.1122342309,515189.1122342309,0.0
2021-05-07,515191.81604200037,515191.81604200037,0.0
2021-05-07,515451.89046597685,515451.89046597685,0.0
2021-05-07,516408.05249301204,516408.05249301204,0.0
2021-05-10,516308.7328997688,516408.05249301204,-0.019232773920500917
2021-05-10,516389.6996456194,516408.05249301204,-0.0035539429147300444
2021-05-10,518132.77147018607,518132.77147018607,0.0
2021-05-11,516390.5264089264,518132.77147018607,-0.33625455813499133
2021-05-11,514755.45266304346,518132.77147018607,-0.6518249748147704
2021-05-11,514644.2382885647,518132.77147018607,-0.6732894296036779
2021-05-11,514140.76390685653,518132.77147018607,-0.7704603497675574
2021-05-11,513512.6282067915,518132.77147018607,-0.8916909946238447
2021-05-11,511970.9321455474,518132.77147018607,-1.1892394505668156
2021-05-11,511191.73052249645,518132.77147018607,-1.3396259279247331
2021-05-11,510938.4475084753,518132.77147018607,-1.3885097329970297
2021-05-11,512107.19317842333,518132.77147018607,-1.1629409725745277
2021-05-11,508122.1505269774,518132.77147018607,-1.9320570893062519
2021-05-11,507297.42269268964,518132.77147018607,-2.0912301583919226
2021-05-11,505683.5404820462,518132.77147018607,-2.402710593428698
2021-05-11,504856.54514523386,518132.77147018607,-2.5623212921431926
2021-05-11,504842.366281355,518132.77147018607,-2.5650578231367165
2021-05-11,504590.75951343204,518132.77147018607,-2.613618111498521
2021-05-11,503558.8428880339,518132.77147018607,-2.81277876726444
2021-05-11,502832.60909117124,518132.77147018607,-2.9529424158215436
2021-05-11,501761.7294669418,518132.77147018607,-3.159622958569469
2021-05-11,502283.16882413713,518132.77147018607,-3.0589847851306855
2021-05-12,500598.7170983673,518132.77147018607,-3.3840851876762077
2021-05-12,498133.70468454435,518132.77147018607,-3.859834368108963
2021-05-13,498728.79549148993,518132.77147018607,-3.744981411547844
2021-05-13,493986.5240008445,518132.77147018607,-4.660243242446779
2021-05-13,490155.41203831416,518132.77147018607,-5.399650624778472
2021-05-13,486599.4279673337,518132.77147018607,-6.0859581248600545
2021-05-13,487450.0326016889,518132.77147018607,-5.921790814627659
2021-05-13,485724.84123240254,518132.77147018607,-6.254753997865644
2021-05-13,483166.16825833655,518132.77147018607,-6.748579734231602
2021-05-13,479252.82840990147,518132.77147018607,-7.5038571580724245
2021-05-13,477853.3851706324,518132.77147018607,-7.773950716389187
2021-05-13,472986.67181073554,518132.77147018607,-8.713229918144307
2021-05-13,472947.74720994587,518132.77147018607,-8.720742394276483
2021-05-13,470343.14364933,518132.77147018607,-9.22343276709837
2021-05-13,469688.8068885795,518132.77147018607,-9.34972023563541
2021-05-13,467470.6028019035,518132.77147018607,-9.777835230249998
2021-05-13,465602.54536409274,518132.77147018607,-10.138371668142202
2021-05-13,464467.266830592,518132.77147018607,-10.357481247001576
2021-05-13,464374.4418642139,518132.77147018607,-10.375396532713909
2021-05-13,463793.61093867203,518132.77147018607,-10.487497321840559
2021-05-14,461996.68292244105,518132.77147018607,-10.834305729873169
2021-05-14,462728.9366203023,518132.77147018607,-10.692980236065177
2021-05-17,461772.68820202764,518132.77147018607,-10.877536873075679
2021-05-17,461543.32743029465,518132.77147018607,-10.921803668067662
2021-05-17,460232.00638399314,518132.77147018607,-11.174889579344935
2021-05-17,457516.81558996794,518132.77147018607,-11.698923368275315
2021-05-17,457024.3784334955,518132.77147018607,-11.793964095978202
2021-05-17,456831.3029541156,518132.77147018607,-11.831227803277024
2021-05-18,457683.537906064,518132.77147018607,-11.666745840568854
2021-05-18,457550.3194241186,518132.77147018607,-11.692457104028872
2021-05-18,455683.1864111323,518132.77147018607,-12.052815127260716
2021-05-18,454180.28642783564,518132.77147018607,-12.342875912073113
2021-05-19,454897.245664136,518132.77147018607,-12.204502260418918
2021-05-19,454625.0966850115,518132.77147018607,-12.25702721041432
2021-05-19,455106.3110853491,518132.77147018607,-12.16415248277025
2021-05-20,455233.2153406382,518132.77147018607,-12.139659869626138
2021-05-20,454939.580930045,518132.77147018607,-12.19633152344954
2021-05-20,455007.7892345761,518132.77147018607,-12.183167271295103
2021-05-24,454860.63954740594,518132.77147018607,-12.211567267449107
2021-05-24,455384.41262830264,518132.77147018607,-12.110478683646443
2021-05-24,455311.10985163273,518132.77147018607,-12.124626172611851
2021-05-25,455810.9621401307,518132.77147018607,-12.028154319059789
2021-05-25,456273.6696679249,518132.77147018607,-11.938851431214784
2021-05-26,456777.9602017924,518132.77147018607,-11.841522993093301
2021-05-26,457400.5062141367,518132.77147018607,-11.721371162013817
2021-05-26,457977.23161355,518132.77147018607,-11.610062742402215
2021-05-26,458478.7649779188,518132.77147018607,-11.513266439990046
2021-05-26,458991.8225733836,518132.77147018607,-11.414245952633308
2021-05-26,459429.8071672107,518132.77147018607,-11.32971460894232
2021-05-26,460273.01149420906,518132.77147018607,-11.166975563387293
2021-05-26,461356.9646718802,518132.77147018607,-10.957771815360424
2021-05-26,462077.488061012,518132.77147018607,-10.818710279629466
2021-05-26,463108.7453498543,518132.77147018607,-10.619676876296161
2021-05-27,463790.7121243178,518132.77147018607,-10.488056795109541
2021-05-27,464434.3166234748,518132.77147018607,-10.363840660829753
2021-05-27,465013.4935085304,518132.77147018607,-10.252059102714416
2021-05-28,464895.88367292885,518132.77147018607,-10.274757886130068
2021-05-28,464504.0282045887,518132.77147018607,-10.350386275206535
2021-05-28,464506.23774421756,518132.77147018607,-10.349959832458548
2021-05-28,463976.9027431352,518132.77147018607,-10.452121870883646
2021-05-28,464112.67063048977,518132.77147018607,-10.42591857033399
2021-05-28,464337.38728472556,518132.77147018607,-10.38254809338111
2021-06-01,465003.4152581527,518132.77147018607,-10.254004212333536
2021-06-01,465686.3799699791,518132.77147018607,-10.122191528513417
2021-06-01,465072.83703570726,518132.77147018607,-10.24060575900707
2021-06-01,464248.5251067331,518132.77147018607,-10.399698558066124
2021-06-01,463818.48761660815,518132.77147018607,-10.482696104989225
2021-06-01,463997.9200694026,518132.77147018607,-10.448065511698374
2021-06-01,464595.3901573035,518132.77147018607,-10.332753352190382
2021-06-01,465240.4990402448,518132.77147018607,-10.208246870751111
2021-06-01,465902.46642423485,518132.77147018607,-10.080486686404589
2021-06-01,466089.4104921281,518132.77147018607,-10.044406345961576
2021-06-01,466220.23880321236,518132.77147018607,-10.019156387208142
2021-06-01,466297.7201379974,518132.77147018607,-10.00420243350141
2021-06-01,467147.9621210678,518132.77147018607,-9.840105115229521
2021-06-01,467540.0389219815,518132.77147018607,-9.76443400880612
2021-06-01,467772.70251795056,518132.77147018607,-9.719529766345476
2021-06-02,467295.92753368174,518132.77147018607,-9.81154768347432
2021-06-02,465894.29133839795,518132.77147018607,-10.082064483889527
2021-06-03,466392.49979905953,518132.77147018607,-9.985909890299949
2021-06-03,466370.2596544039,518132.77147018607,-9.99020225431941
2021-06-03,466462.04206599726,518132.77147018607,-9.9724881824353
2021-06-03,466732.38289479056,518132.77147018607,-9.920312206762846
2021-06-04,466531.6011718047,518132.77147018607,-9.959063224656607
2021-06-04,466293.4161165168,518132.77147018607,-10.005033112763098
2021-06-04,465186.83671542554,518132.77147018607,-10.218603738290485
2021-06-07,464858.5674565739,518132.77147018607,-10.281959942901938
2021-06-07,466167.4886907893,518132.77147018607,-10.029337197094641
2021-06-07,466124.874315292,518132.77147018607,-10.037561802416635
2021-06-07,465081.1943972123,518132.77147018607,-10.23899278218622
2021-06-07,465675.07155900425,518132.77147018607,-10.124374060018376
2021-06-07,464131.3321826973,518132.77147018607,-10.422316877247757
2021-06-07,463711.3511799723,518132.77147018607,-10.503373514822204
2021-06-07,463915.7073591529,518132.77147018607,-10.463932624295099
2021-06-07,463723.0036544534,518132.77147018607,-10.501124578811453
2021-06-08,464541.247404945,518132.77147018607,-10.343202942592631
2021-06-09,465219.42154695664,518132.77147018607,-10.212314842214939
2021-06-09,466129.91830518993,518132.77147018607,-10.036588308714697
2021-06-09,466652.7421632334,518132.77147018607,-9.935682925609905
2021-06-09,466587.4775734741,518132.77147018607,-9.948279038682257
2021-06-09,466001.22292514716,518132.77147018607,-10.061426610232974
2021-06-09,466675.08108239,518132.77147018607,-9.931371498040251
2021-06-10,466850.2131955338,518132.77147018607,-9.89757087341524
2021-06-10,468097.75819516304,518132.77147018607,-9.656793785316879
2021-06-10,468813.07514276716,518132.77147018607,-9.518737096570009
2021-06-10,469606.4447198043,518132.77147018607,-9.365616193835763
2021-06-10,473862.40700022154,518132.77147018607,-8.544212392578201
2021-06-11,474435.683161351,518132.77147018607,-8.433569678452473
2021-06-11,474512.2441116246,518132.77147018607,-8.418793359622773
2021-06-11,474769.6896337961,518132.77147018607,-8.369106187463982
2021-06-11,474776.93116036494,518132.77147018607,-8.367708567593638
2021-06-11,474546.7468940793,518132.77147018607,-8.412134297630455
2021-06-11,475180.3499694336,518132.77147018607,-8.289848445385195
2021-06-14,474634.8263728102,518132.77147018607,-8.395134894469576
2021-06-14,473056.41095932235,518132.77147018607,-8.699770211978853
2021-06-15,472723.01442630676,518132.77147018607,-8.764115984215879
2021-06-15,473221.38128078973,518132.77147018607,-8.6679308205041
2021-06-15,472936.5123377933,518132.77147018607,-8.7229107327355
2021-06-15,472542.3063840177,518132.77147018607,-8.798992767202664
2021-06-15,472303.7411267257,518132.77147018607,-8.845036034571196
2021-06-15,472845.2134325777,518132.77147018607,-8.74053148753867
2021-06-16,472732.4343078631,518132.77147018607,-8.762297940255905
2021-06-16,472065.6461568414,518132.77147018607,-8.890988536129566
2021-06-16,471247.47109078185,518132.77147018607,-9.048896916203272
2021-06-16,471325.1866823619,518132.77147018607,-9.03389775076552
2021-06-16,471426.98903249524,518132.77147018607,-9.014249823489177
2021-06-16,471645.62967018445,518132.77147018607,-8.972052022128567
2021-06-16,471917.980403529,518132.77147018607,-8.919488133422632
2021-06-17,469686.3788798881,518132.77147018607,-9.350188843070626
2021-06-17,469190.99973267224,518132.77147018607,-9.445797377116879
2021-06-17,469202.52538952616,518132.77147018607,-9.443572916999985
2021-06-17,466727.7383905693,518132.77147018607,-9.921208599439977
2021-06-18,462068.572651002,518132.77147018607,-10.82043096021578
2021-06-18,460700.0264795504,518132.77147018607,-11.08456136207559
2021-06-18,460425.36765871436,518132.77147018607,-11.13757071333834
2021-06-18,458292.00408805726,518132.77147018607,-11.549311426940326
2021-06-21,458974.0643864565,518132.77147018607,-11.417673295566408
2021-06-21,460493.059143546,518132.77147018607,-11.124506207760058
2021-06-21,461090.0349041716,518132.77147018607,-11.009289453774066
2021-06-21,461742.40691145335,518132.77147018607,-10.883381184078893
2021-06-21,461394.8380981918,518132.77147018607,-10.950462216663526
2021-06-21,461166.3081589634,518132.77147018607,-10.994568660380631
2021-06-21,460353.1135544581,518132.77147018607,-11.151515807768723
2021-06-21,459877.6030844298,518132.77147018607,-11.243289672733686
2021-06-21,460270.9036931344,518132.77147018607,-11.167382370520668
2021-06-22,461087.1461196953,518132.77147018607,-11.009846991269354
2021-06-22,460135.20178637904,518132.77147018607,-11.193572936766898
2021-06-22,459174.39772162057,518132.77147018607,-11.379008816846866
2021-06-22,459676.71327951335,518132.77147018607,-11.2820615505183
2021-06-23,460236.68834036024,518132.77147018607,-11.173985958376544
2021-06-23,459440.7855875489,518132.77147018607,-11.327595765869125
2021-06-23,458585.27251677105,518132.77147018607,-11.492710407884605
2021-06-23,456949.0303128463,518132.77147018607,-11.808506337812364
2021-06-23,454780.6301872872,518132.77147018607,-12.227009131875418
2021-06-23,454185.7986633672,518132.77147018607,-12.341812046624892
2021-06-23,454054.33435357275,518132.77147018607,-12.367184753589838
2021-06-23,454079.44437745365,518132.77147018607,-12.362338500802226
2021-06-23,453096.45050419756,518132.77147018607,-12.552057029986718
2021-06-23,452267.13640784787,518132.77147018607,-12.712115250970607
2021-06-23,451389.67797157395,518132.77147018607,-12.881465364414337
2021-06-23,449755.14816987514,518132.77147018607,-13.196930799472783
2021-06-24,450297.9702940935,518132.77147018607,-13.092165736518343
2021-06-24,450540.71058344166,518132.77147018607,-13.045316684940422
2021-06-24,449300.6547645301,518132.77147018607,-13.284648355738424
2021-06-24,449233.3147146736,518132.77147018607,-13.297645034112074
2021-06-24,449230.8857140903,518132.77147018607,-13.298113832983145
2021-06-25,448845.4428802045,518132.77147018607,-13.372504578967453
2021-06-25,449220.018237459,518132.77147018607,-13.30021126384058
2021-06-25,449148.8479040014,518132.77147018607,-13.313947189722212
2021-06-25,449298.3864305708,518132.77147018607,-13.28508614583474
2021-06-25,449482.61136668717,518132.77147018607,-13.249530599793205
2021-06-25,448943.94159498793,518132.77147018607,-13.353494255705334
2021-06-25,449008.5015386842,518132.77147018607,-13.341034139833283
2021-06-25,449479.66565641813,518132.77147018607,-13.2500991240077
2021-06-25,449359.7044729283,518132.77147018607,-13.273251719268067
2021-06-25,449667.8627195658,518132.77147018607,-13.21377695457347
2021-06-25,450050.36490945774,518132.77147018607,-13.139953755008888
2021-06-25,449711.6598903434,518132.77147018607,-13.205324068906094
2021-06-28,449840.4505479142,518132.77147018607,-13.180467378755928
2021-06-28,449524.2213227768,518132.77147018607,-13.241499848144054
2021-06-28,447858.7363112299,518132.77147018607,-13.562939661113452
2021-06-28,447925.01302120415,518132.77147018607,-13.550148208106878
2021-06-28,447028.9113418696,518132.77147018607,-13.72309648095823
2021-06-28,446977.1780480606,518132.77147018607,-13.733081044116085
2021-06-28,446707.30514532345,518132.77147018607,-13.78516670972095
2021-06-28,446433.3766532971,518132.77147018607,-13.838035106994697
2021-07-01,446904.35845319356,518132.77147018607,-13.747135278643741
2021-07-01,447910.0706178198,518132.77147018607,-13.55303210277773
2021-07-02,448406.66535303346,518132.77147018607,-13.457188959367864
2021-07-06,447149.8416203951,518132.77147018607,-13.699756849654399
2021-07-06,446803.6323456254,518132.77147018607,-13.766575490325852
2021-07-06,445933.62883762724,518132.77147018607,-13.934486797215303
2021-07-06,444068.38659195526,518132.77147018607,-14.294479900986643
2021-07-06,444195.81467644253,518132.77147018607,-14.269886188428046
2021-07-06,442816.5039756027,518132.77147018607,-14.53609415225286
2021-07-06,442407.62375748425,518132.77147018607,-14.615008330361734
2021-07-06,442806.91323617235,518132.77147018607,-14.537945171906205
2021-07-06,442662.5975511816,518132.77147018607,-14.56579820358788
2021-07-06,442130.10306590225,518132.77147018607,-14.668570024750323
2021-07-06,441097.8303557895,518132.77147018607,-14.86779940512395
2021-07-06,440853.62042745814,518132.77147018607,-14.914932098089583
2021-07-06,440157.265504469,518132.77147018607,-15.049329102358058
2021-07-07,438823.8667550429,518132.77147018607,-15.306676026321695
2021-07-07,438153.37605255033,518132.77147018607,-15.43608121730973
2021-07-09,438497.2183270101,518132.77147018607,-15.369719409411701
2021-07-09,437940.6542712625,518132.77147018607,-15.477136675099867
2021-07-12,438505.78636257735,518132.77147018607,-15.368065772344327
2021-07-12,439001.11086503457,518132.77147018607,-15.272467784776053
2021-07-12,439481.2250954467,518132.77147018607,-15.17980539072408
2021-07-12,439794.5816901301,518132.77147018607,-15.11932734109323
2021-07-12,440215.6733992179,518132.77147018607,-15.038056336386669
2021-07-12,440575.7693609947,518132.77147018607,-14.968557555069474
2021-07-12,440847.94981555897,518132.77147018607,-14.916026530291408
2021-07-12,441277.4997975892,518132.77147018607,-14.833123072783517
2021-07-12,441807.3533088805,518132.77147018607,-14.730860961512718
2021-07-12,442215.94083436194,518132.77147018607,-14.652003273294683
2021-07-12,442928.90404225345,518132.77147018607,-14.514400858016357
2021-07-12,443648.0986082921,518132.77147018607,-14.37559578610439
2021-07-12,444169.47619895596,518132.77147018607,-14.2749695336509
2021-07-12,444528.4437567546,518132.77147018607,-14.2056885351184
2021-07-12,444268.77291462885,518132.77147018607,-14.255805195639404
2021-07-12,444011.84045510885,518132.77147018607,-14.305393346335018
2021-07-12,443916.20014322654,518132.77147018607,-14.323851995767853
2021-07-12,443719.99877658585,518132.77147018607,-14.36171900157101
2021-07-13,443787.89240475115,518132.77147018607,-14.348615482182986
2021-07-14,440833.66234841547,518132.77147018607,-14.918784021793623
2021-07-14,440059.31579997577,518132.77147018607,-15.0682334662367
2021-07-14,440362.95612115494,518132.77147018607,-15.009630664426346
2021-07-15,439865.461082981,518132.77147018607,-15.105647566959318
2021-07-15,438974.6379085658,518132.77147018607,-15.277577084539825
2021-07-15,438961.0372366286,518132.77147018607,-15.280202024070022
2021-07-15,437792.6050786091,518132.77147018607,-15.505710276463347
2021-07-15,437083.3253762324,518132.77147018607,-15.642601772510611
2021-07-19,436209.2859396125,518132.77147018607,-15.811292016545908
2021-07-19,436548.1038294251,518132.77147018607,-15.745899918522218
2021-07-19,437087.05846891727,518132.77147018607,-15.641881282919828
2021-07-19,436163.3826936989,518132.77147018607,-15.820151376239238
2021-07-19,434950.6180083262,518132.77147018607,-16.054215838506607
2021-07-19,433475.7250486796,518132.77147018607,-16.33887124747864
2021-07-19,432846.29088599485,518132.77147018607,-16.460352496560564
2021-07-19,432561.78107695107,518132.77147018607,-16.515263095679106
2021-07-19,432106.05555036804,518132.77147018607,-16.603218452235673
2021-07-19,432353.8364336549,518132.77147018607,-16.555396562378412
2021-07-19,431402.7134799731,518132.77147018607,-16.738963981011867
2021-07-19,430049.2861536519,518132.77147018607,-17.000176434816108
2021-07-19,428836.1418779041,518132.77147018607,-17.23431415830067
2021-07-19,426455.1249040265,518132.77147018607,-17.693852158014828
2021-07-19,425806.08210771694,518132.77147018607,-17.819117887582163
2021-07-19,425501.5234160585,518132.77147018607,-17.877897935559876
2021-07-19,423894.3345562114,518132.77147018607,-18.18808654904725
2021-07-19,422374.4485470048,518132.77147018607,-18.481425649157444
2021-07-20,422020.80643993383,518132.77147018607,-18.549678831844094
2021-07-20,422130.1707505166,518132.77147018607,-18.528571440726477
2021-07-20,423747.7514960698,518132.77147018607,-18.216377185774537
2021-07-21,423737.1632658438,518132.77147018607,-18.218420721873578
2021-07-21,424205.75476190774,518132.77147018607,-18.12798222389278
2021-07-21,424903.8849885531,518132.77147018607,-17.99324258473341
2021-07-22,425213.0781159363,518132.77147018607,-17.93356808730568
2021-07-22,425475.69183312706,518132.77147018607,-17.88288344976662
2021-07-22,425562.36989907455,518132.77147018607,-17.866154520287495
2021-07-22,425372.6792415472,518132.77147018607,-17.902764954518304
2021-07-22,425642.7954941127,518132.77147018607,-17.850632322220395
2021-07-23,425836.6609387264,518132.77147018607,-17.813216151059557
2021-07-23,426212.29743496026,518132.77147018607,-17.74071803534145
2021-07-23,427547.3025978094,518132.77147018607,-17.48306107242418
2021-07-23,427877.5020037505,518132.77147018607,-17.419332348027126
2021-07-23,428241.32318704267,518132.77147018607,-17.349114596260556
2021-07-23,428338.68199137953,518132.77147018607,-17.330324276539876
2021-07-26,428186.51630048355,518132.77147018607,-17.35969236504434
2021-07-26,428113.84760888934,518132.77147018607,-17.373717475131087
2021-07-26,428395.1603562133,518132.77147018607,-17.319423911239014
2021-07-26,428256.2109671083,518132.77147018607,-17.34624124392976
2021-07-26,427738.03191133135,518132.77147018607,-17.44625017683448
2021-07-26,427395.2987278287,518132.77147018607,-17.512397929374842
2021-07-26,427416.28797617456,518132.77147018607,-17.508346989248764
2021-07-26,427254.3178801719,518132.77147018607,-17.539607335036795
2021-07-26,427404.8871162653,518132.77147018607,-17.510547363464994
2021-07-26,427507.87859940383,518132.77147018607,-17.49066993265777
2021-07-26,427067.68432995025,518132.77147018607,-17.57562774534438
2021-07-26,426975.48284580867,518132.77147018607,-17.59342269853369
2021-07-27,426975.06191169977,518132.77147018607,-17.593503939121444
2021-07-29,427287.44835436647,518132.77147018607,-17.533213129532175
2021-08-02,427652.5248020539,518132.77147018607,-17.46275311082857
2021-08-03,427982.11571652745,518132.77147018607,-17.39914182572526
2021-08-04,428243.59454826394,518132.77147018607,-17.34867622190048
2021-08-05,427234.2814999969,518132.77147018607,-17.54347437091606
2021-08-05,427547.74467907305,518132.77147018607,-17.482975750420255
2021-08-05,430602.91580855957,518132.77147018607,-16.893325510614428
2021-08-06,431051.32129530335,518132.77147018607,-16.806782927046235
2021-08-09,431638.3857470034,518132.77147018607,-16.69347906285824
2021-08-09,432059.7557129613,518132.77147018607,-16.6121543543743
2021-08-09,432483.0331203809,518132.77147018607,-16.530461508307347
2021-08-09,432970.7008556644,518132.77147018607,-16.436341282346778
2021-08-09,434699.4147417616,518132.77147018607,-16.102698250814143
2021-08-10,433949.0408504963,518132.77147018607,-16.24752095506736
2021-08-10,433374.52712045587,518132.77147018607,-16.358402520888855
2021-08-10,433813.0741076174,518132.77147018607,-16.273762634877176
2021-08-10,434574.19180101185,518132.77147018607,-16.12686636903496
2021-08-10,434681.2955788314,518132.77147018607,-16.106195262377177
2021-08-11,433896.35141030117,518132.77147018607,-16.257690055169952
2021-08-11,434439.9213346156,518132.77147018607,-16.152780666255584
2021-08-11,435030.0419705811,518132.77147018607,-16.03888695629182
2021-08-11,437146.9723926227,518132.77147018607,-15.630317852269531
2021-08-12,436378.4545540698,518132.77147018607,-15.778642351484711
2021-08-13,436104.3411447419,518132.77147018607,-15.831546437931529
2021-08-13,435385.0977052732,518132.77147018607,-15.970360942450881
2021-08-13,435306.3907860509,518132.77147018607,-15.985551434841275
2021-08-13,435316.2133056375,518132.77147018607,-15.98365568144997
2021-08-13,435839.0356000788,518132.77147018607,-15.882750600121524
2021-08-16,435141.49774799845,518132.77147018607,-16.01737591056099
2021-08-16,434970.7479582375,518132.77147018607,-16.0503307436005
2021-08-16,435220.7744161543,518132.77147018607,-16.002075456213948
2021-08-17,435769.33810565603,518132.77147018607,-15.896202267003162
2021-08-17,436255.29616471403,518132.77147018607,-15.80241200979185
2021-08-17,436787.4854629839,518132.77147018607,-15.699699089943179
2021-08-19,435493.148333445,518132.77147018607,-15.949507092989625
2021-08-19,435324.74183348427,518132.77147018607,-15.982009669401249
2021-08-20,435748.05441829603,518132.77147018607,-15.900310034072135
2021-08-20,437163.0006385794,518132.77147018607,-15.627224389196106
2021-08-20,438314.96342329367,518132.77147018607,-15.40489473777383
2021-08-20,443417.2100308535,518132.77147018607,-14.420157448703621
2021-08-20,443510.40233559784,518132.77147018607,-14.402171266420671
2021-08-20,445010.12162355724,518132.77147018607,-14.112724358111054
2021-08-20,446502.99023110326,518132.77147018607,-13.82459963608082
2021-08-20,445722.92899458465,518132.77147018607,-13.975152019460316
2021-08-20,446543.73555930494,518132.77147018607,-13.816735758239998
2021-08-23,446771.7753938489,518132.77147018607,-13.772723905081802
2021-08-23,447693.1854392108,518132.77147018607,-13.594891099264977
2021-08-23,448321.7951171926,518132.77147018607,-13.473568976327616
2021-08-23,448772.8381558908,518132.77147018607,-13.386517343322742
2021-08-23,449428.2240437148,518132.77147018607,-13.260027392500994
2021-08-23,449924.3142053936,518132.77147018607,-13.164281632148652
2021-08-23,450479.73046384024,518132.77147018607,-13.057085892170528
2021-08-23,450680.01993116504,518132.77147018607,-13.018429879975724
2021-08-23,450604.03261589987,518132.77147018607,-13.03309548683351
2021-08-23,450639.37526051246,518132.77147018607,-13.026274330836696
2021-08-23,450100.7966161615,518132.77147018607,-13.130220399104639
2021-08-23,449498.9359478216,518132.77147018607,-13.246379943815953
2021-08-23,449975.34652014234,518132.77147018607,-13.154432358456905
2021-08-23,450565.43393799855,518132.77147018607,-13.040545059612278
2021-08-24,451187.38608199416,518132.77147018607,-12.920507845554027
2021-08-24,452022.4942109596,518132.77147018607,-12.759331372080668
2021-08-24,452608.6625241637,518132.77147018607,-12.646200463271153
2021-08-24,453620.6093269297,518132.77147018607,-12.450893997730548
2021-08-24,454284.2034628588,518132.77147018607,-12.322819849082096
2021-08-24,454824.700971447,518132.77147018607,-12.218503438627197
2021-08-25,455230.3008340433,518132.77147018607,-12.14022237150893
2021-08-25,455718.2824363231,518132.77147018607,-12.046041568990844
2021-08-25,456163.4746573608,518132.77147018607,-11.960119148030195
2021-08-25,456674.59767694015,518132.77147018607,-11.861472035219894
2021-08-25,457260.11024679925,518132.77147018607,-11.748467685350704
2021-08-25,458864.22880285775,518132.77147018607,-11.438871642717295
2021-08-26,458858.7793141124,518132.77147018607,-11.43992339799035
2021-08-26,458616.30700692034,518132.77147018607,-11.48672072881813
2021-08-26,458658.6158881115,518132.77147018607,-11.478555084118385
2021-08-26,456849.6089110891,518132.77147018607,-11.827694740328406
2021-08-26,456976.27424117475,518132.77147018607,-11.803248239921519
2021-08-26,456972.1528380852,518132.77147018607,-11.804043673701523
2021-08-26,456307.4156675994,518132.77147018607,-11.93233842884693
2021-08-26,455757.3323644807,518132.77147018607,-12.03850490458593
2021-08-26,455552.8414508401,518132.77147018607,-12.077971798961354
2021-08-26,455048.3161062892,518132.77147018607,-12.175345555714728
2021-08-26,455315.35583469056,518132.77147018607,-12.12380669480778
2021-08-26,454634.34429878305,518132.77147018607,-12.25524241426153
2021-08-26,454755.697279472,518132.77147018607,-12.231821201134126
2021-08-26,454730.21831537597,518132.77147018607,-12.236738659650358
2021-08-27,455359.0002180064,518132.77147018607,-12.115383297231135
2021-08-30,455807.63693966466,518132.77147018607,-12.028796085157039
2021-08-30,456103.05982909864,518132.77147018607,-11.97177925362258
2021-08-30,457089.06437305873,518132.77147018607,-11.781479662812615
2021-09-02,457591.4155052146,518132.77147018607,-11.68452553062552
2021-09-03,457894.51132908155,518132.77147018607,-11.626027817190616
2021-09-07,458650.28330191533,518132.77147018607,-11.480163279286693
2021-09-07,458586.85661980393,518132.77147018607,-11.492404674852432
2021-09-09,457050.2628424207,518132.77147018607,-11.788968386316421
2021-09-10,457726.038866819,518132.77147018607,-11.658543124374239
2021-09-10,457921.603679742,518132.77147018607,-11.620798973899426
2021-09-13,456922.2931454482,518132.77147018607,-11.813666630476776
2021-09-13,456373.00104351295,518132.77147018607,-11.919680403814574
2021-09-13,455504.60416209867,518132.77147018607,-12.087281630610214
2021-09-13,454849.27487974154,518132.77147018607,-12.213760656535875
2021-09-13,455003.5181920366,518132.77147018607,-12.183991585597283
2021-09-13,454398.76955452265,518132.77147018607,-12.30070851044996
2021-09-13,455379.1904833311,518132.77147018607,-12.111486561406565
2021-09-13,455851.34690152,518132.77147018607,-12.020360030874794
2021-09-13,456660.0746152993,518132.77147018607,-11.864274996630662
2021-09-13,457375.35133105254,518132.77147018607,-11.726226072660136
2021-09-15,458191.11652624724,518132.77147018607,-11.568782799407998
2021-09-15,457648.0246914189,518132.77147018607,-11.673599916705424
2021-09-15,459819.49058581126,518132.77147018607,-11.254505427038062
2021-09-15,460417.3024082326,518132.77147018607,-11.139127312520221
2021-09-15,461407.1399093985,518132.77147018607,-10.948087958194632
2021-09-15,461351.01123090443,518132.77147018607,-10.958920833778784
2021-09-15,460700.62100570597,518132.77147018607,-11.084446618097155
2021-09-15,459277.75174422393,518132.77147018607,-11.359061415660468
2021-09-15,457547.51158148993,518132.77147018607,-11.692999019688967
2021-09-16,457865.2792035394,518132.77147018607,-11.631669638583071
2021-09-16,459444.51783409825,518132.77147018607,-11.326875439583114
2021-09-16,460210.43879672344,518132.77147018607,-11.17905213930201
2021-09-16,460361.38688773004,518132.77147018607,-11.14991904845769
2021-09-16,460979.2944617955,518132.77147018607,-11.030662439324061
2021-09-16,462526.9576238372,518132.77147018607,-10.731962328607207
2021-09-16,462972.716838564,518132.77147018607,-10.645930477454081
2021-09-16,463494.3524233851,518132.77147018607,-10.545254431941476
2021-09-16,463395.3801014838,518132.77147018607,-10.564356161720207
2021-09-16,463045.3476062976,518132.77147018607,-10.631912686699895
2021-09-16,463162.8607112525,518132.77147018607,-10.60923257236907
2021-09-16,461548.67093933764,518132.77147018607,-10.92077236695389
2021-09-16,461332.52293089026,518132.77147018607,-10.962489089066267
2021-09-16,461132.5124724376,518132.77147018607,-11.001091252346765
2021-09-16,460657.84479666105,518132.77147018607,-11.092702457410992
2021-09-16,460409.9084639106,518132.77147018607,-11.140554349127274
2021-09-16,460667.57496119686,518132.77147018607,-11.090824528611353
2021-09-16,460588.69954120193,518132.77147018607,-11.106047541772849
2021-09-16,460308.57034815213,518132.77147018607,-11.16011267883317
2021-09-17,460833.25478300697,518132.77147018607,-11.058848203056806
2021-09-17,461486.82492830936,518132.77147018607,-10.932708691856249
2021-09-17,462054.6418806769,518132.77147018607,-10.82311960897381
2021-09-17,461009.0887713573,518132.77147018607,-11.024912116008803
2021-09-17,446775.0293929494,518132.77147018607,-13.77209588089964
2021-09-17,446604.45053576736,518132.77147018607,-13.80501772382767
2021-09-17,446522.26786869095,518132.77147018607,-13.8208790380702
2021-09-17,445650.2718654948,518132.77147018607,-13.989174897975357
2021-09-17,445837.0761602065,518132.77147018607,-13.953121533857567
2021-09-17,445877.6637949754,518132.77147018607,-13.945288090963443
2021-09-20,446385.0529777966,518132.77147018607,-13.8473616113506
2021-09-20,445772.23416476283,518132.77147018607,-13.965636085921066
2021-09-20,444822.93649810134,518132.77147018607,-14.148851222838172
2021-09-20,444760.79412596056,518132.77147018607,-14.160844745649795
2021-09-20,444525.660678162,518132.77147018607,-14.206225671301606
2021-09-20,443458.3802746782,518132.77147018607,-14.412211561839944
2021-09-20,442835.1450213398,518132.77147018607,-14.53249641693026
2021-09-20,441348.9526194481,518132.77147018607,-14.81933262643593
2021-09-20,440266.82436690055,518132.77147018607,-15.028184162592776
2021-09-20,439736.3620441133,518132.77147018607,-15.130563774923047
2021-09-20,439782.1125704547,518132.77147018607,-15.121733890217701
2021-09-20,438684.39281891915,518132.77147018607,-15.333594596966824
2021-09-20,438570.87981592416,518132.77147018607,-15.355502688723483
2021-09-20,435686.1160641193,518132.77147018607,-15.912264181268993
2021-09-20,434870.48351276654,518132.77147018607,-16.069681854163615
2021-09-20,434116.8681393448,518132.77147018607,-16.21513016681973
2021-09-20,433202.97704365064,518132.77147018607,-16.39151180990728
2021-09-20,431645.2621928489,518132.77147018607,-16.69215190383181
2021-09-20,430355.2896780841,518132.77147018607,-16.941117533067064
2021-09-21,428778.25171277806,518132.77147018607,-17.245487002080036
2021-09-21,427934.8463153499,518132.77147018607,-17.408264854373574
2021-09-21,428189.9557351775,518132.77147018607,-17.3590285516584
2021-09-22,428893.70897503285,518132.77147018607,-17.223203666878682
2021-09-22,429023.85147416755,518132.77147018607,-17.19808607032801
2021-09-22,429101.1263757626,518132.77147018607,-17.183171958376402
2021-09-22,429292.1200284292,518132.77147018607,-17.1463100451404
2021-09-22,429494.6407586168,518132.77147018607,-17.107223397597735
2021-09-22,429261.0965724418,518132.77147018607,-17.15229759460564
2021-09-23,429391.16284122295,518132.77147018607,-17.127194710568393
2021-09-24,428877.816101966,518132.77147018607,-17.22627100288635
2021-09-24,428692.62695064436,518132.77147018607,-17.262012643160553
2021-09-24,429020.4191847874,518132.77147018607,-17.198748504663214
2021-09-24,428512.8412817865,518132.77147018607,-17.296711407407354
2021-09-24,427990.7423213436,518132.77147018607,-17.39747688475044
2021-09-24,427797.625943704,518132.77147018607,-17.434748485442995
2021-09-24,428343.88535770396,518132.77147018607,-17.329320023072246
2021-09-27,427956.2634032363,518132.77147018607,-17.40413134090644
2021-09-27,427928.6424505074,518132.77147018607,-17.40946220477952
2021-09-27,428653.07710892655,518132.77147018607,-17.26964579124451
2021-09-27,428752.8752194079,518132.77147018607,-17.25038468367199
2021-09-27,428865.3688439779,518132.77147018607,-17.22867333268934
2021-09-28,428226.57147344336,518132.77147018607,-17.35196168766484
2021-09-28,427520.9553078761,518132.77147018607,-17.488146118455635
2021-09-28,427028.33811896597,518132.77147018607,-17.583221592549343
2021-09-28,426438.0312115091,518132.77147018607,-17.697151253045803
2021-09-28,426475.4334081911,518132.77147018607,-17.689932602008568
2021-10-01,427375.5716539468,518132.77147018607,-17.516205268915616
2021-10-01,428036.91774977744,518132.77147018607,-17.388564993633654
2021-10-05,427432.89374597877,518132.77147018607,-17.505142063654677
2021-10-05,427546.95824672875,518132.77147018607,-17.483127532432047
2021-10-06,428137.31803165673,518132.77147018607,-17.369187666545383
2021-10-06,428534.4695193201,518132.77147018607,-17.292537141905438
2021-10-07,428994.2889484505,518132.77147018607,-17.203791659193413
2021-10-07,429536.87122617394,518132.77147018607,-17.09907288678613
2021-10-07,428711.10963473306,518132.77147018607,-17.258445471750754
2021-10-07,427412.2634920684,518132.77147018607,-17.509123717594814
2021-10-07,425614.9934724933,518132.77147018607,-17.855998132520426
2021-10-07,425866.00728834287,518132.77147018607,-17.80755228433806
2021-10-08,424680.8552584768,518132.77147018607,-18.036287484102246
2021-10-08,424518.3624215818,518132.77147018607,-18.067648719260934
2021-10-08,422126.02679808985,518132.77147018607,-18.529371226544882
2021-10-08,421618.4662052105,518132.77147018607,-18.627330788423045
2021-10-08,419671.912176477,518132.77147018607,-19.003017125191548
2021-10-08,420296.72576142795,518132.77147018607,-18.88242765095736
2021-10-11,418937.4657790381,518132.77147018607,-19.14476581160545
2021-10-11,419668.08971374476,518132.77147018607,-19.003754863266174
2021-10-11,418658.50488530967,518132.77147018607,-19.198605466050946
2021-10-11,418153.96116542676,518132.77147018607,-19.2959827692567
2021-10-11,418005.13292225916,518132.77147018607,-19.324706727933414
2021-10-11,417709.7989398447,518132.77147018607,-19.38170640034874
2021-10-11,416884.2910185134,518132.77147018607,-19.541030026798573
2021-10-11,416904.06651311443,518132.77147018607,-19.537213342023946
2021-10-11,415958.39998741774,518132.77147018607,-19.719727666106053
2021-10-11,416205.223940414,518132.77147018607,-19.672090464487646
2021-10-11,415705.36738151975,518132.77147018607,-19.76856314222929
2021-10-11,415068.1135358845,518132.77147018607,-19.89155359578178
2021-10-12,414459.6742143347,518132.77147018607,-20.008982825325273
2021-10-12,414192.7765728892,518132.77147018607,-20.060494263346882
2021-10-18,414610.90661878465,518132.77147018607,-19.979794861780555
2021-10-18,415616.1762594658,518132.77147018607,-19.78577709335631
2021-10-18,415874.7469644462,518132.77147018607,-19.735872760100815
2021-10-18,415733.1556168635,518132.77147018607,-19.763199992690435
2021-10-18,416531.5750376868,518132.77147018607,-19.609104466449583
2021-10-18,416540.88103327266,518132.77147018607,-19.607308402564364
2021-10-19,417469.56860787683,518132.77147018607,-19.428071028335157
2021-10-19,417762.19812331983,518132.77147018607,-19.371593320003242
2021-10-20,417338.8938791882,518132.77147018607,-19.453291345575046
2021-10-20,417715.83829282835,518132.77147018607,-19.38054080085066
2021-10-20,418195.9866027148,518132.77147018607,-19.287871829435467
2021-10-21,418466.1161573988,518132.77147018607,-19.235736629819066
2021-10-21,418956.11896747636,518132.77147018607,-19.14116573273274
2021-10-21,420110.8936150904,518132.77147018607,-18.918293389735137
2021-10-22,419883.0408208842,518132.77147018607,-18.962269143972733
2021-10-22,418726.53208241443,518132.77147018607,-19.18547616776091
2021-10-22,418998.4707335269,518132.77147018607,-19.13299181122409
2021-10-22,418561.3111012424,518132.77147018607,-19.21736393674013
2021-10-26,418638.200396227,518132.77147018607,-19.202524247143494
2021-10-28,419379.1149789946,518132.77147018607,-19.059527196278466
2021-10-29,418700.80045023863,518132.77147018607,-19.190442391399454
2021-10-29,418944.1316386263,518132.77147018607,-19.14347929587913
2021-11-01,419533.7776368781,518132.77147018607,-19.029677191337722
2021-11-01,420270.3185600561,518132.77147018607,-18.887524259939823
2021-11-01,420831.31296387286,518132.77147018607,-18.779251933866924
2021-11-01,421449.6355831216,518132.77147018607,-18.65991522071244
2021-11-01,421699.50024207315,518132.77147018607,-18.61169116064333
2021-11-01,422725.99259083683,518132.77147018607,-18.41357739419481
2021-11-01,423934.9809221115,518132.77147018607,-18.180241771002287
2021-11-01,424414.1801156066,518132.77147018607,-18.087755979737747
2021-11-01,425401.9849225208,518132.77147018607,-17.897108936874318
2021-11-01,426397.2392213592,518132.77147018607,-17.70502413667641
2021-11-01,426787.0432124077,518132.77147018607,-17.62979168420242
2021-11-02,427856.3227718007,518132.77147018607,-17.423419955126306
2021-11-02,428158.4003460976,518132.77147018607,-17.365118764595593
2021-11-03,428253.2409607794,518132.77147018607,-17.346814457301395
2021-11-03,428513.0805748427,518132.77147018607,-17.296665223674275
2021-11-03,429009.32227282476,518132.77147018607,-17.200890216705695
2021-11-03,429537.184417369,518132.77147018607,-17.099012440658743
2021-11-03,429932.7881275642,518132.77147018607,-17.02266063819069
2021-11-04,429979.8144527119,518132.77147018607,-17.013584523392105
2021-11-04,430965.2605721956,518132.77147018607,-16.823392708910365
2021-11-04,431152.66608123103,518132.77147018607,-16.787223309992847
2021-11-05,430774.06727729866,518132.77147018607,-16.860293153241347
2021-11-05,430664.4311136475,518132.77147018607,-16.881453012197976
2021-11-05,430877.6447616669,518132.77147018607,-16.84030262377255
2021-11-05,430616.69247807504,518132.77147018607,-16.890666603424215
2021-11-05,430316.7279636909,518132.77147018607,-16.948559971862004
2021-11-05,430591.20405542,518132.77147018607,-16.89558588744918
2021-11-08,431668.22431174084,518132.77147018607,-16.687720198262056
2021-11-08,432047.26968538214,518132.77147018607,-16.614564166736436
2021-11-08,432052.5398053258,518132.77147018607,-16.613547029771965
2021-11-08,432130.9280751495,518132.77147018607,-16.598418036946196
2021-11-08,432319.9957287722,518132.77147018607,-16.561927842920017
2021-11-08,432244.4271998543,518132.77147018607,-16.576512623709597
2021-11-08,432261.5042581011,518132.77147018607,-16.57321673910489
2021-11-09,432301.53869306,518132.77147018607,-16.565490064174586
2021-11-09,432205.3861810297,518132.77147018607,-16.584047568606785
2021-11-09,432048.04247577686,518132.77147018607,-16.614415017630787
2021-11-11,432524.566163199,518132.77147018607,-16.522445600975278
2021-11-11,433143.50560022006,518132.77147018607,-16.402989841544194
2021-11-12,433009.8429138392,518132.77147018607,-16.42878683678184
2021-11-12,433538.18502267293,518132.77147018607,-16.326816427279546
2021-11-12,434010.44487871643,518132.77147018607,-16.235669933166953
2021-11-15,435016.6683344961,518132.77147018607,-16.041468077738173
2021-11-15,435449.334693095,518132.77147018607,-15.957963157296403
2021-11-16,436032.0003253292,518132.77147018607,-15.845508268449885
2021-11-16,436483.48705057305,518132.77147018607,-15.75837100362049
2021-11-16,435542.0713465897,518132.77147018607,-15.940064916034501
2021-11-16,434864.3571294432,518132.77147018607,-16.070864250580264
2021-11-16,433826.5455342007,518132.77147018607,-16.271162639793857
2021-11-16,430870.2901749921,518132.77147018607,-16.841722064325193
2021-11-16,430995.0780146312,518132.77147018607,-16.817637920933727
2021-11-17,430049.756894273,518132.77147018607,-17.000085581535444
2021-11-19,430165.3819857897,518132.77147018607,-16.977769855165032
2021-11-19,430194.5398415903,518132.77147018607,-16.972142367886462
2021-11-19,425068.3622547899,518132.77147018607,-17.96149835327511
2021-11-19,425177.759005833,518132.77147018607,-17.94038470112516
2021-11-19,425449.7851839782,518132.77147018607,-17.887883451807667
2021-11-22,426967.7600268541,518132.77147018607,-17.594913208182913
2021-11-22,427726.3623040135,518132.77147018607,-17.448502419495124
2021-11-22,427670.56982608436,518132.77147018607,-17.459270408126848
2021-11-22,427412.37773299124,518132.77147018607,-17.509101669013997
2021-11-23,428067.16826879507,518132.77147018607,-17.38272662156315
2021-11-23,428625.97786971275,518132.77147018607,-17.274875964031477
2021-11-23,427557.3391837095,518132.77147018607,-17.481124004079398
2021-11-23,426828.86874872295,518132.77147018607,-17.62171932541365
2021-11-23,427693.31723816856,518132.77147018607,-17.454880141126434
2021-11-24,428546.0913765141,518132.77147018607,-17.29029411505326
2021-11-24,428787.7745614235,518132.77147018607,-17.243649085397326
2021-11-24,429488.8812693189,518132.77147018607,-17.10833498320185
2021-11-24,430549.79727744596,518132.77147018607,-16.903577425574927
2021-11-24,431492.9073823605,518132.77147018607,-16.72155649255452
2021-11-24,431962.09431321366,518132.77147018607,-16.631003075228328
2021-11-24,432402.07845479634,518132.77147018607,-16.546085817372923
2021-11-24,433277.03276628326,518132.77147018607,-16.377219001825964
2021-11-24,434424.54877314786,518132.77147018607,-16.15574758174795
2021-11-24,435019.2346904494,518132.77147018607,-16.040972769181256
2021-11-24,435518.9562581892,518132.77147018607,-15.944526144830146
2021-11-24,435145.0713223556,518132.77147018607,-16.016686208122945
2021-11-24,435308.06497784716,518132.77147018607,-15.985228314612549
2021-11-24,433905.67989223974,518132.77147018607,-16.25588965140238
2021-11-24,433407.7516396722,518132.77147018607,-16.35199016462695
2021-11-24,433740.51995127666,518132.77147018607,-16.28776563957708
2021-11-24,434921.05587729445,518132.77147018607,-16.059921351197474
2021-11-24,435820.10865261266,518132.77147018607,-15.886403514684803
2021-11-24,436264.47916146275,518132.77147018607,-15.800639684771244
2021-11-26,434553.9568570007,518132.77147018607,-16.130771727878358
2021-11-26,433598.83202915994,518132.77147018607,-16.315111511121682
2021-11-26,432207.8136851389,518132.77147018607,-16.583579058556307
2021-11-26,431120.4352962043,518132.77147018607,-16.793443874836733
2021-11-26,431234.46823181177,518132.77147018607,-16.77143543570946
2021-11-26,430378.2309883372,518132.77147018607,-16.93668984357967
2021-11-26,429883.8900650888,518132.77147018607,-17.03209799964857
2021-11-26,429472.94287473726,518132.77147018607,-17.111411104894838
2021-11-26,429086.7844822194,518132.77147018607,-17.185939954213165
2021-11-26,428411.6815546273,518132.77147018607,-17.316235307984453
2021-11-26,426693.0753773724,518132.77147018607,-17.647927544392978
2021-11-26,426339.9197926429,518132.77147018607,-17.716086827915507
2021-11-26,424254.6311801554,518132.77147018607,-18.118549039786522
2021-11-29,423535.92539674253,518132.77147018607,-18.25725977629785
2021-11-30,420710.80155478243,518132.77147018607,-18.802510723066547
2021-11-30,419615.50888357556,518132.77147018607,-19.013903001555132
2021-11-30,418691.066148865,518132.77147018607,-19.19232111861179
2021-11-30,418307.5885026215,518132.77147018607,-19.26633258195841
2021-11-30,417092.62798595143,518132.77147018607,-19.50082084125586
2021-11-30,414676.60018225684,518132.77147018607,-19.967115956471055
2021-11-30,413324.1876860746,518132.77147018607,-20.22813254732379
2021-11-30,413323.98594993347,518132.77147018607,-20.228171482545072
2021-11-30,412546.7433827921,518132.77147018607,-20.37817986069416
2021-11-30,410992.0968830648,518132.77147018607,-20.678227760639974
2021-11-30,409597.5573167072,518132.77147018607,-20.947374906534762
2021-11-30,408113.6332400408,518132.77147018607,-21.23377332762977
2021-11-30,406770.10669793654,518132.77147018607,-21.49307492291239
2021-11-30,405435.774152703,518132.77147018607,-21.7506020701429
2021-11-30,403237.32374827605,518132.77147018607,-22.17490458978259
2021-11-30,402643.6897734786,518132.77147018607,-22.289476376684433
2021-11-30,400092.84729207016,518132.77147018607,-22.78179082229854
2021-12-01,398780.94998765655,518132.77147018607,-23.034987951808635
2021-12-01,397747.64451753726,518132.77147018607,-23.234416655611195
2021-12-01,397530.4087010664,518132.77147018607,-23.276343325459635
2021-12-01,394885.2504652353,518132.77147018607,-23.78686077995793
2021-12-01,394629.14869375434,518132.77147018607,-23.836288607260634
2021-12-01,392385.0650057216,518132.77147018607,-24.269398383672815
2021-12-01,391708.6367859587,518132.77147018607,-24.39994951979252
2021-12-02,392594.73702531616,518132.77147018607,-24.228931532097366
2021-12-02,393177.6730563992,518132.77147018607,-24.116424456077258
2021-12-02,393687.2279427526,518132.77147018607,-24.01807999411483
2021-12-02,393064.87015280686,518132.77147018607,-24.138195498135122
2021-12-02,392592.17283236247,518132.77147018607,-24.229426423193797
2021-12-02,391511.68448923057,518132.77147018607,-24.437961455646203
2021-12-02,390903.21777108195,518132.77147018607,-24.555395972753104
2021-12-02,390324.08093038376,518132.77147018607,-24.66716980227848
2021-12-06,390179.33264026983,518132.77147018607,-24.69510632706212
2021-12-06,390798.92425927176,518132.77147018607,-24.57552469603657
2021-12-07,391569.49898747855,518132.77147018607,-24.426803215629086
2021-12-08,392445.006097379,518132.77147018607,-24.257829709588105
2021-12-08,393265.3177312593,518132.77147018607,-24.099508970378224
2021-12-16,393684.41582161566,518132.77147018607,-24.018622735530116
2021-12-16,394845.7443764899,518132.77147018607,-23.79448548368654
2021-12-16,395482.16220352735,518132.77147018607,-23.67165638232867
2021-12-16,396038.1970048374,518132.77147018607,-23.564341263130107
2021-12-17,395517.06858195894,518132.77147018607,-23.664919426020628
2021-12-17,396217.5152042442,518132.77147018607,-23.52973272082579
2021-12-17,397306.66674278467,518132.77147018607,-23.31952568538774
2021-12-17,397952.49447469064,518132.77147018607,-23.19488046557787
2021-12-17,398403.22505467315,518132.77147018607,-23.107889137331338
2021-12-20,399389.5274252019,518132.77147018607,-22.91753206577801
2021-12-21,399854.6005523322,518132.77147018607,-22.82777261554855
2021-12-21,400334.1923240686,518132.77147018607,-22.73521105639923
2021-12-21,400746.17809649045,518132.77147018607,-22.6556975040615
2021-12-21,401233.5920653705,518132.77147018607,-22.56162625520051
2021-12-21,401750.99017004453,518132.77147018607,-22.461768046424037
2021-12-21,402435.9151826333,518132.77147018607,-22.329577023137603
2021-12-21,402832.8052342957,518132.77147018607,-22.25297695583512
2021-12-21,403835.0993120221,518132.77147018607,-22.05953347321533
2021-12-21,404462.5654848572,518132.77147018607,-21.938432047599132
2021-12-21,405201.2534186214,518132.77147018607,-21.795864741603765
2021-12-21,406223.68440515874,518132.77147018607,-21.59853482100518
2021-12-21,404776.74415054254,518132.77147018607,-21.87779533766977
2021-12-22,405529.6287189593,518132.77147018607,-21.732488070908694
2021-12-22,406108.4481927127,518132.77147018607,-21.620775493433424
2021-12-22,406884.673325925,518132.77147018607,-21.47096348076921
2021-12-22,407472.2164203798,518132.77147018607,-21.35756723818304
2021-12-22,408095.7622832771,518132.77147018607,-21.23722243522298
2021-12-22,408631.7385374238,518132.77147018607,-21.133778630148488
2021-12-22,408995.14680648554,518132.77147018607,-21.063640571127323
2021-12-22,408152.4656681184,518132.77147018607,-21.226278640897757
2021-12-22,408634.163219617,518132.77147018607,-21.133310664729834
2021-12-22,406823.20838680526,518132.77147018607,-21.482826258517346
2021-12-22,406510.83297516865,518132.77147018607,-21.543114939109824
2021-12-22,404981.03439397144,518132.77147018607,-21.83836717279048
2021-12-22,405225.22950825316,518132.77147018607,-21.791237338947152
2021-12-22,405858.80644142575,518132.77147018607,-21.66895653216189
2021-12-22,405513.83570471825,518132.77147018607,-21.735536134090687
2021-12-22,405055.0228859457,518132.77147018607,-21.824087340274907
2021-12-22,404432.1863747066,518132.77147018607,-21.944295237851385
2021-12-22,404323.6320662204,518132.77147018607,-21.965246297977963
2021-12-23,404721.39989502623,518132.77147018607,-21.888476819051323
2021-12-23,403833.24261889746,518132.77147018607,-22.05989181633255
2021-12-23,402298.0014951998,518132.77147018607,-22.356194464655964
2021-12-23,401670.9443452757,518132.77147018607,-22.477216948554222
2021-12-23,402119.01770152006,518132.77147018607,-22.390738466412863
2021-12-23,402600.7585656864,518132.77147018607,-22.29776213086871
2021-12-23,403030.08662898844,518132.77147018607,-22.21490150383602
2021-12-23,403282.4011767535,518132.77147018607,-22.16620461345228
2021-12-23,403502.56604312593,518132.77147018607,-22.123712634852335
2021-12-23,403148.8038127312,518132.77147018607,-22.191989001427444
2021-12-23,403105.57474951237,518132.77147018607,-22.20033224192469
2021-12-23,402996.15793259937,518132.77147018607,-22.221449766802056
2021-12-23,402703.44298656605,518132.77147018607,-22.27794396329975
2021-12-23,401758.7181447368,518132.77147018607,-22.460276541713707
2021-12-23,400293.4755607164,518132.77147018607,-22.743069421203415
2021-12-23,400663.6766121152,518132.77147018607,-22.671620350273518
2021-12-23,400461.2063339414,518132.77147018607,-22.710697260541
2021-12-23,400185.35511467955,518132.77147018607,-22.763936745563168
2021-12-23,400910.3324575095,518132.77147018607,-22.624015593544
2021-12-23,400838.1502061773,518132.77147018607,-22.63794682030801
2021-12-27,396960.0023607085,518132.77147018607,-23.38643216209882
2021-12-27,397196.91680132644,518132.77147018607,-23.340707503543502
2021-12-27,396610.14271989674,518132.77147018607,-23.4539553260591
2021-12-27,396783.7103007523,518132.77147018607,-23.420456657298374
2021-12-27,397176.9829888156,518132.77147018607,-23.344554743789338
2021-12-27,397969.33752445126,518132.77147018607,-23.191629744780418
2022-01-07,398249.6586259711,518132.77147018607,-23.137527569246437
2022-01-11,398622.48173842503,518132.77147018607,-23.06557243863464
2022-01-11,399471.1110459741,518132.77147018607,-22.90178636790588
2022-01-11,399879.3811918086,518132.77147018607,-22.82298993418946
2022-01-11,398115.4393726745,518132.77147018607,-23.16343198230176
2022-01-11,398005.11427348445,518132.77147018607,-23.184724806316154
2022-01-11,398221.402188395,518132.77147018607,-23.142981082155103
2022-01-12,398703.83387226425,518132.77147018607,-23.049871417908157
2022-01-12,397644.81180413655,518132.77147018607,-23.254263443744076
2022-01-12,397255.6829788681,518132.77147018607,-23.329365588733737
2022-01-12,397550.84699177154,518132.77147018607,-23.27239872055708
2022-01-12,397368.2158108303,518132.77147018607,-23.307646670696005
2022-01-12,397332.70344149636,518132.77147018607,-23.314500583686915
2022-01-12,396239.5450281193,518132.77147018607,-23.52548094886923
2022-01-13,395800.8648537577,518132.77147018607,-23.610146540106943
2022-01-13,396041.3398555741,518132.77147018607,-23.56373469066264
2022-01-13,396389.3105763103,518132.77147018607,-23.496576089644428
2022-01-13,396664.0685744817,518132.77147018607,-23.443547597084162
2022-01-13,396954.15876179875,518132.77147018607,-23.38755998091892
2022-01-13,397386.132547742,518132.77147018607,-23.30418872750109
2022-01-13,396333.5315767316,518132.77147018607,-23.507341476944767
2022-01-13,395567.25655794545,518132.77147018607,-23.655233110321255
2022-01-13,395945.43794793094,518132.77147018607,-23.582243828266694
2022-01-13,395369.4558780151,518132.77147018607,-23.69340878474716
2022-01-13,393929.5893715577,518132.77147018607,-23.971304062896
2022-01-13,393334.914114722,518132.77147018607,-24.086076817985074
2022-01-13,393240.69358447514,518132.77147018607,-24.104261448534402
2022-01-13,393310.6291568727,518132.77147018607,-24.090763832431275
2022-01-13,391962.43368212465,518132.77147018607,-24.35096653509426
2022-01-13,391426.7215249556,518132.77147018607,-24.454359369260875
2022-01-13,390654.4099845038,518132.77147018607,-24.60341605568902
2022-01-14,389928.5157893026,518132.77147018607,-24.74351416087961
2022-01-14,389349.3457807971,518132.77147018607,-24.855294391815804
2022-01-14,388112.49187647545,518132.77147018607,-25.094008090779894
2022-01-14,388014.7103728274,518132.77147018607,-25.112879991773653
2022-01-14,388263.10003195115,518132.77147018607,-25.064940607739146
2022-01-14,388242.609740889,518132.77147018607,-25.068895248748248
2022-01-14,387507.04054922826,518132.77147018607,-25.210860635259806
2022-01-14,386777.46455544175,518132.77147018607,-25.351669330242828
2022-01-14,386264.0512773274,518132.77147018607,-25.450758464608437
2022-01-14,385682.00974611973,518132.77147018607,-25.563092901505012
2022-01-18,385359.5612397883,518132.77147018607,-25.625325696666085
2022-01-18,384929.84776569024,518132.77147018607,-25.708260708261427
2022-01-18,384190.8507997349,518132.77147018607,-25.850887657693423
2022-01-18,383141.21389418235,518132.77147018607,-26.05346834035787
2022-01-18,382021.65727526066,518132.77147018607,-26.269543578321485
2022-01-18,381333.12258432416,518132.77147018607,-26.402431272142284
2022-01-18,381466.91949479585,518132.77147018607,-26.37660837155793
2022-01-18,381163.30132049386,518132.77147018607,-26.435206899004953
2022-01-18,380543.6730658351,518132.77147018607,-26.5547956007388
2022-01-18,380003.68966190616,518132.77147018607,-26.65901278862227
2022-01-18,379365.13834677404,518132.77147018607,-26.78225365472697
2022-01-18,378234.1662935273,518132.77147018607,-27.00053207977961
2022-01-18,377527.34227337566,518132.77147018607,-27.136949627379632
2022-01-19,376414.7594155169,518132.77147018607,-27.351678924409388
2022-01-19,376158.5680250491,518132.77147018607,-27.401124048241428
2022-01-19,376440.05114221055,518132.77147018607,-27.346797602847378
2022-01-19,376375.0326436245,518132.77147018607,-27.359346220145124
2022-01-19,375775.9502612656,518132.77147018607,-27.47496955365075
2022-01-19,374414.8446903855,518132.77147018607,-27.737663914213588
2022-01-19,373622.68339136883,518132.77147018607,-27.89055161841515
2022-01-19,373210.78386058053,518132.77147018607,-27.970048526055162
2022-01-19,372049.54021131113,518132.77147018607,-28.194169391055535
2022-01-19,371384.94494678144,518132.77147018607,-28.32243675824868
2022-01-20,370767.18131323496,518132.77147018607,-28.441665586757946
2022-01-20,370055.7391484075,518132.77147018607,-28.578974439623746
2022-01-20,369344.81492197973,518132.77147018607,-28.71618333000343
2022-01-21,368251.2195103376,518132.77147018607,-28.92724803616727
2022-01-21,367715.3889408897,518132.77147018607,-29.030663723989434
2022-01-21,367902.4988971515,518132.77147018607,-28.994551366971194
2022-01-24,367388.91424702713,518132.77147018607,-29.093673576258805
2022-01-24,367636.50665577303,518132.77147018607,-29.04588806212439
2022-01-27,367195.286931977,518132.77147018607,-29.131043788241477
2022-01-27,366141.5998741292,518132.77147018607,-29.33440615323105
2022-01-27,365690.9840641343,518132.77147018607,-29.421375330786898
2022-01-27,364659.45773075434,518132.77147018607,-29.620460659910748
2022-01-27,363707.0311081208,518132.77147018607,-29.80427968759569
2022-01-27,362777.09945573506,518132.77147018607,-29.983757169737395
2022-01-27,362641.70803318033,518132.77147018607,-30.00988781230814
2022-01-27,362038.53290259524,518132.77147018607,-30.12630104918439
2022-01-27,360835.58825566154,518132.77147018607,-30.35847023692374
2022-01-27,359677.25202694244,518132.77147018607,-30.582029967653057
2022-01-27,358638.36470863415,518132.77147018607,-30.782535972197117
2022-01-27,358123.64159621194,518132.77147018607,-30.881877905532413
2022-01-27,356676.512313686,518132.77147018607,-31.161174904720422
2022-01-27,354811.85840487527,518132.77147018607,-31.521054459051616
2022-01-27,353707.7355600204,518132.77147018607,-31.73415096744694
2022-01-27,353279.26093339233,518132.77147018607,-31.816846880583693
2022-01-28,352650.9052680529,518132.77147018607,-31.938119978897184
2022-01-28,352990.8775049208,518132.77147018607,-31.872505091056127
2022-01-28,352921.4740377199,518132.77147018607,-31.885900010471087
2022-01-28,352604.1644723356,518132.77147018607,-31.94714098630898
2022-01-28,352075.3598822263,518132.77147018607,-32.04920065503229
2022-01-28,352066.6439603598,518132.77147018607,-32.050882834262474
2022-01-28,350829.976960367,518132.77147018607,-32.28956046055578
2022-01-28,349967.6485010881,518132.77147018607,-32.45599047748602
2022-01-28,349126.8391792004,518132.77147018607,-32.6182672853208
2022-01-28,348361.90576956345,518132.77147018607,-32.765899987160225
2022-01-28,347813.99583426316,518132.77147018607,-32.87164700133685
2022-01-28,347650.97091156954,518132.77147018607,-32.903110929439876
2022-01-28,347403.7788965781,518132.77147018607,-32.9508191672898
2022-01-28,346059.0005589547,518132.77147018607,-33.21036236001387
2022-01-28,345381.8456421831,518132.77147018607,-33.341053749182365
2022-01-28,344801.1142016874,518132.77147018607,-33.45313533762309
2022-02-03,345083.60418036795,518132.77147018607,-33.398614567226915
2022-02-08,344633.7094731207,518132.77147018607,-33.48544457143042
2022-02-08,345032.04433901806,518132.77147018607,-33.408565653934595
2022-02-11,345984.57593616046,518132.77147018607,-33.22472636609344
2022-02-11,346721.7614125056,518132.77147018607,-33.08244903546767
2022-02-24,346918.9598770796,518132.77147018607,-33.04438958904152
2022-02-25,346322.1379247827,518132.77147018607,-33.15957665790872
2022-02-25,346512.30345678254,518132.77147018607,-33.12287457256094
2022-02-25,346646.3451575773,518132.77147018607,-33.09700442726701
2022-03-25,347036.81082508765,518132.77147018607,-33.02164427075686
2022-03-28,347471.5098839218,518132.77147018607,-32.937747037698095
2022-03-29,348086.0605224331,518132.77147018607,-32.8191383195567
2022-04-04,347854.3740457035,518132.77147018607,-32.863853977296735
2022-04-04,345660.57862165786,518132.77147018607,-33.28725808235283
2022-04-05,345842.463906247,518132.77147018607,-33.252154090749855
2022-04-06,344779.9972705752,518132.77147018607,-33.4572109206155
2022-04-06,340947.3449389393,518132.77147018607,-34.19691559529973
2022-04-06,338097.23475964344,518132.77147018607,-34.74698892326328
2022-04-07,338507.96971119364,518132.77147018607,-34.66771678025933
2022-04-07,338853.860454688,518132.77147018607,-34.60095961635462
2022-04-11,338266.7749753044,518132.77147018607,-34.71426753890077
2022-04-11,338830.1521379211,518132.77147018607,-34.605535338654455
2022-04-11,339264.35053737264,518132.77147018607,-34.52173473321899
2022-04-11,339349.4077374484,518132.77147018607,-34.50531863202655
2022-04-12,338596.8333181626,518132.77147018607,-34.65056603978082
2022-04-12,339083.6809469825,518132.77147018607,-34.55660409496144
2022-04-12,339290.74134183227,518132.77147018607,-34.516641288852455
2022-04-13,339531.5606389649,518132.77147018607,-34.47016299016286
2022-04-13,340515.7235987216,518132.77147018607,-34.28021882643738
2022-04-13,340715.11667966016,518132.77147018607,-34.24173581746406
2022-04-13,341322.04236377426,518132.77147018607,-34.124598721041465
2022-04-13,341285.90983392816,518132.77147018607,-34.13157232546018
2022-04-13,340449.29406058625,518132.77147018607,-34.29303977538968
2022-04-13,338916.68047688,518132.77147018607,-34.58883530659252
2022-04-13,338490.540320953,518132.77147018607,-34.67108066519391
2022-04-13,337390.72371375846,518132.77147018607,-34.88334606660326
2022-04-13,337108.024272831,518132.77147018607,-34.93790726336473
2022-04-14,337106.54845075303,518132.77147018607,-34.9381920980942
2022-04-14,336974.203152923,518132.77147018607,-34.96373483638781
2022-04-14,336942.851576659,518132.77147018607,-34.96978571330398
2022-04-14,337436.8064256174,518132.77147018607,-34.87445206985254
2022-04-14,337649.5073576397,518132.77147018607,-34.83340063598574
2022-04-18,337545.1003490541,518132.77147018607,-34.85355126422904
2022-04-18,337431.1257431583,518132.77147018607,-34.87554844567973
2022-04-18,337405.7602305475,518132.77147018607,-34.88044400797717
2022-04-18,336816.89054019353,518132.77147018607,-34.99409628453228
2022-04-18,336841.45381978375,518132.77147018607,-34.98935555378859
2022-04-18,335976.0674720137,518132.77147018607,-35.1563757454114
2022-04-18,335557.95057648286,518132.77147018607,-35.237072608947834
2022-04-19,335636.8956042688,518132.77147018607,-35.22183616143227
2022-12-09,332391.58845590317,518132.77147018607,-35.84818279053222
2022-12-09,331894.80738892424,518132.77147018607,-35.944061896107684
2022-12-20,332245.86838171084,518132.77147018607,-35.876306870346525
2022-12-21,332650.95400298294,518132.77147018607,-35.79812505217612
2022-12-22,332619.17545782577,518132.77147018607,-35.80425833439778
2022-12-22,332647.64284925675,518132.77147018607,-35.798764107242405
2022-12-22,332220.7829239689,518132.77147018607,-35.88114838185153
2022-12-22,331594.13712169864,518132.77147018607,-36.002091475354796
2022-12-22,331163.7797677899,518132.77147018607,-36.08515075621975
2022-12-22,330354.83175716404,518132.77147018607,-36.24127830791475
2022-12-22,329573.2464078123,518132.77147018607,-36.39212484617443
2022-12-22,329081.127906385,518132.77147018607,-36.48710407322292
2022-12-22,328812.2390723029,518132.77147018607,-36.53899981286494
2023-01-23,328665.2997262234,518132.77147018607,-36.56735921303616
2023-01-23,328929.86025659187,518132.77147018607,-36.51629883914439
2023-01-23,329314.3781621418,518132.77147018607,-36.44208660499852
2023-01-25,329540.84332046105,518132.77147018607,-36.398378665491684
2023-01-25,329752.8334720596,518132.77147018607,-36.35746441276125
2023-01-25,330204.3398262811,518132.77147018607,-36.27032335952495
2023-01-25,330551.8136483833,518132.77147018607,-36.20326066030285
2023-01-26,330808.8582284138,518132.77147018607,-36.15365087026755
2023-01-26,330888.90242194606,518132.77147018607,-36.1382022829672
2023-01-30,331422.8791517927,518132.77147018607,-36.035144387530195
2023-01-31,330365.945796115,518132.77147018607,-36.23913329035112
2023-01-31,330592.94374601956,518132.77147018607,-36.195322521682606
2023-01-31,330574.9817701095,518132.77147018607,-36.198789196036955
2023-01-31,330516.3364737592,518132.77147018607,-36.210107780689285
2023-01-31,330703.88917267864,518132.77147018607,-36.17390997401759
2023-02-02,331757.4580184121,518132.77147018607,-35.970570424051665
2023-02-02,332635.6364555527,518132.77147018607,-35.801081349919414
2023-02-08,332108.8823323471,518132.77147018607,-35.902745277045845
2023-02-09,331971.95115338755,518132.77147018607,-35.92917309371743
2023-02-09,331724.0905724705,518132.77147018607,-35.97701036527502
2023-02-10,331374.6565340043,518132.77147018607,-36.044451387674485
2023-02-13,332313.3720632001,518132.77147018607,-35.86327861094929
2023-02-13,333566.41555037996,518132.77147018607,-35.62144031077298
2023-02-13,333814.483737539,518132.77147018607,-35.5735629710604
2023-02-13,334274.36670626525,518132.77147018607,-35.48480522516037
2023-02-13,334627.41938864434,518132.77147018607,-35.41666580186597
2023-02-13,335447.0476255564,518132.77147018607,-35.2584769587657
2023-02-13,335843.6502574801,518132.77147018607,-35.18193236368086
2023-02-13,336405.3090023852,518132.77147018607,-35.07353181929695
2023-02-13,336835.34186003054,518132.77147018607,-34.99053516644576
2023-02-13,337458.3227939295,518132.77147018607,-34.870299395191374
2023-02-14,337805.92719564156,518132.77147018607,-34.80321149401003
2023-02-15,338108.40975669416,518132.77147018607,-34.74483214074227
2023-02-15,338605.040244607,518132.77147018607,-34.64898209703558
2023-02-15,339395.2506278981,518132.77147018607,-34.496470920981444
2023-02-15,339605.6382284593,518132.77147018607,-34.4558659617614
2023-02-15,340012.0047544764,518132.77147018607,-34.37743692804787
2023-02-15,340451.07608622767,518132.77147018607,-34.292695843150774
2023-02-15,341072.95250969264,518132.77147018607,-34.17267324320976
2023-02-15,341438.3027202564,518132.77147018607,-34.102160388072825
2023-02-15,341829.001416058,518132.77147018607,-34.02675525693375
2023-02-16,341331.20664689154,518132.77147018607,-34.12283000776527
2023-02-16,342573.09572533297,518132.77147018607,-33.883144516550814
2023-02-17,342712.0100698819,518132.77147018607,-33.85633394748474
2023-02-17,341522.7605205744,518132.77147018607,-34.08585997146756
2023-02-17,341532.4045723243,518132.77147018607,-34.08399866249795
2023-02-17,341939.42822169204,518132.77147018607,-34.005442803502035
2023-02-17,341302.64132310275,518132.77147018607,-34.1283431359366
2023-02-17,340723.27894373686,518132.77147018607,-34.240160494588125
2023-02-17,340339.84593330574,518132.77147018607,-34.31416334319064
2023-02-21,340414.7755148547,518132.77147018607,-34.29970187970584
2023-02-21,339824.8606247917,518132.77147018607,-34.413555880561475
2023-02-21,339265.5321062536,518132.77147018607,-34.52150668956956
2023-02-21,338766.6471551781,518132.77147018607,-34.61779184629877
2023-02-21,339253.9187813511,518132.77147018607,-34.5237480696833
2023-02-21,337817.69430574676,518132.77147018607,-34.80094043324083
2023-02-21,337872.8520231447,518132.77147018607,-34.790294953851166
2023-02-21,337716.0637515693,518132.77147018607,-34.82055520377331
2023-02-21,337639.1151101664,518132.77147018607,-34.835406347271636
2023-02-22,337040.12594355654,518132.77147018607,-34.95101169007022
2023-02-22,336881.6437531271,518132.77147018607,-34.981598867557516
2023-02-24,337567.40862856613,518132.77147018607,-34.84924575013296
2023-02-24,338044.72779294633,518132.77147018607,-34.75712280584865
2023-02-24,338687.73105426884,518132.77147018607,-34.6330227109062
2023-02-24,339419.8536516417,518132.77147018607,-34.49172251958738
2023-02-24,339790.1758757398,518132.77147018607,-34.420250062238786
2023-02-27,338471.2930178672,518132.77147018607,-34.67479540862371
2023-02-27,338935.5668366496,518132.77147018607,-34.585190225484055
2023-02-27,339989.2540467792,518132.77147018607,-34.381827831104
2023-02-27,341358.63892212795,518132.77147018607,-34.11753555878484
2023-02-27,342359.01246688137,518132.77147018607,-33.924462740419216
2023-03-01,343521.66375715955,518132.77147018607,-33.700070199685065
2023-03-01,343981.0291414028,518132.77147018607,-33.61141234796497
2023-03-01,343941.2180275156,518132.77147018607,-33.619095921766764
2023-03-01,343739.6873817487,518132.77147018607,-33.657991482299465
2023-03-01,343578.7186494223,518132.77147018607,-33.68905856417303
2023-03-01,343634.3521852841,518132.77147018607,-33.67832125147537
2023-03-01,343265.89225253847,518132.77147018607,-33.74943428524471
2023-03-01,342768.7299103562,518132.77147018607,-33.84538697721043
2023-03-02,343209.4602457848,518132.77147018607,-33.76032570340256
2023-03-02,343769.4129675798,518132.77147018607,-33.652254422713995
2023-03-02,344130.05358900654,518132.77147018607,-33.58265052169004
2023-03-02,346303.1247277532,518132.77147018607,-33.163246218700166
2023-03-02,346191.29609039874,518132.77147018607,-33.184829226668796
2023-03-02,346062.7601476213,518132.77147018607,-33.20963675667944
2023-03-02,346276.00856472936,518132.77147018607,-33.16847965779473
2023-03-02,347727.8500081078,518132.77147018607,-32.88827320815078
2023-03-02,347660.2736004834,518132.77147018607,-32.901315503744755
2023-03-02,347179.66748001124,518132.77147018607,-32.99407283293442
2023-03-02,346416.8019856463,518132.77147018607,-33.14130642562926
2023-03-02,345612.1203442495,518132.77147018607,-33.296610564974394
2023-03-02,345339.96131066524,518132.77147018607,-33.3491374554878
2023-03-02,345098.3061036216,518132.77147018607,-33.39577708539539
2023-03-02,345145.29157119204,518132.77147018607,-33.3867088561388
2023-03-03,346612.24628181296,518132.77147018607,-33.103585534975686
2023-03-03,346819.0278641872,518132.77147018607,-33.06367653987631
2023-03-03,347237.45756089286,518132.77147018607,-32.98291930548668
2023-03-03,347956.1965104368,518132.77147018607,-32.84420216788804
2023-03-03,348385.72202117584,518132.77147018607,-32.76130343335708
2023-03-03,348779.81556291226,518132.77147018607,-32.68524309449485
2023-03-03,348915.94593865925,518132.77147018607,-32.65896983342304
2023-03-03,349377.61934248725,518132.77147018607,-32.569866532252185
2023-03-03,348578.75301115506,518132.77147018607,-32.724048312544795
2023-03-03,348811.99653013743,518132.77147018607,-32.679032144522736
2023-03-03,349161.44758070353,518132.77147018607,-32.61158783877567
2023-03-03,348603.92400861194,518132.77147018607,-32.71919029181288
2023-03-03,348613.2359860288,518132.77147018607,-32.717393073429946
2023-03-03,348938.7501347644,518132.77147018607,-32.65456860706547
2023-03-03,348901.75044634053,518132.77147018607,-32.66170957371749
2023-03-03,349320.789413858,518132.77147018607,-32.5808347496201
2023-03-06,349471.31928289664,518132.77147018607,-32.55178237591837
2023-03-06,349523.32828559616,518132.77147018607,-32.541744600745034
2023-03-06,351626.4917336006,518132.77147018607,-32.13583253267863
2023-03-06,352157.70856085874,518132.77147018607,-32.03330730043925
2023-03-07,349248.898161443,518132.77147018607,-32.59470981338242
2023-03-07,349768.97720889363,518132.77147018607,-32.49433418070918
2023-03-07,349199.9771686892,518132.77147018607,-32.60415160040064
2023-03-07,347972.6877432946,518132.77147018607,-32.841019348007535
2023-03-07,347529.66125113383,518132.77147018607,-32.92652378172704
2023-03-07,347161.8266599327,518132.77147018607,-32.99751612412558
2023-03-07,346309.6706717055,518132.77147018607,-33.161982846778386
2023-03-07,346418.4650300041,518132.77147018607,-33.140985456864236
2023-03-08,345528.66098068096,518132.77147018607,-33.31271828256417
2023-03-08,345485.54798209603,518132.77147018607,-33.32103912250305
2023-03-08,345393.632847381,518132.77147018607,-33.33877881004573
2023-03-08,345746.2001883387,518132.77147018607,-33.27073305799703
2023-03-09,345059.97383584385,518132.77147018607,-33.403175240827444
2023-03-09,344741.5495561537,518132.77147018607,-33.464631357333374
2023-03-09,344213.2303075683,518132.77147018607,-33.5665973547912
2023-03-09,343459.1525643718,518132.77147018607,-33.71213490514857
2023-03-09,342738.5862707967,518132.77147018607,-33.851204721468136
2023-03-09,342177.7811114236,518132.77147018607,-33.959440523226405
2023-03-09,341462.44374411274,518132.77147018607,-34.09750115299147
2023-03-09,341148.8091166978,518132.77147018607,-34.158032863140775
2023-03-09,340519.4875876443,518132.77147018607,-34.279492373850324
2023-03-09,340313.56434260047,518132.77147018607,-34.31923570922352
2023-03-10,338504.94545030093,518132.77147018607,-34.668300464801064
2023-03-10,337039.7158687219,518132.77147018607,-34.95109083481018
2023-03-10,336560.19880214334,518132.77147018607,-35.04363797580996
2023-03-10,335915.06865542487,518132.77147018607,-35.16814856117361
2023-03-10,334123.4548931504,518132.77147018607,-35.51393131434531
2023-03-10,331265.0408780491,518132.77147018607,-36.06560728863095
2023-03-13,328594.79691064486,518132.77147018607,-36.580966307483884
2023-03-14,329150.8391711867,518132.77147018607,-36.473649748648185
2023-03-14,327824.67297719646,518132.77147018607,-36.72960078417663
2023-03-15,326835.5759396494,518132.77147018607,-36.92049722848771
2023-03-16,327462.27851155243,518132.77147018607,-36.79954317840423
2023-03-16,328060.72603004065,518132.77147018607,-36.684042374085266
2023-03-17,326972.07930033817,518132.77147018607,-36.89415198105212
2023-03-17,323706.0576435083,518132.77147018607,-37.52449652528209
2023-03-17,320779.16560824006,518132.77147018607,-38.08938880703514
2023-03-20,319872.5990837654,518132.77147018607,-38.26435680257464
2023-03-20,320061.17237614625,518132.77147018607,-38.22796202062603
2023-03-20,319557.1637728946,518132.77147018607,-38.32523604593456
2023-03-20,319180.58179828175,518132.77147018607,-38.39791663966429
2023-03-20,318345.43683772197,518132.77147018607,-38.55910022166202
2023-03-20,317036.4360484272,518132.77147018607,-38.81173832165723
2023-03-20,316191.3056604391,518132.77147018607,-38.97484909837766
2023-03-20,315931.1046737549,518132.77147018607,-39.02506807718224
2023-03-20,314442.62904957455,518132.77147018607,-39.31234495024256
2023-03-20,313681.8664255882,518132.77147018607,-39.459172687431945
2023-03-20,313794.54747834464,518132.77147018607,-39.437425162673634
2023-03-20,313588.0972806492,518132.77147018607,-39.47727020029008
2023-03-20,313981.2792262077,518132.77147018607,-39.40138580015016
2023-03-20,311193.0730525496,518132.77147018607,-39.939511610209735
2023-03-20,310881.89791629656,518132.77147018607,-39.99956863678424
2023-03-20,310649.4262059441,518132.77147018607,-40.04443584518197
2023-03-20,310689.13905662583,518132.77147018607,-40.03677123624997
2023-03-23,310859.8472714723,518132.77147018607,-40.00382442719906
2023-03-28,309633.13166418154,518132.77147018607,-40.240581427496494
2023-03-30,310186.28282226645,518132.77147018607,-40.13382285352801
2023-03-30,310542.4555611917,518132.77147018607,-40.065081257061415
2023-04-03,310873.864977353,518132.77147018607,-40.00111899981585
2023-04-10,310254.44173553045,518132.77147018607,-40.120668133923886
2023-04-10,310453.52003824426,518132.77147018607,-40.08224587737583
2023-04-12,310645.17371236027,518132.77147018607,-40.045256579522274
2023-04-12,310945.83362101915,518132.77147018607,-39.98722899948603
2023-04-12,311257.8662405451,518132.77147018607,-39.927006478019074
2023-04-12,311446.8392194509,518132.77147018607,-39.8905345562818
2023-04-12,311826.25856154336,518132.77147018607,-39.81730634857436
2023-04-12,312080.3551569286,518132.77147018607,-39.76826552170981
2023-04-12,312301.6546221462,518132.77147018607,-39.72555456471134
2023-04-12,312684.69058909395,518132.77147018607,-39.65162834578855
2023-04-14,311510.6844139362,518132.77147018607,-39.878212387524904
2023-04-14,311924.18405767565,518132.77147018607,-39.79840665692691
2023-04-17,311971.6241571115,518132.77147018607,-39.78925068339116
2023-04-18,311692.3203609839,518132.77147018607,-39.843156518247945
2023-04-18,311761.8926359617,518132.77147018607,-39.82972901880984
2023-04-18,311748.61976293876,518132.77147018607,-39.83229069291227
2023-04-19,311917.5612640829,518132.77147018607,-39.79968486088493
2023-04-19,311196.456349728,518132.77147018607,-39.93885863140495
2023-04-20,311393.68535911874,518132.77147018607,-39.900793289807055
2023-04-20,311523.2342714459,518132.77147018607,-39.87579025593997
2023-04-21,311657.8885735945,518132.77147018607,-39.84980187814126
2023-04-21,311522.6903638148,518132.77147018607,-39.875895230506536
2023-04-24,311807.9697708738,518132.77147018607,-39.820836098413906
2023-04-24,312145.4476802197,518132.77147018607,-39.75570261759038
2023-04-25,311717.2419291007,518132.77147018607,-39.83834663755923
2023-04-25,311065.3354282806,518132.77147018607,-39.96416506417031
2023-04-25,310124.0906193383,518132.77147018607,-40.14582599371767
2023-04-25,310322.53016333503,518132.77147018607,-40.10752701806445
2023-04-26,309808.1806583526,518132.77147018607,-40.20679684489339
2023-04-26,309703.9205002129,518132.77147018607,-40.22691913089431
2023-04-27,310021.2123699097,518132.77147018607,-40.16568157033691
2023-04-28,310359.1350681353,518132.77147018607,-40.1004622449376
2023-04-28,310588.57673985895,518132.77147018607,-40.056179836188846
2023-04-28,310891.3898043007,518132.77147018607,-39.99773669552772
2023-04-28,311145.00532646745,518132.77147018607,-39.9487887161426
2023-04-28,311846.44904318295,518132.77147018607,-39.81340957100087
2023-04-28,312035.32726820366,518132.77147018607,-39.77695593683201
2023-04-28,311775.9358158621,518132.77147018607,-39.82701867492239
2023-04-28,311900.7889526564,518132.77147018607,-39.802921929132694
2023-05-01,312810.34562571393,518132.77147018607,-39.627376832751956
2023-05-01,313042.9558840554,518132.77147018607,-39.582482884492045
2023-05-01,313407.8289318657,518132.77147018607,-39.51206212211197
2023-05-01,313687.44113721204,518132.77147018607,-39.4580967640527
2023-05-01,314147.31906601164,518132.77147018607,-39.36933999086216
2023-05-01,314294.82036335923,518132.77147018607,-39.340872133689366
2023-05-01,314800.26192812866,518132.77147018607,-39.24332154577051
2023-05-01,315020.0276913721,518132.77147018607,-39.200906594363396
2023-05-01,315269.4670444412,518132.77147018607,-39.15276461863749
2023-05-01,315536.97602532076,518132.77147018607,-39.10113519166253
2023-05-01,315201.6278624415,518132.77147018607,-39.165857629876136
2023-05-01,315554.4547477528,518132.77147018607,-39.09776178557928
2023-05-02,315094.024225973,518132.77147018607,-39.18662520961505
2023-05-02,314863.89656907774,518132.77147018607,-39.231040013998545
2023-05-02,315197.2570721336,518132.77147018607,-39.16670119556983
2023-05-02,314964.72739314806,518132.77147018607,-39.21157959195571
2023-05-02,314652.9828215557,518132.77147018607,-39.271746519962946
2023-05-03,314414.7568386379,518132.77147018607,-39.317724307131634
2023-05-04,313726.567402869,518132.77147018607,-39.45054536645514
2023-05-04,313361.22648935084,518132.77147018607,-39.521056427255544
2023-05-04,313052.2282171936,518132.77147018607,-39.580693317483586
2023-05-04,313104.9043141221,518132.77147018607,-39.57052679264112
2023-05-04,312907.83155680494,518132.77147018607,-39.60856197747569
2023-05-04,313146.9904572823,518132.77147018607,-39.56240413654261
2023-05-05,313374.9470040084,518132.77147018607,-39.51840835799356
2023-05-05,313695.3072746335,518132.77147018607,-39.4565785938356
2023-05-05,313642.4188853008,518132.77147018607,-39.466786091265774
2023-05-08,314136.8825048499,518132.77147018607,-39.371354254722
2023-05-08,314632.1195235407,518132.77147018607,-39.275773151583984
2023-05-08,315336.26456595084,518132.77147018607,-39.139872648627545
2023-05-09,314918.6128742175,518132.77147018607,-39.22047972749427
2023-05-10,314822.78282141895,518132.77147018607,-39.23897499706131
2023-05-11,315211.5074598079,518132.77147018607,-39.16395086043201
2023-05-12,315620.73374024587,518132.77147018607,-39.08496989204494
2023-05-15,315037.19059937337,518132.77147018607,-39.19759414069392
2023-05-15,319885.99408245145,518132.77147018607,-38.26177155813082
2023-05-16,319335.5052111264,518132.77147018607,-38.36801630882726
2023-05-16,318749.57544218196,518132.77147018607,-38.48110117842196
2023-05-18,318889.7602332741,518132.77147018607,-38.45404541225331
2023-05-18,319253.57652027026,518132.77147018607,-38.38382860547541
2023-05-18,319813.52432230423,518132.77147018607,-38.27575827430428
2023-05-18,320351.46265374485,518132.77147018607,-38.171935786891595
2023-05-18,320966.205247305,518132.77147018607,-38.053290021286806
2023-05-19,321368.1103642854,518132.77147018607,-37.97572204274724
2023-05-22,321356.83196345944,518132.77147018607,-37.977898782271744
2023-05-22,320621.9336050551,518132.77147018607,-38.11973469747917
2023-05-22,320874.08422605536,518132.77147018607,-38.071069445079715
2023-05-22,321089.3800404717,518132.77147018607,-38.029517197032284
2023-05-23,320362.17773409595,518132.77147018607,-38.16986776862657
2023-05-23,319944.9588420804,518132.77147018607,-38.250391316834445
2023-05-23,318489.52917026007,518132.77147018607,-38.531290297165405
2023-05-23,318294.06908208,518132.77147018607,-38.56901423568901
2023-05-23,318829.21607247385,518132.77147018607,-38.465730479119166
2023-05-24,318235.8636449708,518132.77147018607,-38.58024792718936
2023-05-24,317089.15275620954,518132.77147018607,-38.80156395889056
2023-05-25,319266.2670062038,518132.77147018607,-38.38137933250286
2023-05-25,318491.8033497202,518132.77147018607,-38.53085137888319
2023-05-25,317618.64312215336,518132.77147018607,-38.69937193493473
2023-05-25,315921.2839369227,518132.77147018607,-39.026963486500655
2023-05-26,314890.3916711583,518132.77147018607,-39.22592644011566
2023-05-26,314416.2642509252,518132.77147018607,-39.31743337546888
2023-05-26,313778.145712617,518132.77147018607,-39.440590715333244
2023-05-26,313163.5854631532,518132.77147018607,-39.55920128839544
2023-05-26,312714.0840865818,518132.77147018607,-39.64595537949375
2023-05-30,313031.21907050494,518132.77147018607,-39.58474809800423
2023-05-30,313890.2984537365,518132.77147018607,-39.41894515510334
2023-05-30,313287.270737935,518132.77147018607,-39.53532994081964
2023-05-30,313080.6689082384,518132.77147018607,-39.57520424352208
2023-05-30,312421.3312935989,518132.77147018607,-39.7024568804801
2023-05-30,310810.8732911864,518132.77147018607,-40.01327644084933
2023-05-30,310783.4148332575,518132.77147018607,-40.018575943108374
2023-05-30,310075.4833624162,518132.77147018607,-40.15520722949324
2023-05-30,309442.7346231246,518132.77147018607,-40.2773281942599
2023-05-30,308279.70788775117,518132.77147018607,-40.50179319616923
2023-05-30,307204.83329995594,518132.77147018607,-40.70924476977754
2023-05-30,306958.9604722115,518132.77147018607,-40.75669840353377
2023-05-31,307305.31993832387,518132.77147018607,-40.689850775824446
2023-05-31,307677.48429644614,518132.77147018607,-40.618022785275556
2023-06-01,307753.0260551516,518132.77147018607,-40.603443171156364
2023-06-01,308237.63908699754,518132.77147018607,-40.50991250517072
2023-06-01,308818.64214843936,518132.77147018607,-40.39777849369076
2023-06-02,309372.8240977945,518132.77147018607,-40.29082097626088
2023-06-02,309822.0414797153,518132.77147018607,-40.20412169633574
2023-06-02,310230.873049168,518132.77147018607,-40.12521690745458
2023-06-02,310598.8826060009,518132.77147018607,-40.054190796562445
2023-06-02,311305.48615168256,518132.77147018607,-39.91781580069474
2023-06-02,311992.70231437834,518132.77147018607,-39.78518258377896
2023-06-02,312437.8265056119,518132.77147018607,-39.699273292619765
2023-06-02,312865.4533215536,518132.77147018607,-39.616741007559256
2023-06-02,314019.56469734287,518132.77147018607,-39.393996676504
2023-06-02,314394.4343956977,518132.77147018607,-39.32164655333168
2023-06-02,314535.2369955619,518132.77147018607,-39.294471549622756
2023-06-02,314916.8488435264,518132.77147018607,-39.220820186694745
2023-06-02,315709.6804773535,518132.77147018607,-39.06780310738947
2023-06-02,316004.75168399065,518132.77147018607,-39.010854150889415
2023-06-02,316093.4238956119,518132.77147018607,-38.99374034985157
2023-06-02,317029.3165193432,518132.77147018607,-38.81311239592468
2023-06-02,317474.2430148733,518132.77147018607,-38.72724126017937
2023-06-05,319283.24011594517,518132.77147018607,-38.37810351003496
2023-06-05,319456.30154279363,518132.77147018607,-38.34470252936404
2023-06-05,320089.7865209053,518132.77147018607,-38.2224394699721
2023-06-05,320580.0819413588,518132.77147018607,-38.127812098871395
2023-06-05,321026.3250206413,518132.77147018607,-38.041686861508715
2023-06-05,321507.2644619389,518132.77147018607,-37.94886520115843
2023-06-05,321777.4350354915,518132.77147018607,-37.896722084870696
2023-06-05,322038.28483181715,518132.77147018607,-37.8463778853356
2023-06-05,322003.0860623303,518132.77147018607,-37.85317127332898
2023-06-05,322405.57449172466,518132.77147018607,-37.775490715071236
2023-06-05,322634.7428648821,518132.77147018607,-37.73126105314362
2023-06-05,322841.22716074873,518132.77147018607,-37.69140943455545
2023-06-06,323309.1668875149,518132.77147018607,-37.60109672852098
2023-06-06,323921.4619647531,518132.77147018607,-37.48292333533821
2023-06-06,324559.9670256892,518132.77147018607,-37.35969139632683
2023-06-06,325031.66049495665,518132.77147018607,-37.26865421527205
2023-06-06,325241.05521042383,518132.77147018607,-37.228240883593955
2023-06-07,325238.00573198765,518132.77147018607,-37.22882943513983
2023-06-07,325620.37554498785,518132.77147018607,-37.155031784411186
2023-06-09,325405.59142128675,518132.77147018607,-37.19648527578014
2023-06-12,325778.44162565505,518132.77147018607,-37.12452491640925
2023-06-12,326236.77993003005,518132.77147018607,-37.03606529184729
2023-06-14,326581.73359414836,518132.77147018607,-36.96948898494056
2023-06-15,327831.5919596028,518132.77147018607,-36.728265415563165
2023-06-16,328225.0491063103,518132.77147018607,-36.652327901402245
2023-06-20,328821.77954456897,518132.77147018607,-36.537158494810676
2023-06-20,328819.19993591664,518132.77147018607,-36.53765636114811
2023-06-21,327618.0565422223,518132.77147018607,-36.76947790570823
2023-06-21,326784.88661702245,518132.77147018607,-36.93028030445165
2023-06-21,326575.87189985084,518132.77147018607,-36.970620296183604
2023-06-21,327246.74999278894,518132.77147018607,-36.84114033855913
2023-06-22,328240.28332642646,518132.77147018607,-36.6493876858909
2023-06-22,328420.22785581945,518132.77147018607,-36.61465826144581
2023-06-22,328035.1316942063,518132.77147018607,-36.688982099430504
2023-06-22,327301.3241328138,518132.77147018607,-36.83060749002497
2023-06-22,327011.76255067595,518132.77147018607,-36.88649308500793
2023-06-22,325821.8975648376,518132.77147018607,-37.11613788868675
2023-06-22,326959.39248204714,518132.77147018607,-36.89660054616701
2023-06-22,326953.3634825837,518132.77147018607,-36.89776414742819
2023-06-22,326553.5604100044,518132.77147018607,-36.97492642987654
2023-06-22,326742.91211407224,518132.77147018607,-36.93838141390881
2023-06-22,326372.1015864329,518132.77147018607,-37.00994811419437
2023-06-22,324286.9602551186,518132.77147018607,-37.41238190069233
2023-06-22,324784.7785917644,518132.77147018607,-37.31630260132023
2023-06-22,324183.21587357915,518132.77147018607,-37.432404641436
2023-06-23,323217.1436690782,518132.77147018607,-37.61885727630018
2023-06-23,322983.8168908478,518132.77147018607,-37.66388951341738
2023-06-23,322193.68727814266,518132.77147018607,-37.816385100689956
2023-06-23,321766.1047682456,518132.77147018607,-37.89890883465178
2023-06-23,321721.68478322204,518132.77147018607,-37.90748192391952
2023-06-26,321622.11940414394,518132.77147018607,-37.926698114162726
2023-06-26,320630.7145677727,518132.77147018607,-38.11803996531763
2023-06-27,320962.23701270955,518132.77147018607,-38.05405589343656
2023-06-27,321755.5467300171,518132.77147018607,-37.900946543673456
2023-06-28,322336.8082412872,518132.77147018607,-37.788762651189536
2023-06-28,322678.9431748411,518132.77147018607,-37.72273036132238
2023-06-28,323658.52339321625,518132.77147018607,-37.53367067000124
2023-06-28,323892.5196160046,518132.77147018607,-37.48850922959971
2023-06-28,324390.422903485,518132.77147018607,-37.39241353465503
2023-06-28,324772.91180942627,518132.77147018607,-37.318592898902544
2023-06-28,325369.0278847317,518132.77147018607,-37.20354206480572
2023-06-28,326064.24249527283,518132.77147018607,-37.06936514166525
2023-06-28,326869.4478105599,518132.77147018607,-36.91395993288019
2023-06-28,327590.15725279535,518132.77147018607,-36.774862488765535
2023-06-28,328400.2515059082,518132.77147018607,-36.61851371144071
2023-06-28,328999.4242973342,518132.77147018607,-36.502872928919686
2023-06-28,329332.5098685183,518132.77147018607,-36.43858717254127
2023-06-28,330208.19766901573,518132.77147018607,-36.269578793084264
2023-06-28,330567.6882194761,518132.77147018607,-36.20019685658943
2023-06-28,330940.46170215606,518132.77147018607,-36.128251304559925
2023-06-28,331540.4924014526,518132.77147018607,-36.012444945198794
2023-06-28,332180.07367828616,518132.77147018607,-35.88900529574008
2023-06-28,332867.8187849889,518132.77147018607,-35.75626999224802
2023-06-28,333205.0938767296,518132.77147018607,-35.691175655369136
2023-06-28,333705.303952169,518132.77147018607,-35.59463474867835
2023-06-28,334215.4566623011,518132.77147018607,-35.49617490629384
2023-06-28,333417.70131886564,518132.77147018607,-35.65014226511807
2023-06-28,332734.00326794584,518132.77147018607,-35.782096483914124
2023-06-28,332370.3438447665,518132.77147018607,-35.8522830158618
2023-06-28,332159.42947995296,518132.77147018607,-35.89298964096391
2023-06-28,331718.9992659229,518132.77147018607,-35.9779929911246
2023-06-28,331129.19409808633,518132.77147018607,-36.0918258155111
2023-06-28,331506.60327261395,518132.77147018607,-36.018985571598954
2023-06-28,331526.07826540835,518132.77147018607,-36.01522688389057
2023-06-28,330936.8277543216,518132.77147018607,-36.128952659122795
2023-06-28,331022.85671904404,518132.77147018607,-36.112349006650035
2023-06-28,331566.6236724173,518132.77147018607,-36.00740159098467
2023-06-28,332136.00770170125,518132.77147018607,-35.89751006112287
2023-06-28,332834.92662993586,518132.77147018607,-35.76261820198579
2023-06-28,333575.06683960813,518132.77147018607,-35.61977060568878
2023-06-28,334074.2194444685,518132.77147018607,-35.523433791585305
2023-06-28,334635.2303265679,518132.77147018607,-35.415158285191936
2023-06-28,335250.3771086399,518132.77147018607,-35.29643451091173
2023-06-28,335048.3315573819,518132.77147018607,-35.335429448576974
2023-06-29,335559.59466741694,518132.77147018607,-35.2367552982073
2023-06-29,336155.52866727114,518132.77147018607,-35.12173960480439
2023-06-29,336340.8463534053,518132.77147018607,-35.08597315721831
2023-06-29,336838.8078927506,518132.77147018607,-34.98986621962153
2023-06-29,337628.1466910359,518132.77147018607,-34.837523260104504
2023-06-29,337968.2465899484,518132.77147018607,-34.771883733396415
2023-06-29,338475.26725069835,518132.77147018607,-34.67402837881012
2023-06-29,338527.3185392544,518132.77147018607,-34.66398244243587
2023-06-30,339128.99896065885,518132.77147018607,-34.547857685513584
2023-06-30,339500.5370037322,518132.77147018607,-34.476150574222565
2023-06-30,339929.65281264315,518132.77147018607,-34.39333091244102
2023-06-30,340425.96918012545,518132.77147018607,-34.29754149420484
2023-06-30,340999.2969716061,518132.77147018607,-34.18688881538396
2023-06-30,341850.6441853437,518132.77147018607,-34.022578186793154
2023-06-30,342414.3819932737,518132.77147018607,-33.9137763817403
2023-07-03,342738.37316731084,518132.77147018607,-33.85124585059519
2023-07-05,342275.26860317145,518132.77147018607,-33.94062536674225
2023-07-05,342205.832981889,518132.77147018607,-33.95402649191821
2023-07-10,342409.00371555716,518132.77147018607,-33.91481439323323
2023-07-10,342665.1833332625,518132.77147018607,-33.86537154155287
2023-07-10,341909.71748573775,518132.77147018607,-34.011176997050526
2023-07-10,342401.0696833835,518132.77147018607,-33.91634566718665
2023-07-12,343614.8282397453,518132.77147018607,-33.68208938709887
2023-07-12,343906.30072648067,518132.77147018607,-33.625834986145165
2023-07-12,344351.5804537582,518132.77147018607,-33.53989567641688
2023-07-12,344746.5337777863,518132.77147018607,-33.46366939894992
2023-07-12,344953.33545696887,518132.77147018607,-33.423756525152
2023-07-12,345223.42233377905,518132.77147018607,-33.37162956239613
2023-07-13,345726.1225001765,518132.77147018607,-33.27460806634773
2023-07-14,345664.1712177765,518132.77147018607,-33.28656470870104
2023-07-14,345574.00246502,518132.77147018607,-33.30396734326141
2023-07-14,345995.0983307926,518132.77147018607,-33.22269553631167
2023-07-17,346312.5325495524,518132.77147018607,-33.16143050228206
2023-07-17,346495.05870110553,518132.77147018607,-33.126202822891074
2023-07-19,346536.8647273344,518132.77147018607,-33.118134229563104
2023-07-19,346481.05110131425,518132.77147018607,-33.1289062997917
2023-07-19,346863.03797122487,518132.77147018607,-33.05518255735658
2023-07-20,346876.94181535294,518132.77147018607,-33.052499105374075
2023-07-20,346286.1930368131,518132.77147018607,-33.166514047309434
2023-07-20,346379.2516403457,518132.77147018607,-33.148553669457144
2023-07-20,346708.67437155184,518132.77147018607,-33.08497484384621
2023-07-20,347395.7635187241,518132.77147018607,-32.952366141018416
2023-07-21,347431.57090233214,518132.77147018607,-32.94545529005904
2023-07-21,347728.36904990935,518132.77147018607,-32.88817303270731
2023-07-24,348688.2372467673,518132.77147018607,-32.70291777580967
2023-07-24,348921.41156946,518132.77147018607,-32.65791496272161
2023-07-24,349215.6711858711,518132.77147018607,-32.601122643722725
2023-07-25,349464.44422583835,518132.77147018607,-32.55310926690787
2023-07-25,349868.8372673214,518132.77147018607,-32.47506111713815
2023-07-26,349762.18731922307,518132.77147018607,-32.495644634331185
2023-07-26,350137.1663793181,518132.77147018607,-32.42327340426384
2023-07-26,350428.70685574895,518132.77147018607,-32.36700588124968
2023-07-26,351185.74667560373,518132.77147018607,-32.22089664795284
2023-07-26,351932.2578592714,518132.77147018607,-32.07681944906239
2023-07-26,352342.9648058154,518132.77147018607,-31.997552711044907
2023-07-27,352760.65034812764,518132.77147018607,-31.916939098991946
2023-07-27,353196.23232454906,518132.77147018607,-31.832871462199652
2023-07-27,353472.6515946347,518132.77147018607,-31.779522342957243
2023-07-28,353692.50093781215,518132.77147018607,-31.73709126056235
2023-07-28,354179.0736642629,518132.77147018607,-31.643182372099243
2023-07-28,354524.9849223719,518132.77147018607,-31.576421248859056
2023-07-28,354750.1984201852,518132.77147018607,-31.532954880736025
2023-07-28,355491.44720411964,518132.77147018607,-31.389893328803847
2023-07-28,355919.2920002675,518132.77147018607,-31.307318973405746
2023-07-28,355131.47630947037,518132.77147018607,-31.459367972074894
2023-07-28,355423.77163118694,518132.77147018607,-31.40295476337412
2023-07-31,355828.5536939796,518132.77147018607,-31.324831532210013
2023-07-31,355943.7225985241,518132.77147018607,-31.30260385025549
2023-07-31,357036.28659936297,518132.77147018607,-31.091738207123377
2023-07-31,357226.4476762448,518132.77147018607,-31.055036981616595
2023-07-31,357503.7200523142,518132.77147018607,-31.001523212301695
2023-07-31,357736.1549506438,518132.77147018607,-30.95666310865104
2023-08-01,357254.54801830754,518132.77147018607,-31.04961359525502
2023-08-01,358288.5945339834,518132.77147018607,-30.850041869123558
2023-08-01,359031.8457381847,518132.77147018607,-30.70659384863021
2023-08-01,359617.87240357307,518132.77147018607,-30.593490277951684
2023-08-01,359363.49238491035,518132.77147018607,-30.642585805713985
2023-08-01,358572.99643349997,518132.77147018607,-30.795152096621887
2023-08-01,358689.5099284463,518132.77147018607,-30.77266490774639
2023-08-02,358952.9380296998,518132.77147018607,-30.721823093493644
2023-08-02,358389.84759306145,518132.77147018607,-30.83049995541855
2023-08-02,357744.18124242063,518132.77147018607,-30.955114028527408
2023-08-02,357439.69783575926,518132.77147018607,-31.013879546446187
2023-08-02,354927.9849054372,518132.77147018607,-31.498641960372474
2023-08-02,355138.14908023307,518132.77147018607,-31.458080122486887
2023-08-03,356143.40249127895,518132.77147018607,-31.264065486393992
2023-08-03,355679.7394361321,518132.77147018607,-31.35355279170982
2023-08-03,355454.6830973139,518132.77147018607,-31.396988828033013
2023-08-03,355008.6317211752,518132.77147018607,-31.483077066550152
2023-08-03,354528.4439707329,518132.77147018607,-31.575753650021177
2023-08-04,353424.5452573822,518132.77147018607,-31.78880690087393
2023-08-04,353626.18207894237,518132.77147018607,-31.74989084833627
2023-08-04,350780.8731713189,518132.77147018607,-32.299037527391135
2023-08-04,350624.2433148945,518132.77147018607,-32.32926720307445
2023-08-04,350076.9538485136,518132.77147018607,-32.434894466300435
2023-08-04,350330.2534334116,518132.77147018607,-32.38600746303692
2023-08-07,350700.0769883243,518132.77147018607,-32.31463124920212
2023-08-07,351209.9716381342,518132.77147018607,-32.21622121264661
2023-08-07,351463.23947786447,518132.77147018607,-32.16734033622345
2023-08-07,351834.4761996435,518132.77147018607,-32.095691380160375
2023-08-07,352239.46938261186,518132.77147018607,-32.01752740264951
2023-08-07,352797.6342217177,518132.77147018607,-31.9098011846143
2023-08-07,351874.3981121976,518132.77147018607,-32.08798642213566
2023-08-07,351619.2626623159,518132.77147018607,-32.137227748670114
2023-08-07,351470.4696592826,518132.77147018607,-32.1659449059754
2023-08-07,351293.36200024176,518132.77147018607,-32.20012681238875
2023-08-07,351753.0671431601,518132.77147018607,-32.1114033869984
2023-08-08,351159.3475578021,518132.77147018607,-32.225991696800406
2023-08-09,350877.32812586887,518132.77147018607,-32.28042165133368
2023-08-09,350635.7737800444,518132.77147018607,-32.32704181495295
2023-08-09,351578.4811103553,518132.77147018607,-32.14509861772264
2023-08-09,351607.3349777907,518132.77147018607,-32.13952980041862
2023-08-09,351161.60766852566,518132.77147018607,-32.22555549379453
2023-08-09,351569.91861387546,518132.77147018607,-32.14675118574213
2023-08-10,353444.23734343715,518132.77147018607,-31.785006314009085
2023-08-10,352113.2571283807,518132.77147018607,-32.04188645908847
2023-08-10,351168.72757154197,518132.77147018607,-32.22418134735787
2023-08-10,350629.49876139715,518132.77147018607,-32.328252898094725
2023-08-10,350145.81949700596,518132.77147018607,-32.421603346285586
2023-08-11,349833.62207952054,518132.77147018607,-32.481857673878025
2023-08-11,350092.8210219291,518132.77147018607,-32.43183209034408
2023-08-14,348996.4512359249,518132.77147018607,-32.643432252768335
2023-08-14,348698.6563330929,518132.77147018607,-32.70090688460585
2023-08-14,348786.8520296007,518132.77147018607,-32.68388505132988
2023-08-15,349148.0758709065,518132.77147018607,-32.61416858844704
2023-08-15,348802.2009857406,518132.77147018607,-32.68092269168289
2023-08-15,348391.3994187836,518132.77147018607,-32.76020769150858
2023-08-15,347439.8488068366,518132.77147018607,-32.943857648496824
2023-08-15,347057.20881842193,518132.77147018607,-33.01770744327606
2023-08-15,346257.6016349554,518132.77147018607,-33.17203220856694
2023-08-15,346343.98057304125,518132.77147018607,-33.155361010981665
2023-08-15,345643.76459570753,518132.77147018607,-33.29050320153388
2023-08-15,344804.5333091472,518132.77147018607,-33.45247544740805
2023-08-15,344848.6641246048,518132.77147018607,-33.443958168075895
2023-08-15,343915.3981499888,518132.77147018607,-33.624079176821944
2023-08-16,343959.9993924607,518132.77147018607,-33.615471104735455
2023-08-16,343292.0025709441,518132.77147018607,-33.74439497488966
2023-08-16,343788.29514142236,518132.77147018607,-33.648610149492484
2023-08-17,343409.56566140876,518132.77147018607,-33.72170521331926
2023-08-17,341526.3041453244,518132.77147018607,-34.08517604932538
2023-08-18,340340.5307077782,518132.77147018607,-34.314031181221715
2023-08-18,340843.00579408015,518132.77147018607,-34.217053125794685
2023-08-18,341006.5264951499,518132.77147018607,-34.18549351210614
2023-08-21,341485.68542225985,518132.77147018607,-34.09301549228308
2023-08-21,342131.87829916563,518132.77147018607,-33.9682997992239
2023-08-21,342478.363894541,518132.77147018607,-33.90142782847551
2023-08-21,342707.0930453011,518132.77147018607,-33.85728293678856
2023-08-21,343126.7091327439,518132.77147018607,-33.77629672812777
2023-08-21,343805.6944568097,518132.77147018607,-33.64525206902635
2023-08-21,344275.5492658412,518132.77147018607,-33.55456975072823
2023-08-21,345090.9550376247,518132.77147018607,-33.39719584645466
2023-08-21,345230.96014979185,518132.77147018607,-33.370174758448606
2023-08-21,346024.73034281196,518132.77147018607,-33.21697653653961
2023-08-21,347769.56350960984,518132.77147018607,-32.88022247216206
2023-08-21,346738.31246155855,518132.77147018607,-33.07925467101819
2023-08-21,346876.3129761711,518132.77147018607,-33.05262047179142
2023-08-22,346488.75835549214,518132.77147018607,-33.127418794155645
2023-08-22,344763.7011968223,518132.77147018607,-33.460356074647486
2023-08-22,344575.23855705105,518132.77147018607,-33.496729500562324
2023-08-22,344286.2820775714,518132.77147018607,-33.5524983102942
2023-08-22,343988.8944466598,518132.77147018607,-33.60989433835623
2023-08-22,342151.2653110255,518132.77147018607,-33.96455809189957
2023-08-22,341253.3345138752,518132.77147018607,-34.13785938581357
2023-08-22,341063.41152553586,518132.77147018607,-34.17451466005929
2023-08-22,339880.32843292766,518132.77147018607,-34.40285055343488
2023-08-22,338526.39342843834,518132.77147018607,-34.66416098949311
2023-08-22,338368.78724351793,518132.77147018607,-34.694579097282976
2023-08-23,339640.6096903796,518132.77147018607,-34.44911644429291
2023-08-23,340386.2957284031,518132.77147018607,-34.30519849910916
2023-08-23,340885.2259449682,518132.77147018607,-34.20890460610769
2023-08-23,341044.74647993746,518132.77147018607,-34.17811702737248
2023-08-23,341501.01029081736,518132.77147018607,-34.09005778155692
2023-08-23,341971.1131733568,518132.77147018607,-33.99932758489217
2023-08-23,342338.4648419534,518132.77147018607,-33.92842844690592
2023-08-23,343197.39692103927,518132.77147018607,-33.762653933811784
2023-08-23,341835.9384573143,518132.77147018607,-34.02541640294917
2023-08-23,341593.8753327052,518132.77147018607,-34.0721347612422
2023-08-23,341138.9136321706,518132.77147018607,-34.15994269881845
2023-08-23,341397.95431521337,518132.77147018607,-34.109947659456665
2023-08-23,342178.54312222876,518132.77147018607,-33.95929345458935
2023-08-24,340998.0668446105,518132.77147018607,-34.18712623078467
2023-08-24,340400.76156584395,518132.77147018607,-34.30240658201042
2023-08-24,340167.6936922515,518132.77147018607,-34.34738885034506
2023-08-24,339403.0933294936,518132.77147018607,-34.49495727389573
2023-08-24,339410.4725794527,518132.77147018607,-34.49353307331136
2023-08-24,339651.2639369392,518132.77147018607,-34.44706016699369
2023-08-24,339934.3025025523,518132.77147018607,-34.39243351892238
2023-08-24,340208.20772246603,518132.77147018607,-34.339569613183215
2023-08-25,340695.4282073021,518132.77147018607,-34.245535706882784
2023-08-25,341050.3415679408,518132.77147018607,-34.17703717133723
2023-08-25,341182.7683057786,518132.77147018607,-34.15147871506316
2023-08-25,341554.27438694343,518132.77147018607,-34.079777772443634
2023-08-25,341671.4019170891,518132.77147018607,-34.057172074330126
2023-08-25,341698.5782941504,518132.77147018607,-34.05192701388275
2023-08-25,341789.18159660156,518132.77147018607,-34.03444051091672
2023-08-25,341479.8350150729,518132.77147018607,-34.09414462510561
2023-08-25,340791.6287795137,518132.77147018607,-34.226968926800794
2023-08-25,340843.75271657616,518132.77147018607,-34.21690896921221
2023-08-25,339938.00888521975,518132.77147018607,-34.391718184384295
2023-08-25,338927.57528603275,518132.77147018607,-34.58673260053866
2023-08-25,337624.16912004875,518132.77147018607,-34.83829093418461
2023-08-28,338152.20896213787,518132.77147018607,-34.736378862382864
2023-08-28,338397.334497952,518132.77147018607,-34.68906945651018
2023-08-28,338240.6604712423,518132.77147018607,-34.71930765709054
2023-08-28,338416.5767287574,518132.77147018607,-34.685355692034186
2023-08-28,338697.61509122606,518132.77147018607,-34.631115084617825
2023-08-28,339185.6322194363,518132.77147018607,-34.53692742556945
2023-08-28,338773.090924842,518132.77147018607,-34.61654819408863
2023-08-28,339171.6549234068,518132.77147018607,-34.53962505382212
2023-08-28,339407.14631579374,518132.77147018607,-34.494175044605605
2023-08-29,339909.3484465411,518132.77147018607,-34.39724966979822
2023-08-29,340038.0958934718,518132.77147018607,-34.37240131933289
2023-08-29,340638.0518983565,518132.77147018607,-34.25660937604731
2023-08-29,340795.8597062141,518132.77147018607,-34.226152354884604
2023-08-29,341628.3628573569,518132.77147018607,-34.06547864401691
2023-08-29,341811.64408080495,518132.77147018607,-34.030105235203564
2023-08-29,341569.9378451562,518132.77147018607,-34.07675471366889
2023-08-29,342193.7896321075,518132.77147018607,-33.95635086714493
2023-08-29,342294.7720638788,518132.77147018607,-33.93686118470605
2023-08-29,342436.8908339782,518132.77147018607,-33.909432159188874
2023-08-29,342396.24162872846,518132.77147018607,-33.917277485230386
2023-08-29,343007.56237111916,518132.77147018607,-33.799292139378565
2023-08-29,343274.485376404,518132.77147018607,-33.7477758061176
2023-08-29,344036.91312635154,518132.77147018607,-33.60062669841222
2023-08-30,344429.2638520021,518132.77147018607,-33.524902724316306
2023-08-30,344759.07319780136,518132.77147018607,-33.461249281809
2023-08-30,345277.2457279259,518132.77147018607,-33.361241608359926
2023-08-31,345402.3522315627,518132.77147018607,-33.3370959625862
2023-08-31,344533.7919569912,518132.77147018607,-33.504728724379476
2023-08-31,344567.93296785286,518132.77147018607,-33.49813948456652
2023-08-31,344720.140467561,518132.77147018607,-33.46876332693104
2023-08-31,344935.5544615623,518132.77147018607,-33.42718827013815
2023-08-31,344766.3695756259,518132.77147018607,-33.45984107560659
2023-09-01,345839.31993263453,518132.77147018607,-33.25276087993316
2023-09-01,346909.85347948014,518132.77147018607,-33.04614713037087
2023-09-05,347253.7177837533,518132.77147018607,-32.979781070702906
2023-09-07,347662.5122685461,518132.77147018607,-32.90088343918794
2023-09-08,348273.70204071724,518132.77147018607,-32.78292337068332
2023-09-08,348360.88692345005,518132.77147018607,-32.76609662519772
2023-09-11,348807.1888758997,518132.77147018607,-32.67996002527116
2023-09-12,350987.5639407386,518132.77147018607,-32.259146059257745
2023-09-14,352164.9885920613,518132.77147018607,-32.031902249146725
2023-09-14,351261.86915633513,518132.77147018607,-32.206204954062216
2023-09-14,350886.1446428333,518132.77147018607,-32.27872005717676
2023-09-14,351152.7855592503,518132.77147018607,-32.227258167271515
2023-09-14,350244.57057690725,518132.77147018607,-32.402544316373024
2023-09-14,350137.37568678765,518132.77147018607,-32.42323300777068
2023-09-14,349649.4305099593,518132.77147018607,-32.51740678015027
2023-09-14,349508.49523893674,518132.77147018607,-32.5446073894888
2023-09-15,350431.09746162,518132.77147018607,-32.366544492585874
2023-09-15,350539.3945738322,518132.77147018607,-32.34564307152638
2023-09-15,350678.55150247493,518132.77147018607,-32.318785683554594
2023-09-18,350112.3982073989,518132.77147018607,-32.42805367937536
2023-09-18,350261.85316499753,518132.77147018607,-32.39920876435974
2023-09-18,349608.9176734794,518132.77147018607,-32.52522578692047
2023-09-18,348143.5898582244,518132.77147018607,-32.80803511610017
2023-09-18,347973.8453440484,518132.77147018607,-32.840795930224
2023-09-18,347598.55802974105,518132.77147018607,-32.91322665357749
2023-09-18,347618.4465892854,518132.77147018607,-32.90938814718695
2023-09-18,346688.4712892073,518132.77147018607,-33.08887405336488
2023-09-19,346698.8375749088,518132.77147018607,-33.08687335271974
2023-09-19,346252.5493041741,518132.77147018607,-33.17300731206541
2023-09-19,345496.1226827446,518132.77147018607,-33.31899819762224
2023-09-19,345706.0821775845,518132.77147018607,-33.27847586311633
2023-09-20,346060.45191328396,518132.77147018607,-33.2100822475776
2023-09-20,346552.5295416793,518132.77147018607,-33.115110909053875
2023-09-20,347072.3915792943,518132.77147018607,-33.014777159436015
2023-09-20,346218.7020039144,518132.77147018607,-33.179539865519544
2023-09-20,346811.3899427743,518132.77147018607,-33.06515066423854
2023-09-20,346138.5615481415,518132.77147018607,-33.19500703150203
2023-09-20,345680.0691362075,518132.77147018607,-33.28349639893443
2023-09-20,345658.5635012825,518132.77147018607,-33.28764700204413
2023-09-20,345779.3135074931,518132.77147018607,-33.26434216342757
2023-09-21,345936.7086352671,518132.77147018607,-33.23396478981977
2023-09-21,345127.8824883217,518132.77147018607,-33.39006882173622
2023-09-21,344300.3141989024,518132.77147018607,-33.54979010071865
2023-09-21,342508.5110594463,518132.77147018607,-33.89560940382351
2023-09-21,341944.2642608267,518132.77147018607,-34.004509444447955
2023-09-21,342073.2857878925,518132.77147018607,-33.97960819631811
2023-09-21,341830.9341774453,518132.77147018607,-34.02638223258676
2023-09-21,340105.3799136746,518132.77147018607,-34.35941545472295
2023-09-22,339593.06538682256,518132.77147018607,-34.458292529299484
2023-09-22,339947.97082303395,518132.77147018607,-34.389795523174136
2023-09-22,340338.99142730975,518132.77147018607,-34.31432826346649
2023-09-22,339437.636772582,518132.77147018607,-34.488290364371665
2023-09-22,339127.5048440135,518132.77147018607,-34.54814605110782
2023-09-22,338128.8349924997,518132.77147018607,-34.7408900554448
2023-09-22,336834.38941300765,518132.77147018607,-34.990718989410716
2023-09-22,336126.630478182,518132.77147018607,-35.12731697621966
2023-09-22,335356.0298890127,518132.77147018607,-35.27604344781163
2023-09-22,334197.4344496641,518132.77147018607,-35.4996532063801
2023-09-25,333117.3946644922,518132.77147018607,-35.70810166682148
2023-09-25,332432.9394732431,518132.77147018607,-35.84020201424923
2023-09-26,332347.357166547,518132.77147018607,-35.85671946139956
2023-09-26,331533.35273534514,518132.77147018607,-36.013822905926354
2023-09-26,330685.2952931726,518132.77147018607,-36.177498606223445
2023-09-26,329457.9211804171,518132.77147018607,-36.414382698552295
2023-09-26,328647.2587113603,518132.77147018607,-36.57084114196568
2023-09-26,327862.2404514539,518132.77147018607,-36.72235023444769
2023-09-26,327101.1529363606,518132.77147018607,-36.86924067585592
2023-09-26,324926.8054931993,518132.77147018607,-37.28889130652181
2023-09-26,323939.6121195393,518132.77147018607,-37.479420342324524
2023-09-26,323350.9318487838,518132.77147018607,-37.59303606076001
2023-09-26,322422.7903468525,518132.77147018607,-37.77216804256801
2023-09-27,322911.17847092723,518132.77147018607,-37.677908781049204
2023-09-28,322913.3829880465,518132.77147018607,-37.677483307649204
2023-09-28,323273.01350889594,518132.77147018607,-37.60807435676795
2023-09-28,323657.7239220504,518132.77147018607,-37.53382496851504
2023-10-03,322903.62408020167,518132.77147018607,-37.679366783928295
2023-10-03,322162.70608124655,518132.77147018607,-37.82236449411999
2023-10-03,322017.3853339759,518132.77147018607,-37.85041150354932
2023-10-04,322566.9046823725,518132.77147018607,-37.74435387147995
2023-10-04,321665.45651494496,518132.77147018607,-37.91833402040389
2023-10-04,322057.0792996731,518132.77147018607,-37.842750539433
2023-10-04,322408.0636196682,518132.77147018607,-37.77501031157611
2023-10-04,322270.0105346172,518132.77147018607,-37.80165465693556
2023-10-04,321975.2509953542,518132.77147018607,-37.85854346140678
2023-10-04,322009.1463590861,518132.77147018607,-37.85200163166771
2023-10-06,322370.8160678373,518132.77147018607,-37.78219911604513
2023-10-06,321642.4875969254,518132.77147018607,-37.92276703821019
2023-10-06,321959.5416363296,518132.77147018607,-37.86157537907144
2023-10-06,322187.89745508856,518132.77147018607,-37.81750254073099
2023-10-06,322661.58618110954,518132.77147018607,-37.7260802736783
2023-10-09,322864.2996565974,518132.77147018607,-37.68695642615315
2023-10-09,323157.4396479543,518132.77147018607,-37.63038019560028
2023-10-09,323506.1021967865,518132.77147018607,-37.563088071258704
2023-10-09,324021.06565564935,518132.77147018607,-37.46369975088636
2023-10-09,324580.46412336326,518132.77147018607,-37.3557354416367
2023-10-09,324951.29772742075,518132.77147018607,-37.28416428758574
2023-10-09,325824.84311256226,518132.77147018607,-37.11556939584344
2023-10-09,326271.4837509349,518132.77147018607,-37.029367429288556
2023-10-09,326415.03832454974,518132.77147018607,-37.00166129265344
2023-10-09,326428.8027198497,518132.77147018607,-36.999004754395706
2023-10-09,327296.0735332752,518132.77147018607,-36.83162085953712
2023-10-10,327505.42567617615,518132.77147018607,-36.79121574439513
2023-10-10,327825.31346725055,518132.77147018607,-36.72947716913251
2023-10-10,328060.5191057939,518132.77147018607,-36.68408231061469
2023-10-10,328009.83113839163,518132.77147018607,-36.69386512501928
2023-10-11,328636.97510191484,518132.77147018607,-36.57282588603354
2023-10-16,328900.564566653,518132.77147018607,-36.52195292851144
2023-10-17,328880.65185797465,518132.77147018607,-36.52579609570231
2023-10-24,329111.8555974937,518132.77147018607,-36.481173606593394
2023-10-24,328819.8991398747,518132.77147018607,-36.53752141427801
2023-10-25,328426.04753704206,518132.77147018607,-36.61353505875664
2023-10-25,327805.6945962485,518132.77147018607,-36.733263625439136
2023-10-25,327297.73999474,518132.77147018607,-36.83129923126797
2023-10-25,327553.607227078,518132.77147018607,-36.78191667018966
2023-10-25,327831.1351944414,518132.77147018607,-36.72835357156999
2023-10-25,328184.0654132003,518132.77147018607,-36.660237783842945
2023-10-26,328744.1381749971,518132.77147018607,-36.55214333534712
2023-10-26,329065.1344960102,518132.77147018607,-36.49019081300381
2023-10-26,329263.2205332001,518132.77147018607,-36.451960064420234
2023-10-27,330771.99100389396,518132.77147018607,-36.16076627129019
2023-10-27,332069.80370933196,518132.77147018607,-35.91028747957904
2023-10-27,332892.5558766475,518132.77147018607,-35.751495715649305
2023-10-30,332609.3306043768,518132.77147018607,-35.80615839824069
2023-10-31,332647.5609458278,518132.77147018607,-35.79877991466349
2023-10-31,332870.6585399809,518132.77147018607,-35.7557219174787
2023-10-31,333301.07495200896,518132.77147018607,-35.67265123835398
2023-10-31,333400.593879397,518132.77147018607,-35.65344401332058
2023-10-31,333657.19324655994,518132.77147018607,-35.60392014969103
2023-10-31,333788.4902345544,518132.77147018607,-35.57857973595462
2023-10-31,334036.8714730609,518132.77147018607,-35.530641977105326
2023-10-31,333967.5601868098,518132.77147018607,-35.54401910553024
2023-10-31,334149.5834483505,518132.77147018607,-35.50888848427573
2023-11-01,333828.4433927794,518132.77147018607,-35.570868747492796
2023-11-01,334335.38708343124,518132.77147018607,-35.473028248191156
2023-11-01,333772.56896714866,518132.77147018607,-35.58165255209025
2023-11-01,332739.4713823561,518132.77147018607,-35.78104113387426
2023-11-01,332274.71549360425,518132.77147018607,-35.870739356867006
2023-11-01,332308.9610302776,518132.77147018607,-35.86412994349673
2023-11-01,333382.48757583124,518132.77147018607,-35.65693854301698
2023-11-01,333527.76211300853,518132.77147018607,-35.62890045216912
2023-11-01,333676.49779295584,518132.77147018607,-35.600194358260936
2023-11-01,333021.3505797656,518132.77147018607,-35.726638244705576
2023-11-01,332972.63640285487,518132.77147018607,-35.73604011611636
2023-11-01,332981.01726256695,518132.77147018607,-35.73442260412454
2023-11-01,331170.5840424856,518132.77147018607,-36.08383752627746
2023-11-02,331758.84842004976,518132.77147018607,-35.97030207552901
2023-11-02,331715.9614935619,518132.77147018607,-35.978579283389486
2023-11-02,331876.0319534174,518132.77147018607,-35.947685568753116
2023-11-02,331931.17022380343,518132.77147018607,-35.93704384265084
2023-11-02,331410.37966030714,518132.77147018607,-36.03755679843601
2023-11-02,331309.7932173431,518132.77147018607,-36.056970054748405
2023-11-02,331408.0586181409,518132.77147018607,-36.038004761254435
2023-11-02,330067.4496852418,518132.77147018607,-36.29674325584823
2023-11-03,330178.7921767908,518132.77147018607,-36.275254074372
2023-11-08,330864.3204976631,518132.77147018607,-36.142946612150084
2023-11-13,331417.67600336205,518132.77147018607,-36.03614859894416
2023-11-13,331914.12338846887,518132.77147018607,-35.9403338942116
2023-11-13,333272.662262741,518132.77147018607,-35.67813490795228
2023-11-14,334437.9692356519,518132.77147018607,-35.45322981854742
2023-11-14,334939.452828534,518132.77147018607,-35.35644312206822
2023-11-14,335497.5416260914,518132.77147018607,-35.24873158010691
2023-11-14,336355.2542254919,518132.77147018607,-35.083192427474906
2023-11-15,337301.8262885871,518132.77147018607,-34.90050333401931
2023-11-15,337881.0497113819,518132.77147018607,-34.788712794086614
2023-11-17,337474.7157298918,518132.77147018607,-34.86713554668285
2023-11-17,337544.6091985491,518132.77147018607,-34.853646056632066
2023-11-20,336613.9349636934,518132.77147018607,-35.03326685772809
2023-11-20,336668.5879757363,518132.77147018607,-35.02271878683732
2023-11-20,336879.89642997057,518132.77147018607,-34.98193610219171
2023-11-20,337253.5587896224,518132.77147018607,-34.909818996263134
2023-11-20,337670.34395354614,518132.77147018607,-34.82937915789099
2023-11-24,338248.4780644452,518132.77147018607,-34.717798855942775
2023-11-29,338140.2486161581,518132.77147018607,-34.738687217815745
2023-12-01,338568.53290053067,518132.77147018607,-34.656028040872094
2023-12-04,339566.5820389426,518132.77147018607,-34.463403834613146
2023-12-04,340282.88312089304,518132.77147018607,-34.32515720722497
2023-12-04,341333.97461241845,518132.77147018607,-34.12229578841469
2023-12-04,341891.46434974216,518132.77147018607,-34.01469986551218
2023-12-04,342311.4665566409,518132.77147018607,-33.93363913551685
2023-12-08,341872.15029576345,518132.77147018607,-34.018427491912625
2023-12-08,342020.1438269726,518132.77147018607,-33.9898646332482
2023-12-11,342387.6441492178,518132.77147018607,-33.91893680500015
2023-12-11,342828.64924141736,518132.77147018607,-33.83382250293657
2023-12-11,343206.3342333625,518132.77147018607,-33.76092902606316
2023-12-11,343641.5309111571,518132.77147018607,-33.67693575218478
2023-12-11,343988.05150906544,518132.77147018607,-33.61005702592219
2023-12-11,343509.9647427294,518132.77147018607,-33.702328117939686
2023-12-11,342526.28142337553,518132.77147018607,-33.89217971072018
2023-12-11,343007.6805665869,518132.77147018607,-33.79926932756772
2023-12-11,343314.45670770714,518132.77147018607,-33.74006131023854
2023-12-12,343729.3765141093,518132.77147018607,-33.6599814872185
2023-12-12,344190.29090010776,518132.77147018607,-33.57102467703824
2023-12-12,344629.58830493933,518132.77147018607,-33.48623995987297
2023-12-13,345016.2195822176,518132.77147018607,-33.411619843453536
2023-12-13,345499.36717584496,518132.77147018607,-33.318372008104994
2023-12-13,346279.8054065972,518132.77147018607,-33.16774686456548
2023-12-14,347290.47122874553,518132.77147018607,-32.972687629211464
2023-12-14,348409.75103268604,518132.77147018607,-32.75666581673961
2023-12-14,349940.74751628813,518132.77147018607,-32.461182387027584
2023-12-14,350778.81342067296,518132.77147018607,-32.29943506075698
2023-12-14,351423.5969187786,518132.77147018607,-32.174991378826554
2023-12-15,349704.63080317975,518132.77147018607,-32.50675308359604
2023-12-18,349569.5530376391,518132.77147018607,-32.53282319013598
2023-12-18,349364.37652942725,518132.77147018607,-32.57242240476
2023-12-19,349279.7467002392,518132.77147018607,-32.58875602306172
2023-12-19,349302.1222054673,518132.77147018607,-32.584437534353775
2023-12-19,350035.89384891785,518132.77147018607,-32.44281907594812
2023-12-20,351087.09487026784,518132.77147018607,-32.239936517802406
2023-12-21,350793.8469070583,518132.77147018607,-32.296533587000994
2023-12-21,351267.5924311802,518132.77147018607,-32.20510035787372
2023-12-22,351373.75756587373,518132.77147018607,-32.184610410018784
2023-12-26,350831.2529289919,518132.77147018607,-32.28931419768743
2024-01-04,351290.568775952,518132.77147018607,-32.20066590669886
2024-01-08,351734.82071307715,518132.77147018607,-32.11492496121405
2024-01-08,351986.8932681396,518132.77147018607,-32.0662747755971
2024-01-08,352383.89950729033,518132.77147018607,-31.989652284025254
2024-01-08,352597.32023581176,518132.77147018607,-31.948461928913023
2024-01-08,352956.4589985131,518132.77147018607,-31.879147887710356
2024-01-08,353408.6958799352,518132.77147018607,-31.791865842195477
2024-01-08,353682.49240796105,518132.77147018607,-31.739022914069366
2024-01-08,353894.3062044102,518132.77147018607,-31.69814269801043
2024-01-08,354459.9428152807,518132.77147018607,-31.5889744226154
2024-01-08,354999.34388000367,518132.77147018607,-31.484869626620267
2024-01-08,355272.1507479824,518132.77147018607,-31.43221770359972
2024-01-08,355842.87245522544,518132.77147018607,-31.32206800092338
2024-01-08,356154.7697076173,518132.77147018607,-31.26187160541131
2024-01-08,356612.5534007596,518132.77147018607,-31.17351902121878
2024-01-08,356864.53157540597,518132.77147018607,-31.124887051090468
2024-01-09,358497.937600632,518132.77147018607,-30.80963850570483
2024-01-09,358736.0280529805,518132.77147018607,-30.763686876034136
2024-01-10,357103.90282738826,518132.77147018607,-31.078688226163205
2024-01-10,357385.2129204932,518132.77147018607,-31.02439517453731
2024-01-10,358029.67832498363,518132.77147018607,-30.900012884904914
2024-01-10,358305.9302971561,518132.77147018607,-30.846696054280866
2024-01-10,358629.43029848323,518132.77147018607,-30.78426031982438
2024-01-11,358844.5741637728,518132.77147018607,-30.74273739806842
2024-01-11,358584.86297942454,518132.77147018607,-30.79286184466757
2024-01-11,357995.6511707981,518132.77147018607,-30.906580150296943
2024-01-11,358067.2597698744,518132.77147018607,-30.892759638833617
2024-01-11,357766.14943451167,518132.77147018607,-30.950874151549794
2024-01-11,357824.55239639006,518132.77147018607,-30.93960233762599
2024-01-11,357657.9859168809,518132.77147018607,-30.971749788758355
2024-01-11,357418.194007138,518132.77147018607,-31.018029800937953
2024-01-11,356854.61811505834,518132.77147018607,-31.126800356114487
2024-01-11,356589.89017721167,518132.77147018607,-31.177893039770744
2024-01-11,356652.21665958123,518132.77147018607,-31.165863983551677
2024-01-11,356142.0794969621,518132.77147018607,-31.26432082525494
2024-01-11,356077.4637804134,518132.77147018607,-31.276791705327895
2024-01-11,356235.0424181546,518132.77147018607,-31.246378914163557
2024-01-12,355649.000745188,518132.77147018607,-31.359485381315544
2024-01-12,355269.03079618036,518132.77147018607,-31.432819856556222
2024-01-12,355297.68080117466,518132.77147018607,-31.427290384850927
2024-01-12,355031.8064388106,518132.77147018607,-31.478604329269004
2024-01-12,355172.51321013994,518132.77147018607,-31.451447820536682
2024-01-12,355062.24559472775,518132.77147018607,-31.472729550140333
2024-01-12,354539.04719617724,518132.77147018607,-31.573707219834134
2024-01-12,354257.328124871,518132.77147018607,-31.628079204548946
2024-01-12,354036.8731368881,518132.77147018607,-31.670627176829765
2024-01-12,354422.98980123387,518132.77147018607,-31.596106381078858
2024-01-12,354548.63188381697,518132.77147018607,-31.571857368180755
2024-01-12,354261.4465437789,518132.77147018607,-31.62728434671817
2024-01-12,354001.230370075,518132.77147018607,-31.677506256628547
2024-01-12,353977.067408317,518132.77147018607,-31.6821697257408
2024-01-12,354166.14810596785,518132.77147018607,-31.645677014207745
2024-01-12,353359.5949462458,518132.77147018607,-31.801342357944545
2024-01-12,353217.33542667516,518132.77147018607,-31.828798548211562
2024-01-12,352408.3123877141,518132.77147018607,-31.984940580429573
2024-01-12,352119.04161467,518132.77147018607,-32.04077004904691
2024-01-12,351434.94804365974,518132.77147018607,-32.172800603506765
2024-01-12,351123.9451197046,518132.77147018607,-32.2328243929831
2024-01-12,350157.63224823214,518132.77147018607,-32.419323476747
2024-01-12,349959.3160048262,518132.77147018607,-32.457598655296934
2024-01-12,350259.05218472256,518132.77147018607,-32.399749355580596
2024-01-12,350301.588216099,518132.77147018607,-32.391539870730654
2024-01-12,350327.8913031206,518132.77147018607,-32.38646335589316
2024-01-17,350401.2200139288,518132.77147018607,-32.37231086162029
2024-01-17,350702.7053831739,518132.77147018607,-32.31412396709331
2024-01-17,350622.5288450123,518132.77147018607,-32.32959809700292
2024-01-17,349911.61140189244,518132.77147018607,-32.46680567819927
2024-01-18,348706.53282363736,518132.77147018607,-32.699386716228524
2024-01-18,348865.8459498149,518132.77147018607,-32.66863916754028
2024-01-18,349370.0667407197,518132.77147018607,-32.57132418986109
2024-01-19,349578.6772015266,518132.77147018607,-32.531062219900186
2024-01-22,349983.9862239371,518132.77147018607,-32.452837285148334
2024-01-22,350602.0463546994,518132.77147018607,-32.333551232461765
2024-01-22,351077.7750221621,518132.77147018607,-32.24173525523399
2024-01-22,351603.8500118909,518132.77147018607,-32.14020240136025
2024-01-22,351789.106653018,518132.77147018607,-32.104447735504735
2024-01-22,352151.13657404657,518132.77147018607,-32.03457569865184
2024-01-22,352602.28300059773,518132.77147018607,-31.947504111716498
2024-01-22,352851.9194592237,518132.77147018607,-31.89932409447543
2024-01-22,353160.85856858565,518132.77147018607,-31.839698622709694
2024-01-22,353721.76285578165,518132.77147018607,-31.731443689209843
2024-01-22,354323.8093071815,518132.77147018607,-31.615248288233456
2024-01-22,354740.8641629083,518132.77147018607,-31.53475639914808
2024-01-22,355175.13251715706,518132.77147018607,-31.45094229238611
2024-01-22,355557.15254978166,518132.77147018607,-31.37721214952318
2024-01-22,355797.7871116689,518132.77147018607,-31.330769504869675
2024-01-22,356029.6675613764,518132.77147018607,-31.286016410204475
2024-01-22,356597.1024782676,518132.77147018607,-31.176501060445545
2024-01-22,357021.3017827719,518132.77147018607,-31.094630287573832
2024-01-22,356827.2194961816,518132.77147018607,-31.13208830939314
2024-01-22,356935.37395967613,518132.77147018607,-31.111214419639428
2024-01-22,357153.5167500448,518132.77147018607,-31.06911270317211
2024-01-22,357329.3628060888,518132.77147018607,-31.035174287050488
2024-01-22,357283.64066737716,518132.77147018607,-31.043998692922735
2024-01-22,357864.13549899077,518132.77147018607,-30.931962770167555
2024-01-22,358074.5446337076,518132.77147018607,-30.891353654839875
2024-01-22,358194.15175057994,518132.77147018607,-30.86826939469301
2024-01-22,358486.0773938156,518132.77147018607,-30.811927534206685
2024-01-22,358780.50574601575,518132.77147018607,-30.75510264907836
2024-01-22,359238.0166628155,518132.77147018607,-30.666802710917413
2024-01-22,360009.5800944375,518132.77147018607,-30.517890410035015
2024-01-22,360257.88733647007,518132.77147018607,-30.469966932558773
2024-01-22,360485.69481191266,518132.77147018607,-30.425999924875352
2024-01-22,361132.09264016454,518132.77147018607,-30.301244676058005
2024-01-23,361592.8802742559,518132.77147018607,-30.212312329087577
2024-01-23,361827.5855887997,518132.77147018607,-30.167014033463886
2024-01-23,361884.43419885996,518132.77147018607,-30.15604221056626
2024-01-23,361961.1972806073,518132.77147018607,-30.14122688021579
2024-01-23,362242.62337309,518132.77147018607,-30.086911440626018
2024-01-23,362895.0923260627,518132.77147018607,-29.96098446034231
2024-01-23,363295.3660873358,518132.77147018607,-29.883731334635293
2024-01-24,363179.8737071514,518132.77147018607,-29.906021447622493
2024-01-24,362852.1241584697,518132.77147018607,-29.969277347794893
2024-01-24,362921.96101519594,518132.77147018607,-29.955798783887793
2024-01-25,362729.2758827751,518132.77147018607,-29.992987153940927
2024-01-25,362653.2512664279,518132.77147018607,-30.00765995993454
2024-01-25,362933.1592277026,518132.77147018607,-29.95363752076698
2024-01-26,362999.11400413973,518132.77147018607,-29.94090820116614
2024-01-26,362683.05516778206,518132.77147018607,-30.00190778539642
2024-01-26,361848.21790207893,518132.77147018607,-30.163031982064066
2024-01-26,361758.3110245591,518132.77147018607,-30.180384074514183
2024-01-26,361548.13249698695,518132.77147018607,-30.220948682495987
2024-01-26,361601.2545455257,518132.77147018607,-30.21069608866988
2024-01-26,361454.25419957953,518132.77147018607,-30.239067261859535
2024-01-26,361184.90637972276,518132.77147018607,-30.291051586088347
2024-01-26,361361.20630486857,518132.77147018607,-30.2570255729015
2024-01-26,361107.5809328245,518132.77147018607,-30.305975453320066
2024-01-26,360996.2749645116,518132.77147018607,-30.32745758578528
2024-01-26,360611.6685792015,518132.77147018607,-30.40168689658892
2024-01-26,359981.2301075434,518132.77147018607,-30.523361978029772
2024-01-29,359616.46759081236,518132.77147018607,-30.593761407831526
2024-01-29,359694.0390799712,518132.77147018607,-30.578790054265387
2024-01-29,359916.3562970843,518132.77147018607,-30.535882670414278
2024-01-30,359962.9313794758,518132.77147018607,-30.526893645794324
2024-01-30,360262.7330232826,518132.77147018607,-30.46903171149588
2024-01-30,359847.1268600891,518132.77147018607,-30.54924400187355
2024-01-30,359596.16719801596,518132.77147018607,-30.597679398337863
2024-01-30,359947.8006274458,518132.77147018607,-30.52981389189014
2024-01-31,365716.5864308254,518132.77147018607,-29.41643405548048
2024-01-31,365399.3371255545,518132.77147018607,-29.477663401072867
2024-01-31,365383.10818048514,518132.77147018607,-29.48079559922033
2024-02-01,365585.95313225914,518132.77147018607,-29.44164637667676
2024-02-01,364863.6584966567,518132.77147018607,-29.58104976425886
2024-02-01,365233.3257651972,518132.77147018607,-29.50970371380704
2024-02-02,365518.9613748877,518132.77147018607,-29.454575834348663
2024-02-05,364965.87368523754,518132.77147018607,-29.561322158863273
2024-02-06,362489.3388667814,518132.77147018607,-30.03929517173198
2024-02-06,361692.0299171971,518132.77147018607,-30.19317637621976
2024-02-06,361225.54441029474,518132.77147018607,-30.28320841676774
2024-02-06,361729.37654794275,518132.77147018607,-30.18596844944847
2024-02-07,363350.4755385278,518132.77147018607,-29.873095170658313
2024-02-07,363352.70378906035,518132.77147018607,-29.872665116692374
2024-02-07,362190.3989843947,518132.77147018607,-30.096990785452466
2024-02-08,362710.1514438203,518132.77147018607,-29.99667818450449
2024-02-08,362938.5574188652,518132.77147018607,-29.95259566596453
2024-02-08,363433.1213027897,518132.77147018607,-29.857144478323725
2024-02-09,363229.4828466488,518132.77147018607,-29.896446847784574
2024-02-09,363087.98596989806,518132.77147018607,-29.92375584743523
2024-02-09,362989.95980790845,518132.77147018607,-29.94267496766603
2024-02-09,362873.81194426917,518132.77147018607,-29.965091589434557
2024-02-09,362855.8504525596,518132.77147018607,-29.968558170337868
2024-02-09,363488.5754363062,518132.77147018607,-29.846441790408594
2024-02-09,363874.7752283093,518132.77147018607,-29.771904950959645
2024-02-12,364616.3241896898,518132.77147018607,-29.628785464563062
2024-02-12,365199.7245778214,518132.77147018607,-29.51618876729642
2024-02-12,366722.81404579524,518132.77147018607,-29.22223139732499
2024-02-12,367429.87802159274,518132.77147018607,-29.085767538111597
2024-02-12,368245.68662766874,518132.77147018607,-28.92831588652794
2024-02-14,368199.13379680394,518132.77147018607,-28.937300616587123
2024-02-15,367925.8816063341,518132.77147018607,-28.990038487170857
2024-02-15,368746.2383786348,518132.77147018607,-28.831709036213148
2024-02-16,367934.5710263462,518132.77147018607,-28.988361422817754
2024-02-16,367180.3894567238,518132.77147018607,-29.133919011750486
2024-02-16,367248.8190942504,518132.77147018607,-29.12071204216769
2024-02-20,367186.82111806964,518132.77147018607,-29.132677696454497
2024-02-20,367304.74194124714,518132.77147018607,-29.10991889221154
2024-02-20,365932.13429342775,518132.77147018607,-29.374833161950676
2024-02-22,366586.4597634377,518132.77147018607,-29.248547872534736
2024-02-22,366051.7037704709,518132.77147018607,-29.35175616631809
2024-02-22,364063.50726848166,518132.77147018607,-29.735479530572356
2024-02-26,364455.96718684834,518132.77147018607,-29.65973448220317
2024-02-26,365488.70187277894,518132.77147018607,-29.46041594016225
2024-02-26,365822.98500520806,518132.77147018607,-29.39589905359655
2024-02-26,365594.8003572777,518132.77147018607,-29.439938855843167
2024-02-26,364591.8478828969,518132.77147018607,-29.633509409493914
2024-02-26,365366.8128875845,518132.77147018607,-29.483940602547253
2024-02-27,365916.4897382748,518132.77147018607,-29.377852572421197
2024-02-27,366273.69523976534,518132.77147018607,-29.30891165203181
2024-02-27,366763.15273466264,518132.77147018607,-29.214446001170067
2024-02-27,367188.1221740399,518132.77147018607,-29.132426591710324
2024-02-27,368071.7089000877,518132.77147018607,-28.961893713903606
2024-02-28,369881.5119935757,518132.77147018607,-28.612600406639377
2024-03-01,370960.717470473,518132.77147018607,-28.40431296829899
2024-03-04,371332.74491155735,518132.77147018607,-28.332511402837557
2024-03-04,372094.6426627066,518132.77147018607,-28.18546458528394
2024-03-04,372479.54043499357,518132.77147018607,-28.11117903658282
2024-03-04,371665.8008087945,518132.77147018607,-28.26823137355237
2024-03-04,372517.0669266972,518132.77147018607,-28.103936396516417
2024-03-04,372142.9496171967,518132.77147018607,-28.17614130809516
2024-03-04,371702.7619132662,518132.77147018607,-28.261097853631057
2024-03-04,371032.5837941377,518132.77147018607,-28.390442715803527
2024-03-04,370547.49650705967,518132.77147018607,-28.484064913392302
2024-03-05,370493.54735561955,518132.77147018607,-28.494477138677155
2024-03-05,370083.92632179364,518132.77147018607,-28.573534294753895
2024-03-05,371411.57139963045,518132.77147018607,-28.317297833572397
2024-03-07,371833.1180146765,518132.77147018607,-28.23593903168656
2024-03-07,371470.6365781758,518132.77147018607,-28.305898211352442
2024-03-08,371732.58103932056,518132.77147018607,-28.255342740714777
2024-03-08,371652.7416516919,518132.77147018607,-28.270751800327453
2024-03-08,372356.6648303217,518132.77147018607,-28.134894117241245
2024-03-11,372222.9505019017,518132.77147018607,-28.160701079429828
2024-03-11,372482.2480460414,518132.77147018607,-28.110656465690386
2024-03-11,372592.10666811996,518132.77147018607,-28.08945367209622
2024-03-11,372379.61689622176,518132.77147018607,-28.1304643519062
2024-03-11,371864.72438853345,518132.77147018607,-28.229838978650484
2024-03-11,371772.37262845656,518132.77147018607,-28.247662935204097
2024-03-11,371590.27638575697,518132.77147018607,-28.282807641875113
2024-03-11,371621.2016949796,518132.77147018607,-28.27683903480652
2024-03-11,371868.86863131,518132.77147018607,-28.229039136794356
2024-03-11,372190.81073592766,518132.77147018607,-28.166904077530653
2024-03-11,372058.95016482315,518132.77147018607,-28.19235326321531
2024-03-12,372383.7182915901,518132.77147018607,-28.12967277963087
2024-03-12,371958.1710873399,518132.77147018607,-28.211803698129366
2024-03-13,371582.1038082996,518132.77147018607,-28.284384955240988
2024-03-13,368811.19877792866,518132.77147018607,-28.81917163212085
2024-03-13,369481.06575250067,518132.77147018607,-28.689886821073042
2024-03-14,369379.2750956515,518132.77147018607,-28.709532491537065
2024-03-15,368138.9356063969,518132.77147018607,-28.94891891091664
2024-03-15,368333.69605129596,518132.77147018607,-28.911330004052775
2024-03-18,367900.94123418594,518132.77147018607,-28.994851997051228
2024-03-18,367255.54547697376,518132.77147018607,-29.11941384543246
2024-03-18,368091.29357706767,518132.77147018607,-28.958113857067996
2024-03-18,368711.8871634356,518132.77147018607,-28.83833884561543
2024-03-18,369290.0465703068,518132.77147018607,-28.726753661526278
2024-03-18,369771.87814952637,518132.77147018607,-28.63375981791118
2024-03-18,370147.7217446441,518132.77147018607,-28.561221731958558
2024-03-19,370611.7355826577,518132.77147018607,-28.471666725295506
2024-03-19,368084.53290673485,518132.77147018607,-28.959418671336667
2024-03-19,367326.8039988422,518132.77147018607,-29.10566089912369
2024-03-19,366530.77509391255,518132.77147018607,-29.259295054066435
2024-03-20,367035.55157350266,518132.77147018607,-29.161872828068685
2024-03-20,367822.14066829806,518132.77147018607,-29.010060563315875
2024-03-20,368500.45692834334,518132.77147018607,-28.879145034054797
2024-03-20,368792.63926627353,518132.77147018607,-28.82275363130659
2024-03-20,369167.1761013943,518132.77147018607,-28.750467750979425
2024-03-20,370027.1495431784,518132.77147018607,-28.584492254130627
2024-03-20,370929.7559606868,518132.77147018607,-28.410288562102565
2024-03-20,371148.2470978115,518132.77147018607,-28.368119614459136
2024-03-20,372071.6725971064,518132.77147018607,-28.189897824574146
2024-03-20,372604.91572274925,518132.77147018607,-28.086981515279554
2024-03-20,373258.55642264767,518132.77147018607,-27.960828386990887
2024-03-20,373882.6926618537,518132.77147018607,-27.840369640975837
2024-03-20,374590.038705073,518132.77147018607,-27.703851342545832
2024-03-20,375529.9753495925,518132.77147018607,-27.522442889679116
2024-03-20,376251.9113771774,518132.77147018607,-27.383108713704026
2024-03-20,376790.9835232107,518132.77147018607,-27.27906739925412
2024-03-20,377199.6860152038,518132.77147018607,-27.20018752241609
2024-03-20,377697.7201353472,518132.77147018607,-27.104066576672743
2024-03-20,378256.7058830508,518132.77147018607,-26.996181922683864
2024-03-20,379148.3715374582,518132.77147018607,-26.82408980585494
2024-03-20,379542.0281255388,518132.77147018607,-26.74811379936464
2024-03-20,380215.2704637493,518132.77147018607,-26.618177540690972
2024-03-20,380906.41768648697,518132.77147018607,-26.484785626341196
2024-03-21,381405.6373219418,518132.77147018607,-26.388435875284472
2024-03-21,381819.2991391272,518132.77147018607,-26.308598845093993
2024-03-21,382611.9681531753,518132.77147018607,-26.155613151523806
2024-03-21,383874.4298995126,518132.77147018607,-25.91195712051169
2024-03-21,384242.5432337947,518132.77147018607,-25.84091098049674
2024-03-21,384674.1633231218,518132.77147018607,-25.757607990781885
2024-03-21,385211.0750472728,518132.77147018607,-25.653983639319318
2024-03-21,385301.04996575933,518132.77147018607,-25.63661841491337
2024-03-21,385669.08269020915,518132.77147018607,-25.5655878326544
2024-03-21,386138.05018794135,518132.77147018607,-25.475076766079415
2024-03-21,386642.73753414274,518132.77147018607,-25.37767174289021
2024-03-21,386882.7318616907,518132.77147018607,-25.331352663927692
2024-03-21,387653.8740146835,518132.77147018607,-25.182521670125723
2024-03-22,388023.28494827385,518132.77147018607,-25.111225092504856
2024-03-22,388545.96329259675,518132.77147018607,-25.01034779365348
2024-03-22,388342.84130402404,518132.77147018607,-25.04955048449976
2024-03-22,388809.0223551075,518132.77147018607,-24.959577204145255
2024-03-22,387732.2521969924,518132.77147018607,-25.167394624197602
2024-03-22,387845.76762996736,518132.77147018607,-25.145486063453053
2024-03-22,386459.7095832834,518132.77147018607,-25.412996269910575
2024-03-22,386494.1681889655,518132.77147018607,-25.406345734067358
2024-03-22,386331.5027289053,518132.77147018607,-25.437740285621903
2024-03-25,386284.7307238792,518132.77147018607,-25.446767316452895
2024-03-26,386536.6540521762,518132.77147018607,-25.398145931709713
2024-03-26,386478.0575155755,518132.77147018607,-25.409455105695073
2024-03-26,386622.80389579537,518132.77147018607,-25.38151894952237
2024-03-26,386127.68546649744,518132.77147018607,-25.47707716482171
2024-03-26,386182.69342380215,518132.77147018607,-25.46646058923846
2024-03-26,386275.0413085873,518132.77147018607,-25.448637380618955
2024-03-26,386082.96710606327,518132.77147018607,-25.48570784075971
2024-03-27,385781.1442038074,518132.77147018607,-25.543959879402134
2024-03-28,385770.7879972537,518132.77147018607,-25.545958634764453
2024-04-01,386811.73737518815,518132.77147018607,-25.345054651219694
2024-04-03,387584.63894807507,518132.77147018607,-25.19588408810441
2024-04-04,387162.42186238547,518132.77147018607,-25.277372291309852
2024-04-05,386913.45864222944,518132.77147018607,-25.325422373038826
2024-04-05,387196.0699590683,518132.77147018607,-25.270878184290257
2024-04-05,387440.02552493894,518132.77147018607,-25.223794583463693
2024-04-08,387727.0326850519,518132.77147018607,-25.168401993780826
2024-04-08,388004.01175542455,518132.77147018607,-25.11494483267775
2024-04-08,388397.44674891914,518132.77147018607,-25.039011594102966
2024-04-08,388668.06459859316,518132.77147018607,-24.986782153199982
2024-04-08,389023.6528071194,518132.77147018607,-24.918153371523562
2024-04-08,389276.90773815865,518132.77147018607,-24.86927498648711
2024-04-09,389553.8759225466,518132.77147018607,-24.815819926386965
2024-04-09,389826.7846125836,518132.77147018607,-24.763148351635454
2024-04-09,390116.6150650183,518132.77147018607,-24.707210864490545
2024-04-09,390418.37582393526,518132.77147018607,-24.64897081955752
2024-04-09,389814.30668657424,518132.77147018607,-24.76555660038875
2024-04-09,390176.1592685287,518132.77147018607,-24.69571879010555
2024-04-09,390324.7455050686,518132.77147018607,-24.66704153888318
2024-04-09,390653.5009913875,518132.77147018607,-24.603591492018538
2024-04-09,390978.3943347874,518132.77147018607,-24.540886841533297
2024-04-11,390610.4271286459,518132.77147018607,-24.61190477871133
2024-04-11,390385.6004734671,518132.77147018607,-24.655296485925845
2024-04-12,389960.505249699,518132.77147018607,-24.737340171864087
2024-04-12,389230.02277526306,518132.77147018607,-24.878323818268697
2024-04-12,388753.6671320314,518132.77147018607,-24.97026080227378
2024-04-12,388648.1860131692,518132.77147018607,-24.990618734578067
2024-04-12,388205.3133060739,518132.77147018607,-25.076093487668604
2024-04-12,387428.4076242137,518132.77147018607,-25.226036846714532
2024-04-12,387090.0934112207,518132.77147018607,-25.291331734747395
2024-04-15,386567.2875495945,518132.77147018607,-25.39223364453063
2024-04-15,386129.79307758325,518132.77147018607,-25.476670394356326
2024-04-15,386020.18648563663,518132.77147018607,-25.497824545952568
2024-04-15,385554.37596064643,518132.77147018607,-25.587726314502834
2024-04-15,385521.1243574395,518132.77147018607,-25.594143897994527
2024-04-15,384866.22523537034,518132.77147018607,-25.720539902673195
2024-04-15,384285.2333393897,518132.77147018607,-25.832671759211063
2024-04-15,383704.682314507,518132.77147018607,-25.94471852730786
2024-04-15,383281.58359812695,518132.77147018607,-26.026376885874818
2024-04-15,382948.03774510557,518132.77147018607,-26.090751476981065
2024-04-15,382837.05882238277,518132.77147018607,-26.11217048941062
2024-04-15,382264.7362227401,518132.77147018607,-26.222629165479063
2024-04-15,381624.8609392895,518132.77147018607,-26.34612555842772
2024-04-15,381182.94551053736,518132.77147018607,-26.43141555610499
2024-04-15,379980.0887714735,518132.77147018607,-26.663567777561823
2024-04-15,379463.2398561952,518132.77147018607,-26.763319992387324
2024-04-15,378856.07916690945,518132.77147018607,-26.880502444978188
2024-04-15,378378.7760805629,518132.77147018607,-26.972622286190358
2024-04-15,376847.14588310954,518132.77147018607,-27.268228023134466
2024-04-15,376183.58574494347,518132.77147018607,-27.39629561019004
2024-04-16,375652.4725040898,518132.77147018607,-27.498800850178363
2024-04-16,375112.5146868178,518132.77147018607,-27.603013099818526
2024-04-16,374308.8606271597,518132.77147018607,-27.758118915144152
2024-04-16,373600.0218444205,518132.77147018607,-27.894925313382174
2024-04-16,372820.8034914389,518132.77147018607,-28.04531501962882
2024-04-16,372388.8737294087,518132.77147018607,-28.128677776399556
2024-04-16,371825.6009868679,518132.77147018607,-28.237389823495622
2024-04-17,370333.1022163181,518132.77147018607,-28.525443166717846
2024-04-17,370615.2429671192,518132.77147018607,-28.470989797555234
2024-04-17,370942.9920033016,518132.77147018607,-28.407733996295566
2024-04-18,370917.5909040016,518132.77147018607,-28.41263642684979
2024-04-18,371014.2423631263,518132.77147018607,-28.393982625267146
2024-04-18,371640.353235923,518132.77147018607,-28.273142773539544
2024-04-19,371900.726092598,518132.77147018607,-28.222890623702312
2024-04-19,372156.9807435729,518132.77147018607,-28.173433290546612
2024-04-19,372457.145900065,518132.77147018607,-28.115501198036725
2024-04-19,373122.0902479206,518132.77147018607,-27.987166457508962
2024-04-19,373001.8643549781,518132.77147018607,-28.01037014188534
2024-04-19,373018.351354459,518132.77147018607,-28.007188139049628
2024-04-19,372833.48882479756,518132.77147018607,-28.042866741106952
2024-04-19,373036.20688033674,518132.77147018607,-28.003742009628574
2024-04-19,372440.5424139626,518132.77147018607,-28.11870568287472
2024-04-19,372439.09419687826,518132.77147018607,-28.11898518982044
2024-04-19,372149.0236642787,518132.77147018607,-28.17496901261098
2024-04-22,372238.0871477211,518132.77147018607,-28.157779695828395
2024-04-22,372531.92737830174,518132.77147018607,-28.101068318598404
2024-04-22,372963.4526215154,518132.77147018607,-28.017783634252112
2024-04-22,373301.37897091697,518132.77147018607,-27.952563604173193
2024-04-22,372538.86999662226,518132.77147018607,-28.09972838823638
2024-04-22,373609.3965205734,518132.77147018607,-27.893115994097794
2024-04-22,373504.51828306005,518132.77147018607,-27.913357569865294
2024-04-22,373270.97024268145,518132.77147018607,-27.958432510737286
2024-04-22,372993.0327618245,518132.77147018607,-28.01207464575768
2024-04-22,373205.6466290783,518132.77147018607,-27.97104001545423
2024-04-22,373056.7986808702,518132.77147018607,-27.999767777218022
2024-04-23,372392.4453886965,518132.77147018607,-28.12798844357129
2024-04-23,372656.32009155076,518132.77147018607,-28.07706043488627
2024-04-23,373289.0793897306,518132.77147018607,-27.954937432246542
2024-04-23,373693.61876073794,518132.77147018607,-27.876861040772695
2024-04-23,373778.92719033733,518132.77147018607,-27.86039645210031
2024-04-23,374094.55426260305,518132.77147018607,-27.799480198652354
2024-04-23,374219.57853137073,518132.77147018607,-27.7753504242679
2024-04-23,374475.7725249752,518132.77147018607,-27.7259047980286
2024-04-23,374739.7241152331,518132.77147018607,-27.67496195001901
2024-04-23,374319.64680223237,518132.77147018607,-27.756037175546393
2024-04-23,373897.55435835535,518132.77147018607,-27.837501322791773
2024-04-23,374200.77211800375,518132.77147018607,-27.778980075662773
2024-04-23,373710.3471033637,518132.77147018607,-27.873632458535308
2024-04-23,374310.95998016157,518132.77147018607,-27.757713738494953
2024-04-23,373643.2621408637,518132.77147018607,-27.886579904864494
2024-04-23,373692.4951377229,518132.77147018607,-27.877077900828063
2024-04-23,373115.8743166188,518132.77147018607,-27.98836613675028
2024-04-23,373221.9793957834,518132.77147018607,-27.967887779655914
2024-04-24,373250.90915217553,518132.77147018607,-27.96230431572831
2024-04-24,373888.1182378304,518132.77147018607,-27.83932250088444
2024-04-24,374237.43021759513,518132.77147018607,-27.771905035902723
2024-04-24,374811.5473063303,518132.77147018607,-27.661100022140296
2024-04-24,374985.4088544959,518132.77147018607,-27.627544617475913
2024-04-24,375199.7911189992,518132.77147018607,-27.586168685223072
2024-04-24,375514.6654333395,518132.77147018607,-27.52539771459968
2024-04-24,375624.83028780035,518132.77147018607,-27.504135817934035
2024-04-24,375925.41417153174,518132.77147018607,-27.446122910763826
2024-04-24,376075.7315369466,518132.77147018607,-27.417111550415328
2024-04-24,376320.48851726006,518132.77147018607,-27.36987327602111
2024-04-24,376419.5222341786,518132.77147018607,-27.350759696959603
2024-04-24,376617.16039339977,518132.77147018607,-27.312615389148238
2024-04-24,376219.5338997942,518132.77147018607,-27.3893575902789
2024-04-24,376053.1058822419,518132.77147018607,-27.42147831815336
2024-04-24,376217.51090526354,518132.77147018607,-27.389748029687887
2024-04-24,376360.22890279704,518132.77147018607,-27.362203352842112
2024-04-24,376515.31099802296,518132.77147018607,-27.33227239619062
2024-04-24,376551.3074293621,518132.77147018607,-27.32532505888227
2024-04-24,376608.5190920872,518132.77147018607,-27.314283166557495
2024-04-24,376610.3008297392,518132.77147018607,-27.313939289900762
2024-04-24,376618.52626129804,518132.77147018607,-27.312351775655035
2024-04-24,376534.7518824406,518132.77147018607,-27.32852029142364
2024-04-24,376267.4040522254,518132.77147018607,-27.380118616203713
2024-04-24,376417.6197418348,518132.77147018607,-27.351126879359278
2024-04-24,376097.46311846015,518132.77147018607,-27.41291733945047
2024-04-24,376041.42157582135,518132.77147018607,-27.42373339775147
2024-04-25,376427.0668519912,518132.77147018607,-27.349303580259782
2024-04-25,376730.95882433176,518132.77147018607,-27.2906522095931
2024-04-25,377082.8407955904,518132.77147018607,-27.222738734392486
2024-04-25,377416.00322893244,518132.77147018607,-27.158438143561938
2024-04-25,377693.0649066457,518132.77147018607,-27.10496503918233
2024-04-25,377986.6124042333,518132.77147018607,-27.048310159631917
2024-04-25,377841.6094840857,518132.77147018607,-27.0762958281964
2024-04-25,377885.7344495235,518132.77147018607,-27.06777967792229
2024-04-25,376228.15670104197,518132.77147018607,-27.387693383395543
2024-04-25,376266.5735439416,518132.77147018607,-27.380278904903744
2024-04-25,376174.8809914403,518132.77147018607,-27.397975633918026
2024-04-26,376628.76766644436,518132.77147018607,-27.31037517704745
2024-04-26,376730.3001769779,518132.77147018607,-27.290779329009236
2024-04-29,377007.1974327974,518132.77147018607,-27.23733795817414
2024-04-30,376914.97181847657,518132.77147018607,-27.255137568505518
2024-04-30,376492.8178823379,518132.77147018607,-27.336613583801906
2024-04-30,375854.53513006284,518132.77147018607,-27.459802617080758
2024-04-30,375887.71170138475,518132.77147018607,-27.453399514797194
2024-05-01,376642.2070265461,518132.77147018607,-27.307781370818283
2024-05-01,377251.4786774683,518132.77147018607,-27.190191501103346
2024-05-01,377374.7915264864,518132.77147018607,-27.16639203196956
2024-05-01,377193.2456547655,518132.77147018607,-27.20143051664324
2024-05-01,376835.2140886826,518132.77147018607,-27.270530868096976
2024-05-02,377206.05896705063,518132.77147018607,-27.198957538095915
2024-05-02,377619.95482960535,518132.77147018607,-27.11907533697972
2024-05-02,378582.9242487094,518132.77147018607,-26.933221541943432
2024-05-03,378655.24800093914,518132.77147018607,-26.919263005403742
2024-05-03,378901.30344723095,518132.77147018607,-26.871774126135666
2024-05-03,379359.2642503756,518132.77147018607,-26.78338735958446
2024-05-03,380053.8359756404,518132.77147018607,-26.649334513767748
2024-05-03,380380.3577337996,518132.77147018607,-26.586315578055054
2024-05-06,380637.43726970674,518132.77147018607,-26.536699041510243
2024-05-06,381088.29502840457,518132.77147018607,-26.449683167679577
2024-05-06,381767.1661449078,518132.77147018607,-26.31866055072042
2024-05-07,382167.3149400297,518132.77147018607,-26.241431543571064
2024-05-07,382564.01610109356,518132.77147018607,-26.164867932290843
2024-05-08,383140.6091847438,518132.77147018607,-26.0535850497173
2024-05-08,381746.536851441,518132.77147018607,-26.32264201929425
2024-05-09,381954.1340527105,518132.77147018607,-26.282575609157632
2024-05-10,382280.97196337645,518132.77147018607,-26.219495655782254
2024-05-10,382661.4202136339,518132.77147018607,-26.14606886805409
2024-05-13,382849.12192572944,518132.77147018607,-26.109842301731533
2024-05-13,383492.2881596813,518132.77147018607,-25.985710752953622
2024-05-15,383868.40936327924,518132.77147018607,-25.913119088363352
2024-05-15,384265.78529680334,518132.77147018607,-25.836425245509798
2024-05-16,384876.7562643134,518132.77147018607,-25.718507406463164
2024-05-17,385328.8655477399,518132.77147018607,-25.631249987453813
2024-05-20,385729.5154239955,518132.77147018607,-25.553924271282884
2024-05-21,385472.67489366536,518132.77147018607,-25.603494679578304
2024-05-22,384405.92136665195,518132.77147018607,-25.809378882576418
2024-05-24,384003.71835457056,518132.77147018607,-25.887004355086123
2024-05-28,384710.7185254353,518132.77147018607,-25.75055281027095
2024-05-28,385480.4836837488,518132.77147018607,-25.60198757743897
2024-05-28,384595.88818980096,518132.77147018607,-25.772715148180698
2024-05-28,384746.5547936074,518132.77147018607,-25.743636384569797
2024-05-28,384061.7594464439,518132.77147018607,-25.875802382335277
2024-05-28,385508.1360348163,518132.77147018607,-25.5966506536638
2024-05-28,384869.93675216846,518132.77147018607,-25.719823577244178
2024-05-28,384985.09554965014,518132.77147018607,-25.697597845960107
2024-05-29,384310.20524710626,518132.77147018607,-25.82785216294316
2024-05-30,384693.7130395389,518132.77147018607,-25.753834881360216
2024-05-30,384808.8917133887,518132.77147018607,-25.731605313922707
2024-05-30,385128.87300340924,518132.77147018607,-25.669848693295787
2024-05-30,384674.0208935194,518132.77147018607,-25.757635479798257
2024-05-30,385097.5761661336,518132.77147018607,-25.675889005547585
2024-05-30,384245.57453828224,518132.77147018607,-25.840325936536107
2024-05-30,383860.8260660811,518132.77147018607,-25.91458267021257
2024-05-30,383794.51676766685,518132.77147018607,-25.927380412811658
2024-05-30,383045.5891639774,518132.77147018607,-26.07192398251569
2024-05-30,382214.15543383814,518132.77147018607,-26.232391294355494
2024-05-30,381880.82567232894,518132.77147018607,-26.296724179643444
2024-05-30,381053.96822764137,518132.77147018607,-26.456308265078032
2024-05-30,380817.0987464901,518132.77147018607,-26.502024246423733
2024-05-31,381444.67112345394,518132.77147018607,-26.3809023233338
2024-05-31,382479.7120860423,518132.77147018607,-26.181138668228286
2024-05-31,382966.1996374766,518132.77147018607,-26.087246218605014
2024-05-31,383429.6694437074,518132.77147018607,-25.997796210469897
2024-05-31,384506.37225941214,518132.77147018607,-25.789991787551493
2024-05-31,384746.8488894286,518132.77147018607,-25.74357962386339
2024-05-31,384516.99799418205,518132.77147018607,-25.787941013048314
2024-05-31,385082.8377230014,518132.77147018607,-25.67873353574211
2024-05-31,385311.30613210297,518132.77147018607,-25.634638967384017
2024-05-31,385213.52428843174,518132.77147018607,-25.653510934002494
2024-05-31,384557.65047692653,518132.77147018607,-25.780095054447948
2024-05-31,383928.10808153794,518132.77147018607,-25.901597192520065
2024-05-31,384260.5202019053,518132.77147018607,-25.837441412636824
2024-05-31,383352.10400373134,518132.77147018607,-26.012766396539377
2024-05-31,382856.12310743204,518132.77147018607,-26.108491068594375
2024-06-03,382835.71077066066,518132.77147018607,-26.11243066436892
2024-06-03,382543.94311048347,518132.77147018607,-26.168742034010588
2024-06-03,383031.6076750072,518132.77147018607,-26.074622420008954
2024-06-03,383822.23917404324,518132.77147018607,-25.922029968311165
2024-06-03,384109.5572145669,518132.77147018607,-25.866577378483964
2024-06-03,384539.5391300904,518132.77147018607,-25.783590557499174
2024-06-03,384856.79541548004,518132.77147018607,-25.722359864738813
2024-06-03,385975.8802759519,518132.77147018607,-25.506375676497555
2024-06-03,384372.0670728608,518132.77147018607,-25.815912785787194
2024-06-03,384913.13066468964,518132.77147018607,-25.71148712085702
2024-06-03,384587.58387760684,518132.77147018607,-25.77431788644613
2024-06-03,384655.8818589429,518132.77147018607,-25.761136326603413
2024-06-03,384074.4886075055,518132.77147018607,-25.873345645035005
2024-06-03,382152.850028655,518132.77147018607,-26.24422328193836
2024-06-03,382243.1753595344,518132.77147018607,-26.226790427686915
2024-06-03,382144.1171393171,518132.77147018607,-26.245908735902823
2024-06-03,381267.8177791951,518132.77147018607,-26.415035146810112
2024-06-03,381710.9276225734,518132.77147018607,-26.32951462624528
2024-06-03,381758.60070537915,518132.77147018607,-26.320313686750467
2024-06-03,381451.763705915,518132.77147018607,-26.37953344978408
2024-06-03,381475.3209533608,518132.77147018607,-26.37498688397259
2024-06-03,381223.63872692187,518132.77147018607,-26.42356173588262
2024-06-03,381282.3477796217,518132.77147018607,-26.41223084620867
2024-06-04,381760.3948338242,518132.77147018607,-26.319967418661705
2024-06-04,382731.2401288842,518132.77147018607,-26.13259357386411
2024-06-05,383358.50850248,518132.77147018607,-26.0115303236443
2024-06-05,382770.8539453247,518132.77147018607,-26.12494807861236
2024-06-05,383942.34732557024,518132.77147018607,-25.898849008113224
2024-06-05,383105.0375786665,518132.77147018607,-26.060450395442547
2024-06-05,382329.38134106115,518132.77147018607,-26.21015261084276
2024-06-05,382057.9727138916,518132.77147018607,-26.26253467237487
2024-06-06,381554.3473863816,518132.77147018607,-26.359734725187778
2024-06-06,382995.12010168895,518132.77147018607,-26.081664548074833
2024-06-06,383835.3505352484,518132.77147018607,-25.919499466106494
2024-06-06,384496.88419157534,518132.77147018607,-25.79182299151295
2024-06-06,386100.9614570576,518132.77147018607,-25.48223491799065
2024-06-06,386490.4884315989,518132.77147018607,-25.4070559299031
2024-06-07,386531.26705857215,518132.77147018607,-25.399185625375253
2024-06-07,385773.83084946615,518132.77147018607,-25.545371362084555
2024-06-07,384910.9478416292,518132.77147018607,-25.711908407287954
2024-06-10,384203.34710853064,518132.77147018607,-25.848475861049042
2024-06-10,385734.7420167431,518132.77147018607,-25.552915535098762
2024-06-11,384958.82230030745,518132.77147018607,-25.702668602103966
2024-06-11,384332.82560927834,518132.77147018607,-25.823486416667762
2024-06-11,384346.0975814639,518132.77147018607,-25.8209249164276
2024-06-11,384097.8503318178,518132.77147018607,-25.868836815329825
2024-06-11,382194.521186034,518132.77147018607,-26.236180718396053
2024-06-11,380457.62887849764,518132.77147018607,-26.57140219118729
2024-06-11,379625.80030985037,518132.77147018607,-26.731945707144977
2024-06-11,379532.1020825431,518132.77147018607,-26.750029532848846
2024-06-11,377766.95939405716,518132.77147018607,-27.09070334961542
2024-06-11,378066.99846799695,518132.77147018607,-27.032795591129418
2024-06-11,377883.78411348286,518132.77147018607,-27.068156094190094
2024-06-12,379141.6020923299,518132.77147018607,-26.8253963136655
2024-06-12,378961.96418938023,518132.77147018607,-26.86006655898504
2024-06-12,379442.4808016685,518132.77147018607,-26.767326504939664
2024-06-12,380036.1146639765,518132.77147018607,-26.652754739748367
2024-06-13,380630.86105585675,518132.77147018607,-26.537968255544193
2024-06-13,380698.73492677434,518132.77147018607,-26.52486854931928
2024-06-13,376555.50813987234,518132.77147018607,-27.324514318712655
2024-06-14,376124.10977306805,518132.77147018607,-27.407774515820094
2024-06-17,375471.949085357,518132.77147018607,-27.533642000685134
2024-06-17,375164.03639639943,518132.77147018607,-27.593069372569733
2024-06-17,375004.2395515453,518132.77147018607,-27.623910279312753
2024-06-17,375646.9911517784,518132.77147018607,-27.499858755142743
2024-06-17,376037.8272896335,518132.77147018607,-27.424427097587834
2024-06-17,376475.4912552329,518132.77147018607,-27.339957635376923
2024-06-17,376921.85494752193,518132.77147018607,-27.253809119616662
2024-06-18,377676.8094870559,518132.77147018607,-27.108102346931386
2024-06-18,377816.44882822497,518132.77147018607,-27.081151852992775
2024-06-18,378670.5768273785,518132.77147018607,-26.91630453080353
2024-06-18,378206.59742527164,518132.77147018607,-27.005852891311648
2024-06-18,378625.2517624921,518132.77147018607,-26.925052301140028
2024-06-20,378206.18391801394,518132.77147018607,-27.00593269851175
2024-06-20,378746.164432823,518132.77147018607,-26.901716068230495
2024-06-20,379368.43277559296,518132.77147018607,-26.78161782757989
2024-06-20,380021.1091838371,518132.77147018607,-26.6556508082786
2024-06-20,381311.67841071397,518132.77147018607,-26.406570013173724
2024-06-20,381816.3720929242,518132.77147018607,-26.30916376713023
2024-06-20,381872.04027942533,518132.77147018607,-26.29841976683409
2024-06-20,381561.601032544,518132.77147018607,-26.358334766227102
2024-06-20,380870.7662536443,518132.77147018607,-26.49166637868996
2024-06-20,380246.17012403015,518132.77147018607,-26.61221388388672
2024-06-20,378901.5359276707,518132.77147018607,-26.87172925724249
2024-06-20,379106.6618623636,518132.77147018607,-26.83213980334425
2024-06-20,378436.9363379715,518132.77147018607,-26.961397314404934
2024-06-20,378144.4867975502,518132.77147018607,-27.017840287427354
2024-06-20,375467.0619345637,518132.77147018607,-27.534585224326335
2024-06-20,373831.4090980358,518132.77147018607,-27.850267405919826
2024-06-20,374284.5018598483,518132.77147018607,-27.762820174869983
2024-06-20,374444.69645738543,518132.77147018607,-27.73190250157118
2024-06-20,374161.9920754051,518132.77147018607,-27.78646465195943
2024-06-20,374222.8103886844,518132.77147018607,-27.77472667346663
2024-06-20,373812.63313152356,518132.77147018607,-27.85389118104969
2024-06-20,373536.3561614177,518132.77147018607,-27.907212836292995
2024-06-21,373672.36314055935,518132.77147018607,-27.880963390855335
2024-06-21,374401.0789185036,518132.77147018607,-27.740320718152635
2024-06-21,374853.85931214923,518132.77147018607,-27.652933774385136
2024-06-21,375433.82219447184,518132.77147018607,-27.54100051822823
2024-06-21,374850.0222659472,518132.77147018607,-27.65367432707999
2024-06-21,374999.17707230506,518132.77147018607,-27.624887341471137
2024-06-21,374814.31852318556,518132.77147018607,-27.660565175280986
2024-06-21,374930.86614580423,518132.77147018607,-27.63807139974002
2024-06-24,375439.6021749506,518132.77147018607,-27.53988497781137
2024-06-24,376003.54064844357,518132.77147018607,-27.431044444159575
2024-06-24,376462.738159184,518132.77147018607,-27.34241899214706
2024-06-24,377078.5879380107,518132.77147018607,-27.223559538984265
2024-06-24,377754.81936218974,518132.77147018607,-27.093046384554704
2024-06-24,378336.8326467157,518132.77147018607,-26.980717399288146
2024-06-24,378743.4693715303,518132.77147018607,-26.902236217011104
2024-06-24,379116.3987091702,518132.77147018607,-26.83026058486151
2024-06-24,379193.10144535155,518132.77147018607,-26.815456901248965
2024-06-24,379984.8099245524,518132.77147018607,-26.66265659159968
2024-06-25,379584.04619447875,518132.77147018607,-26.74000428163992
2024-06-25,379746.75992579974,518132.77147018607,-26.70860041369709
2024-06-25,379573.44293438504,518132.77147018607,-26.742050718514314
2024-06-25,379243.06640922866,518132.77147018607,-26.805813627048153
2024-06-26,379434.995214349,518132.77147018607,-26.768771228711575
2024-06-26,379580.5812532541,518132.77147018607,-26.740673017804745
2024-06-28,378674.449752542,518132.77147018607,-26.915557053443134
2024-06-28,379515.8379918495,518132.77147018607,-26.753168514127218
2024-06-28,378886.95394490764,518132.77147018607,-26.874543590472506
2024-06-28,379604.6552066793,518132.77147018607,-26.736026727365154
2024-06-28,378939.1678876822,518132.77147018607,-26.86446626171632
2024-06-28,379631.32659294986,518132.77147018607,-26.73087913050598
2024-07-01,379144.0438722967,518132.77147018607,-26.82492504836416
2024-07-01,378575.0441074708,518132.77147018607,-26.93474241490737
2024-07-02,378592.8878401383,518132.77147018607,-26.931298561584434
2024-07-02,378708.18852589896,518132.77147018607,-26.909045445759794
2024-07-02,378167.2600584713,518132.77147018607,-27.013445031582712
2024-07-02,377582.59673743777,518132.77147018607,-27.126285475813745
2024-07-03,377772.8802483346,518132.77147018607,-27.089560620453423
2024-07-03,378021.77917982574,518132.77147018607,-27.041522946483315
2024-07-03,378730.2252229475,518132.77147018607,-26.90479234727579
2024-07-03,379218.044203495,518132.77147018607,-26.810642930869765
2024-07-05,379718.89392260887,518132.77147018607,-26.71397857248674
2024-07-05,378532.5047739421,518132.77147018607,-26.942952537075087
2024-07-05,379079.53290709725,518132.77147018607,-26.83737571135087
2024-07-05,379602.91724617523,518132.77147018607,-26.73636215500065
2024-07-08,379493.60589639546,518132.77147018607,-26.757459324644948
2024-07-08,379623.7968331073,518132.77147018607,-26.73233237960682
2024-07-08,380211.0080326951,518132.77147018607,-26.619000192970255
2024-07-08,380931.5125737737,518132.77147018607,-26.479942294927216
2024-07-08,381330.029903181,518132.77147018607,-26.40302816184188
2024-07-09,381428.3428641921,518132.77147018607,-26.38405368919231
2024-07-09,380821.97453885,518132.77147018607,-26.501083214968396
2024-07-09,380599.12512203644,518132.77147018607,-26.54409331374699
2024-07-09,380265.32146648044,518132.77147018607,-26.608517660929053
2024-07-09,380460.9264687596,518132.77147018607,-26.57076575387941
2024-07-09,379859.3077874722,518132.77147018607,-26.686878594914404
2024-07-09,379871.2284891059,518132.77147018607,-26.684577890869022
2024-07-09,379756.0422348652,518132.77147018607,-26.706808921327465
2024-07-09,379029.1648365404,518132.77147018607,-26.847096785432694
2024-07-09,379517.8094377029,518132.77147018607,-26.752788023650275
2024-07-09,379617.4000931551,518132.77147018607,-26.733566955048566
2024-07-09,379200.8503004768,518132.77147018607,-26.813961366599937
2024-07-09,378790.83230875403,518132.77147018607,-26.89309513583816
2024-07-09,378601.86696595914,518132.77147018607,-26.929565583800503
2024-07-09,378309.96697910596,518132.77147018607,-26.985902492586433
2024-07-09,378068.0107842996,518132.77147018607,-27.032600213350133
2024-07-09,377237.96552555956,518132.77147018607,-27.19279954920469
2024-07-09,376784.3800891946,518132.77147018607,-27.28034186679984
2024-07-09,376843.991859185,518132.77147018607,-27.26883675203528
2024-07-09,376573.91963654506,518132.77147018607,-27.320960886525675
2024-07-09,376571.75788354664,518132.77147018607,-27.32137810641939
2024-07-09,376743.201070159,518132.77147018607,-27.288289447285578
2024-07-09,376335.7161961392,518132.77147018607,-27.36693432297324
2024-07-09,376648.49173486384,518132.77147018607,-27.3065684175631
2024-07-09,375984.9915324417,518132.77147018607,-27.434624436976712
2024-07-09,376119.92357704893,518132.77147018607,-27.408582454682413
2024-07-09,376183.29809160944,518132.77147018607,-27.39635112749176
2024-07-09,376055.7034369951,518132.77147018607,-27.42097698820547
2024-07-09,376013.6668632272,518132.77147018607,-27.429090077375378
2024-07-09,375442.24455385,518132.77147018607,-27.539374996770817
2024-07-09,374885.2863838071,518132.77147018607,-27.646868326803297
2024-07-09,374841.8388591237,518132.77147018607,-27.655253730521363
2024-07-09,374067.3210718672,518132.77147018607,-27.804736224180054
2024-07-09,374184.1477977147,518132.77147018607,-27.782188581513868
2024-07-09,373528.16651255294,518132.77147018607,-27.908793444452844
2024-07-09,373438.237009403,518132.77147018607,-27.926149903665948
2024-07-09,372211.8255638429,518132.77147018607,-28.16284820052916
2024-07-09,371532.3274735242,518132.77147018607,-28.293991823888604
2024-07-09,370829.51130360726,518132.77147018607,-28.429635853491813
2024-07-10,370776.6011090653,518132.77147018607,-28.439847559343157
2024-07-10,371299.77277375484,518132.77147018607,-28.338875049303873
2024-07-12,371870.1232455208,518132.77147018607,-28.22879699534338
2024-07-12,372154.89474971266,518132.77147018607,-28.1738358888718
2024-07-12,372729.51508212497,518132.77147018607,-28.062933748715363
2024-07-15,374642.2483688967,518132.77147018607,-27.693774839630258
2024-07-15,374946.9909505627,518132.77147018607,-27.634959300747962
2024-07-16,375311.62723106495,518132.77147018607,-27.564584234629752
2024-07-16,375725.20233489375,518132.77147018607,-27.484763940179878
2024-07-17,375849.4906787892,518132.77147018607,-27.46077619982854
2024-07-17,376270.03254357947,518132.77147018607,-27.379611315469464
2024-07-17,376627.73147646274,518132.77147018607,-27.310575162464062
2024-07-22,375231.65458733996,518132.77147018607,-27.580019012765494
2024-07-22,375476.632627692,518132.77147018607,-27.532738073623786
2024-07-24,373826.0365187771,518132.77147018607,-27.851304317606274
2024-07-25,370200.73055391654,518132.77147018607,-28.550990993392837
2024-07-25,368973.33380441857,518132.77147018607,-28.787879454629383
2024-07-25,369260.3185980116,518132.77147018607,-28.732491181701047
2024-07-25,370013.59536884556,518132.77147018607,-28.587108219589513
2024-07-26,370631.1576384895,518132.77147018607,-28.467918254459217
2024-07-26,371520.98837567854,518132.77147018607,-28.29618027798184
2024-07-26,371752.80143465125,518132.77147018607,-28.251440189777245
2024-07-26,372133.26625113055,518132.77147018607,-28.17801020475627
2024-07-26,371001.2946495769,518132.77147018607,-28.396481543355783
2024-07-29,370818.3524883089,518132.77147018607,-28.431789512922904
2024-07-29,370900.3240562456,518132.77147018607,-28.41596894096716
2024-07-29,371067.06061647396,518132.77147018607,-28.383788664132865
2024-07-29,371374.2124958308,518132.77147018607,-28.324508129052
2024-07-29,371651.88052854943,518132.77147018607,-28.27091799771737
2024-07-30,371953.8514233062,518132.77147018607,-28.21263739641513
2024-07-31,371192.6305762872,518132.77147018607,-28.359553570981554
2024-07-31,371345.4701775798,518132.77147018607,-28.33005541728267
2024-07-31,371268.43809578865,518132.77147018607,-28.344922664836336
2024-07-31,371510.67819388636,518132.77147018607,-28.29817015053187
2024-07-31,371804.8812415051,518132.77147018607,-28.24138874935087
2024-08-01,370876.44441417704,518132.77147018607,-28.42057772917425
2024-08-02,371290.58682806167,518132.77147018607,-28.340647943472895
2024-08-02,370780.92714908,518132.77147018607,-28.439012630488453
2024-08-06,368131.4784632767,518132.77147018607,-28.950358144937493
2024-08-06,368647.3514558856,518132.77147018607,-28.8507942838937
2024-08-07,369562.38489195687,518132.77147018607,-28.674192168286368
2024-08-08,370834.37284159433,518132.77147018607,-28.42869757314076
2024-08-09,370034.3049012427,518132.77147018607,-28.583111264844035
2024-08-09,369877.267225542,518132.77147018607,-28.613419649942923
2024-08-23,369721.0785640615,518132.77147018607,-28.643564174682655
2024-08-27,370206.80296724534,518132.77147018607,-28.54981901322421
2024-08-29,370583.44144255656,518132.77147018607,-28.47712751481879
2024-09-03,370979.31967000954,518132.77147018607,-28.400722730321238
2024-09-03,371918.1307251425,518132.77147018607,-28.219531517021007
2024-09-09,369652.8687448767,518132.77147018607,-28.656728719166352
2024-09-09,369156.1026421102,518132.77147018607,-28.752604936637972
2024-09-09,370152.772207713,518132.77147018607,-28.560246988929944
2024-09-09,368765.52952385735,518132.77147018607,-28.827985831219223
2024-09-09,368496.0138530949,518132.77147018607,-28.880002550794348
2024-09-09,368535.20522676123,518132.77147018607,-28.872438587303844
2024-09-09,367566.04770087666,518132.77147018607,-29.0594866914287
2024-09-09,366736.810500603,518132.77147018607,-29.219530071414248
2024-09-09,366103.4648623342,518132.77147018607,-29.34176623811563
2024-09-09,365304.10504164035,518132.77147018607,-29.49604326221231
2024-09-09,365436.14260821533,518132.77147018607,-29.470559916273714
2024-09-09,362803.7233249061,518132.77147018607,-29.978618743712836
2024-09-11,362166.43397689186,518132.77147018607,-30.10161604925016
2024-09-11,361210.0532190299,518132.77147018607,-30.286198227896815
2024-09-11,361358.66339652764,518132.77147018607,-30.25751635605226
2024-09-11,361355.4892855617,518132.77147018607,-30.258128961766605
2024-09-12,361884.7997267077,518132.77147018607,-30.155971663427017
2024-09-12,362782.4356321219,518132.77147018607,-29.98272728383157
2024-09-12,361401.2626078666,518132.77147018607,-30.249294677423812
2024-09-12,360203.2717276379,518132.77147018607,-30.48050778460277
2024-09-13,360329.64790796145,518132.77147018607,-30.45611709030931
2024-09-13,361903.1616140492,518132.77147018607,-30.15242780587687
2024-09-13,362304.71539554826,518132.77147018607,-30.07492763533957
2024-09-13,362803.0366543123,518132.77147018607,-29.978751271634557
2024-09-13,363478.19462908607,518132.77147018607,-29.848445293717347
2024-09-13,364014.99580868153,518132.77147018607,-29.744842277434024
2024-09-13,364158.27431704226,518132.77147018607,-29.717189421592817
2024-09-13,365154.8470278535,518132.77147018607,-29.524850166929678
2024-09-13,365985.8598919404,518132.77147018607,-29.364464082542675
2024-09-13,366616.34662915784,518132.77147018607,-29.242779685813918
2024-09-13,367069.072407288,518132.77147018607,-29.155403282880442
2024-09-13,367166.4359320209,518132.77147018607,-29.136612052119915
2024-09-13,367659.3235873894,518132.77147018607,-29.041484377803943
2024-09-13,368295.0286146766,518132.77147018607,-28.918792847313902
2024-09-16,368674.12606076006,518132.77147018607,-28.84562676576925
2024-09-16,369059.50073216204,518132.77147018607,-28.771249175193674
2024-09-16,369615.6433404557,518132.77147018607,-28.66391324916922
2024-09-16,369732.7908442764,518132.77147018607,-28.641303696121987
2024-09-16,370554.16099913424,518132.77147018607,-28.482778661597102
2024-09-16,370746.2931677218,518132.77147018607,-28.44569701396413
2024-09-16,371723.17528523004,518132.77147018607,-28.257158058063613
2024-09-16,372406.07652020355,518132.77147018607,-28.12535762532206
2024-09-16,372737.5953512198,518132.77147018607,-28.06137425093028
2024-09-16,373104.35225904785,518132.77147018607,-27.990589902202956
2024-09-16,373610.20218826196,518132.77147018607,-27.892960499650638
2024-09-16,374020.1210611126,518132.77147018607,-27.8138458604265
2024-09-16,374125.18309009104,518132.77147018607,-27.793568812773188
2024-09-16,374266.43797130085,518132.77147018607,-27.76630651843713
2024-09-16,374797.75533586513,518132.77147018607,-27.663761882424875
2024-09-16,375179.3875279462,518132.77147018607,-27.59010659306763
2024-09-16,375617.8197196541,518132.77147018607,-27.505488862661608
2024-09-16,376277.99971517967,518132.77147018607,-27.378073645582727
2024-09-16,376799.00189014303,518132.77147018607,-27.277519848631222
2024-09-16,376413.1947506698,518132.77147018607,-27.35198090585763
2024-09-16,376864.14456383896,518132.77147018607,-27.264947265447358
2024-09-16,377415.37213250075,518132.77147018607,-27.158559945630145
2024-09-17,377848.93206473335,518132.77147018607,-27.074882564830162
2024-09-17,378945.9825254649,518132.77147018607,-26.86315103169075
2024-09-17,379525.251810573,518132.77147018607,-26.75135164029838
2024-09-17,380065.50000049773,518132.77147018607,-26.647083348526017
2024-09-17,380477.66979860433,518132.77147018607,-26.567534279097917
2024-09-18,380627.54789445497,518132.77147018607,-26.538607698093326
2024-09-18,380658.60094445886,518132.77147018607,-26.532614436961477
2024-09-18,380864.3676879648,518132.77147018607,-26.492901306498396
2024-09-18,381210.4527826174,518132.77147018607,-26.426106632679442
2024-09-18,381070.8227474807,518132.77147018607,-26.453055330547077
2024-09-19,380786.994626137,518132.77147018607,-26.507834363445987
2024-09-19,381120.0937059409,518132.77147018607,-26.44354599989417
2024-09-19,381152.9605553074,518132.77147018607,-26.437202674172223
2024-09-20,380569.39734109613,518132.77147018607,-26.549830796990125
2024-09-20,380728.04935274576,518132.77147018607,-26.519210843884387
2024-09-23,381299.6535226029,518132.77147018607,-26.40889082528467
2024-09-23,381850.07346948225,518132.77147018607,-26.302659377056152
2024-09-25,382381.61187301815,518132.77147018607,-26.200072080362357
2024-09-26,382826.53360992396,518132.77147018607,-26.11420186303498
2024-09-27,382628.5338180998,518132.77147018607,-26.152415966200532
2024-09-30,382740.260542951,518132.77147018607,-26.13085262741882
2024-09-30,382290.9431882344,518132.77147018607,-26.217571202165917
2024-09-30,382692.2417299759,518132.77147018607,-26.140120293086603
2024-09-30,383229.0804753599,518132.77147018607,-26.036510026578902
2024-09-30,383677.37553641543,518132.77147018607,-25.949988755248487
2024-10-01,383254.1586383299,518132.77147018607,-26.031669922970167
2024-10-01,383262.5161779087,518132.77147018607,-26.030056911780953
2024-10-01,383214.98612958624,518132.77147018607,-26.039230245516936
2024-10-01,383451.10781788756,518132.77147018607,-25.993658588732643
2024-10-01,383506.7508654822,518132.77147018607,-25.982919440263665
2024-10-01,383404.73495548003,518132.77147018607,-26.002608584749293
2024-10-01,383670.95414815657,518132.77147018607,-25.951228087831264
2024-10-01,383388.7223814562,518132.77147018607,-26.005699023128326
2024-10-01,383191.06183101935,518132.77147018607,-26.043847652460528
2024-10-01,382562.82098193566,518132.77147018607,-26.165098591153534
2024-10-01,382677.35956109216,518132.77147018607,-26.14299256245523
2024-10-01,382690.18765596213,518132.77147018607,-26.140516730858327
2024-10-01,382653.55648303305,518132.77147018607,-26.147586573753063
2024-10-01,382878.0422394172,518132.77147018607,-26.10426066025271
2024-10-01,382286.2018161205,518132.77147018607,-26.21848629041646
2024-10-01,382106.96959817386,518132.77147018607,-26.253078238236714
2024-10-01,381709.5952913647,518132.77147018607,-26.32977176713311
2024-10-01,380641.3325641699,518132.77147018607,-26.535947246858825
2024-10-01,380753.75387255446,518132.77147018607,-26.514249852952325
2024-10-01,380085.07607146713,518132.77147018607,-26.643305152656676
2024-10-01,380747.66206044034,518132.77147018607,-26.515425577100565
2024-10-01,380825.23148113565,518132.77147018607,-26.50045462274938
2024-10-01,380839.8821367495,518132.77147018607,-26.49762703560945
2024-10-02,381249.04130834,518132.77147018607,-26.418659019278522
2024-10-04,381484.94689220685,518132.77147018607,-26.373129070806534
2024-10-07,381894.4527399455,518132.77147018607,-26.294094145728025
2024-10-08,382048.84426955954,518132.77147018607,-26.264296468739566
2024-10-08,381659.51059277216,518132.77147018607,-26.33943815022068
2024-10-08,381443.43166424474,518132.77147018607,-26.381141539858493
2024-10-09,381475.8030304467,518132.77147018607,-26.374893842746012
2024-10-09,381753.8660092667,518132.77147018607,-26.321227486527892
2024-10-09,381999.3374003747,518132.77147018607,-26.273851330333127
2024-10-09,380826.35430398124,518132.77147018607,-26.500237917127308
2024-10-09,379512.9594179677,518132.77147018607,-26.753724080970372
2024-10-09,379874.97233011125,518132.77147018607,-26.6838553268446
2024-10-09,380152.06633817666,518132.77147018607,-26.630375982683614
2024-10-09,380383.70560483256,518132.77147018607,-26.585669436521975
2024-10-10,381032.0597300367,518132.77147018607,-26.460536620976555
2024-10-10,381197.4902431312,518132.77147018607,-26.428608412184616
2024-10-11,381254.66194595024,518132.77147018607,-26.41757423215064
2024-10-11,381943.1123152116,518132.77147018607,-26.284702812474187
2024-10-11,382191.0802572386,518132.77147018607,-26.23684482014466
2024-10-14,382474.652474673,518132.77147018607,-26.1821151768855
2024-10-14,382748.5639436764,518132.77147018607,-26.129250065067506
2024-10-14,383118.367188479,518132.77147018607,-26.05787777109867
2024-10-14,383441.7905146256,518132.77147018607,-25.995456835007534
2024-10-14,383606.67310828815,518132.77147018607,-25.96363437506263
2024-10-14,383796.3555672598,518132.77147018607,-25.927025523159013
2024-10-15,383936.4507773818,518132.77147018607,-25.89998704618245
2024-10-15,384206.5850673753,518132.77147018607,-25.84785093264788
2024-10-15,384475.92002931004,518132.77147018607,-25.79586909000733
2024-10-15,384728.4070881363,518132.77147018607,-25.74713890486389
2024-10-15,384841.2757602969,518132.77147018607,-25.725355169424734
2024-10-15,384782.3622234338,518132.77147018607,-25.73672552469023
2024-10-15,384893.071425178,518132.77147018607,-25.715358568604813
2024-10-15,384967.7506881276,518132.77147018607,-25.700945416790905
2024-10-15,384752.6896335864,518132.77147018607,-25.74245235601248
2024-10-15,384517.6825655531,518132.77147018607,-25.787808890278104
2024-10-15,384610.37581512233,518132.77147018607,-25.76991902600524
2024-10-16,384850.49722186266,518132.77147018607,-25.723575420666595
2024-10-16,385357.2520717005,518132.77147018607,-25.62577136777877
2024-10-16,386167.5691538524,518132.77147018607,-25.46937958428809
2024-10-17,386336.9445276475,518132.77147018607,-25.43669001452502
2024-10-18,386603.3632509183,518132.77147018607,-25.385271008057853
2024-10-18,385066.5203190476,518132.77147018607,-25.681882806518296
2024-10-18,385574.6455817606,518132.77147018607,-25.583814262953446
2024-10-21,385264.5185769385,518132.77147018607,-25.64366899940298
2024-10-21,384992.32312726066,518132.77147018607,-25.69620291824881
2024-10-21,384925.3807895275,518132.77147018607,-25.709122837894743
2024-10-25,384724.149910667,518132.77147018607,-25.747960543197486
2024-10-28,384879.7994425617,518132.77147018607,-25.717920070858113
2024-10-28,384680.64453912346,518132.77147018607,-25.756357111401435
2024-10-28,384270.464894102,518132.77147018607,-25.835522079843322
2024-10-28,384540.8457921636,518132.77147018607,-25.783338370773073
2024-10-28,385027.0195783922,518132.77147018607,-25.68950647806166
2024-10-28,385342.8290407303,518132.77147018607,-25.628555023197684
2024-10-28,385645.80845317955,518132.77147018607,-25.570079777250676
2024-10-28,386552.94471137284,518132.77147018607,-25.395001822691015
2024-10-28,386939.83184439846,518132.77147018607,-25.32033232592712
2024-10-28,387518.63923056045,518132.77147018607,-25.20862208136574
2024-10-28,387765.18889367173,518132.77147018607,-25.161037817893718
2024-10-28,388461.2681288701,518132.77147018607,-25.026694021568446
2024-10-28,388849.2728704168,518132.77147018607,-24.95180882555088
2024-10-28,389118.0294660111,518132.77147018607,-24.899938608032755
2024-10-29,389416.48938924266,518132.77147018607,-24.842335626776674
2024-10-29,389703.0645956877,518132.77147018607,-24.787026404464427
2024-10-29,390026.10425211245,518132.77147018607,-24.72467951690738
2024-10-29,390260.94367228285,518132.77147018607,-24.679355338800665
2024-10-29,389851.5815696484,518132.77147018607,-24.758362520969996
2024-10-29,390187.8977203937,518132.77147018607,-24.69345326039745
2024-10-29,389516.6086146123,518132.77147018607,-24.82301254379824
2024-10-29,389223.2410320176,518132.77147018607,-24.87963269962476
2024-10-29,389705.6517747426,518132.77147018607,-24.786527077033828
2024-10-30,390815.82245291857,518132.77147018607,-24.57226333242916
2024-10-30,391769.14099505363,518132.77147018607,-24.38827216363471
2024-10-30,392223.06394267525,518132.77147018607,-24.30066470612269
2024-10-31,391980.1509892004,518132.77147018607,-24.34754708200206
2024-10-31,392516.36904496717,518132.77147018607,-24.24405660903983
2024-10-31,392631.17159158015,518132.77147018607,-24.22189963443133
2024-10-31,392541.8716384324,518132.77147018607,-24.239134590038248
2024-10-31,392700.126914909,518132.77147018607,-24.20859120710812
2024-10-31,391303.8293734464,518132.77147018607,-24.478077643470876
2024-10-31,391356.18411045976,518132.77147018607,-24.46797314132468
2024-10-31,391314.7463572224,518132.77147018607,-24.475970657698678
2024-10-31,391010.00754807907,518132.77147018607,-24.53478546848137
2024-10-31,388865.3374576728,518132.77147018607,-24.94870834858039
2024-11-01,388249.7343808902,518132.77147018607,-25.06752018807007
2024-11-01,388494.6629413196,518132.77147018607,-25.020248798589268
2024-11-01,388834.15812743676,518132.77147018607,-24.954725981888465
2024-11-01,388607.9925040545,518132.77147018607,-24.998376110935606
2024-11-01,389027.1071822571,518132.77147018607,-24.917486674621166
2024-11-01,387886.5875094068,518132.77147018607,-25.137607797169377
2024-11-01,387656.4956682973,518132.77147018607,-25.182015689080288
2024-11-01,387382.55312236794,518132.77147018607,-25.23488679876749
2024-11-01,385726.7980470767,518132.77147018607,-25.55444872699549
2024-11-01,385498.34456483123,518132.77147018607,-25.59854041445953
2024-11-01,384600.8750875011,518132.77147018607,-25.771752673314268
2024-11-01,384453.3876435402,518132.77147018607,-25.8002178567734
2024-11-01,384005.92603507667,518132.77147018607,-25.886578271150178
2024-11-01,383808.97289177147,518132.77147018607,-25.924590370393847
2024-11-04,384187.73849042907,518132.77147018607,-25.851488335642625
2024-11-04,384588.2981002922,518132.77147018607,-25.77418004095079
2024-11-04,385050.5946693332,518132.77147018607,-25.684956468442678
2024-11-04,385468.6939427545,518132.77147018607,-25.604263005986144
2024-11-04,385508.3676659398,518132.77147018607,-25.596605948689277
2024-11-04,385233.3563951736,518132.77147018607,-25.64968332304371
2024-11-04,384863.9492804871,518132.77147018607,-25.72097916361336
2024-11-04,385338.60089291073,518132.77147018607,-25.629371058787864
2024-11-04,384964.66134210315,518132.77147018607,-25.70154166281018
2024-11-04,383493.2110597663,518132.77147018607,-25.98553263256908
2024-11-04,383368.58434715983,518132.77147018607,-26.00958567832661
2024-11-04,383259.05402129405,518132.77147018607,-26.03072511051403
2024-11-04,383084.0704577985,518132.77147018607,-26.06449706494939
2024-11-04,383093.11056596006,518132.77147018607,-26.062752317529554
2024-11-04,383249.6540578763,518132.77147018607,-26.032539310258834
2024-11-04,383191.86633550824,518132.77147018607,-26.043692382511747
2024-11-04,382425.9690952058,518132.77147018607,-26.191511104367386
2024-11-04,381657.0596187337,518132.77147018607,-26.339911189984498
2024-11-05,381922.0927905947,518132.77147018607,-26.28875959594251
2024-11-05,382012.74362613965,518132.77147018607,-26.27126391905495
2024-11-05,382235.0350664414,518132.77147018607,-26.228361510147092
2024-11-05,381674.69640309445,518132.77147018607,-26.336507277834592
2024-11-05,382063.8072336631,518132.77147018607,-26.261408605835022
2024-11-06,384730.84094637656,518132.77147018607,-25.746669168461505
2024-11-06,386102.35997558245,518132.77147018607,-25.48196500290289
2024-11-06,387340.2105076404,518132.77147018607,-25.24305895406418
2024-11-06,387949.3306676779,518132.77147018607,-25.12549832219965
2024-11-06,390019.66749287053,518132.77147018607,-24.725921816101014
2024-11-06,390760.456848138,518132.77147018607,-24.582948934234167
2024-11-06,391394.0344825113,518132.77147018607,-24.460667992116665
2024-11-06,391469.31558302947,518132.77147018607,-24.446138685216315
2024-11-06,391749.2007784419,518132.77147018607,-24.392120639876648
2024-11-06,392155.9299343287,518132.77147018607,-24.313621618335755
2024-11-06,392709.22953987157,518132.77147018607,-24.20683439390043
2024-11-06,392876.1326214069,518132.77147018607,-24.174621978333317
2024-11-06,392740.3587810382,518132.77147018607,-24.20082642781901
2024-11-06,392928.0791642838,518132.77147018607,-24.164596257950972
2024-11-07,392792.0068048056,518132.77147018607,-24.190858321840913
2024-11-07,392715.7546863046,518132.77147018607,-24.20557503591492
2024-11-07,393079.73943807627,518132.77147018607,-24.135325715313392
2024-11-07,403087.8808189783,518132.77147018607,-22.203747183327426
2024-11-07,404894.89293726196,518132.77147018607,-21.854992536298187
2024-11-08,403890.81945116457,518132.77147018607,-22.0487794460218
2024-11-08,404127.62074958254,518132.77147018607,-22.00307662399299
2024-11-11,404226.5002578295,518132.77147018607,-21.98399280731674
2024-11-12,404452.71933450544,518132.77147018607,-21.94033236174522
2024-11-13,403951.8818873726,518132.77147018607,-22.03699435162703
2024-11-13,403329.23076189985,518132.77147018607,-22.157166469616396
2024-11-14,402897.8380692722,518132.77147018607,-22.240425571603627
2024-11-15,403730.6173539048,518132.77147018607,-22.07969856677249
2024-11-20,405314.4836812205,518132.77147018607,-21.774011218948203
2024-11-20,405816.6230790713,518132.77147018607,-21.677097951635275
2024-11-20,406847.8975686439,518132.77147018607,-21.47806122854856
2024-11-20,408297.16038066085,518132.77147018607,-21.198352456624196
2024-11-20,408948.1045176901,518132.77147018607,-21.072719766921477
2024-11-20,410475.2226976753,518132.77147018607,-20.777984852615237
2024-11-20,412135.4829334687,518132.77147018607,-20.45755342514878
2024-11-20,412327.7002695109,518132.77147018607,-20.420455340135398
2024-11-20,413280.3304004834,518132.77147018607,-20.23659703519371
2024-11-20,413998.77040654176,518132.77147018607,-20.09793759390421
2024-11-20,414960.5044138893,518132.77147018607,-19.912322234231308
2024-11-20,415809.23939082783,518132.77147018607,-19.74851576923388
2024-11-21,417685.576534088,518132.77147018607,-19.386381342195783
2024-11-21,418257.3946740909,518132.77147018607,-19.276020027203028
2024-11-21,420008.3960082131,518132.77147018607,-18.938075502066393
2024-11-21,420740.45581414015,518132.77147018607,-18.79678742954208
2024-11-21,421332.00550472864,518132.77147018607,-18.682617911001493
2024-11-21,421793.3930548453,518132.77147018607,-18.593569779803875
2024-11-21,422372.7513723645,518132.77147018607,-18.481753205091696
2024-11-21,423061.4821820953,518132.77147018607,-18.348827660201625
2024-11-21,423568.0959139823,518132.77147018607,-18.251050843180476
2024-11-21,424416.9625472776,518132.77147018607,-18.08721896841087
2024-11-21,424953.7788073393,518132.77147018607,-17.98361304158665
2024-11-22,426567.31085315044,518132.77147018607,-17.67220018861602
2024-11-22,428830.5521954225,518132.77147018607,-17.235392971066315
2024-11-22,429148.21015478804,518132.77147018607,-17.174084754937816
2024-11-22,430079.20370411326,518132.77147018607,-16.994402325918024
2024-11-22,431846.7862736066,518132.77147018607,-16.653257610350646
2024-11-22,432268.59674043197,518132.77147018607,-16.571847884880377
2024-11-22,432888.32089082437,518132.77147018607,-16.452240675200517
2024-11-22,433807.3161874927,518132.77147018607,-16.27487391762973
2024-11-22,434459.4062406804,518132.77147018607,-16.149020065278837
2024-11-22,435202.76396792853,518132.77147018607,-16.00555148576033
2024-11-22,435969.8520496352,518132.77147018607,-15.857502930651554
2024-11-22,436454.7015290215,518132.77147018607,-15.763926630119443
2024-11-22,436970.7474391351,518132.77147018607,-15.664329395872063
2024-11-22,437637.04541158944,518132.77147018607,-15.53573340481677
2024-11-25,437769.63861672895,518132.77147018607,-15.51014282023296
2024-11-25,438294.57191733737,518132.77147018607,-15.408830313185987
2024-11-25,438891.1661200898,518132.77147018607,-15.293687200145744
2024-11-25,440186.72062101535,518132.77147018607,-15.04364424354035
2024-11-25,441176.7596155211,518132.77147018607,-14.852566000854297
2024-11-25,443000.3397426188,518132.77147018607,-14.500613716129415
2024-11-25,445126.19196507474,518132.77147018607,-14.090322698168148
2024-11-25,445649.40763205796,518132.77147018607,-13.98934169565433
2024-11-25,446428.5332339122,518132.77147018607,-13.838969890442417
2024-11-25,447331.0583034749,518132.77147018607,-13.664781898626762
2024-11-25,447898.014483242,518132.77147018607,-13.555358945479373
2024-11-25,448465.0156684224,518132.77147018607,-13.445927306254635
2024-11-25,449073.59504303837,518132.77147018607,-13.328471046367977
2024-11-25,449426.95905921154,518132.77147018607,-13.260271535425922
2024-11-25,449763.0952810277,518132.77147018607,-13.195397001266965
2024-11-25,450149.0386571063,518132.77147018607,-13.12090965027709
2024-11-25,450949.5369661663,518132.77147018607,-12.966412897101526
2024-11-25,451170.4661308606,518132.77147018607,-12.92377340837213
2024-11-25,450356.29439141846,518132.77147018607,-13.08090914351044
2024-11-25,450788.49282650335,518132.77147018607,-12.997494532645632
2024-11-25,452384.05160219583,518132.77147018607,-12.689550533819782
2024-11-26,452665.2490763146,518132.77147018607,-12.635279217739756
2024-11-26,453349.41761353234,518132.77147018607,-12.503234194747598
2024-11-26,453086.822864376,518132.77147018607,-12.55391517144228
2024-11-26,453584.10175229475,518132.77147018607,-12.457939986065043
2024-11-26,453510.370998483,518132.77147018607,-12.472170074928668
2024-11-26,453217.7750015431,518132.77147018607,-12.528641314165212
2024-11-26,453197.2049933265,518132.77147018607,-12.532611340642836
2024-11-27,452061.98623370123,518132.77147018607,-12.751709383100973
2024-11-29,452049.9642466486,518132.77147018607,-12.754029635305542
2024-12-02,452151.7281806944,518132.77147018607,-12.734389122361911
2024-12-04,452130.6639740798,518132.77147018607,-12.73845452948812
2024-12-06,453134.34019769024,518132.77147018607,-12.544744291712092
2024-12-06,453921.58712501504,518132.77147018607,-12.392805064804865
2024-12-09,454399.80629446206,518132.77147018607,-12.300508418891097
2024-12-09,455527.27857914765,518132.77147018607,-12.08290545170444
2024-12-10,456267.2668961882,518132.77147018607,-11.940087170795309
2024-12-11,456303.0138576345,518132.77147018607,-11.93318798135688
2024-12-11,456981.4448169547,518132.77147018607,-11.802250315052703
2024-12-11,455125.1134833289,518132.77147018607,-12.160523606348011
2024-12-11,454814.37205897,518132.77147018607,-12.220496926212956
2024-12-11,454470.6116741115,518132.77147018607,-12.286842929358647
2024-12-11,454218.739354734,518132.77147018607,-12.33545446934343
2024-12-11,453867.013589865,518132.77147018607,-12.403337796597755
2024-12-11,452886.0866090479,518132.77147018607,-12.592657414045183
2024-12-11,452132.99525987025,518132.77147018607,-12.738004589642815
2024-12-11,451991.086757594,518132.77147018607,-12.765393033317892
2024-12-12,451693.90542291605,518132.77147018607,-12.82274924605748
2024-12-12,451946.38920884917,518132.77147018607,-12.774019692584787
2024-12-12,450908.5571575568,518132.77147018607,-12.974322029830804
2024-12-12,450099.1058493891,518132.77147018607,-13.130546718315749
2024-12-12,450202.2029356368,518132.77147018607,-13.110648906032008
2024-12-12,450065.1364606101,518132.77147018607,-13.137102834942505
2024-12-12,450311.43192790216,518132.77147018607,-13.089567631447613
2024-12-13,450624.0733750769,518132.77147018607,-13.029227605803673
2024-12-13,450453.7535162834,518132.77147018607,-13.062099461855208
2024-12-13,448611.8598385539,518132.77147018607,-13.417586275110278
2024-12-13,448390.6080670736,518132.77147018607,-13.460288027182909
2024-12-13,446481.797578624,518132.77147018607,-13.828689833351907
2024-12-13,446403.9057664738,518132.77147018607,-13.843723009487277
2024-12-13,444420.9622530173,518132.77147018607,-14.226432543151777
2024-12-13,443295.77492893866,518132.77147018607,-14.443594511287078
2024-12-13,443255.3781920162,518132.77147018607,-14.45139111075864
2024-12-13,441774.3846960489,518132.77147018607,-14.7372239276571
2024-12-16,440928.33010780904,518132.77147018607,-14.900513075695205
2024-12-16,441089.48356389126,518132.77147018607,-14.869410342003036
2024-12-16,442041.974413778,518132.77147018607,-14.685578918411732
2024-12-16,442588.15498238883,518132.77147018607,-14.580165673258163
2024-12-16,441671.15125072724,518132.77147018607,-14.75714805734084
2024-12-16,440698.1283830077,518132.77147018607,-14.944942175238191
2024-12-16,440780.1115920194,518132.77147018607,-14.929119356546558
2024-12-16,441233.27552102704,518132.77147018607,-14.841658390176523
2024-12-16,438752.18627596454,518132.77147018607,-15.320510410677462
2024-12-16,438817.5259417631,518132.77147018607,-15.307899807875186
2024-12-16,437977.3953326951,518132.77147018607,-15.470045623644403
2024-12-16,436775.6906497943,518132.77147018607,-15.701975497427718
2024-12-16,433937.64550935954,518132.77147018607,-16.249720264156505
2024-12-16,433656.661835618,518132.77147018607,-16.303950316608933
2024-12-16,432698.56796753436,518132.77147018607,-16.488863126768596
2024-12-17,431145.9670774094,518132.77147018607,-16.78851622258022
2024-12-17,430558.3449622622,518132.77147018607,-16.901927716217234
2024-12-17,427814.8428534924,518132.77147018607,-17.43142560938951
2024-12-17,427268.33958905697,518132.77147018607,-17.53690113507085
2024-12-17,426465.9839723461,518132.77147018607,-17.691756349967637
2024-12-17,426299.8563541842,518132.77147018607,-17.72381910054227
2024-12-17,425891.8978435253,518132.77147018607,-17.802555388444183
2024-12-18,424653.78123212844,518132.77147018607,-18.04151279078793
2024-12-18,422545.67746776226,518132.77147018607,-18.448378343488738
2024-12-18,421104.9040512256,518132.77147018607,-18.72644865593945
2024-12-18,419483.081079848,518132.77147018607,-19.039461663546692
2024-12-18,418269.9198174481,518132.77147018607,-19.27360266546741
2024-12-18,417435.61681439524,518132.77147018607,-19.43462374905677
2024-12-18,416676.0414534771,518132.77147018607,-19.581222343614467
2024-12-18,415213.63390737394,518132.77147018607,-19.86346805873371
2024-12-18,412109.03396351094,518132.77147018607,-20.46265809549857
2024-12-18,410045.63437606365,518132.77147018607,-20.86089570969009
2024-12-18,408719.1719008693,518132.77147018607,-21.11690392770544
2024-12-18,406293.15816284355,518132.77147018607,-21.585126335475945
2024-12-18,404900.05767974246,518132.77147018607,-21.853995737260394
2024-12-18,403195.42042284284,518132.77147018607,-22.18299196192744
2024-12-18,402292.8188026166,518132.77147018607,-22.357194728076568
2024-12-19,403534.7474456768,518132.77147018607,-22.117501600862035
2024-12-19,402983.0191498284,518132.77147018607,-22.223985561388776
2024-12-20,403498.03929324035,518132.77147018607,-22.12458630085743
2024-12-20,402028.5569528629,518132.77147018607,-22.40819745639346
2024-12-20,400109.72580289276,518132.77147018607,-22.778533257490448
2024-12-20,400637.1695039357,518132.77147018607,-22.67673624134219
2024-12-20,399183.4755764858,518132.77147018607,-22.957300221753055
2024-12-20,396226.97508372326,518132.77147018607,-23.527906957237775
2024-12-20,395478.98958982044,518132.77147018607,-23.67226869907094
2024-12-20,393384.928848142,518132.77147018607,-24.076423938226462
2024-12-20,392436.8105727026,518132.77147018607,-24.25941145178387
2024-12-20,392367.35779582226,518132.77147018607,-24.272815888002654
2024-12-23,391411.0505566606,518132.77147018607,-24.457383877486933
2024-12-23,390963.55877242226,518132.77147018607,-24.543750115810088
2024-12-23,389418.38222097117,518132.77147018607,-24.841970308882743
2024-12-24,389097.81320426136,518132.77147018607,-24.903840361186173
2024-12-24,389498.72125439916,518132.77147018607,-24.826464817269073
2024-12-24,387297.95350024395,518132.77147018607,-25.251214587083975
2024-12-24,384799.17005941586,518132.77147018607,-25.733481600177527
2024-12-24,384472.07029449084,518132.77147018607,-25.796612091614477
2024-12-24,384119.15230692684,518132.77147018607,-25.864725518712056
2024-12-24,382882.049514809,518132.77147018607,-26.103487253201003
2024-12-26,381813.2185942395,518132.77147018607,-26.309772394659376
2024-12-26,381057.9490973742,518132.77147018607,-26.45553995433761
2024-12-26,380300.79770127474,518132.77147018607,-26.601670721930454
2024-12-26,377668.1946079344,518132.77147018607,-27.10976502483865
2024-12-26,375464.6264010948,518132.77147018607,-27.535055284049054
2024-12-26,374790.2327011634,518132.77147018607,-27.665213756368384
2024-12-26,373609.7544768555,518132.77147018607,-27.893046908276208
2024-12-26,372961.8566077834,518132.77147018607,-28.018091666057828
2024-12-26,372278.8158994517,518132.77147018607,-28.149919017258483
2024-12-26,371319.9117805263,518132.77147018607,-28.334988206417194
2024-12-26,371197.1935228454,518132.77147018607,-28.358672918992443
2024-12-26,371509.89153667254,518132.77147018607,-28.298321975943647
2024-12-26,371845.317240919,518132.77147018607,-28.23358457219003
2024-12-26,371122.11923745775,518132.77147018607,-28.373162310422874
2024-12-26,370510.73525592714,518132.77147018607,-28.491159861474475
2024-12-26,369277.69959146355,518132.77147018607,-28.729136637381718
2024-12-26,368102.0997328329,518132.77147018607,-28.956028261182098
2024-12-26,367748.8910221338,518132.77147018607,-29.024197798055223
2024-12-26,367644.00224506,518132.77147018607,-29.04444140796552
2024-12-26,367851.70433266636,518132.77147018607,-29.00435475468995
2024-12-26,367245.2037561183,518132.77147018607,-29.121409805044536
2024-12-26,366058.0657589187,518132.77147018607,-29.350528297941853
2024-12-26,366192.13640199724,518132.77147018607,-29.32465256676621
2025-01-06,366428.61665965326,518132.77147018607,-29.279011705836876
2025-01-06,366662.58970515884,518132.77147018607,-29.23385473866769
2025-01-06,366972.7758374969,518132.77147018607,-29.173988590564775
2025-01-06,367218.06732559507,518132.77147018607,-29.12664715578115
2025-01-06,367496.7501346603,518132.77147018607,-29.072861171876973
2025-01-06,367841.1516362994,518132.77147018607,-29.006391432728478
2025-01-07,368241.3172820429,518132.77147018607,-28.92915917339695
2025-01-07,368481.2165770963,518132.77147018607,-28.882858435774672
2025-01-08,368772.7671876344,518132.77147018607,-28.826588956870484
2025-01-08,369408.7714893728,518132.77147018607,-28.703839666194707
2025-01-08,369481.8566653741,518132.77147018607,-28.689734174315873
2025-01-08,369774.1617157781,518132.77147018607,-28.633319087971387
2025-01-08,370051.4216455028,518132.77147018607,-28.57980772081004
2025-01-10,368343.6339100857,518132.77147018607,-28.90941199011176
2025-01-10,368254.3452322894,518132.77147018607,-28.926644769567684
2025-01-10,367455.7847542496,518132.77147018607,-29.080767519953437
2025-01-10,367760.45509451255,518132.77147018607,-29.021965923714227
2025-01-13,367991.77070438745,518132.77147018607,-28.977321843545635
2025-01-13,368049.45872010425,518132.77147018607,-28.966188014748607
2025-01-13,368008.61090009654,518132.77147018607,-28.97407167358219
2025-01-13,367742.603340266,518132.77147018607,-29.025411325207735
2025-01-13,367322.9266005089,518132.77147018607,-29.10640923980909
2025-01-13,367121.7763332673,518132.77147018607,-29.145231387011027
2025-01-13,366306.5086787208,518132.77147018607,-29.302578634557864
2025-01-13,366155.3905347252,518132.77147018607,-29.33174454575217
2025-01-13,366151.68038144405,518132.77147018607,-29.332460608021428
2025-01-13,366314.3667469107,518132.77147018607,-29.301062021708308
2025-01-13,366126.89289023925,518132.77147018607,-29.33724461176905
2025-01-13,365921.4429697486,518132.77147018607,-29.376896595160822
2025-01-13,365792.1981302879,518132.77147018607,-29.401840942744535
2025-01-13,365533.56580394035,518132.77147018607,-29.451757168968502
2025-01-13,365055.5570477657,518132.77147018607,-29.544013204968373
2025-01-13,365277.87593696703,518132.77147018607,-29.501105498403025
2025-01-13,365568.5491453892,518132.77147018607,-29.445005358742414
2025-01-13,365527.89552850544,518132.77147018607,-29.452851536232483
2025-01-14,365859.668806981,518132.77147018607,-29.38881905329685
2025-01-14,366144.01125276193,518132.77147018607,-29.333940755409206
2025-01-14,366098.4914864407,518132.77147018607,-29.34272610326359
2025-01-14,365788.06762256694,518132.77147018607,-29.402638133724995
2025-01-14,365850.5524154588,518132.77147018607,-29.39057852346052
2025-01-15,366393.6827194339,518132.77147018607,-29.285753981589906
2025-01-15,367167.5138245423,518132.77147018607,-29.13640401808294
2025-01-15,367534.2846131892,518132.77147018607,-29.06561699034752
2025-01-15,368107.2503821522,518132.77147018607,-28.955034182134625
2025-01-15,369135.34268820856,518132.77147018607,-28.75661162277032
2025-01-15,369801.0317034191,518132.77147018607,-28.62813316090394
2025-01-15,370521.3890610759,518132.77147018607,-28.489103669367854
2025-01-15,371434.6742234799,518132.77147018607,-28.31283897184399
2025-01-15,372130.09554521006,518132.77147018607,-28.17862215329438
2025-01-15,372960.910393104,518132.77147018607,-28.01827428617597
2025-01-15,373229.2054542311,518132.77147018607,-27.96649314514414
2025-01-15,373537.26792824373,518132.77147018607,-27.907036864635483
2025-01-15,374047.0459005539,518132.77147018607,-27.808649346921893
2025-01-16,374810.9920410058,518132.77147018607,-27.66120718874991
2025-01-16,375511.5440152793,518132.77147018607,-27.526000150545077
2025-01-16,376056.2796859511,518132.77147018607,-27.420865771739777
2025-01-16,376603.9275230967,518132.77147018607,-27.31516934269677
2025-01-16,376948.57643775665,518132.77147018607,-27.24865185265613
2025-01-22,376713.1608448945,518132.77147018607,-27.294087232509483
2025-01-22,376153.029179258,518132.77147018607,-27.402193049489004
2025-01-22,375665.12103732175,518132.77147018607,-27.496359674107595
2025-01-22,375509.5425134475,518132.77147018607,-27.526386441847606
2025-01-23,375362.361770369,518132.77147018607,-27.554792431814406
2025-01-24,375438.9570319082,518132.77147018607,-27.540009490885602
2025-01-24,374771.018433044,518132.77147018607,-27.66892212402574
2025-01-24,374996.5038260215,518132.77147018607,-27.62540327993918
2025-01-24,375280.008478562,518132.77147018607,-27.570686676753464
2025-01-27,375755.16197965416,518132.77147018607,-27.478981707051602
2025-01-30,376415.41617251065,518132.77147018607,-27.351552169834136
2025-01-30,378244.8275058442,518132.77147018607,-26.99847445808419
2025-01-30,378556.5797614914,518132.77147018607,-26.938306047048798
2025-01-30,378809.91845633875,518132.77147018607,-26.88941149553674
2025-01-30,379368.12895814475,518132.77147018607,-26.781676464567344
2025-01-30,379718.9319053853,518132.77147018607,-26.713971241783398
2025-01-30,380006.6451957796,518132.77147018607,-26.658442368445012
2025-01-31,380256.04850899306,518132.77147018607,-26.610307348437345
2025-02-03,380089.2271248915,518132.77147018607,-26.642503996340594
2025-02-04,380177.9959165456,518132.77147018607,-26.62537155528649
2025-02-04,379923.93171525747,518132.77147018607,-26.674406130066856
2025-02-05,380274.43640492886,518132.77147018607,-26.60675847120968
2025-02-05,380597.27756177617,518132.77147018607,-26.54444989421478
2025-02-05,380182.4913301508,518132.77147018607,-26.624503937206196
2025-02-05,380360.8270855048,518132.77147018607,-26.590085007315317
2025-02-05,380132.9299006368,518132.77147018607,-26.634069328982786
2025-02-05,381353.15104375896,518132.77147018607,-26.398565764971604
2025-02-05,381253.1287631338,518132.77147018607,-26.417870137544174
2025-02-05,380848.64162803016,518132.77147018607,-26.495936447450784
2025-02-05,380189.6256779901,518132.77147018607,-26.623127002908248
2025-02-05,380341.9202521132,518132.77147018607,-26.593734039847643
2025-02-06,380251.0218157862,518132.77147018607,-26.61127750386538
2025-02-06,379753.14941233693,518132.77147018607,-26.707367238169695
2025-02-06,380029.8275268475,518132.77147018607,-26.653968161765885
2025-02-06,380698.88546826213,518132.77147018607,-26.52483949470315
2025-02-06,381666.47536730295,518132.77147018607,-26.338093943694034
2025-02-06,382199.1549092553,518132.77147018607,-26.235286406459736
2025-02-07,382868.18857299146,518132.77147018607,-26.106162425006517
2025-02-10,383560.94725644385,518132.77147018607,-25.972459497572164
2025-02-10,384235.10866406455,518132.77147018607,-25.842345857836968
2025-02-10,383829.10192180524,518132.77147018607,-25.920705453024755
2025-02-10,383793.05391305644,518132.77147018607,-25.927662744810515
2025-02-11,383938.7716111109,518132.77147018607,-25.89953912359254
2025-02-11,385744.080763259,518132.77147018607,-25.551113150260345
2025-02-11,386120.7655159597,518132.77147018607,-25.47841272028524
2025-02-12,385931.79538174893,518132.77147018607,-25.514884092994322
2025-02-12,384397.9604785829,518132.77147018607,-25.81091533973709
2025-02-12,382852.72128944437,518132.77147018607,-26.10914762192877
2025-02-13,382405.41730080434,518132.77147018607,-26.195477615565498
2025-02-13,382036.3756872062,518132.77147018607,-26.266702914160483
2025-02-13,382515.48308880377,518132.77147018607,-26.174234838798622
2025-02-14,382662.03408061474,518132.77147018607,-26.145950391282373
2025-02-14,382869.8264866243,518132.77147018607,-26.1058463064896
2025-02-14,382702.9187420289,518132.77147018607,-26.138059622030678
2025-02-14,382299.6000368352,518132.77147018607,-26.215900424118775
2025-02-18,383707.5490674015,518132.77147018607,-25.944165241923816
2025-02-18,384500.0016918868,518132.77147018607,-25.791221311695907
2025-02-18,385303.25260529073,518132.77147018607,-25.636193303889193
2025-02-18,385705.33234673,518132.77147018607,-25.558591622702657
2025-02-18,385813.3194895967,518132.77147018607,-25.53775002595125
2025-02-18,386017.22903581086,518132.77147018607,-25.49839533591001
2025-02-18,386514.7986390441,518132.77147018607,-25.402364042266605
2025-02-18,387069.55943694524,518132.77147018607,-25.29529480664829
2025-02-18,387590.13253404724,518132.77147018607,-25.194823822034657
2025-02-18,387996.9983489548,518132.77147018607,-25.116298425203826
2025-02-18,388623.11707715964,518132.77147018607,-24.99545705737676
2025-02-18,389088.15590930113,518132.77147018607,-24.90570422610497
2025-02-18,389141.30284441344,518132.77147018607,-24.895446829152156
2025-02-18,389193.3227143221,518132.77147018607,-24.885406956599603
2025-02-18,389968.25496405916,518132.77147018607,-24.73584447138211
2025-02-18,390673.98305777035,518132.77147018607,-24.5996384383785
2025-02-18,390346.8332641606,518132.77147018607,-24.66277858538782
2025-02-18,390774.6569113163,518132.77147018607,-24.580208311760504
2025-02-18,391533.96734511555,518132.77147018607,-24.433660848328554
2025-02-18,390863.7043549874,518132.77147018607,-24.56302209066539
2025-02-19,391254.09007596935,518132.77147018607,-24.487677363893102
2025-02-20,391641.1159541349,518132.77147018607,-24.41298108921675
2025-02-21,391087.11517928913,518132.77147018607,-24.519903639835157
2025-02-21,390453.33106702595,518132.77147018607,-24.642224432334896
2025-02-21,390113.46532913594,518132.77147018607,-24.707818765796112
2025-02-21,389632.7585541081,518132.77147018607,-24.8005955213879
2025-02-21,387359.54473449173,518132.77147018607,-25.239327434284704
2025-02-21,385956.63749960484,518132.77147018607,-25.510089546263487
2025-02-21,386070.1505933014,518132.77147018607,-25.488181437001366
2025-02-21,383696.45088923204,518132.77147018607,-25.94630719834513
2025-02-21,384321.682847878,518132.77147018607,-25.825636977684912
2025-02-21,383154.71440411755,518132.77147018607,-26.050862732166575
2025-02-21,382910.6460133656,518132.77147018607,-26.097968108276916
2025-02-24,382258.6313140742,518132.77147018607,-26.22380741727127
2025-02-24,380897.42373836826,518132.77147018607,-26.486521464839342
2025-02-25,382706.76269941154,518132.77147018607,-26.13731773547296
2025-02-26,382917.8228224384,518132.77147018607,-26.09658297893016
2025-02-26,382535.2253261234,518132.77147018607,-26.17042457270339
2025-02-26,382042.3921015902,518132.77147018607,-26.265541741828752
2025-02-26,382059.987769396,518132.77147018607,-26.26214576520371
2025-02-27,381413.60816998594,518132.77147018607,-26.386897495841392
2025-02-27,381397.78388880583,518132.77147018607,-26.389951593565264
2025-02-27,382072.13276367786,518132.77147018607,-26.259801772514844
2025-02-27,383942.57112826384,518132.77147018607,-25.898805814031334
2025-02-27,384929.7548206978,518132.77147018607,-25.70827864671225
2025-02-28,385514.491603143,518132.77147018607,-25.59542402437559
2025-02-28,386280.4387612031,518132.77147018607,-25.44759566835658
2025-02-28,387064.91130261257,518132.77147018607,-25.296191899939547
2025-02-28,387507.4333048736,518132.77147018607,-25.210784833135925
2025-02-28,388135.9557096032,518132.77147018607,-25.089479553999418
2025-02-28,388153.02259382466,518132.77147018607,-25.086185632988972
2025-02-28,388580.2945078974,518132.77147018607,-25.003721844246108
2025-03-03,389166.3000312045,518132.77147018607,-24.89062235400458
2025-03-03,389373.5547173134,518132.77147018607,-24.850622049541915
2025-03-03,388622.19149000535,518132.77147018607,-24.995635696367625
2025-03-03,386008.914131273,518132.77147018607,-25.50000011850546
2025-03-03,385078.66183200234,518132.77147018607,-25.679539485728093
2025-03-03,384096.64562361897,518132.77147018607,-25.869069324884364
2025-03-04,387915.7531971439,518132.77147018607,-25.131978798321384
2025-03-04,385798.39142719336,518132.77147018607,-25.54063115280238
2025-03-04,384143.3622958746,518132.77147018607,-25.86005297331812
2025-03-04,384131.9262589538,518132.77147018607,-25.862260136723048
2025-03-04,383109.45347011427,518132.77147018607,-26.059598125196214
2025-03-04,383053.28059927933,518132.77147018607,-26.07043952993415
2025-03-04,382238.9970321875,518132.77147018607,-26.2275968478898
2025-03-04,380781.99183416343,518132.77147018607,-26.5087999059187
2025-03-05,379447.55355477775,518132.77147018607,-26.766347459917117
2025-03-05,379038.51537961425,518132.77147018607,-26.845292123850044
2025-03-05,377137.6190028521,518132.77147018607,-27.21216650073387
2025-03-05,375693.2313193807,518132.77147018607,-27.490934369319564
2025-03-05,374934.70971133123,518132.77147018607,-27.637329588810733
2025-03-05,374691.82751876744,518132.77147018607,-27.684206027811996
2025-03-05,373927.10506019095,518132.77147018607,-27.83179801594404
2025-03-05,372483.46328642673,518132.77147018607,-28.110421923416233
2025-03-05,371938.675846965,518132.77147018607,-28.21556629363546
2025-03-05,370547.1688574653,518132.77147018607,-28.484128150001215
2025-03-05,369745.40997382713,518132.77147018607,-28.638868194982976
2025-03-05,368858.19856357115,518132.77147018607,-28.810100639465986
2025-03-05,367591.5995187953,518132.77147018607,-29.05455517207196
2025-03-05,366596.7480366045,518132.77147018607,-29.24656222836527
2025-03-05,365836.2888369739,518132.77147018607,-29.39333140443433
2025-03-05,365052.7270003797,518132.77147018607,-29.5445594061627
2025-03-05,365273.011370906,518132.77147018607,-29.50204436317454
2025-03-05,365259.4229822007,518132.77147018607,-29.504666932032087
2025-03-05,364164.3961550041,518132.77147018607,-29.716007902434228
2025-03-05,364564.5601863485,518132.77147018607,-29.638775954682888
2025-03-05,362879.9674489905,518132.77147018607,-29.963903572567013
2025-03-05,361918.8095313749,518132.77147018607,-30.149407746504586
2025-03-05,361112.54410002596,518132.77147018607,-30.305017558457063
2025-03-05,361080.419609825,518132.77147018607,-30.31121760832262
2025-03-05,359942.3417924742,518132.77147018607,-30.53086745099162
2025-03-06,358647.9609005498,518132.77147018607,-30.780683900210164
2025-03-06,357742.52798442525,518132.77147018607,-30.95543310851741
2025-03-06,356303.30366384535,518132.77147018607,-31.233204444326983
2025-03-06,352200.0167434086,518132.77147018607,-32.02514179057779
2025-03-06,350906.75265645684,518132.77147018607,-32.274742695628085
2025-03-06,347896.42659480195,518132.77147018607,-32.85573780487647
2025-03-06,347341.9810426177,518132.77147018607,-32.9627461978432
2025-03-07,345952.1073316583,518132.77147018607,-33.23099283026826
2025-03-07,345840.7667408671,518132.77147018607,-33.25248164489685
2025-03-07,345133.8606546757,518132.77147018607,-33.388915031301956
2025-03-11,343930.4534008741,518132.77147018607,-33.62117350250172
2025-03-11,342482.13240482664,518132.77147018607,-33.90070050326214
2025-03-11,343265.9591727724,518132.77147018607,-33.74942136959111
2025-03-12,341473.6460949416,518132.77147018607,-34.09533909117147
2025-03-12,342295.3955384239,518132.77147018607,-33.93674085366747
2025-03-13,341130.6757664855,518132.77147018607,-34.16153261285953
2025-03-13,339275.6525844125,518132.77147018607,-34.5195534299581
2025-03-13,338731.39748870785,518132.77147018607,-34.62459505744681
2025-03-13,333911.7288738544,518132.77147018607,-35.554794589350145
2025-03-13,332008.29554555257,518132.77147018607,-35.92215859971778
2025-03-14,332799.8804422734,518132.77147018607,-35.76938214157661
2025-03-17,332647.8949732899,518132.77147018607,-35.79871544712148
2025-03-17,332542.5221525726,518132.77147018607,-35.8190524778054
2025-03-17,332477.9201990927,518132.77147018607,-35.831520701596105
2025-03-17,332163.6044708037,518132.77147018607,-35.89218386470721
2025-05-15,332896.52651829045,518132.77147018607,-35.750729378937635
2025-05-15,333059.2755112771,518132.77147018607,-35.71931870546782
2025-05-16,333897.42338138085,518132.77147018607,-35.557555559754114
2025-05-16,334558.84392456326,518132.77147018607,-35.429900916079355
2025-05-16,335135.630086649,518132.77147018607,-35.31858076922798
2025-05-16,335528.53468091786,518132.77147018607,-35.242749898087744
2025-05-16,336284.0472057319,518132.77147018607,-35.09693543383946
2025-05-16,336661.40864495974,518132.77147018607,-35.024104402874734
2025-05-16,337357.31871375843,518132.77147018607,-34.889793255787076
2025-05-19,337702.9932561106,518132.77147018607,-34.82307781885933
2025-05-19,338381.5471121217,518132.77147018607,-34.69211643340484
2025-05-19,339135.91717640014,518132.77147018607,-34.54652246486702
2025-05-19,339607.3194113263,518132.77147018607,-34.45554149225095
2025-05-21,339453.069828815,518132.77147018607,-34.48531177334581
2025-05-21,339617.11609144305,518132.77147018607,-34.45365072589603
2025-05-27,340300.99150122626,518132.77147018607,-34.32166227671095
2025-05-27,340639.1689040714,518132.77147018607,-34.25639379313567
2025-05-27,341264.69149430515,518132.77147018607,-34.13566748036861
2025-05-29,341629.1484423291,518132.77147018607,-34.06532702554855
2025-05-30,341133.7359278147,518132.77147018607,-34.16094199950758
2025-05-30,340444.55070531234,518132.77147018607,-34.29395524639153
2025-06-02,340377.8429036077,518132.77147018607,-34.30682990041416
2025-06-04,340816.373977663,518132.77147018607,-34.222193085643504
2025-06-04,340936.5294959561,518132.77147018607,-34.19900298362541
2025-06-05,341038.54196630826,518132.77147018607,-34.17931450299472
2025-06-05,340851.88792375836,518132.77147018607,-34.215338868336495
2025-06-06,340918.1303763693,518132.77147018607,-34.20255402702585
2025-06-06,340261.64813913195,518132.77147018607,-34.32925557407808
2025-06-10,340185.095039787,518132.77147018607,-34.34403037767287
2025-06-10,341082.41085014126,518132.77147018607,-34.170847776655734
2025-06-11,340682.52734731993,518132.77147018607,-34.24802558219903
2025-06-12,341035.4599558543,518132.77147018607,-34.179909333243586
2025-06-13,341616.52031321346,518132.77147018607,-34.067764263610094
2025-06-16,340605.30092447245,518132.77147018607,-34.26293033771726
2025-06-16,341063.3894670824,518132.77147018607,-34.17451891735677
2025-06-18,341306.3268110286,518132.77147018607,-34.12763183409878
2025-06-18,340690.23426685116,518132.77147018607,-34.24653814115001
2025-06-18,340440.67450379743,518132.77147018607,-34.29470335609012
2025-06-18,340388.7604178309,518132.77147018607,-34.30472281226527
2025-06-18,339390.18295643077,518132.77147018607,-34.497448985243416
2025-06-18,339188.5982392089,518132.77147018607,-34.53635498160606
2025-06-18,339098.6027230077,518132.77147018607,-34.55372418138585
2025-06-18,339512.80629190564,518132.77147018607,-34.47378259272265
2025-06-20,340127.33213626954,518132.77147018607,-34.355178659869644
2025-06-20,340036.3896028538,518132.77147018607,-34.37273063465744
2025-06-20,340546.65235136956,518132.77147018607,-34.27424955478521
2025-06-20,340591.5385497722,518132.77147018607,-34.26558648599779
2025-06-20,339867.08974482416,518132.77147018607,-34.40540562982311
2025-06-20,339536.7261301111,518132.77147018607,-34.46916604663205
2025-06-23,339712.05509969965,518132.77147018607,-34.43532742857068
2025-06-23,340509.33937971975,518132.77147018607,-34.281450985326636
2025-06-23,341204.2554979061,518132.77147018607,-34.147331671426734
2025-06-23,341686.1444752058,518132.77147018607,-34.054326749940614
2025-06-24,341499.67894184403,518132.77147018607,-34.09031473287261
2025-06-24,342124.79396847246,518132.77147018607,-33.969667080176436
2025-06-24,342045.7152009671,518132.77147018607,-33.98492933955466
2025-06-25,342082.2535265651,518132.77147018607,-33.97787741626204
2025-06-26,342745.42946720053,518132.77147018607,-33.84988397960802
2025-06-26,342897.10488510696,518132.77147018607,-33.82061051414548
2025-06-26,343901.1889331509,518132.77147018607,-33.62682156595853
2025-06-26,343826.48130264535,518132.77147018607,-33.641240192731274
2025-06-26,343361.9269427118,518132.77147018607,-33.730899520516196
2025-06-26,343418.6280499849,518132.77147018607,-33.71995616576328
2025-06-30,343753.0139770142,518132.77147018607,-33.655419439765325
2025-06-30,343986.0135469812,518132.77147018607,-33.610450354079845
2025-06-30,344351.9083755203,518132.77147018607,-33.53983238727938
2025-07-01,344124.22527826217,518132.77147018607,-33.58377538988316
2025-07-01,344420.4823208346,518132.77147018607,-33.52659756618909
2025-07-01,344274.480841241,518132.77147018607,-33.55477595744956
2025-07-01,343730.3784262799,518132.77147018607,-33.659788117444236
2025-07-01,344233.19033836585,518132.77147018607,-33.56274505439705
2025-07-02,344850.7056131549,518132.77147018607,-33.44356415930776
2025-07-07,344761.9352222601,518132.77147018607,-33.460696909016484
2025-07-07,344597.7871447869,518132.77147018607,-33.492377606805086
2025-07-08,343700.7974258363,518132.77147018607,-33.66549727194524
2025-07-08,344070.2144963112,518132.77147018607,-33.594199509901216
2025-07-08,343821.8897277032,518132.77147018607,-33.64212637001922
2025-07-09,343941.3639352216,518132.77147018607,-33.61906776147387
2025-07-11,343827.327692463,518132.77147018607,-33.64107683888371
2025-07-11,343846.18804196967,518132.77147018607,-33.63743677777483
2025-07-14,344142.1928041913,518132.77147018607,-33.5803076443711
2025-07-14,344468.5150397175,518132.77147018607,-33.51732721667103
2025-07-16,344754.7431134719,518132.77147018607,-33.462084991219385
2025-07-17,344366.8290038102,518132.77147018607,-33.536952695217536
2025-07-18,344041.4009927324,518132.77147018607,-33.59976053695169
2025-07-21,344526.5966990461,518132.77147018607,-33.506117414371936
2025-07-21,344363.2880049483,518132.77147018607,-33.537636110561415
2025-07-21,344346.10129387234,518132.77147018607,-33.54095315824153
2025-07-21,344585.4599045407,518132.77147018607,-33.49475677309701
2025-07-21,344513.01228235156,518132.77147018607,-33.50873921662853
2025-07-21,343699.20026630105,518132.77147018607,-33.66580552489182
2025-07-21,343430.56371408654,518132.77147018607,-33.717652573950744
2025-07-21,343323.77641091734,518132.77147018607,-33.738262600771904
2025-07-22,343949.23098721815,518132.77147018607,-33.61754941474314
2025-07-22,344191.507664689,518132.77147018607,-33.57078984059318
2025-07-22,344521.8344474952,518132.77147018607,-33.507036532368936
2025-07-22,344670.63750350213,518132.77147018607,-33.47831743483246
2025-07-22,344638.206841168,518132.77147018607,-33.48457657614138
2025-07-22,344983.70326090336,518132.77147018607,-33.41789551700763
2025-07-23,344743.7090772464,518132.77147018607,-33.46421456819908
2025-07-23,344956.9016404372,518132.77147018607,-33.42306824916084
2025-07-23,345173.108621776,518132.77147018607,-33.38134014523773
2025-07-23,345253.6842530779,518132.77147018607,-33.36578899006311
2025-07-23,345638.8251220743,518132.77147018607,-33.29145652352107
2025-07-23,346073.19485223514,518132.77147018607,-33.20762285113468
2025-07-23,346634.73693395854,518132.77147018607,-33.0992448228293
2025-07-24,346694.56182144734,518132.77147018607,-33.08769857623327
2025-07-24,346642.80707093346,518132.77147018607,-33.0976872805507
2025-07-24,346698.6839496253,518132.77147018607,-33.086903002510674
2025-07-24,346515.6164545071,518132.77147018607,-33.12223516160163
2025-07-25,346101.33946920926,518132.77147018607,-33.20219091968316
2025-07-25,345805.45523982315,518132.77147018607,-33.25929679016237
2025-07-25,346689.5222593756,518132.77147018607,-33.08867121536154
2025-07-28,346188.89990261395,518132.77147018607,-33.185291692646
2025-07-28,346352.96837187407,518132.77147018607,-33.15362635930015
2025-07-28,346503.0189267284,518132.77147018607,-33.12466649358299
2025-07-28,346323.25911624875,518132.77147018607,-33.15936026714408
2025-07-28,346700.674529904,518132.77147018607,-33.08651881907579
2025-07-28,346927.4886687051,518132.77147018607,-33.042743526083314
2025-07-29,347031.5998467539,518132.77147018607,-33.022649993347805
2025-07-30,346670.1557166606,518132.77147018607,-33.092408972126094
2025-07-30,348948.1657475229,518132.77147018607,-32.65275138698658
2025-07-31,349160.9323392617,518132.77147018607,-32.611687280746956
2025-07-31,349474.4025391581,518132.77147018607,-32.55118730522776
2025-08-01,349733.8954222325,518132.77147018607,-32.501104990932504
2025-08-04,349412.6804337259,518132.77147018607,-32.56309971626038
2025-08-04,349054.7930676126,518132.77147018607,-32.63217223701558
2025-08-04,348873.24097484065,518132.77147018607,-32.66721192235662
2025-08-04,349142.4661288472,518132.77147018607,-32.61525127272571
2025-08-04,349507.97960621334,518132.77147018607,-32.54470690697772
2025-08-05,350249.9753261449,518132.77147018607,-32.40150119585735
2025-08-05,351672.63050183986,518132.77147018607,-32.126927717005934
2025-08-05,351949.3765547072,518132.77147018607,-32.07351552845008
2025-08-06,351328.81056480104,518132.77147018607,-32.19328521376554
2025-08-06,351584.10904691595,518132.77147018607,-32.14401242189204
2025-08-07,350774.62424985116,518132.77147018607,-32.30024357375837
2025-08-07,350076.8043567085,518132.77147018607,-32.43492331832705
2025-08-07,350035.31499020447,518132.77147018607,-32.44293079609887
2025-08-07,349708.4353971823,518132.77147018607,-32.50601879419918
2025-08-07,349431.6015558019,518132.77147018607,-32.5594479260016
2025-08-07,349110.36318649503,518132.77147018607,-32.621447163840855
2025-08-08,348380.69705648406,518132.77147018607,-32.76227325518045
2025-08-08,347840.23727398645,518132.77147018607,-32.86658238447255
2025-08-08,348225.8474042228,518132.77147018607,-32.79215935017148
2025-08-08,348692.71495580475,518132.77147018607,-32.70205357472376
2025-08-08,349620.3937607563,518132.77147018607,-32.523010893767825
2025-08-11,348366.4873758128,518132.77147018607,-32.76501573383722
2025-08-11,346540.952299129,518132.77147018607,-33.11734532524752
2025-08-12,347598.8454375337,518132.77147018607,-32.91317118366544
2025-08-14,347992.0609679454,518132.77147018607,-32.83728030162454
2025-08-18,348613.55100784474,518132.77147018607,-32.7173322739914
2025-08-19,348011.28065525374,518132.77147018607,-32.83357088805978
2025-08-19,347263.5539188866,518132.77147018607,-32.977882689501236
2025-08-20,347143.1608853415,518132.77147018607,-33.001118632134904
2025-08-20,347222.81627297256,518132.77147018607,-32.98574508465498
2025-08-21,347066.8547531595,518132.77147018607,-33.015845770888454
2025-08-21,346647.6074997801,518132.77147018607,-33.096760794308
2025-08-21,347003.72117327934,518132.77147018607,-33.02803059751137
2025-08-22,347359.94783024397,518132.77147018607,-32.959278594824134
2025-08-22,347988.46594649134,518132.77147018607,-32.83797414336781
2025-08-22,348361.9246617829,518132.77147018607,-32.76589634094819
2025-08-22,349068.4791868284,518132.77147018607,-32.629530806098764
2025-08-22,350059.00045593234,518132.77147018607,-32.43835948406611
2025-08-25,350509.8100704554,518132.77147018607,-32.35135290209603
2025-08-25,350733.43619097036,518132.77147018607,-32.30819289894078
2025-08-25,350847.20682094607,518132.77147018607,-32.28623508499033
2025-08-26,351051.2093334385,518132.77147018607,-32.24686245239009
2025-08-26,351764.96193744766,518132.77147018607,-32.10910768308957
2025-08-26,352510.6925152399,518132.77147018607,-31.965181141698206
2025-08-27,352107.59751772083,518132.77147018607,-32.04297876804315
2025-08-27,352571.3868001143,518132.77147018607,-31.953467100777345
2025-08-27,352944.55218187615,518132.77147018607,-31.881445911941324
2025-08-29,352462.875766967,518132.77147018607,-31.97440980873218
2025-08-29,352436.56792536913,518132.77147018607,-31.979487241206332
2025-09-02,352527.3906573257,518132.77147018607,-31.961958388186893
2025-09-02,353021.4642546167,518132.77147018607,-31.866601826221302
2025-09-03,353421.7214858606,518132.77147018607,-31.789351890821894
2025-09-04,353842.4499207146,518132.77147018607,-31.708150998305445
2025-09-04,353782.7284594942,518132.77147018607,-31.719677283556802
2025-09-04,353913.8942846991,518132.77147018607,-31.69436218433373
2025-09-04,352570.6340819675,518132.77147018607,-31.953612375924607
2025-09-05,353414.3020241822,518132.77147018607,-31.790783852297196
2025-09-05,353539.35445807426,518132.77147018607,-31.76664864202335
2025-09-05,353759.05982949596,518132.77147018607,-31.72424534628155
2025-09-05,354350.18967346684,518132.77147018607,-31.610156858442114
2025-09-08,355107.52078884706,518132.77147018607,-31.463991404897975
2025-09-08,355469.25311724853,518132.77147018607,-31.394176803637553
2025-09-08,355846.4571254527,518132.77147018607,-31.321376156974374
2025-09-08,356424.68113128346,518132.77147018607,-31.20977850523926
2025-09-08,357329.86320757866,518132.77147018607,-31.035077709200674
2025-09-08,357780.1160284089,518132.77147018607,-30.9481785888164
2025-09-08,358600.17977429455,518132.77147018607,-30.789905692168944
2025-09-08,358850.28471885354,518132.77147018607,-30.741635256803633
2025-09-08,359220.5418372087,518132.77147018607,-30.670175364910573
2025-09-08,359625.9125122109,518132.77147018607,-30.591938531163887
2025-09-08,359685.5368735279,518132.77147018607,-30.58043098626418
2025-09-08,355401.5476125949,518132.77147018607,-31.40724401505163
2025-09-08,355661.00599242334,518132.77147018607,-31.357168359907835
2025-09-08,356434.0943070858,518132.77147018607,-31.207961755494672
2025-09-08,356826.7985559633,518132.77147018607,-31.13216955116001
2025-09-08,357249.2793781861,518132.77147018607,-31.050630446612733
2025-09-09,357951.91417173925,518132.77147018607,-30.91502142277904
2025-09-11,358637.3298377922,518132.77147018607,-30.782735703018815
2025-09-11,359245.70837159274,518132.77147018607,-30.665318205554936
2025-09-11,359834.90529866895,518132.77147018607,-30.551602772075526
2025-09-11,360199.1590470701,518132.77147018607,-30.481301534929774
2025-09-11,359773.49369258597,518132.77147018607,-30.563455256508952
2025-09-11,358823.67007735337,518132.77147018607,-30.746771901881047
2025-09-11,359321.1855125579,518132.77147018607,-30.650751062706394
2025-09-11,359302.17493283976,518132.77147018607,-30.654420118354857
2025-09-11,359055.142119188,518132.77147018607,-30.70209763023098
2025-09-11,359201.6270851398,518132.77147018607,-30.673825925753345
2025-09-11,359650.058602727,518132.77147018607,-30.587278318213524
2025-09-11,359531.97361052956,518132.77147018607,-30.610068807196182
2025-09-11,359030.1163114964,518132.77147018607,-30.70692762923308
2025-09-11,357523.75034552364,518132.77147018607,-30.997657351211195
2025-09-12,357418.4825154315,518132.77147018607,-31.017974118628448
2025-09-12,356975.22803151887,518132.77147018607,-31.103522554921113
2025-09-12,356794.5718552048,518132.77147018607,-31.13838932773717
2025-09-15,356177.74451575894,518132.77147018607,-31.25743745080718
2025-09-15,356565.5481192862,518132.77147018607,-31.182591074572986
2025-09-15,357095.72712601034,518132.77147018607,-31.080266142448004
2025-09-15,358024.3668264409,518132.77147018607,-30.90103800796896
2025-09-15,358433.96190597233,518132.77147018607,-30.82198586108985
2025-09-16,358903.33940351615,518132.77147018607,-30.7313956642544
2025-09-16,358274.88708180544,518132.77147018607,-30.85268741731752
2025-09-17,358550.5823314184,518132.77147018607,-30.799478034550493
2025-09-18,357373.3559822037,518132.77147018607,-31.026683572211116
2025-09-18,356413.93249615014,518132.77147018607,-31.211852999601554
2025-09-18,356881.2500601706,518132.77147018607,-31.121660371427417
2025-09-19,357264.8437752574,518132.77147018607,-31.047626506710003
2025-09-19,356989.5482827296,518132.77147018607,-31.10075873607019
2025-09-19,356493.72355634836,518132.77147018607,-31.19645326721794
2025-09-19,355713.6891392821,518132.77147018607,-31.347000474423716
2025-09-19,355772.6113793067,518132.77147018607,-31.335628439441756
2025-09-19,354894.2030763783,518132.77147018607,-31.505161877837455
2025-09-19,355022.2503189047,518132.77147018607,-31.48044866732907
2025-09-19,355039.4844713035,518132.77147018607,-31.4771224634393
2025-09-19,354813.7723931051,518132.77147018607,-31.520685057937612
2025-09-22,354523.13591901533,518132.77147018607,-31.576778107845477
2025-09-22,353807.6588005471,518132.77147018607,-31.71486570968507
2025-09-22,353258.08194317203,518132.77147018607,-31.820934441028907
2025-09-22,352437.17752470024,518132.77147018607,-31.97936958809411
2025-09-22,353218.25165072567,518132.77147018607,-31.828621716306504
2025-09-22,353750.0340205116,518132.77147018607,-31.725987333949835
2025-09-22,354109.2836693427,518132.77147018607,-31.65665189164385
2025-09-23,353219.12003987026,518132.77147018607,-31.828454116572917
2025-09-23,352756.5519517248,518132.77147018607,-31.917730092464762
2025-09-24,353537.48844019027,518132.77147018607,-31.76700878482588
2025-09-24,354220.1251986669,518132.77147018607,-31.635259396239697
2025-09-25,354662.3243503835,518132.77147018607,-31.549914639824873
2025-09-25,354716.10298026324,518132.77147018607,-31.539535325324618
2025-09-26,355040.147388198,518132.77147018607,-31.47699451999874
2025-09-26,355550.3372526162,518132.77147018607,-31.378527506810105
2025-09-26,355952.7839969402,518132.77147018607,-31.30085499380112
2025-09-26,356327.26918195136,518132.77147018607,-31.2285790819825
2025-09-26,356055.0010905907,518132.77147018607,-31.28112702072571
2025-09-26,355602.86158751865,518132.77147018607,-31.368390272148527
2025-09-26,354464.24192746746,518132.77147018607,-31.588144690850978
2025-09-26,354104.8674869501,518132.77147018607,-31.65750421804275
2025-09-26,353490.71026243526,518132.77147018607,-31.77603700699802
2025-09-26,353145.8625238119,518132.77147018607,-31.842592870207532
2025-09-26,352370.49544703984,518132.77147018607,-31.992239277357577
2025-09-26,351772.5604210138,518132.77147018607,-32.10764117026032
2025-09-26,351934.1561397607,518132.77147018607,-32.07645307955369
2025-09-26,351253.35143427714,518132.77147018607,-32.207848880585885
2025-09-26,350963.6665861337,518132.77147018607,-32.26375826599717
2025-09-26,350589.8822191063,518132.77147018607,-32.335898919437554
2025-09-26,350857.07006568805,518132.77147018607,-32.28433147161456
2025-09-26,350621.6426231447,518132.77147018607,-32.32976913846495
2025-09-26,350619.78055377706,518132.77147018607,-32.33012851920097
2025-09-26,349848.68091000593,518132.77147018607,-32.47895130869239
2025-09-26,349623.7755444602,518132.77147018607,-32.5223582070647
2025-09-26,348250.5762662321,518132.77147018607,-32.78738666190103
2025-09-26,347568.7491243303,518132.77147018607,-32.91897979390215
2025-09-26,346653.4457408347,518132.77147018607,-33.09563400955782
2025-09-26,346209.79750256275,518132.77147018607,-33.18125844072689
2025-09-26,345899.41905060405,518132.77147018607,-33.241161706655824
2025-09-26,345926.1403973708,518132.77147018607,-33.23600446738472
2025-09-26,345818.17582670087,518132.77147018607,-33.2568417076858
2025-09-26,345800.90260029514,518132.77147018607,-33.26017545288719
2025-09-26,345498.5083412876,518132.77147018607,-33.31853776379632
2025-09-29,345848.4713622191,518132.77147018607,-33.250994647398095
2025-09-29,345990.3440984472,518132.77147018607,-33.2236131065962
2025-09-29,345957.83210848866,518132.77147018607,-33.22988794419551
2025-09-30,344714.29998202226,518132.77147018607,-33.469890544868285
2025-09-30,344836.53463117644,518132.77147018607,-33.4462991690888
2025-09-30,343919.3448622155,518132.77147018607,-33.623317458504935
2025-09-30,343651.1601273844,518132.77147018607,-33.67507730648177
2025-09-30,343894.0921841357,518132.77147018607,-33.62819124365621
2025-10-01,342939.82199186995,518132.77147018607,-33.81236608161483
2025-10-03,341947.4837813227,518132.77147018607,-34.003888074661425
2025-10-06,341419.6709109034,518132.77147018607,-34.10575634076659
2025-10-06,340791.7049811899,518132.77147018607,-34.22695421982212
2025-10-06,340598.83145323204,518132.77147018607,-34.264178950350285
2025-10-07,340375.19963372184,518132.77147018607,-34.30734005341575
2025-10-07,340505.7246483932,518132.77147018607,-34.28214863108957
2025-10-08,339708.561148818,518132.77147018607,-34.43600176362031
2025-10-08,338374.5569174803,518132.77147018607,-34.693465546031234
2025-10-08,337595.2549246795,518132.77147018607,-34.84387139482353
2025-10-09,338087.8555269539,518132.77147018607,-34.74879912196254
2025-10-09,338294.84662525274,518132.77147018607,-34.708849690138045
2025-10-09,338617.9919670561,518132.77147018607,-34.6464824052264
2025-10-10,338920.4001451101,518132.77147018607,-34.588117407931236
2025-10-10,338742.6816590593,518132.77147018607,-34.62241720439971
2025-10-10,338431.987157789,518132.77147018607,-34.68238146807459
2025-10-10,338198.67481968144,518132.77147018607,-34.72741091823763
2025-10-13,338225.6160700481,518132.77147018607,-34.72221123741253
2025-10-13,338105.09652130696,518132.77147018607,-34.74547159757064
2025-10-13,337221.19401286973,518132.77147018607,-34.91606542160713
2025-10-13,337030.8986195926,518132.77147018607,-34.95279257027545
2025-10-13,337370.11831588665,518132.77147018607,-34.88732292330996
2025-10-13,337608.57894644886,518132.77147018607,-34.84129984897602
2025-10-14,337904.31200972415,518132.77147018607,-34.784223153665636
2025-10-14,338319.36277755944,518132.77147018607,-34.70411805499419
2025-10-14,338609.69889593316,518132.77147018607,-34.64808297395697
2025-10-14,338850.91602861177,518132.77147018607,-34.60152789271898
2025-10-14,339085.95887373533,518132.77147018607,-34.55616445344903
2025-10-14,339385.9865973821,518132.77147018607,-34.49825888557779
2025-10-14,339683.7426642052,518132.77147018607,-34.44079174911812
2025-10-14,339767.0880198897,518132.77147018607,-34.42470603513249
2025-10-14,339789.84248527087,518132.77147018607,-34.42031440684065
2025-10-14,340267.29089374153,518132.77147018607,-34.32816651835332
2025-10-14,339680.1143908337,518132.77147018607,-34.441492008505534
2025-10-14,339806.01370914973,518132.77147018607,-34.41719334892475
2025-10-14,339868.1205903544,518132.77147018607,-34.40520667588949
2025-10-14,340221.4378547776,518132.77147018607,-34.33701618806902
2025-10-15,340007.52433431207,518132.77147018607,-34.37830165238323
2025-10-15,340296.4452085181,518132.77147018607,-34.322539714494944
2025-10-15,340313.54426850023,518132.77147018607,-34.3192395835394
2025-10-15,340091.7304596498,518132.77147018607,-34.362049809231365
2025-10-15,340212.6568958448,518132.77147018607,-34.3387109195001
2025-10-15,340367.484946474,518132.77147018607,-34.308828993639686
2025-10-15,340365.6760321973,518132.77147018607,-34.30917811540466
2025-10-15,340202.91212957207,518132.77147018607,-34.34059166644553
2025-10-16,340090.8555827546,518132.77147018607,-34.362218661105516
2025-10-16,340142.8506059877,518132.77147018607,-34.352183583979325
2025-10-16,340061.8999229636,518132.77147018607,-34.367807124407854
2025-10-16,340137.56049297436,518132.77147018607,-34.353204579620716
2025-10-16,339927.9135055605,518132.77147018607,-34.39366659996716
2025-10-16,340091.78118507314,518132.77147018607,-34.36204001918794
2025-10-16,340056.79288622586,518132.77147018607,-34.36879278619552
2025-10-17,339884.3393628238,518132.77147018607,-34.40207644106118
2025-10-17,339665.8095308667,518132.77147018607,-34.444252856835284
2025-10-17,339748.8922894082,518132.77147018607,-34.42821782428836
2025-10-17,340312.57363936317,518132.77147018607,-34.319426915665545
2025-10-20,340160.15689332533,518132.77147018607,-34.348843457994136
2025-10-20,340275.519018756,518132.77147018607,-34.326578484268715
2025-10-20,339708.20143082674,518132.77147018607,-34.436071189453045
2025-10-20,339773.30980096443,518132.77147018607,-34.423505226880756
2025-10-20,339782.03055234585,518132.77147018607,-34.42182211555069
2025-10-20,339976.67356219335,518132.77147018607,-34.384255873736805
2025-10-20,339902.57313049556,518132.77147018607,-34.398557310700056
2025-10-20,339816.2319189868,518132.77147018607,-34.41522122702864
2025-10-22,339815.27220197517,518132.77147018607,-34.41540645310668
2025-10-23,339969.59959520836,518132.77147018607,-34.38562115448616
2025-10-23,340293.2229069103,518132.77147018607,-34.32316162103807
2025-10-23,340487.4949659992,518132.77147018607,-34.285666972989134
2025-10-23,340775.3064389876,518132.77147018607,-34.230119150339014
2025-10-24,341531.2428352269,518132.77147018607,-34.084222878598794
2025-10-24,341809.3047507683,518132.77147018607,-34.03055672759422
2025-10-24,342254.0162587334,518132.77147018607,-33.944727084604594
2025-10-24,342284.96690346533,518132.77147018607,-33.93875358776437
2025-10-24,342251.01467292634,518132.77147018607,-33.945306392838376
2025-10-24,342649.7557564105,518132.77147018607,-33.868349075054226
2025-10-27,343932.8666660602,518132.77147018607,-33.6207077405737
2025-10-27,345071.035849433,518132.77147018607,-33.40104026419631
2025-10-27,345621.7999022714,518132.77147018607,-33.294742403268565
2025-10-27,346310.35757053545,518132.77147018607,-33.16185027480692
2025-10-31,346400.00213024317,518132.77147018607,-33.144548809884455
2025-11-03,346755.24307597615,518132.77147018607,-33.07598705017854
2025-11-03,347093.98947353824,518132.77147018607,-33.01060875021097
2025-11-03,347790.46518779895,518132.77147018607,-32.87618843313963
2025-11-03,348175.93209302827,518132.77147018607,-32.801793041368605
2025-11-03,347456.2027996946,518132.77147018607,-32.94070131603563
2025-11-03,347043.2918527171,518132.77147018607,-33.02039342773238
2025-11-03,347415.3418259576,518132.77147018607,-32.948587513548496
2025-11-04,347598.9901031806,518132.77147018607,-32.91314326309085
2025-11-04,346538.6520202372,518132.77147018607,-33.11778928073895
2025-11-04,346605.40009383066,518132.77147018607,-33.104906854212615
2025-11-04,346078.2571891214,518132.77147018607,-33.20664581645072
2025-11-04,346412.3391533696,518132.77147018607,-33.142167755489574
2025-11-05,347153.5515734198,518132.77147018607,-32.999113221813374
2025-11-05,347687.29485007084,518132.77147018607,-32.896100383012126
2025-11-05,347927.189634352,518132.77147018607,-32.84980051597216
2025-11-05,348473.2939537063,518132.77147018607,-32.744401986980314
2025-11-05,348799.3949649207,518132.77147018607,-32.681464255732564
2025-11-05,348903.8405486437,518132.77147018607,-32.66130618245983
2025-11-05,349307.360696912,518132.77147018607,-32.5834265017125
2025-11-05,349580.9520573562,518132.77147018607,-32.530623171078176
2025-11-05,349824.7483191793,518132.77147018607,-32.483570316048116
2025-11-05,350592.62200554676,518132.77147018607,-32.33537013867106
2025-11-05,350984.6505612422,518132.77147018607,-32.25970834360972
2025-11-06,351487.2476665905,518132.77147018607,-32.16270673841841
2025-11-06,351613.38347272924,518132.77147018607,-32.13836243651663
2025-11-06,352048.0539296286,518132.77147018607,-32.054470723651995
2025-11-06,352265.04097605305,518132.77147018607,-32.012592066602615
2025-11-06,352499.45839491003,518132.77147018607,-31.967349335054895
2025-11-06,352892.2864614396,518132.77147018607,-31.89153323382375
2025-11-06,352701.1825632035,518132.77147018607,-31.928416424534472
2025-11-06,352281.25077702076,518132.77147018607,-32.00946356328063
2025-11-07,352676.04171294934,518132.77147018607,-31.933268626834444
2025-11-07,353063.1848004539,518132.77147018607,-31.85854973067081
2025-11-07,353996.8431656661,518132.77147018607,-31.678352990255615
2025-11-07,355671.4365990732,518132.77147018607,-31.355155245273092
2025-11-07,356114.22919212305,518132.77147018607,-31.26969595425132
2025-11-07,354783.3705302138,518132.77147018607,-31.526552639485296
2025-11-07,354568.89215577935,518132.77147018607,-31.567947121024435
2025-11-07,354621.385014627,518132.77147018607,-31.557815961264225
2025-11-07,354694.343671239,518132.77147018607,-31.543734887719125
2025-11-10,355020.2124217869,518132.77147018607,-31.480841982948153
2025-11-10,355162.9202036178,518132.77147018607,-31.45329927774039
2025-11-10,355710.38724924775,518132.77147018607,-31.347637741590773
2025-11-10,356753.8957485912,518132.77147018607,-31.146239845761382
2025-11-10,357189.9667832784,518132.77147018607,-31.062077820369737
2025-11-10,357564.6816160252,518132.77147018607,-30.989757586371873
2025-11-10,356494.3859012296,518132.77147018607,-31.19632543417635
2025-11-10,356203.6129461883,518132.77147018607,-31.25244482500666
2025-11-10,355455.07126770105,518132.77147018607,-31.39691391086728
2025-11-10,355570.7075867334,518132.77147018607,-31.37459601757822
2025-11-10,355510.09017109853,518132.77147018607,-31.3862952226802
2025-11-10,354889.41011503345,518132.77147018607,-31.506086922846922
2025-11-10,354702.0638504438,518132.77147018607,-31.542244887543507
2025-11-10,354725.8713502715,518132.77147018607,-31.53765002284114
2025-11-11,354852.21778338053,518132.77147018607,-31.513265069781614
2025-11-11,355093.7105230147,518132.77147018607,-31.466656796201665
2025-11-11,354956.226784077,518132.77147018607,-31.493191257349068
2025-11-11,355007.81012717733,518132.77147018607,-31.483235634786546
2025-11-11,354762.94004892395,518132.77147018607,-31.530495737165044
2025-11-11,355689.77021086036,518132.77147018607,-31.351616844925406
2025-11-11,352677.5963416073,518132.77147018607,-31.932968582377974
2025-11-11,352872.4187660649,518132.77147018607,-31.89536771341444
2025-11-11,352190.0813272507,518132.77147018607,-32.027059333089085
2025-11-12,352944.5397791847,518132.77147018607,-31.881448305669757
2025-11-12,350294.6680362677,518132.77147018607,-32.39287547044802
2025-11-13,349577.4534973787,518132.77147018607,-32.53129839568664
2025-11-13,348171.9792773672,518132.77147018607,-32.80255593765287
2025-11-13,347890.64163173013,518132.77147018607,-32.8568543069374
2025-11-14,346731.5065031265,518132.77147018607,-33.080568225922796
2025-11-14,347110.7579098583,518132.77147018607,-33.007372429861555
2025-11-20,347552.56543182203,518132.77147018607,-32.92210325827256
2025-11-21,347999.0505796799,518132.77147018607,-32.83593130149959
2025-11-21,348227.1222340707,518132.77147018607,-32.791913307087924
2025-11-21,348585.34991095366,518132.77147018607,-32.72277510610779
2025-11-21,348952.1315569685,518132.77147018607,-32.6519859828925
2025-11-24,349312.11926070275,518132.77147018607,-32.582508095455886
2025-11-24,349280.67200937535,518132.77147018607,-32.58857743772855
2025-11-24,348504.8457807487,518132.77147018607,-32.73831246151894
2025-11-25,348861.45848441334,518132.77147018607,-32.669485951539116
2025-11-25,348988.5681505536,518132.77147018607,-32.64495369395201
2025-11-25,348625.17247991485,518132.77147018607,-32.71508932146842
2025-11-25,348692.4302166989,518132.77147018607,-32.70210852957733
2025-11-25,349521.3079258021,518132.77147018607,-32.54213453164795
2025-11-26,349700.53966613143,518132.77147018607,-32.50754267600817
2025-11-26,349718.10782177857,518132.77147018607,-32.50415200924967
2025-11-28,350367.66770685837,518132.77147018607,-32.37878648117534
2025-12-02,350238.6400358443,518132.77147018607,-32.403688915091635
2025-12-03,350009.5017564567,518132.77147018607,-32.44791276889989
2025-12-05,350368.60574924765,518132.77147018607,-32.3786054383151
2025-12-05,350750.2515704402,518132.77147018607,-32.304947518529474
2025-12-05,352148.97527260566,518132.77147018607,-32.034992831394625
2025-12-10,352615.42151743174,518132.77147018607,-31.9449683684558
2025-12-10,354140.8217208361,518132.77147018607,-31.650565024873405
2025-12-10,354351.7439393196,518132.77147018607,-31.609856884007304
2025-12-10,354813.80809510767,518132.77147018607,-31.52067816742527
2025-12-10,355005.71807570505,518132.77147018607,-31.483639402235248
2025-12-10,355214.9326016507,518132.77147018607,-31.443260847265254
2025-12-11,356024.0166573068,518132.77147018607,-31.28710703878092
2025-12-11,356166.6484351094,518132.77147018607,-31.259579002405637
2025-12-11,356616.09607423167,518132.77147018607,-31.172835282673923
2025-12-11,357049.17608254566,518132.77147018607,-31.089250527537676
2025-12-11,356632.3672536627,518132.77147018607,-31.16969493326408
2025-12-11,357063.5135892708,518132.77147018607,-31.08648337835997
2025-12-11,357082.9459961703,518132.77147018607,-31.082732909760136
2025-12-11,356574.11430536536,518132.77147018607,-31.180937794458146
2025-12-11,355833.93093634763,518132.77147018607,-31.32379372054008
2025-12-11,355774.4603606677,518132.77147018607,-31.335271584700493
2025-12-11,355611.0562634341,518132.77147018607,-31.36680869376424
2025-12-11,356106.4960669527,518132.77147018607,-31.271188453007653
2025-12-12,356638.91431320645,518132.77147018607,-31.16843134603235
2025-12-12,357415.82688602916,518132.77147018607,-31.018486657025658
2025-12-12,358824.42206532403,518132.77147018607,-30.7466267676583
2025-12-12,359552.95825857006,518132.77147018607,-30.606018754932368
2025-12-12,359916.8715367114,518132.77147018607,-30.535783228793235
2025-12-12,360736.89653681923,518132.77147018607,-30.377517810108944
2025-12-12,361461.13249969046,518132.77147018607,-30.23773974495853
2025-12-12,361834.424991287,518132.77147018607,-30.16569402383239
2025-12-12,362545.1833305918,518132.77147018607,-30.028517149787525
2025-12-12,362992.74021963857,518132.77147018607,-29.94213834618921
2025-12-12,363397.99831612984,518132.77147018607,-29.863923240176643
2025-12-12,363550.6798266678,518132.77147018607,-29.834455598107844
2025-12-12,363761.19364890567,518132.77147018607,-29.79382627801282
2025-12-12,363196.84029060794,518132.77147018607,-29.902746884732288
2025-12-12,363171.6242554235,518132.77147018607,-29.907613597778234
2025-12-12,362606.5802620639,518132.77147018607,-30.01666749756463
2025-12-12,362489.9953205048,518132.77147018607,-30.03916847568811
2025-12-12,362624.03561848,518132.77147018607,-30.013298601139383
2025-12-15,362866.26954301447,518132.77147018607,-29.966547278337096
2025-12-15,363303.6911573275,518132.77147018607,-29.882124590099895
2025-12-15,363503.9965888077,518132.77147018607,-29.843465496811532
2025-12-15,363688.67919149506,518132.77147018607,-29.80782162079047
2025-12-15,364127.209717259,518132.77147018607,-29.723184911840445
2025-12-15,364638.77567015425,518132.77147018607,-29.624452312579503
2025-12-15,364780.05072266236,518132.77147018607,-29.597186125168268
2025-12-15,365122.8776028588,518132.77147018607,-29.53102028909816
2025-12-15,365384.48572049773,518132.77147018607,-29.480529733000616
2025-12-15,365520.0183612002,518132.77147018607,-29.454371835225135
2025-12-15,365554.8172806484,518132.77147018607,-29.44765561857868
2025-12-15,365559.5365795983,518132.77147018607,-29.44674479046477
2025-12-15,365673.0361397157,518132.77147018607,-29.424839293193227
2025-12-15,365833.96630666975,518132.77147018607,-29.393779654464446
2025-12-15,365629.6492041034,518132.77147018607,-29.43321300317671
2025-12-15,365725.18432652927,518132.77147018607,-29.414774655385123
2025-12-16,365672.54219712614,518132.77147018607,-29.424934624470605
2025-12-16,365917.9410879055,518132.77147018607,-29.37757246089175
2025-12-16,364443.8850044532,518132.77147018607,-29.66206635215243
2025-12-16,364722.68936463544,518132.77147018607,-29.60825690879466
2025-12-16,365132.0095132018,518132.77147018607,-29.52925782379085
2025-12-17,363400.92463346996,518132.77147018607,-29.86335845881147
2025-12-17,362712.0062024593,518132.77147018607,-29.996320214744394
2025-12-18,363237.2630370937,518132.77147018607,-29.894945265396178
2025-12-18,363386.9117127576,518132.77147018607,-29.866062962653718
2025-12-19,363198.36048514396,518132.77147018607,-29.902453486086277
2025-12-19,363074.73844498233,518132.77147018607,-29.92631262933461
2025-12-19,362708.3240623938,518132.77147018607,-29.997030870442742
2025-12-19,362578.10650958767,518132.77147018607,-30.02216295240634
2025-12-19,362397.8358241792,518132.77147018607,-30.056955325198544
2025-12-19,362790.5961749819,518132.77147018607,-29.981152293151702
2025-12-22,363449.4449648464,518132.77147018607,-29.853993999729138
2025-12-22,363927.8159316138,518132.77147018607,-29.761668056822653
2025-12-22,364512.56675695366,518132.77147018607,-29.648810724197144
2025-12-22,365190.9339081838,518132.77147018607,-29.517885372900544
2025-12-22,365705.521693977,518132.77147018607,-29.41856955770262
2025-12-22,366544.2565237603,518132.77147018607,-29.256693128345834
2025-12-22,367636.3465147391,518132.77147018607,-29.045918969459876
2025-12-22,370341.0910631345,518132.77147018607,-28.52390131349869
2025-12-22,370894.1939393083,518132.77147018607,-28.417152057974015
2025-12-22,371910.15305121517,518132.77147018607,-28.22107121386448
2025-12-22,372404.3423061712,518132.77147018607,-28.125692329885805
2025-12-22,372347.35112463037,518132.77147018607,-28.136691669182394
2025-12-22,371461.66189950926,518132.77147018607,-28.307630330832378
2025-12-22,371947.84356939624,518132.77147018607,-28.21379691656919
2025-12-22,371622.30079357955,518132.77147018607,-28.276626907981033
2025-12-22,372213.40196384216,518132.77147018607,-28.162543954188056
2025-12-23,369987.577793993,518132.77147018607,-28.592129630371684
2025-12-23,367607.52248467586,518132.77147018607,-29.05148202812946
2025-12-23,367971.07005438156,518132.77147018607,-28.98131708398317
2025-12-23,368458.1153656829,518132.77147018607,-28.88731698630176
2025-12-23,368907.20784033264,518132.77147018607,-28.800641813570373
2025-12-24,369137.8356981471,518132.77147018607,-28.756130470047353
2025-12-26,369478.3444966589,518132.77147018607,-28.690412025420574
2025-12-26,369176.89871432097,518132.77147018607,-28.74859127964582
2025-12-26,369405.07518335857,518132.77147018607,-28.70455305593143
2025-12-26,369718.4660453675,518132.77147018607,-28.644068392681955
2025-12-26,370145.3954048635,518132.77147018607,-28.561670717220384
2025-12-26,370194.1156836027,518132.77147018607,-28.552267668152297
2025-12-26,370734.9862549332,518132.77147018607,-28.447879256318053
2025-12-26,370051.8515503124,518132.77147018607,-28.57972474887055
2025-12-26,370004.34645660926,518132.77147018607,-28.588893266346943
2025-12-26,370089.824048393,518132.77147018607,-28.572396029250513
2025-12-26,370427.8602042709,518132.77147018607,-28.507154806442163
2025-12-26,370549.6961780744,518132.77147018607,-28.48364037529399
2025-12-26,370185.8033912253,518132.77147018607,-28.553871946598886
2025-12-26,370460.4587633126,518132.77147018607,-28.500863260947142
2025-12-26,369231.4816560961,518132.77147018607,-28.73805673236747
2025-12-26,369418.93157856236,518132.77147018607,-28.70187876162565
2025-12-26,368731.45881134254,518132.77147018607,-28.83456150340034
2025-12-26,368253.44547303685,518132.77147018607,-28.926818423754817
2025-12-26,368355.08773771,518132.77147018607,-28.907201393088194
2025-12-26,367627.0396356743,518132.77147018607,-29.047715203857177
2025-12-26,366705.777914188,518132.77147018607,-29.225519383058625
2025-12-26,366449.9349874467,518132.77147018607,-29.27489725313917
2025-12-26,366059.7276985534,518132.77147018607,-29.350207542389185
2025-12-26,365524.1105004309,518132.77147018607,-29.453582049391063
2025-12-26,365577.05666835845,518132.77147018607,-29.443363400650263
2025-12-26,365611.3773096216,518132.77147018607,-29.436739492039777
2025-12-26,365167.179213791,518132.77147018607,-29.522470046115757
2025-12-26,364978.7879156773,518132.77147018607,-29.558829703039045
2025-12-26,364825.3194459821,518132.77147018607,-29.58844922879491
2025-12-29,365038.8025477949,518132.77147018607,-29.54724683559229
2025-12-29,364807.5696098071,518132.77147018607,-29.591874960026814
2025-12-30,364419.9773857631,518132.77147018607,-29.666680539867723
2025-12-30,364267.7628886304,518132.77147018607,-29.696058048011203
2025-12-30,364377.9214149637,518132.77147018607,-29.674797372678746
2025-12-30,364486.1968384701,518132.77147018607,-29.653900137555176
2025-12-30,364401.3045687082,518132.77147018607,-29.670284407077652
2025-12-30,364575.44808702,518132.77147018607,-29.636674581970908
2025-12-30,364440.1693221665,518132.77147018607,-29.662783481523757
2025-12-30,364264.06151914684,518132.77147018607,-29.69677241500116
2025-12-30,364436.6734261967,518132.77147018607,-29.66345819197681
2025-12-30,364257.9486352796,518132.77147018607,-29.697952206013007
2026-01-05,367438.9594639118,518132.77147018607,-29.084014813169446
2026-01-05,369888.72575272503,518132.77147018607,-28.611208145901106
2026-01-05,370419.94115263916,518132.77147018607,-28.508683189140154
2026-01-05,370891.7030646841,518132.77147018607,-28.417632798579767
2026-01-05,371251.8764516851,518132.77147018607,-28.34811907413825
2026-01-05,371353.1831650773,518132.77147018607,-28.32856680511177
2026-01-05,371554.72816440684,518132.77147018607,-28.289668474331098
2026-01-05,372415.24037595466,518132.77147018607,-28.123588994527854
2026-01-05,372880.8076040389,518132.77147018607,-28.03373418245657
2026-01-05,373268.0654252441,518132.77147018607,-27.95899314260566
2026-01-06,373699.54955810006,518132.77147018607,-27.875716392588163
2026-01-06,374230.2629851674,518132.77147018607,-27.77328831695005
2026-01-07,374485.5323963029,518132.77147018607,-27.72402113579662
2026-01-07,375396.01449850964,518132.77147018607,-27.54829743092011
2026-01-07,376039.04431433656,518132.77147018607,-27.424192210939076
2026-01-07,376380.53630692593,518132.77147018607,-27.358284009143535
2026-01-07,376851.75197845534,518132.77147018607,-27.267339043398103
2026-01-07,377262.6129723678,518132.77147018607,-27.188042574126985
2026-01-07,377658.31158702174,518132.77147018607,-27.111672455029684
2026-01-07,378020.3158585251,518132.77147018607,-27.041805368553725
2026-01-07,378656.87224337424,518132.77147018607,-26.918949525437892
2026-01-07,379206.1503908465,518132.77147018607,-26.812938445321556
2026-01-07,379787.3047328767,518132.77147018607,-26.700775236578504
2026-01-07,381360.27323845204,518132.77147018607,-26.397191176239676
2026-01-07,381521.47725099354,518132.77147018607,-26.366078685114264
2026-01-07,382002.55935638596,518132.77147018607,-26.27322949049039
2026-01-07,381193.71857192455,518132.77147018607,-26.429336347458026
2026-01-07,380548.2194143166,518132.77147018607,-26.553918152190505
2026-01-08,380634.85949453566,518132.77147018607,-26.53719655398446
2026-01-08,380822.05377001094,518132.77147018607,-26.50106792329698
2026-01-08,381053.1694078823,518132.77147018607,-26.45646243786984
2026-01-08,381367.84104308975,518132.77147018607,-26.395730584465827
2026-01-08,381696.88584285363,518132.77147018607,-26.33222469989685
2026-01-08,382129.91309252445,518132.77147018607,-26.248650127216933
2026-01-08,382578.43556827825,518132.77147018607,-26.16208496468511
2026-01-08,383080.853881081,518132.77147018607,-26.065117866584536
2026-01-08,383606.6614289199,518132.77147018607,-25.963636629189157
2026-01-08,382950.04945204547,518132.77147018607,-26.090363216085272
2026-01-08,383340.90531622374,518132.77147018607,-26.01492775133572
2026-01-09,383756.25435673364,518132.77147018607,-25.934765085822136
2026-01-09,383863.15053250396,518132.77147018607,-25.914134046510146
2026-01-09,384152.7287006839,518132.77147018607,-25.858245250409045
2026-01-09,384417.147174672,518132.77147018607,-25.807212293501536
2026-01-09,384735.0972460796,518132.77147018607,-25.74584769953744
2026-01-09,385030.6495273109,518132.77147018607,-25.688805895292415
2026-01-12,385204.4442239801,518132.77147018607,-25.655263393015236
2026-01-12,385409.05724408693,518132.77147018607,-25.615772932003434
2026-01-12,385686.6380016175,518132.77147018607,-25.562199644843282
2026-01-12,386027.8165892632,518132.77147018607,-25.49635193042877
2026-01-13,386531.8387093878,518132.77147018607,-25.399075296353978
2026-01-13,386620.56020170666,518132.77147018607,-25.38195198410583
2026-01-13,386764.2756695477,518132.77147018607,-25.35421479476858
2026-01-13,386250.5848610052,518132.77147018607,-25.453357492707738
2026-01-13,386052.548947342,518132.77147018607,-25.49157856741438
2026-01-14,386161.58536812366,518132.77147018607,-25.470534459265753
2026-01-14,386279.93175138545,518132.77147018607,-25.44769352161844
2026-01-14,386391.68205279484,518132.77147018607,-25.42612563254393
2026-01-15,386178.1306786862,518132.77147018607,-25.467341202349076
2026-01-15,386188.7639812003,518132.77147018607,-25.465288967265792
2026-01-15,386498.63029309234,518132.77147018607,-25.405484544740496
2026-01-16,386565.0705056273,518132.77147018607,-25.392661535621343
2026-01-20,385669.99612720194,518132.77147018607,-25.5654115386535
2026-01-20,387763.0742330714,518132.77147018607,-25.161445948920502
2026-01-20,388090.8562441185,518132.77147018607,-25.098183783488082
2026-01-21,388371.6878136655,518132.77147018607,-25.043983087255306
2026-01-21,388723.91075413366,518132.77147018607,-24.97600380475041
2026-01-21,388966.57767563383,518132.77147018607,-24.929168913220266
2026-01-21,388465.0888671865,518132.77147018607,-25.025956616307326
2026-01-21,388203.07837405626,518132.77147018607,-25.076524831166005
2026-01-22,387190.8771599531,518132.77147018607,-25.271880398278864
2026-01-22,387851.00531033083,518132.77147018607,-25.144475187351045
2026-01-23,387209.87291327224,518132.77147018607,-25.268214204136147
2026-01-23,387007.54446737637,518132.77147018607,-25.307263740671303
2026-01-23,387170.47362676455,518132.77147018607,-25.27581829495555
2026-01-26,387057.5228841622,518132.77147018607,-25.297617870049372
2026-01-27,387337.6661906228,518132.77147018607,-25.243550009090555
2026-01-28,387438.3786904194,518132.77147018607,-25.224112423718204
2026-01-30,387763.1965973317,518132.77147018607,-25.161422332529675
2026-02-02,388030.0217048426,518132.77147018607,-25.109924893609957
2026-02-02,388293.84221924626,518132.77147018607,-25.05900734333514
2026-02-02,388675.3339042264,518132.77147018607,-24.985379171950093
2026-02-02,389100.1000502378,518132.77147018607,-24.903398998257142
2026-02-02,389363.7443775495,518132.77147018607,-24.852515452218615
2026-02-02,390093.26629515947,518132.77147018607,-24.71171719397682
2026-02-02,390829.83098025026,518132.77147018607,-24.569559676512558
2026-02-02,389888.25924037414,518132.77147018607,-24.75128370396684
2026-02-02,390309.0489870565,518132.77147018607,-24.670070978223137
2026-02-02,390557.1620031839,518132.77147018607,-24.622184986487195
2026-02-02,390819.08989775024,518132.77147018607,-24.571632713211155
2026-02-02,391932.68513588124,518132.77147018607,-24.356708026055927
2026-02-02,392251.0519042515,518132.77147018607,-24.295263009276365
2026-02-02,392571.9014294299,518132.77147018607,-24.233338818635428
2026-02-02,394605.1839512723,518132.77147018607,-23.840913819909133
2026-02-03,394978.62554292905,518132.77147018607,-23.768839322363426
2026-02-03,395218.23603867576,518132.77147018607,-23.722594323216427
2026-02-03,395610.69129383395,518132.77147018607,-23.64685017484986
2026-02-03,395968.2343884296,518132.77147018607,-23.577844098746787
2026-02-03,396272.35634820256,518132.77147018607,-23.51914834033915
2026-02-04,396649.0430059719,518132.77147018607,-23.44644754268443
2026-02-04,396903.00326635584,518132.77147018607,-23.397433028573822
2026-02-04,397932.1869058103,518132.77147018607,-23.198799841073598
2026-02-04,399093.5257112047,518132.77147018607,-22.974660610872213
2026-02-04,399837.53857712087,518132.77147018607,-22.831065589116484
2026-02-04,400437.82299384836,518132.77147018607,-22.7152102621075
2026-02-04,401131.32390477584,518132.77147018607,-22.581364084233112
2026-02-04,401558.7875333777,518132.77147018607,-22.49886329444733
2026-02-04,402814.75713269523,518132.77147018607,-22.256460252510077
2026-02-04,403602.1417278463,518132.77147018607,-22.104494455612713
2026-02-04,403942.38851176755,518132.77147018607,-22.038826579991603
2026-02-04,403932.93090127135,518132.77147018607,-22.04065190566428
2026-02-04,404197.5690114778,518132.77147018607,-21.989576558807613
2026-02-04,404154.85777507414,518132.77147018607,-21.997819858354653
2026-02-05,403680.48481598776,518132.77147018607,-22.08937418288432
2026-02-05,404228.3801961741,518132.77147018607,-21.983629977855234
2026-02-06,406059.7244745299,518132.77147018607,-21.630179206316612
2026-02-06,407318.2188992518,518132.77147018607,-21.387288871248455
2026-02-06,407864.0714588443,518132.77147018607,-21.28193893207289
2026-02-06,409450.50270708004,518132.77147018607,-20.975756552654133
2026-02-06,410511.49477756326,518132.77147018607,-20.7709843149374
2026-02-06,410673.11377378076,518132.77147018607,-20.739791731662095
2026-02-06,412332.75622777856,518132.77147018607,-20.41947953652944
2026-02-09,411709.1210937572,518132.77147018607,-20.539841568881073
2026-02-09,409909.60222062375,518132.77147018607,-20.887150014171528
2026-02-09,409761.93961218605,518132.77147018607,-20.915649004501503
2026-02-09,410302.0689722238,518132.77147018607,-20.811403646983365
2026-02-09,411229.7736738392,518132.77147018607,-20.63235596795254
2026-02-10,410578.1328471059,518132.77147018607,-20.758123119272522
2026-02-10,408988.077297692,518132.77147018607,-21.0650049914425
2026-02-10,409292.8416793785,518132.77147018607,-21.006185245140454
2026-02-10,409296.16326296795,518132.77147018607,-21.005544177103012
2026-02-11,408407.476358036,518132.77147018607,-21.177061393126685
2026-02-11,408814.67245407234,518132.77147018607,-21.09847225179888
2026-02-11,405930.93082964246,518132.77147018607,-21.655036473021053
2026-02-12,405538.0007933951,518132.77147018607,-21.73087225448155
2026-02-12,406003.38168881903,518132.77147018607,-21.641053404748607
2026-02-12,403989.27154741454,518132.77147018607,-22.029778120170395
2026-02-13,403944.5431464831,518132.77147018607,-22.03841073393164
2026-02-13,401391.5558637485,518132.77147018607,-22.53113912775444
2026-02-17,401906.7270563973,518132.77147018607,-22.43171071461102
2026-02-17,402739.68217656977,518132.77147018607,-22.270949773393394
2026-02-17,403311.31319201324,518132.77147018607,-22.160624573576076
2026-02-17,403843.49631113396,518132.77147018607,-22.057912846307666
2026-02-17,404508.5053742561,518132.77147018607,-21.9295656156866
2026-02-17,405000.65944678895,518132.77147018607,-21.83457952338899
2026-02-17,406081.6996224379,518132.77147018607,-21.62593798686129
2026-02-17,406807.0306591425,518132.77147018607,-21.485948571668256
2026-02-17,407712.5034011933,518132.77147018607,-21.311191676928402
2026-02-17,407396.8939598198,518132.77147018607,-21.3721045276014
2026-02-17,408082.0618052729,518132.77147018607,-21.23986663739636
2026-02-19,411152.505944391,518132.77147018607,-20.647268695674622
2026-02-20,410293.50427363906,518132.77147018607,-20.813056640010696
2026-02-20,410698.5106108094,518132.77147018607,-20.734890123729336
2026-02-20,411250.16305724456,518132.77147018607,-20.62842080219426
2026-02-23,410640.42675226775,518132.77147018607,-20.746100350478127
2026-02-23,410003.19874962274,518132.77147018607,-20.869085816314794
2026-02-23,408356.3368436714,518132.77147018607,-21.1869313564219
2026-02-23,407659.5984723691,518132.77147018607,-21.321402366492414
2026-02-23,406883.48924470844,518132.77147018607,-21.471192009301234
2026-02-23,408273.8467004746,518132.77147018607,-21.20285201377826
2026-02-23,406557.5436809651,518132.77147018607,-21.534099739074534
2026-02-23,405712.393283595,518132.77147018607,-21.69721437762017
2026-02-23,404927.6840703204,518132.77147018607,-21.848663823878514
2026-02-23,404263.5935343887,518132.77147018607,-21.976833778086846
2026-02-23,403244.2970045748,518132.77147018607,-22.173558746268586
2026-02-24,403868.0043106212,518132.77147018607,-22.053182784663875
2026-02-24,404372.937995613,518132.77147018607,-21.955730217909775
2026-02-25,404916.64337137534,518132.77147018607,-21.85079468676791
2026-02-25,405410.11454372737,518132.77147018607,-21.755554393251668
2026-02-25,405097.6145261813,518132.77147018607,-21.81586712287488
2026-02-25,404092.28854939557,518132.77147018607,-22.009895764208096
2026-02-26,403514.1206636566,518132.77147018607,-22.121482584724856
2026-02-26,403161.25272425363,518132.77147018607,-22.189586352491126
2026-02-26,403160.7071768581,518132.77147018607,-22.189691643533415
2026-02-26,404154.8174013327,518132.77147018607,-21.997827650515976
2026-02-27,404608.4827543882,518132.77147018607,-21.910269908941707
2026-02-27,401575.38514135184,518132.77147018607,-22.495659944092356
2026-02-27,402240.88153396617,518132.77147018607,-22.367218658526493
2026-03-02,403156.20864971605,518132.77147018607,-22.190559862528573
2026-03-02,403642.6563630471,518132.77147018607,-22.096675101688078
2026-03-02,402986.8449050216,518132.77147018607,-22.223247187866804
2026-03-02,405177.3194426308,518132.77147018607,-21.800484016297133
2026-03-03,401884.49522427557,518132.77147018607,-22.436001474305424
2026-03-03,401832.37387358083,518132.77147018607,-22.446060932723167
2026-03-04,402281.70992904797,518132.77147018607,-22.359338748717672
2026-03-05,399963.01323587843,518132.77147018607,-22.806848889137918
2026-03-06,398007.11367377004,518132.77147018607,-23.184338920613552
2026-03-09,398724.2770128679,518132.77147018607,-23.045925876971683
2026-03-09,399680.43422975467,518132.77147018607,-22.861386841895076
2026-03-09,400131.8030094243,518132.77147018607,-22.774272340646895
2026-03-10,399277.2430489113,518132.77147018607,-22.939203031691246
2026-03-10,399823.86349709664,518132.77147018607,-22.83370488946134
2026-03-12,400429.10515260085,518132.77147018607,-22.71689281177962
2026-03-12,400560.931762356,518132.77147018607,-22.69145018065997
2026-03-12,400665.46808373905,518132.77147018607,-22.67127459495316
2026-03-12,402203.2605402422,518132.77147018607,-22.374479537551235
2026-03-12,401805.8373663423,518132.77147018607,-22.45118249783151
2026-03-12,398718.3510625201,518132.77147018607,-23.047069589678944
2026-03-12,397481.1426338952,518132.77147018607,-23.285851712090224
2026-03-12,396575.5556152189,518132.77147018607,-23.46063066230153
2026-03-12,394896.6823056028,518132.77147018607,-23.784654426490835
2026-03-12,393203.4523543971,518132.77147018607,-24.111449032900545
2026-03-12,390402.99600833387,518132.77147018607,-24.651939135102925
2026-03-13,390720.4159012761,518132.77147018607,-24.59067686596647
2026-03-13,388665.0560448557,518132.77147018607,-24.987362806249383
2026-03-13,386332.59079492785,518132.77147018607,-25.437530288091832
2026-03-13,387031.70310126996,518132.77147018607,-25.302601106840005
2026-03-13,387678.6518893885,518132.77147018607,-25.177739522369514
2026-03-16,388269.96819629136,518132.77147018607,-25.063615047049222
2026-03-16,388740.837003237,518132.77147018607,-24.972737026419576
2026-03-16,394628.46797076345,518132.77147018607,-23.83641998729069
2026-03-16,393200.308614125,518132.77147018607,-24.112055777048994
2026-03-16,393096.70944445505,518132.77147018607,-24.132050491796722
2026-03-17,393392.7728901858,518132.77147018607,-24.074910032433245
2026-03-18,391911.8194267858,518132.77147018607,-24.36073512301724
2026-03-18,392641.2264778694,518132.77147018607,-24.219959034098196
2026-03-18,393922.33748822164,518132.77147018607,-23.972703681629916
2026-03-18,394074.2392663086,518132.77147018607,-23.94338652848866
2026-03-18,394127.19193363254,518132.77147018607,-23.933166625359643
2026-03-18,394885.0180495921,518132.77147018607,-23.78690563634533
2026-03-18,393787.65825383534,518132.77147018607,-23.998696871368555
2026-03-18,393252.5983871966,518132.77147018607,-24.101963812990586
2026-03-18,392778.1659956264,518132.77147018607,-24.19352960803266
2026-03-18,392190.8681809116,518132.77147018607,-24.306878511451448
2026-03-18,390801.35279617494,518132.77147018607,-24.5750559866561
2026-03-18,388985.574810843,518132.77147018607,-24.925502452371777
2026-03-18,388613.2350605469,518132.77147018607,-24.997364293737185
2026-03-18,387524.4108503797,518132.77147018607,-25.20750815456222
2026-03-18,387665.7233151773,518132.77147018607,-25.180234746552017
2026-03-18,384861.1662685855,518132.77147018607,-25.72151628692515
2026-03-18,383711.49272106105,518132.77147018607,-25.943404113912482
2026-03-18,383525.9230020276,518132.77147018607,-25.979219204030578
2026-03-18,382773.0132724371,518132.77147018607,-26.12453132691641
2026-03-18,382726.5606366011,518132.77147018607,-26.1334967192625
2026-03-18,382454.8856080545,518132.77147018607,-26.185930196453246
2026-03-18,381963.27742050024,518132.77147018607,-26.2808109325548
2026-03-18,380578.2065415106,518132.77147018607,-26.548130614932646
2026-03-18,379851.22843832464,518132.77147018607,-26.688437915148995
2026-03-18,379255.95839059295,518132.77147018607,-26.803325465311595
2026-03-18,379289.3904620095,518132.77147018607,-26.796873051324788
2026-03-18,378013.33448403684,518132.77147018607,-27.043152778884178
2026-03-19,378140.05026675283,518132.77147018607,-27.018696541083116
2026-03-19,375741.24403703894,518132.77147018607,-27.481667880052342
2026-03-19,375870.22911586694,518132.77147018607,-27.456773666458783
2026-03-19,375201.32583714474,518132.77147018607,-27.585872483509906
2026-03-19,374905.5355290317,518132.77147018607,-27.64296022711542
2026-03-19,374680.7984786589,518132.77147018607,-27.686334640537506
2026-03-19,375021.18471755803,518132.77147018607,-27.620639850004707
2026-03-19,374399.61448812595,518132.77147018607,-27.740603354275706
2026-03-19,373769.5481945974,518132.77147018607,-27.862206605068113
2026-03-19,372844.45585010713,518132.77147018607,-28.04075009728254
2026-03-19,372658.1305192351,518132.77147018607,-28.07671102103252
2026-03-19,372912.4926700131,518132.77147018607,-28.027618941784905
2026-03-19,372271.52900825336,518132.77147018607,-28.15132539253517
2026-03-20,371310.8664441151,518132.77147018607,-28.33673396289299
2026-03-20,372513.6099593128,518132.77147018607,-28.104603593724313
2026-03-23,372769.66445332667,518132.77147018607,-28.055184891006984
2026-03-23,373278.9418803419,518132.77147018607,-27.956893978897686
2026-03-23,373903.4144698952,518132.77147018607,-27.836370317022112
2026-03-23,374667.1274182308,518132.77147018607,-27.6889731650974
2026-03-23,374717.14238938835,518132.77147018607,-27.67932023945527
2026-03-23,373628.13867729757,518132.77147018607,-27.889498744281504
2026-03-23,372141.9734878292,518132.77147018607,-28.17632970176976
2026-03-23,372260.4155221791,518132.77147018607,-28.153470303393195
2026-03-24,372462.97003850975,518132.77147018607,-28.11437713510046
2026-03-24,372123.63633508596,518132.77147018607,-28.17986878552453
2026-03-24,372322.23775324976,518132.77147018607,-28.14153856803987
2026-03-24,371187.7710554931,518132.77147018607,-28.36049146201291
2026-03-24,371304.0406365626,518132.77147018607,-28.338051348692222
2026-03-24,369991.18211184855,518132.77147018607,-28.59143399441619
2026-03-24,370204.224386196,518132.77147018607,-28.550316681233518
2026-03-25,370629.11939115927,518132.77147018607,-28.468311637669558
2026-03-25,369778.02472543897,518132.77147018607,-28.632573524310185
2026-03-25,368093.4559613318,518132.77147018607,-28.95769651533955
2026-03-25,369484.3549696828,518132.77147018607,-28.689251999775635
2026-03-25,369592.37859505054,518132.77147018607,-28.668403361875118
2026-03-25,370239.42394372204,518132.77147018607,-28.543523141147997
2026-03-26,370271.3953988043,518132.77147018607,-28.537352627171142
2026-03-26,370258.2631540747,518132.77147018607,-28.53988715991114
2026-03-26,370648.6174796777,518132.77147018607,-28.464548492469703
2026-03-27,370654.257656081,518132.77147018607,-28.463459934340623
2026-03-27,369629.13389884826,518132.77147018607,-28.661309561632862
2026-03-30,368318.4410554693,518132.77147018607,-28.914274229291298
2026-03-30,368068.03868824913,518132.77147018607,-28.96260206744553
2026-03-30,367774.6944717836,518132.77147018607,-29.01921771359221
2026-03-30,366027.4713465065,518132.77147018607,-29.356433041686476
