date,equity,peak,dd
2004-10-27,99925.85506346282,99925.85506346282,0.0
2004-10-27,100053.60820836776,100053.60820836776,0.0
2004-11-03,100196.41357331995,100196.41357331995,0.0
2004-11-04,101234.64696858515,101234.64696858515,0.0
2004-11-04,101739.72845122508,101739.72845122508,0.0
2004-11-05,101820.17577928,101820.17577928,0.0
2004-11-09,102155.63979023464,102155.63979023464,0.0
2004-11-11,102337.30332682443,102337.30332682443,0.0
2004-11-17,103948.13230352201,103948.13230352201,0.0
2004-11-19,103832.14463399895,103948.13230352201,-0.11158225448860065
2004-11-22,104079.96796917405,104079.96796917405,0.0
2004-11-24,106025.11808982288,106025.11808982288,0.0
2004-11-24,106268.24918030927,106268.24918030927,0.0
2004-11-24,106660.81723845702,106660.81723845702,0.0
2004-11-24,107067.46596114775,107067.46596114775,0.0
2004-11-24,107337.52925757575,107337.52925757575,0.0
2004-11-24,107148.23243344048,107337.52925757575,-0.17635660653322174
2004-11-26,107019.00308772927,107337.52925757575,-0.2967519115165337
2004-11-26,106977.06210056189,107337.52925757575,-0.3358258379032127
2004-11-26,107298.91086186132,107337.52925757575,-0.03597846529684149
2004-11-29,107300.37549732874,107337.52925757575,-0.03461395143337809
2004-11-29,107259.65942509353,107337.52925757575,-0.07254669733952544
2004-11-29,107454.75657276376,107454.75657276376,0.0
2004-11-30,107197.6158487931,107454.75657276376,-0.23930138801862696
2004-11-30,107063.69589182641,107454.75657276376,-0.3639305447335247
2004-11-30,107146.63007887184,107454.75657276376,-0.286749980847306
2004-11-30,107756.91701017758,107756.91701017758,0.0
2004-12-01,108038.59737486231,108038.59737486231,0.0
2004-12-02,108506.08484989582,108506.08484989582,0.0
2004-12-02,108593.40136051919,108593.40136051919,0.0
2004-12-08,108648.73635871912,108648.73635871912,0.0
2004-12-09,108835.31418298584,108835.31418298584,0.0
2004-12-10,108784.18785638027,108835.31418298584,-0.04697586163954286
2004-12-10,109155.82263427791,109155.82263427791,0.0
2004-12-10,109402.54952663106,109402.54952663106,0.0
2004-12-10,109639.70799173864,109639.70799173864,0.0
2004-12-10,109874.65804155222,109874.65804155222,0.0
2004-12-10,110217.64211929588,110217.64211929588,0.0
2004-12-10,110618.02162983522,110618.02162983522,0.0
2004-12-13,110829.36593119988,110829.36593119988,0.0
2004-12-13,111097.03720192269,111097.03720192269,0.0
2004-12-13,111511.04360686576,111511.04360686576,0.0
2004-12-13,111424.240092827,111511.04360686576,-0.07784297521667756
2004-12-13,111405.17307803678,111511.04360686576,-0.0949417433507545
2004-12-14,111752.95149199649,111752.95149199649,0.0
2004-12-14,112350.03600207446,112350.03600207446,0.0
2004-12-14,112712.14051206899,112712.14051206899,0.0
2004-12-14,112940.97334439582,112940.97334439582,0.0
2004-12-15,113404.96372649752,113404.96372649752,0.0
2004-12-15,113575.08272319293,113575.08272319293,0.0
2004-12-15,113702.9711465199,113702.9711465199,0.0
2004-12-16,113967.85256527121,113967.85256527121,0.0
2004-12-16,114080.9841878216,114080.9841878216,0.0
2004-12-16,114339.50416743573,114339.50416743573,0.0
2004-12-16,113694.00051540174,114339.50416743573,-0.5645499836073579
2004-12-16,113684.13948892511,114339.50416743573,-0.5731743226303712
2004-12-16,113370.09063357246,114339.50416743573,-0.8478377975504368
2004-12-16,113358.03717393208,114339.50416743573,-0.8583796131094085
2004-12-16,113346.11605529122,114339.50416743573,-0.8688056847700026
2004-12-16,113365.22414557611,114339.50416743573,-0.8520939713302537
2004-12-16,113364.14570943857,114339.50416743573,-0.8530371590284979
2004-12-17,113364.48496586389,114339.50416743573,-0.8527404493061795
2004-12-17,113498.82905840981,114339.50416743573,-0.7352446690645589
2004-12-17,113510.24605753577,114339.50416743573,-0.7252594944662536
2004-12-20,113131.92440196416,114339.50416743573,-1.0561352126411392
2004-12-20,113168.68741572114,114339.50416743573,-1.0239827085484638
2004-12-21,113501.33230682388,114339.50416743573,-0.7330553571270131
2004-12-21,113490.98925822332,114339.50416743573,-0.7421012670912729
2004-12-23,113754.2956552821,114339.50416743573,-0.5118165558044337
2004-12-23,114143.14205403462,114339.50416743573,-0.17173601969934352
2004-12-27,114201.37166319457,114339.50416743573,-0.12080908103194597
2004-12-28,114345.65135116865,114345.65135116865,0.0
2004-12-28,114481.1332478552,114481.1332478552,0.0
2004-12-28,114685.00241503141,114685.00241503141,0.0
2004-12-28,114852.72546206047,114852.72546206047,0.0
2004-12-29,114980.97452429512,114980.97452429512,0.0
2004-12-29,114745.43597006463,114980.97452429512,-0.2048500242800761
2004-12-29,114989.49495654332,114989.49495654332,0.0
2005-01-05,114384.19926488213,114989.49495654332,-0.5263921646842088
2005-01-06,113593.71866647694,114989.49495654332,-1.213829394236291
2005-01-06,113712.55644410464,114989.49495654332,-1.110482755769346
2005-01-07,113786.44032242877,114989.49495654332,-1.0462300356821375
2005-01-07,113879.16814976683,114989.49495654332,-0.9655897760017998
2005-01-07,113964.74003461444,114989.49495654332,-0.8911726434803038
2005-01-10,114063.51520374294,114989.49495654332,-0.8052733453176124
2005-01-10,114250.53397049088,114989.49495654332,-0.6426334738940311
2005-01-10,114343.37779260824,114989.49495654332,-0.5618923399735423
2005-01-10,114471.98153136237,114989.49495654332,-0.45005278558404693
2005-01-10,114593.0911262487,114989.49495654332,-0.3447304733744784
2005-01-10,114717.10255551286,114989.49495654332,-0.23688459640022244
2005-01-12,114810.6681703562,114989.49495654332,-0.15551575929148623
2005-01-12,114958.27555885847,114989.49495654332,-0.027149782418514543
2005-01-12,114779.2250479899,114989.49495654332,-0.18286010268406766
2005-01-12,114566.40705325456,114989.49495654332,-0.3679361349040218
2005-01-12,114272.02732724487,114989.49495654332,-0.623941891013258
2005-01-12,114050.68726733254,114989.49495654332,-0.8164290916883942
2005-01-12,113729.60924144894,114989.49495654332,-1.095652881657159
2005-01-12,113692.29537827481,114989.49495654332,-1.128102683430993
2005-01-12,113592.50733525128,114989.49495654332,-1.2148828219655916
2005-01-12,113551.68718436077,114989.49495654332,-1.2503818481209334
2005-01-12,113456.13351029118,114989.49495654332,-1.3334795903152912
2005-01-12,113244.3323178181,114989.49495654332,-1.517671365879768
2005-01-12,113174.24640139715,114989.49495654332,-1.5786212086870965
2005-01-12,113001.7644033324,114989.49495654332,-1.7286192568826548
2005-01-12,112946.68811608444,114989.49495654332,-1.7765160558631028
2005-01-12,112730.4239495048,114989.49495654332,-1.9645890330175553
2005-01-12,112686.86262829285,114989.49495654332,-2.0024719032992384
2005-01-13,112442.14769169776,114989.49495654332,-2.215286940609883
2005-01-13,112428.10968438361,114989.49495654332,-2.2274950186777516
2005-01-13,112376.45770442745,114989.49495654332,-2.2724138871149813
2005-01-13,112419.17631629712,114989.49495654332,-2.2352638745109483
2005-01-13,112471.71223049519,114989.49495654332,-2.189576297382335
2005-01-13,112542.16523407641,114989.49495654332,-2.1283072191871084
2005-01-13,112541.38574343547,114989.49495654332,-2.128985099058861
2005-01-13,112498.77723450962,114989.49495654332,-2.1660393612259905
2005-01-13,112047.97882396568,114989.49495654332,-2.5580737907313154
2005-01-13,111943.94293081823,114989.49495654332,-2.648548049433612
2005-01-13,111786.43741509698,114989.49495654332,-2.7855218797654806
2005-01-13,111795.59278679475,114989.49495654332,-2.777559959677715
2005-01-13,111618.606897379,114989.49495654332,-2.9314747929262985
2005-01-13,111585.52302463992,114989.49495654332,-2.9602460061154536
2005-01-13,111203.49449424507,114989.49495654332,-3.292475076726838
2005-01-13,111183.7961833356,114989.49495654332,-3.309605607578301
2005-01-13,111105.41490488203,114989.49495654332,-3.3777694676623815
2005-01-13,111159.36658265571,114989.49495654332,-3.330850679303431
2005-01-13,111199.22639262993,114989.49495654332,-3.296186808495679
2005-01-14,111165.45362749677,114989.49495654332,-3.325557113275198
2005-01-14,111202.23742365552,114989.49495654332,-3.293568281449603
2005-01-14,111225.25304411599,114989.49495654332,-3.273552870068615
2005-01-14,111320.15996915425,114989.49495654332,-3.1910175697143286
2005-01-14,111208.40470332997,114989.49495654332,-3.2882049396271302
2005-01-14,111238.10335189938,114989.49495654332,-3.2623776685528205
2005-01-14,111056.0518684378,114989.49495654332,-3.4206977686022864
2005-01-14,111024.96392922707,114989.49495654332,-3.447733228861051
2005-01-14,111011.98280390663,114989.49495654332,-3.4590221951490974
2005-01-14,111118.9884307721,114989.49495654332,-3.365965323383639
2005-01-14,111131.31004858958,114989.49495654332,-3.3552498942723554
2005-01-14,111090.27422725859,114989.49495654332,-3.3909364770741175
2005-01-14,111024.76499477884,114989.49495654332,-3.447906231141219
2005-01-14,110990.36877019862,114989.49495654332,-3.4778187240982703
2005-01-14,110859.12314879597,114989.49495654332,-3.5919557776197646
2005-01-14,110754.21939542422,114989.49495654332,-3.683184766329903
2005-01-14,110771.81993523725,114989.49495654332,-3.6678785509058995
2005-01-18,110837.3179432579,114989.49495654332,-3.610918558129679
2005-01-18,110955.96251379873,114989.49495654332,-3.5077399411737007
2005-01-18,110996.2744137344,114989.49495654332,-3.472682912746103
2005-01-18,111104.12762531899,114989.49495654332,-3.378888943457562
2005-01-18,111204.0070005256,114989.49495654332,-3.292029378377849
2005-01-18,111340.89901103509,114989.49495654332,-3.172981972733341
2005-01-18,111379.76866816825,114989.49495654332,-3.139179183054287
2005-01-18,111459.9081758557,114989.49495654332,-3.069486288309655
2005-01-18,111379.94383659432,114989.49495654332,-3.1390268487683297
2005-01-18,111534.57630519745,114989.49495654332,-3.004551548514539
2005-01-19,111506.40107810214,114989.49495654332,-3.0290539842422226
2005-01-19,111517.0616627936,114989.49495654332,-3.0197830637155345
2005-01-19,111550.68515766053,114989.49495654332,-2.990542571025627
2005-01-19,111561.12000904384,114989.49495654332,-2.981467958264475
2005-01-20,111382.34048519233,114989.49495654332,-3.136942616118285
2005-01-20,111381.64048519233,114989.49495654332,-3.1375513673787907
2005-01-21,111241.595706071,114989.49495654332,-3.259340561404079
2005-01-24,111016.21930307311,114989.49495654332,-3.455337946280902
2005-01-24,110902.71142683261,114989.49495654332,-3.5540494644794993
2005-01-24,110841.50920193973,114989.49495654332,-3.607273652407286
2005-01-24,110621.73188363104,114989.49495654332,-3.798401823195184
2005-01-24,110672.1727185327,114989.49495654332,-3.7545362205845088
2005-01-24,110664.2187802655,114989.49495654332,-3.7614533205076057
2005-01-26,111060.68634375787,114989.49495654332,-3.416667421898164
2005-01-26,111153.54413927952,114989.49495654332,-3.335914136081282
2005-01-27,111467.98345653118,114989.49495654332,-3.062463663609436
2005-01-27,111570.27352812623,114989.49495654332,-2.9735076492937718
2005-01-27,111846.65159252117,114989.49495654332,-2.7331569420405644
2005-01-27,112039.42787608772,114989.49495654332,-2.565510076873096
2005-01-27,112158.715956086,114989.49495654332,-2.4617718353551536
2005-01-27,112612.33534065336,114989.49495654332,-2.0672841608603774
2005-01-27,112851.0401647668,114989.49495654332,-1.8596957857625847
2005-01-27,112951.35107524064,114989.49495654332,-1.772460938343045
2005-01-27,113083.16627703546,114989.49495654332,-1.657828552276273
2005-01-27,113186.24091005576,114989.49495654332,-1.5681902483083754
2005-01-28,112993.29413470304,114989.49495654332,-1.7359853807468923
2005-01-28,113104.42739411004,114989.49495654332,-1.6393389353920391
2005-01-28,113228.75222101048,114989.49495654332,-1.5312205138375967
2005-01-28,113311.5717231513,114989.49495654332,-1.4591969762334736
2005-01-28,113387.96205789816,114989.49495654332,-1.3927645297080513
2005-01-28,113457.09549719225,114989.49495654332,-1.3326430035458412
2005-01-28,113542.22359358692,114989.49495654332,-1.2586118092816618
2005-01-31,113649.51392246378,114989.49495654332,-1.165307347932906
2005-01-31,113758.7991724259,114989.49495654332,-1.0702680141194796
2005-01-31,113885.27204420573,114989.49495654332,-0.9602815568108146
2005-01-31,113970.40122253817,114989.49495654332,-0.8862494216452386
2005-01-31,114069.68083896517,114989.49495654332,-0.7999114335842281
2005-01-31,114148.62754408561,114989.49495654332,-0.7312558532198856
2005-01-31,114239.90821968728,114989.49495654332,-0.651874101316234
2005-02-01,114426.58959551071,114989.49495654332,-0.4895276401077687
2005-02-01,114498.15956861952,114989.49495654332,-0.42728719532987186
2005-02-01,114611.55042997001,114989.49495654332,-0.32867743850526576
2005-02-01,114582.24859630699,114989.49495654332,-0.3541596216160735
2005-02-01,114546.56673050187,114989.49495654332,-0.38519016559629066
2005-02-01,114682.98962497518,114989.49495654332,-0.26655072420656994
2005-02-02,114757.99941887865,114989.49495654332,-0.20131885765056626
2005-02-02,114845.3649522536,114989.49495654332,-0.12534188826917583
2005-02-02,114962.27064682399,114989.49495654332,-0.023675475511581553
2005-02-02,115031.43549797451,115031.43549797451,0.0
2005-02-02,115087.88529047262,115087.88529047262,0.0
2005-02-02,115013.29231435694,115087.88529047262,-0.06481392539920335
2005-02-02,115074.77611602053,115087.88529047262,-0.011390577226273495
2005-02-02,115088.11275128675,115088.11275128675,0.0
2005-02-02,115131.04664607802,115131.04664607802,0.0
2005-02-02,115138.00664910986,115138.00664910986,0.0
2005-02-02,115191.18459851496,115191.18459851496,0.0
2005-02-02,115213.38940742183,115213.38940742183,0.0
2005-02-02,115318.96265549652,115318.96265549652,0.0
2005-02-02,115340.34880063214,115340.34880063214,0.0
2005-02-03,115288.77131010612,115340.34880063214,-0.04471764743417872
2005-02-03,115200.56948083465,115340.34880063214,-0.12118857039274962
2005-02-03,114664.44719961824,115340.34880063214,-0.5860062051504719
2005-02-03,114711.95778206004,115340.34880063214,-0.5448145641195246
2005-02-04,114674.3547059764,115340.34880063214,-0.5774164042168191
2005-02-10,114027.25619459062,115340.34880063214,-1.1384503512393795
2005-02-10,114027.99892471303,115340.34880063214,-1.1378064047539285
2005-02-10,114744.28003973157,115340.34880063214,-0.5167911898124087
2005-02-14,114964.04333768727,115340.34880063214,-0.3262565675046857
2005-02-15,115309.850589646,115340.34880063214,-0.026441927134156273
2005-02-15,115402.81031277553,115402.81031277553,0.0
2005-02-16,115365.83959166601,115402.81031277553,-0.03203623985353679
2005-02-16,115213.63858216294,115402.81031277553,-0.16392298428424995
2005-02-16,115408.13718749132,115408.13718749132,0.0
2005-02-17,115610.51235950217,115610.51235950217,0.0
2005-02-18,115558.1854446114,115610.51235950217,-0.045261381359556214
2005-02-22,115314.07235681877,115610.51235950217,-0.25641267098756165
2005-02-22,115081.68583539981,115610.51235950217,-0.457420794449837
2005-02-22,114667.69046340138,115610.51235950217,-0.8155157146687477
2005-02-22,114468.55410879622,115610.51235950217,-0.9877633334544201
2005-02-24,114123.24519502961,115610.51235950217,-1.286446305027834
2005-02-25,114376.95086648507,115610.51235950217,-1.0669976871836877
2005-02-25,114588.56194626747,115610.51235950217,-0.8839597648844008
2005-02-25,114834.80936859178,115610.51235950217,-0.6709623329911932
2005-02-25,115052.41869942368,115610.51235950217,-0.4827360840189385
2005-02-25,115251.70681813655,115610.51235950217,-0.310357193340589
2005-02-25,115557.04009846952,115610.51235950217,-0.04625207512823739
2005-02-25,115835.94476230483,115835.94476230483,0.0
2005-02-25,116185.71769580382,116185.71769580382,0.0
2005-02-25,116363.29610968746,116363.29610968746,0.0
2005-02-28,116632.96580835854,116632.96580835854,0.0
2005-02-28,116968.2939713084,116968.2939713084,0.0
2005-02-28,117223.274564276,117223.274564276,0.0
2005-02-28,117498.4022568543,117498.4022568543,0.0
2005-02-28,117803.62379192765,117803.62379192765,0.0
2005-02-28,117833.86019545497,117833.86019545497,0.0
2005-02-28,117899.6121902088,117899.6121902088,0.0
2005-02-28,118305.07470855903,118305.07470855903,0.0
2005-02-28,118322.83230735961,118322.83230735961,0.0
2005-03-01,118591.43109393973,118591.43109393973,0.0
2005-03-01,118718.18739020487,118718.18739020487,0.0
2005-03-01,118986.52659068874,118986.52659068874,0.0
2005-03-01,119071.75017158821,119071.75017158821,0.0
2005-03-02,119151.28461601002,119151.28461601002,0.0
2005-03-02,119424.27442458742,119424.27442458742,0.0
2005-03-02,119396.91733750471,119424.27442458742,-0.022907476067593684
2005-03-02,119687.59738371485,119687.59738371485,0.0
2005-03-03,119957.16812577835,119957.16812577835,0.0
2005-03-03,120212.1520718332,120212.1520718332,0.0
2005-03-03,120365.18034737027,120365.18034737027,0.0
2005-03-03,120287.74500053415,120365.18034737027,-0.06433367740790673
2005-03-03,119716.69869925662,120365.18034737027,-0.5387618298266599
2005-03-03,119869.29750227205,120365.18034737027,-0.4119819732476806
2005-03-03,119998.70276225387,120365.18034737027,-0.30447142941069677
2005-03-03,119983.6670028319,120365.18034737027,-0.3169632143094315
2005-03-04,120162.17142890215,120365.18034737027,-0.16866083520354455
2005-03-04,120429.4460450884,120429.4460450884,0.0
2005-03-04,120716.26583690342,120716.26583690342,0.0
2005-03-07,120898.78113863447,120898.78113863447,0.0
2005-03-14,121229.35858715518,121229.35858715518,0.0
2005-03-14,124562.04117998946,124562.04117998946,0.0
2005-03-14,124817.12710706033,124817.12710706033,0.0
2005-03-14,125238.79433293465,125238.79433293465,0.0
2005-03-14,125519.38129201297,125519.38129201297,0.0
2005-03-15,125768.87499857762,125768.87499857762,0.0
2005-03-16,126073.5893273708,126073.5893273708,0.0
2005-03-16,126456.19089427298,126456.19089427298,0.0
2005-03-17,127185.63732996289,127185.63732996289,0.0
2005-03-18,126877.8618762094,127185.63732996289,-0.24198915869330317
2005-03-18,126927.34879073848,127185.63732996289,-0.2030799582772995
2005-03-18,126782.53231885012,127185.63732996289,-0.31694224251672215
2005-03-21,126412.65485985561,127185.63732996289,-0.6077592457251281
2005-03-21,125735.66829619808,127185.63732996289,-1.1400414891212067
2005-03-21,125726.64586717729,127185.63732996289,-1.147135394699076
2005-03-21,126133.92612547879,127185.63732996289,-0.8269103544731294
2005-03-21,125981.24820515425,127185.63732996289,-0.9469537206343889
2005-03-21,125478.74890754894,127185.63732996289,-1.3420449496083406
2005-03-21,125194.24403292577,127185.63732996289,-1.565737561915715
2005-03-21,124106.45348660118,127185.63732996289,-2.421015381928115
2005-03-21,123889.6338746161,127185.63732996289,-2.5914903007450665
2005-03-21,124038.31269718148,127185.63732996289,-2.4745912343987233
2005-03-21,123262.99959245106,127185.63732996289,-3.084182946958997
2005-03-21,123103.92682255516,127185.63732996289,-3.2092542783100404
2005-03-21,122335.86351682911,127185.63732996289,-3.813145819721622
2005-03-22,122078.44454775854,127185.63732996289,-4.015542076464619
2005-03-22,122002.82358882092,127185.63732996289,-4.074999229430277
2005-03-22,121992.68431041887,127185.63732996289,-4.082971260403976
2005-03-23,121438.37256190357,127185.63732996289,-4.518800148124398
2005-03-23,121521.84364278882,127185.63732996289,-4.453170818714582
2005-03-23,120553.55161854159,127185.63732996289,-5.214492650782107
2005-03-28,120642.8241096532,127185.63732996289,-5.144301949232996
2005-03-28,120469.1658923295,127185.63732996289,-5.280841122184709
2005-03-28,120597.36520946727,127185.63732996289,-5.180044114103383
2005-03-28,120205.90797490376,127185.63732996289,-5.487828265507159
2005-03-28,120272.20893866375,127185.63732996289,-5.435698980194869
2005-03-28,120574.92839679673,127185.63732996289,-5.197685109691847
2005-03-29,120189.37820259326,127185.63732996289,-5.500824837020669
2005-03-29,119628.30537162538,127185.63732996289,-5.941969641376422
2005-03-29,119499.24616377334,127185.63732996289,-6.043442740510422
2005-03-29,118918.96773678766,127185.63732996289,-6.499687988926513
2005-03-29,118829.58108366327,127185.63732996289,-6.56996845062085
2005-03-29,118634.93232347284,127185.63732996289,-6.7230114861999795
2005-03-29,118309.96459629714,127185.63732996289,-6.978518109430257
2005-03-29,117885.2301157088,127185.63732996289,-7.31246657209074
2005-03-29,117497.93727722496,127185.63732996289,-7.616976457494751
2005-03-29,117534.41786747571,127185.63732996289,-7.588293509469645
2005-03-29,116248.22276749981,127185.63732996289,-8.59956736631173
2005-03-29,116365.69211055271,127185.63732996289,-8.507206825043893
2005-03-29,116478.96825041201,127185.63732996289,-8.418143199435427
2005-03-30,116243.19313538293,127185.63732996289,-8.603521926136622
2005-03-30,116299.62659466143,127185.63732996289,-8.559150988927657
2005-03-30,116569.17344662418,127185.63732996289,-8.347219156354885
2005-03-30,116917.57858872494,127185.63732996289,-8.073284811711176
2005-03-30,116995.83187668148,127185.63732996289,-8.011757983997505
2005-03-31,116815.94196680373,127185.63732996289,-8.153196839558728
2005-03-31,116853.55068055619,127185.63732996289,-8.123626901834637
2005-03-31,116252.41323543257,127185.63732996289,-8.59627260125749
2005-03-31,116312.02237584797,127185.63732996289,-8.549404777447519
2005-03-31,116326.8379503915,127185.63732996289,-8.537755997872589
2005-03-31,115716.24224469722,127185.63732996289,-9.01783827643223
2005-04-01,115723.89934898452,127185.63732996289,-9.011817860567636
2005-04-01,115814.62296738263,127185.63732996289,-8.94048620685052
2005-04-01,116203.71171672604,127185.63732996289,-8.63456428240084
2005-04-01,116588.63038239408,127185.63732996289,-8.331921095836128
2005-04-01,117499.23904941937,127185.63732996289,-7.615952936111571
2005-04-01,117378.838281383,127185.63732996289,-7.710618317017759
2005-04-01,117108.31038033291,127185.63732996289,-7.9233215016928025
2005-04-01,117032.57886963697,127185.63732996289,-7.982865576232815
2005-04-01,117128.4908516478,127185.63732996289,-7.907454559686973
2005-04-01,116433.58352479288,127185.63732996289,-8.453827044382
2005-04-01,115731.70937387606,127185.63732996289,-9.00567721052609
2005-04-01,115046.43210081964,127185.63732996289,-9.544478043263654
2005-04-01,114234.65893270317,127185.63732996289,-10.182736564554432
2005-04-04,114601.5383237528,127185.63732996289,-9.894276799166127
2005-04-04,114949.76934387357,127185.63732996289,-9.62047935832983
2005-04-04,115307.98598172439,127185.63732996289,-9.338830702576761
2005-04-05,115203.25447310365,127185.63732996289,-9.421176092213036
2005-04-05,115268.05360295156,127185.63732996289,-9.370227627269777
2005-04-07,115271.27137456706,127185.63732996289,-9.367697646933122
2005-04-07,115428.19427651737,127185.63732996289,-9.244316654201059
2005-04-07,115547.87798234544,127185.63732996289,-9.150215065106083
2005-04-08,115408.04757891563,127185.63732996289,-9.260157041547211
2005-04-08,115559.84291384945,127185.63732996289,-9.140807610180198
2005-04-12,115538.86096102415,127185.63732996289,-9.157304718867767
2005-04-12,115526.7343432942,127185.63732996289,-9.16683929996083
2005-04-15,115400.96987458086,127185.63732996289,-9.265721902865959
2005-04-18,115133.56583260637,127185.63732996289,-9.475968946154932
2005-04-19,115307.58100035695,127185.63732996289,-9.339149120108754
2005-04-19,115346.18616612666,127185.63732996289,-9.3087957196933
2005-04-20,114922.48899228443,127185.63732996289,-9.641928597537843
2005-04-21,114812.72569597172,127185.63732996289,-9.728230241824885
2005-04-22,114748.36248020084,127185.63732996289,-9.778835968322051
2005-04-22,114686.6659530172,127185.63732996289,-9.82734500478155
2005-04-22,114522.49404226786,127185.63732996289,-9.956425547361546
2005-04-22,114531.27562458959,127185.63732996289,-9.949521008055003
2005-04-25,114407.71227085021,127185.63732996289,-10.046672979247164
2005-04-25,114472.55679813848,127185.63732996289,-9.995688820461972
2005-05-04,114606.16521043384,127185.63732996289,-9.890638898866866
2005-05-05,114712.35869200747,127185.63732996289,-9.807144029632434
2005-05-09,115119.21924094831,127185.63732996289,-9.487248986857045
2005-05-10,114903.54482190938,127185.63732996289,-9.656823495085042
2005-05-11,115475.78581402206,127185.63732996289,-9.206897698331677
2005-05-12,114928.7251181253,127185.63732996289,-9.637025429246377
2005-05-17,114940.76493503625,127185.63732996289,-9.627559095496977
2005-05-17,115288.57250412747,127185.63732996289,-9.354094594007009
2005-05-17,115535.0494204212,127185.63732996289,-9.16030155143705
2005-05-18,116097.55524943984,127185.63732996289,-8.718030049066613
2005-05-18,116410.1840862358,127185.63732996289,-8.472224906788728
2005-05-18,117420.15465525232,127185.63732996289,-7.678133222995595
2005-05-18,117736.37146801096,127185.63732996289,-7.429507026361254
2005-05-18,118004.22337806963,127185.63732996289,-7.218907845760561
2005-05-19,118234.63779812535,127185.63732996289,-7.0377439778169295
2005-05-19,118639.46587426153,127185.63732996289,-6.719446971460842
2005-05-19,118874.53403528869,127185.63732996289,-6.534624088970338
2005-05-20,118963.32152781491,127185.63732996289,-6.464814718674945
2005-05-26,119432.35413050625,127185.63732996289,-6.0960367555826895
2005-05-31,119852.05293045814,127185.63732996289,-5.766047608409533
2005-06-01,120245.64158893566,127185.63732996289,-5.456587620049046
2005-06-01,120659.16167834633,127185.63732996289,-5.131456498255902
2005-06-02,120130.8841701501,127185.63732996289,-5.546815904621654
2005-06-02,120354.94221708103,127185.63732996289,-5.370649749673158
2005-06-03,120432.8882106699,127185.63732996289,-5.309364532863137
2005-06-06,120657.67202272978,127185.63732996289,-5.132627743412053
2005-06-07,120931.30661982938,127185.63732996289,-4.917481911819683
2005-06-09,120855.9491052701,127185.63732996289,-4.976731931036691
2005-06-09,120865.10690157213,127185.63732996289,-4.9695315926224835
2005-06-10,121141.71552199854,127185.63732996289,-4.752047428346295
2005-06-13,121402.41179008943,127185.63732996289,-4.54707438770763
2005-06-15,121639.91088953853,127185.63732996289,-4.360340174289378
2005-06-15,121910.95232325904,127185.63732996289,-4.147233223370589
2005-06-16,122212.91954542756,127185.63732996289,-3.9098108001254928
2005-06-16,121955.68164348969,127185.63732996289,-4.112064692418778
2005-06-16,121570.08350274878,127185.63732996289,-4.4152421178229835
2005-06-16,121867.45197408833,127185.63732996289,-4.181435472998715
2005-06-16,122154.90548705785,127185.63732996289,-3.9554244870068174
2005-06-17,122330.62131372387,127185.63732996289,-3.8172675139752283
2005-06-21,122192.67632021036,127185.63732996289,-3.9257270825314077
2005-06-22,122136.4516214138,127185.63732996289,-3.9699338813310994
2005-06-23,122014.86673545495,127185.63732996289,-4.065530277678442
2005-06-24,121727.1146289995,127185.63732996289,-4.291776033485705
2005-06-24,121781.48716728958,127185.63732996289,-4.24902550014598
2005-06-27,121889.795218735,127185.63732996289,-4.1638680454843096
2005-06-27,122254.50422795405,127185.63732996289,-3.8771147478042667
2005-06-28,122220.22346970049,127185.63732996289,-3.9040680728598502
2005-06-28,122606.88825259518,127185.63732996289,-3.600051997607935
2005-06-28,122675.9714341395,127185.63732996289,-3.5457351871609357
2005-06-28,122908.86502111313,127185.63732996289,-3.362622068523629
2005-06-28,123159.88180105394,127185.63732996289,-3.1652595477150998
2005-06-29,123545.71920584737,127185.63732996289,-2.861894000399061
2005-06-29,123808.29281669518,127185.63732996289,-2.65544489469808
2005-06-29,124100.80677583975,127185.63732996289,-2.4254551212571562
2005-06-29,124442.17252943608,127185.63732996289,-2.1570555120224206
2005-06-30,124673.35948226904,127185.63732996289,-1.9752842384051192
2005-06-30,124587.38133374925,127185.63732996289,-2.042884755511255
2005-06-30,124520.34990129537,127185.63732996289,-2.0955883735148944
2005-07-01,124015.07444098718,127185.63732996289,-2.4928623668018313
2005-07-01,123526.71679082503,127185.63732996289,-2.8768346929342163
2005-07-01,123806.82783666471,127185.63732996289,-2.656596738617894
2005-07-01,124060.93487448801,127185.63732996289,-2.4568044954386914
2005-07-01,124140.81234644569,127185.63732996289,-2.394000649316942
2005-07-01,124378.57118475469,127185.63732996289,-2.207062215622439
2005-07-05,124433.20363306237,127185.63732996289,-2.164107327433342
2005-07-05,124529.6408257561,127185.63732996289,-2.088283362779582
2005-07-05,123928.38272878581,127185.63732996289,-2.561023924994492
2005-07-05,123892.40773904933,127185.63732996289,-2.589309343451885
2005-07-05,123845.8963430959,127185.63732996289,-2.625879035541227
2005-07-05,123878.47567930374,127185.63732996289,-2.6002634574839987
2005-07-05,124031.57420352686,127185.63732996289,-2.4798893905396824
2005-07-05,124198.98462388763,127185.63732996289,-2.3482625623260125
2005-07-05,124520.43430879626,127185.63732996289,-2.0955220079230985
2005-07-05,124433.99940245831,127185.63732996289,-2.163481651914744
2005-07-05,124220.96112921854,127185.63732996289,-2.3309834844424815
2005-07-05,124231.64084440118,127185.63732996289,-2.3225865338065184
2005-07-05,124337.43305192437,127185.63732996289,-2.2394071672175615
2005-07-05,124399.40037361592,127185.63732996289,-2.1906852179531255
2005-07-05,124415.58556511445,127185.63732996289,-2.1779595738958952
2005-07-05,124621.080116108,127185.63732996289,-2.0163890103420665
2005-07-05,124667.90552675269,127185.63732996289,-1.979572423479194
2005-07-05,124933.291880561,127185.63732996289,-1.7709117921534987
2005-07-06,125147.5890288157,127185.63732996289,-1.602420166248649
2005-07-06,125223.01254860123,127185.63732996289,-1.5431182502706238
2005-07-07,125368.40839983986,127185.63732996289,-1.4288004276839237
2005-07-08,125375.15763821197,127185.63732996289,-1.4234938234841106
2005-07-11,125500.09080300381,127185.63732996289,-1.32526483520006
2005-07-11,125581.13583281358,127185.63732996289,-1.2615429940305944
2005-07-14,125478.16493962085,127185.63732996289,-1.34250409573549
2005-07-14,125585.52534346403,127185.63732996289,-1.2580917311815814
2005-07-15,125600.43695782938,127185.63732996289,-1.2463674400757658
2005-07-19,125567.84805647642,127185.63732996289,-1.271990538750359
2005-07-19,125678.65177909777,127185.63732996289,-1.1848708568841695
2005-07-20,125766.76803311851,127185.63732996289,-1.1155892494082085
2005-07-21,125573.81780047138,127185.63732996289,-1.2672968137981622
2005-07-21,125681.15564125359,127185.63732996289,-1.1829021895028646
2005-07-22,125565.64806036362,127185.63732996289,-1.2737202907561571
2005-07-22,125808.45615109654,127185.63732996289,-1.0828118707252061
2005-07-25,125804.75632145844,127185.63732996289,-1.0857208702913344
2005-07-26,125806.70380879435,127185.63732996289,-1.0841896538923776
2005-07-27,126024.5462160935,127185.63732996289,-0.9129105599063247
2005-07-28,126096.30647242388,127185.63732996289,-0.856488893248941
2005-07-28,126098.50563721573,127185.63732996289,-0.8547597948711562
2005-07-28,126174.17541274177,127185.63732996289,-0.7952642597505308
2005-07-29,126103.19019709143,127185.63732996289,-0.8510765488898879
2005-07-29,126210.82321061543,127185.63732996289,-0.7664498443471713
2005-08-01,126124.7212614006,127185.63732996289,-0.8341477000346462
2005-08-01,126396.2202388439,127185.63732996289,-0.6206810043110211
2005-08-01,126539.14022384926,127185.63732996289,-0.5083098372471078
2005-08-02,126633.38669235815,127185.63732996289,-0.4342083345244496
2005-08-03,126311.92094118118,127185.63732996289,-0.6869615210678207
2005-08-03,126480.5457115509,127185.63732996289,-0.554379907365434
2005-08-04,126490.97239272468,127185.63732996289,-0.5461819053011555
2005-08-04,126429.79676613507,127185.63732996289,-0.5942813824700285
2005-08-05,126507.805763938,127185.63732996289,-0.5329466284517377
2005-08-08,126472.91154048267,127185.63732996289,-0.5603822919337688
2005-08-08,126751.85786424953,127185.63732996289,-0.3410601030271931
2005-08-10,127093.22931280908,127185.63732996289,-0.07265601611451625
2005-08-11,127354.3508768292,127354.3508768292,0.0
2005-08-11,127694.56455481173,127694.56455481173,0.0
2005-08-11,127938.42850645358,127938.42850645358,0.0
2005-08-11,128210.86013335697,128210.86013335697,0.0
2005-08-11,129099.12906479673,129099.12906479673,0.0
2005-08-11,129455.15669512484,129455.15669512484,0.0
2005-08-11,129791.99985053707,129791.99985053707,0.0
2005-08-11,130176.54170571704,130176.54170571704,0.0
2005-08-12,130012.47547927687,130176.54170571704,-0.12603363424039316
2005-08-12,129571.13626218196,130176.54170571704,-0.4650649307489604
2005-08-12,129871.63524729936,130176.54170571704,-0.23422534845561233
2005-08-12,130165.9714382026,130176.54170571704,-0.008119948015163683
2005-08-12,130389.3930175998,130389.3930175998,0.0
2005-08-12,130697.14944922004,130697.14944922004,0.0
2005-08-15,130852.95428856672,130852.95428856672,0.0
2005-08-15,130999.44492546933,130999.44492546933,0.0
2005-08-15,131088.62174832638,131088.62174832638,0.0
2005-08-15,131469.04329337453,131469.04329337453,0.0
2005-08-15,131696.5571691976,131696.5571691976,0.0
2005-08-15,131968.48021649438,131968.48021649438,0.0
2005-08-15,132026.4328987393,132026.4328987393,0.0
2005-08-15,132129.48473220377,132129.48473220377,0.0
2005-08-15,132402.67542855727,132402.67542855727,0.0
2005-08-16,132115.36140041152,132402.67542855727,-0.21700016802211541
2005-08-16,131925.76374840524,132402.67542855727,-0.3601979179109291
2005-08-16,130889.35569234658,132402.67542855727,-1.1429676411843015
2005-08-16,131222.87626078658,132402.67542855727,-0.8910689787437812
2005-08-16,131576.89426335215,132402.67542855727,-0.6236891834188785
2005-08-16,131841.12150914888,132402.67542855727,-0.4241258098378761
2005-08-17,131641.19197938227,132402.67542855727,-0.575126935094208
2005-08-17,131542.67709088448,132402.67542855727,-0.6495324470515207
2005-08-17,131559.90504228024,132402.67542855727,-0.636520662100802
2005-08-17,131257.1511582984,132402.67542855727,-0.865182117016195
2005-08-17,131190.17401678872,132402.67542855727,-0.9157680597042009
2005-08-17,131180.2047627277,132402.67542855727,-0.9232975556367857
2005-08-17,130915.54951229811,132402.67542855727,-1.1231841890246341
2005-08-17,130808.88668665008,132402.67542855727,-1.2037436077091808
2005-08-17,130674.92895949139,132402.67542855727,-1.3049180943463268
2005-08-17,130493.14954131871,132402.67542855727,-1.442210953107904
2005-08-17,130447.84654960666,132402.67542855727,-1.4764270228099763
2005-08-17,130736.96812833159,132402.67542855727,-1.258061662903839
2005-08-17,130726.30982556433,132402.67542855727,-1.2661115778566614
2005-08-18,130215.12575721643,132402.67542855727,-1.652194462279736
2005-08-18,129820.60604295036,132402.67542855727,-1.950164056163776
2005-08-18,130072.60358195796,132402.67542855727,-1.759837434596696
2005-08-18,130035.5571439542,132402.67542855727,-1.787817562553966
2005-08-18,130319.57253378711,132402.67542855727,-1.573308762853641
2005-08-19,130472.58968147915,132402.67542855727,-1.4577392343703568
2005-08-19,130400.48451148049,132402.67542855727,-1.512198232094737
2005-08-19,130390.64135625117,132402.67542855727,-1.5196324891423825
2005-08-19,130437.42158562208,132402.67542855727,-1.484300703572723
2005-08-19,130065.78823642072,132402.67542855727,-1.764984872528126
2005-08-19,130137.57715136581,132402.67542855727,-1.7107647333105998
2005-08-19,129994.44392514181,132402.67542855727,-1.818869215157899
2005-08-22,130295.3797042399,132402.67542855727,-1.5915809234945875
2005-08-22,130528.12676251301,132402.67542855727,-1.4157936461455694
2005-08-22,130848.03238799196,132402.67542855727,-1.1741779654627698
2005-08-24,131125.14762579443,132402.67542855727,-0.9648806556421698
2005-08-26,130884.82667840894,132402.67542855727,-1.1463882774539125
2005-08-26,130390.53748080862,132402.67542855727,-1.5197109433293672
2005-08-29,130755.08476547564,132402.67542855727,-1.2443786787153328
2005-08-29,131159.82192350595,132402.67542855727,-0.9386921382279346
2005-08-29,131267.4696361396,132402.67542855727,-0.8573888622289997
2005-08-29,131446.6439646972,132402.67542855727,-0.722063554052524
2005-08-29,131707.08780905095,132402.67542855727,-0.5253576766895827
2005-08-30,131450.4594236943,132402.67542855727,-0.7191818456695591
2005-08-30,131870.53892398503,132402.67542855727,-0.40190766753755514
2005-08-30,131501.38981028274,132402.67542855727,-0.6807155636072117
2005-08-31,130986.55502517092,132402.67542855727,-1.0695557312589703
2005-08-31,131960.5937648246,132402.67542855727,-0.33389179055616613
2005-09-01,131430.35921674446,132402.67542855727,-0.7343629640909018
2005-09-01,131224.28046127644,132402.67542855727,-0.8900084257864331
2005-09-01,131307.8497854578,132402.67542855727,-0.8268908763027373
2005-09-01,131548.00437992156,132402.67542855727,-0.6455088961528375
2005-09-02,131326.96218770643,132402.67542855727,-0.8124558188639277
2005-09-02,130612.05283213146,132402.67542855727,-1.3524066569123077
2005-09-02,129887.16068043894,132402.67542855727,-1.8998972188259606
2005-09-02,130080.95654663075,132402.67542855727,-1.7535286763742794
2005-09-06,130277.09128554679,132402.67542855727,-1.6053936494337795
2005-09-06,130406.860672759,132402.67542855727,-1.507382497625729
2005-09-06,130184.87209431913,132402.67542855727,-1.6750441991142662
2005-09-07,130442.66885936291,132402.67542855727,-1.4803375859666474
2005-09-07,130638.53147917925,132402.67542855727,-1.332408082894011
2005-09-08,129799.87253372988,132402.67542855727,-1.9658234898975466
2005-09-09,130047.5936828679,132402.67542855727,-1.7787267047788187
2005-09-16,130583.9775842852,132402.67542855727,-1.373611098405196
2005-09-19,130305.57111972608,132402.67542855727,-1.5838836353142691
2005-09-19,130971.36274550621,132402.67542855727,-1.0810300308647287
2005-09-19,131338.59725328808,132402.67542855727,-0.8036681825537175
2005-09-19,131667.18116773592,132402.67542855727,-0.5554980353989969
2005-09-19,131751.19377782397,132402.67542855727,-0.49204568459406434
2005-09-22,131569.0519708012,132402.67542855727,-0.6296122454155999
2005-09-22,131398.9824503863,132402.67542855727,-0.7580609492385535
2005-09-23,131574.4639978898,132402.67542855727,-0.6255246942606948
2005-09-23,131684.15363024594,132402.67542855727,-0.5426792139853926
2005-09-23,132108.77955861547,132402.67542855727,-0.22197124717497288
2005-09-23,132370.4732459693,132402.67542855727,-0.02432139870567769
2005-09-26,132719.59097953903,132719.59097953903,0.0
2005-09-26,132879.5319224823,132879.5319224823,0.0
2005-09-26,132379.07331735143,132879.5319224823,-0.3766258037564612
2005-09-26,131498.69297699933,132879.5319224823,-1.039166021662773
2005-09-26,131511.5015779232,132879.5319224823,-1.029526763653245
2005-09-26,131995.30312675724,132879.5319224823,-0.665436416679205
2005-09-26,130795.3143832251,132879.5319224823,-1.5685015661201125
2005-09-26,130528.64190579092,132879.5319224823,-1.769188965884389
2005-09-26,130040.27040575744,132879.5319224823,-2.136718481504882
2005-09-26,130016.18219648978,132879.5319224823,-2.154846336802953
2005-09-26,129413.29648649681,132879.5319224823,-2.6085548209242533
2005-09-26,129012.91254943014,132879.5319224823,-2.9098682973295134
2005-09-27,129375.49880111507,132879.5319224823,-2.6369998980816503
2005-09-27,128905.02721838835,132879.5319224823,-2.991058627759581
2005-09-27,128467.8791332669,132879.5319224823,-3.3200393810756466
2005-09-27,128578.78722607213,132879.5319224823,-3.236574236970587
2005-09-27,127999.40443840415,132879.5319224823,-3.6725953301258363
2005-09-27,127356.26116804642,132879.5319224823,-4.156600098243864
2005-09-28,127797.6681018447,132879.5319224823,-3.824414300015899
2005-09-28,128314.64606838771,132879.5319224823,-3.435356663325398
2005-09-28,128608.73936946187,132879.5319224823,-3.214033411490253
2005-09-29,127931.39899742884,132879.5319224823,-3.7237735966288965
2005-09-29,128295.10083437718,132879.5319224823,-3.450065651028581
2005-09-29,128488.1015698646,132879.5319224823,-3.3048207568788928
2005-09-29,128802.63258493066,132879.5319224823,-3.068116871400463
2005-09-29,128977.80174462782,132879.5319224823,-2.9362913320093753
2005-09-29,129308.92444698465,132879.5319224823,-2.687101183936016
2005-09-29,129503.0135848722,132879.5319224823,-2.5410372002061674
2005-09-29,129860.76529496869,132879.5319224823,-2.2718070901052445
2005-09-30,130104.65457679956,132879.5319224823,-2.0882654427933436
2005-09-30,130141.02477863143,132879.5319224823,-2.060894634584078
2005-09-30,130371.67372953282,132879.5319224823,-1.8873171485977898
2005-09-30,130487.77773382561,132879.5319224823,-1.7999417623264686
2005-09-30,130814.80784847292,132879.5319224823,-1.5538315375869012
2005-09-30,131332.9100220205,132879.5319224823,-1.1639278661547876
2005-10-04,130888.56312977624,132879.5319224823,-1.4983261634813152
2005-10-10,130403.48853265005,132879.5319224823,-1.8633745573973701
2005-10-11,129392.37469985217,132879.5319224823,-2.6242997489368287
2005-10-13,129062.39858944915,132879.5319224823,-2.8726270162209397
2005-10-14,128837.4868750424,132879.5319224823,-3.0418868797625636
2005-10-14,128666.13827733738,132879.5319224823,-3.1708372118611066
2005-10-14,128622.6174548808,132879.5319224823,-3.203589300784749
2005-10-14,128444.09724527814,132879.5319224823,-3.3379367108183766
2005-10-18,128469.84964497628,132879.5319224823,-3.3185564501224283
2005-10-18,128394.25171575481,132879.5319224823,-3.3754485298338195
2005-10-18,128293.72959227095,132879.5319224823,-3.4510975948399407
2005-10-18,128210.33993816779,132879.5319224823,-3.5138534255511775
2005-11-03,128099.33047284535,132879.5319224823,-3.5973948586946936
2005-11-09,128417.74797100903,132879.5319224823,-3.3577661562475547
2005-11-10,128715.29032257861,132879.5319224823,-3.1338472823135586
2005-11-11,128940.32611558356,132879.5319224823,-2.9644940420144965
2005-11-11,129785.23660514197,132879.5319224823,-2.3286470629242206
2005-11-11,130188.31287742157,132879.5319224823,-2.025307439095061
2005-11-11,129974.35726850311,132879.5319224823,-2.18632216109399
2005-11-14,130292.69862014474,132879.5319224823,-1.9467507635763166
2005-11-15,130117.84396119561,132879.5319224823,-2.0783396218597243
2005-11-17,130231.18858039676,132879.5319224823,-1.9930408421595758
2005-11-17,130570.89450677225,132879.5319224823,-1.7373912914269116
2005-11-17,130562.27139067791,132879.5319224823,-1.7438807153205578
2005-11-17,130833.06491103017,132879.5319224823,-1.5400919779322917
2005-11-17,131141.7915934343,132879.5319224823,-1.3077562088808055
2005-11-21,131444.5881922631,132879.5319224823,-1.0798831915334481
2005-11-28,131526.67029302687,132879.5319224823,-1.0181113749291757
2005-12-01,132023.60062919144,132879.5319224823,-0.6441408100309898
2005-12-01,132581.77426188884,132879.5319224823,-0.2240809071837802
2005-12-01,132909.1770290108,132909.1770290108,0.0
2005-12-01,133209.00792032923,133209.00792032923,0.0
2005-12-02,133558.11604059124,133558.11604059124,0.0
2005-12-02,133877.2496750252,133877.2496750252,0.0
2005-12-02,135008.72090183743,135008.72090183743,0.0
2005-12-05,135565.47120054765,135565.47120054765,0.0
2005-12-05,136187.0180376198,136187.0180376198,0.0
2005-12-05,136463.0652691333,136463.0652691333,0.0
2005-12-05,136774.406726106,136774.406726106,0.0
2005-12-06,136922.6577310116,136922.6577310116,0.0
2005-12-06,137219.12014035595,137219.12014035595,0.0
2005-12-07,137467.84801724541,137467.84801724541,0.0
2005-12-08,138216.1131150572,138216.1131150572,0.0
2005-12-08,138422.91031491006,138422.91031491006,0.0
2005-12-09,138040.15753363317,138422.91031491006,-0.276509705225909
2005-12-09,138319.2829601415,138422.91031491006,-0.07486286376495822
2005-12-12,138277.8679859494,138422.91031491006,-0.1047820253386528
2005-12-12,138743.34685529096,138743.34685529096,0.0
2005-12-12,139043.7723450666,139043.7723450666,0.0
2005-12-12,139649.13871070408,139649.13871070408,0.0
2005-12-12,139899.80428590663,139899.80428590663,0.0
2005-12-13,140159.9057271488,140159.9057271488,0.0
2005-12-13,140476.04229763764,140476.04229763764,0.0
2005-12-13,140853.74039958912,140853.74039958912,0.0
2005-12-13,140749.39496961387,140853.74039958912,-0.07408069510914655
2005-12-13,141004.7656492527,141004.7656492527,0.0
2005-12-13,141405.75927675707,141405.75927675707,0.0
2005-12-14,141718.29104769812,141718.29104769812,0.0
2005-12-14,141986.83528892687,141986.83528892687,0.0
2005-12-16,143526.9240789031,143526.9240789031,0.0
2005-12-16,143655.4170207451,143655.4170207451,0.0
2005-12-16,143872.0448542131,143872.0448542131,0.0
2005-12-16,143206.81131600158,143872.0448542131,-0.46237859403862264
2005-12-16,143641.47885942855,143872.0448542131,-0.1602576755047798
2005-12-16,143650.31355814167,143872.0448542131,-0.1541170116099454
2005-12-16,142941.10606696023,143872.0448542131,-0.6470602320250638
2005-12-16,142607.79444881337,143872.0448542131,-0.8787324922508863
2005-12-16,142607.62574660566,143872.0448542131,-0.8788497507550527
2005-12-19,141452.7376485308,143872.0448542131,-1.6815686522936455
2005-12-19,141109.5113214432,143872.0448542131,-1.9201322505488925
2005-12-19,141153.42517933002,143872.0448542131,-1.8896093939846945
2005-12-19,140399.6450355862,143872.0448542131,-2.4135333741488956
2005-12-19,140054.85044333342,143872.0448542131,-2.6531870140218605
2005-12-21,139900.59790544366,143872.0448542131,-2.7604021009041393
2005-12-21,139962.54639638754,143872.0448542131,-2.71734405512002
2005-12-21,140270.46980666148,143872.0448542131,-2.5033181749805076
2005-12-21,140632.03199437994,143872.0448542131,-2.252010015647098
2005-12-21,141048.2922863212,143872.0448542131,-1.9626832792661282
2005-12-22,141450.7596846672,143872.0448542131,-1.6829434599330408
2005-12-22,141798.09524361184,143872.0448542131,-1.4415236905145952
2005-12-22,142134.06198161244,143872.0448542131,-1.2080059572113413
2005-12-22,141803.60271568096,143872.0448542131,-1.437695655627971
2005-12-22,141735.21441437778,143872.0448542131,-1.4852297692721275
2005-12-23,141570.0577820491,143872.0448542131,-1.6000238785072132
2005-12-23,140173.27690112207,143872.0448542131,-2.570873276208061
2005-12-23,139253.0207189898,143872.0448542131,-3.210508434702377
2005-12-23,139649.04872921814,143872.0448542131,-2.9352443897451876
2005-12-23,139941.32642507914,143872.0448542131,-2.732093252109539
2005-12-23,140332.80123457298,143872.0448542131,-2.4599939642384827
2005-12-23,140901.91602234216,143872.0448542131,-2.064423866971934
2005-12-23,141555.50522382377,143872.0448542131,-1.6101388096184406
2005-12-23,142002.6767464135,143872.0448542131,-1.2993268495584833
2005-12-23,142352.94224349203,143872.0448542131,-1.0558705913024307
2005-12-27,142045.6587698145,143872.0448542131,-1.2694516757924017
2005-12-27,141838.47418442476,143872.0448542131,-1.4134578206968418
2005-12-27,141004.82949583474,143872.0448542131,-1.9928926159934282
2005-12-27,140380.750163144,143872.0448542131,-2.4266664831287215
2005-12-27,140283.47825853789,143872.0448542131,-2.4942764936103803
2005-12-27,139944.350671841,143872.0448542131,-2.7299912129226134
2005-12-27,139696.77926835176,143872.0448542131,-2.9020687028478527
2005-12-27,139230.673254945,143872.0448542131,-3.2260413091168996
2005-12-27,138178.13234641234,143872.0448542131,-3.957622562166583
2005-12-27,138188.90813042194,143872.0448542131,-3.950132723525225
2005-12-27,138157.0508132068,143872.0448542131,-3.9722755360830315
2005-12-27,138193.8993223677,143872.0448542131,-3.9466635353651323
2005-12-27,138299.0029496067,143872.0448542131,-3.8736099916099795
2005-12-28,138267.1087778968,143872.0448542131,-3.8957784203288743
2005-12-28,138238.44705479481,143872.0448542131,-3.915700096656628
2005-12-28,138608.9195560478,143872.0448542131,-3.6581987164347898
2005-12-29,138905.64080289705,143872.0448542131,-3.4519590350916065
2005-12-29,138833.16955983583,143872.0448542131,-3.502331046648576
2005-12-29,138414.35595522908,143872.0448542131,-3.7934324937929045
2005-12-29,138341.1326023871,143872.0448542131,-3.844327268324102
2005-12-29,138340.55033813097,143872.0448542131,-3.8447319781179536
2005-12-29,138399.8902707674,143872.0448542131,-3.8034870422469336
2005-12-30,138539.97269174986,143872.0448542131,-3.7061210660252177
2005-12-30,138642.52225332815,143872.0448542131,-3.634842756411839
2005-12-30,138749.94915538575,143872.0448542131,-3.560174392473271
2006-01-03,138602.40019572174,143872.0448542131,-3.6627300764586654
2006-01-03,138875.3052120312,143872.0448542131,-3.47304415339696
2006-01-03,139612.0871032477,143872.0448542131,-2.960935013665831
2006-01-05,139731.9134716749,143872.0448542131,-2.8776482510785493
2006-01-05,139690.90246991313,143872.0448542131,-2.9061534424820126
2006-01-05,140218.20750789423,143872.0448542131,-2.5396437160682215
2006-01-09,140386.6697666084,143872.0448542131,-2.4225519913451397
2006-01-11,140059.23163165967,143872.0448542131,-2.650141816234693
2006-01-11,140150.42722462054,143872.0448542131,-2.586755219447752
2006-01-13,140131.1703564979,143872.0448542131,-2.600139937891251
2006-01-17,140014.91341074105,143872.0448542131,-2.6809457302011124
2006-01-17,139987.256832706,143872.0448542131,-2.70016876832715
2006-01-17,140088.11294983586,143872.0448542131,-2.6300675077020936
2006-01-17,140355.21247806918,143872.0448542131,-2.444416759147035
2006-01-19,140468.19854515197,143872.0448542131,-2.3658844305092646
2006-01-20,140563.7157465565,143872.0448542131,-2.2994940476511405
2006-01-23,140360.86588897413,143872.0448542131,-2.4404872877124126
2006-01-23,140261.92752412334,143872.0448542131,-2.5092555914861223
2006-01-23,140367.74793846926,143872.0448542131,-2.435703836207226
2006-01-23,140217.25133679304,143872.0448542131,-2.540308314324374
2006-01-23,140182.18558780168,143872.0448542131,-2.5646811860847567
2006-01-23,140035.3447336995,143872.0448542131,-2.6667446927590297
2006-01-24,140126.75469139998,143872.0448542131,-2.603209099174381
2006-01-24,140178.92309452666,143872.0448542131,-2.5669488213841123
2006-01-25,140175.07833507878,143872.0448542131,-2.569621167809559
2006-01-25,140286.13369996916,143872.0448542131,-2.4924307970166035
2006-01-25,140389.7258679592,143872.0448542131,-2.4204278112419733
2006-01-25,140470.7338612041,143872.0448542131,-2.3641222285090855
2006-01-25,140496.43016161356,143872.0448542131,-2.3462617049893773
2006-01-26,140418.66995880505,143872.0448542131,-2.4003098718082363
2006-01-26,140488.07795287052,143872.0448542131,-2.3520670084112543
2006-01-26,140494.22616824874,143872.0448542131,-2.3477936171597036
2006-01-26,140667.4837728255,143872.0448542131,-2.2273688294587104
2006-01-26,140753.00051775514,143872.0448542131,-2.167929384487811
2006-01-26,140840.41183695383,143872.0448542131,-2.1071730928209536
2006-01-26,140883.34870432754,143872.0448542131,-2.077329305296273
2006-01-27,140986.6704820487,143872.0448542131,-2.005514257539174
2006-01-27,140983.81081993933,143872.0448542131,-2.0075019001783483
2006-01-27,140832.33517734328,143872.0448542131,-2.112786872494925
2006-01-27,140701.8942050764,143872.0448542131,-2.2034514435024963
2006-01-27,140679.7897264628,143872.0448542131,-2.21881542796243
2006-01-30,140729.08835713405,143872.0448542131,-2.184549820129296
2006-01-30,140795.29869807928,143872.0448542131,-2.1385295241000595
2006-01-30,140907.95257643503,143872.0448542131,-2.0602280872435106
2006-01-30,140929.81695575002,143872.0448542131,-2.0450309866968737
2006-01-30,141121.21285661944,143872.0448542131,-1.9119989573937766
2006-01-30,141321.84974714197,143872.0448542131,-1.772543866777784
2006-01-30,141477.03351085278,143872.0448542131,-1.6646815201571736
2006-01-31,141634.46923299288,143872.0448542131,-1.555253922669676
2006-02-01,141718.34244271557,143872.0448542131,-1.4969568366668469
2006-02-01,141804.26155413777,143872.0448542131,-1.437237722012386
2006-02-02,141802.29627942565,143872.0448542131,-1.438603709904002
2006-02-03,141643.81502464708,143872.0448542131,-1.548758017461916
2006-02-03,141688.39193277198,143872.0448542131,-1.5177742998327741
2006-02-03,141748.8294501984,143872.0448542131,-1.4757664744156436
2006-02-03,141799.33918133265,143872.0448542131,-1.44065907659876
2006-02-06,141810.70440999692,143872.0448542131,-1.4327595373409476
2006-02-06,142235.5724639348,143872.0448542131,-1.1374498721670032
2006-02-06,142614.68397808057,143872.0448542131,-0.8739438418398974
2006-02-08,142923.01396293513,143872.0448542131,-0.6596353671344803
2006-02-08,143283.94216433205,143872.0448542131,-0.40876786764029266
2006-02-09,143538.28231838267,143872.0448542131,-0.2319856760002546
2006-02-10,144190.71978914566,144190.71978914566,0.0
2006-02-10,144529.37637967058,144529.37637967058,0.0
2006-02-10,144608.2131931499,144608.2131931499,0.0
2006-02-10,144561.31397234416,144608.2131931499,-0.03243192054595778
2006-02-10,144226.22574011437,144608.2131931499,-0.2641533593429466
2006-02-10,144493.94313056392,144608.2131931499,-0.07902045123353026
2006-02-13,144219.1290478417,144608.2131931499,-0.2690608899153538
2006-02-13,144120.2945703093,144608.2131931499,-0.33740726896948275
2006-02-13,143398.73961109685,144608.2131931499,-0.8363795909970667
2006-02-13,143427.68558726265,144608.2131931499,-0.816362763787446
2006-02-13,144310.92416301754,144608.2131931499,-0.20558239644055862
2006-02-14,142419.99724727508,144608.2131931499,-1.5132030868482251
2006-02-14,142774.6619674048,144608.2131931499,-1.2679440436042575
2006-02-14,142885.484677579,144608.2131931499,-1.191307518107486
2006-02-14,143153.8453007591,144608.2131931499,-1.0057297993497925
2006-02-15,143244.62530239523,144608.2131931499,-0.9429532808992974
2006-02-15,143805.7561327534,144608.2131931499,-0.5549180386626263
2006-02-16,144106.09067280433,144608.2131931499,-0.3472296000745688
2006-02-16,145049.43299280948,145049.43299280948,0.0
2006-02-16,144661.0504399601,145049.43299280948,-0.2677587528857448
2006-02-16,144812.84070904515,145049.43299280948,-0.16311148474193538
2006-02-16,144901.75044333003,145049.43299280948,-0.10181532352957744
2006-02-17,144943.4049194154,145049.43299280948,-0.07309788891028973
2006-02-17,145258.37405882034,145258.37405882034,0.0
2006-02-17,145571.02028968176,145571.02028968176,0.0
2006-02-17,145851.48839414536,145851.48839414536,0.0
2006-02-21,145973.9303737564,145973.9303737564,0.0
2006-02-21,146016.62960494065,146016.62960494065,0.0
2006-02-21,145690.03744003328,146016.62960494065,-0.22366778756021977
2006-02-21,145484.85574375023,146016.62960494065,-0.3641871906160114
2006-02-21,145805.02896922117,146016.62960494065,-0.1449154362020186
2006-02-22,145808.6758964533,146016.62960494065,-0.1424178253189339
2006-02-24,146032.13991818673,146032.13991818673,0.0
2006-02-27,146359.49729327278,146359.49729327278,0.0
2006-02-28,146825.18431518757,146825.18431518757,0.0
2006-03-01,147328.63569365587,147328.63569365587,0.0
2006-03-03,147745.92890643873,147745.92890643873,0.0
2006-03-03,148299.87581178203,148299.87581178203,0.0
2006-03-06,148225.7590168404,148299.87581178203,-0.04997765138771501
2006-03-09,147561.1266429619,148299.87581178203,-0.4981455073891806
2006-03-09,148070.48365089702,148299.87581178203,-0.15468128993994903
2006-03-09,147905.62696571514,148299.87581178203,-0.2658457021010943
2006-03-09,147359.63368671708,148299.87581178203,-0.6340141014401643
2006-03-09,147417.65827996607,148299.87581178203,-0.5948875728902446
2006-03-09,147233.6309815544,148299.87581178203,-0.7189789097199779
2006-03-09,146999.3450443302,148299.87581178203,-0.8769601190377414
2006-03-09,147357.86093874247,148299.87581178203,-0.6352094820599431
2006-03-09,147880.1849206758,148299.87581178203,-0.28300151217853636
2006-03-10,148447.45708565135,148447.45708565135,0.0
2006-03-10,149103.48676051386,149103.48676051386,0.0
2006-03-10,149119.68711060446,149119.68711060446,0.0
2006-03-13,148887.75159749406,149119.68711060446,-0.15553648053081318
2006-03-13,149265.29244537003,149265.29244537003,0.0
2006-03-13,149692.83370325234,149692.83370325234,0.0
2006-03-13,151818.6107409571,151818.6107409571,0.0
2006-03-13,152171.43202633545,152171.43202633545,0.0
2006-03-14,152420.5632795405,152420.5632795405,0.0
2006-03-14,152859.00257550343,152859.00257550343,0.0
2006-03-14,153292.2136487556,153292.2136487556,0.0
2006-03-14,153607.42666608104,153607.42666608104,0.0
2006-03-14,153991.75495361318,153991.75495361318,0.0
2006-03-15,154076.63342377346,154076.63342377346,0.0
2006-03-15,154553.10357026896,154553.10357026896,0.0
2006-03-15,155098.4343863358,155098.4343863358,0.0
2006-03-15,155271.28013761956,155271.28013761956,0.0
2006-03-15,155588.16372766893,155588.16372766893,0.0
2006-03-16,154733.580182588,155588.16372766893,-0.5492599980656271
2006-03-17,154453.21299999295,155588.16372766893,-0.7294582701435597
2006-03-17,154737.80554149026,155588.16372766893,-0.546544265196854
2006-03-21,154094.68374358758,155588.16372766893,-0.9598930588932442
2006-03-23,154008.8210002319,155588.16372766893,-1.015078968475654
2006-03-24,154316.68662190525,155588.16372766893,-0.8172068332840476
2006-03-24,155603.23162385603,155603.23162385603,0.0
2006-03-24,156297.89161951,156297.89161951,0.0
2006-03-28,156866.25695034736,156866.25695034736,0.0
2006-03-29,156658.06629975967,156866.25695034736,-0.1327185684385878
2006-03-30,157130.8483948078,157130.8483948078,0.0
2006-03-31,157999.8769658028,157999.8769658028,0.0
2006-03-31,158101.0759900873,158101.0759900873,0.0
2006-03-31,158481.93310317103,158481.93310317103,0.0
2006-03-31,158770.94606417292,158770.94606417292,0.0
2006-04-03,158573.29320561542,158770.94606417292,-0.12448931209215776
2006-04-03,158106.22154221794,158770.94606417292,-0.41866886759389116
2006-04-03,157760.9350749898,158770.94606417292,-0.6361434596320233
2006-04-04,157970.88741143115,158770.94606417292,-0.5039074670616399
2006-04-04,157373.6803846244,158770.94606417292,-0.8800512399691621
2006-04-04,157408.07182644133,158770.94606417292,-0.8583901976503558
2006-04-04,157776.23370545325,158770.94606417292,-0.6265077984215204
2006-04-04,158121.8103815147,158770.94606417292,-0.4088504217867814
2006-04-04,158685.04082632644,158770.94606417292,-0.05410639665254768
2006-04-04,158757.55172817523,158770.94606417292,-0.00843626389445621
2006-04-05,158946.16760395528,158946.16760395528,0.0
2006-04-05,158954.89515321192,158954.89515321192,0.0
2006-04-05,159616.91674426568,159616.91674426568,0.0
2006-04-05,160225.16969958163,160225.16969958163,0.0
2006-04-06,160307.06326886755,160307.06326886755,0.0
2006-04-06,160195.4481942665,160307.06326886755,-0.06962579959053478
2006-04-07,159976.65436453154,160307.06326886755,-0.20611001012591168
2006-04-07,158723.966385647,160307.06326886755,-0.9875403185231859
2006-04-10,158026.38985285963,160307.06326886755,-1.422690534965866
2006-04-10,157781.71548075764,160307.06326886755,-1.5753191011143333
2006-04-10,157834.39049936747,160307.06326886755,-1.5424602753485122
2006-04-11,157402.5965073784,160307.06326886755,-1.811814590239099
2006-04-12,157684.21473027492,160307.06326886755,-1.6361403453530814
2006-04-13,157619.72781539196,160307.06326886755,-1.676367465461197
2006-04-13,157659.9077148884,160307.06326886755,-1.6513031303800636
2006-04-13,157559.23018391963,160307.06326886755,-1.7141060592815234
2006-04-17,157673.82983584312,160307.06326886755,-1.6426184719059858
2006-04-17,157791.47900241025,160307.06326886755,-1.5692285886605963
2006-04-17,158048.25421048436,160307.06326886755,-1.409051486767437
2006-04-17,158187.68856402542,160307.06326886755,-1.3220719421997726
2006-04-17,157961.91413140448,160307.06326886755,-1.462910672582018
2006-04-17,157902.30728614627,160307.06326886755,-1.5000935914395848
2006-04-17,157629.31020980745,160307.06326886755,-1.6703899406908682
2006-04-17,157518.982144894,160307.06326886755,-1.7392128999939223
2006-04-18,158058.2267096392,160307.06326886755,-1.4028306135560664
2006-04-18,158408.8052251077,160307.06326886755,-1.1841387428924992
2006-04-18,158643.08920848908,160307.06326886755,-1.0379917306498536
2006-04-18,158767.42725061477,160307.06326886755,-0.9604293078905096
2006-04-18,159056.66461971714,160307.06326886755,-0.7800022180265667
2006-04-18,159167.03966030932,160307.06326886755,-0.711149955162099
2006-04-18,159281.78147640184,160307.06326886755,-0.6395736853753646
2006-04-18,159625.8677974724,160307.06326886755,-0.4249316639608406
2006-04-18,159875.38539433436,160307.06326886755,-0.2692818804928052
2006-04-18,159978.75676716637,160307.06326886755,-0.20479852540904347
2006-04-18,160215.11131590063,160307.06326886755,-0.05735988863615916
2006-04-18,160360.42778970028,160360.42778970028,0.0
2006-04-18,160311.00714754924,160360.42778970028,-0.030818477371389166
2006-04-18,160357.86748834583,160360.42778970028,-0.001596591746315126
2006-04-18,160515.0412483154,160515.0412483154,0.0
2006-04-18,160607.33091061204,160607.33091061204,0.0
2006-04-18,160722.69219714447,160722.69219714447,0.0
2006-04-18,160881.0651939841,160881.0651939841,0.0
2006-04-18,161093.3035676441,161093.3035676441,0.0
2006-04-19,161297.31135966102,161297.31135966102,0.0
2006-04-19,161478.52216202766,161478.52216202766,0.0
2006-04-19,161590.91910794936,161590.91910794936,0.0
2006-04-19,161787.02593050935,161787.02593050935,0.0
2006-04-19,161898.61042717536,161898.61042717536,0.0
2006-04-19,161915.13697269702,161915.13697269702,0.0
2006-04-19,161979.1706020944,161979.1706020944,0.0
2006-04-19,162007.57600036418,162007.57600036418,0.0
2006-04-20,162142.88684788017,162142.88684788017,0.0
2006-04-20,162399.81858543394,162399.81858543394,0.0
2006-04-20,162560.25568214682,162560.25568214682,0.0
2006-04-20,162575.48047288656,162575.48047288656,0.0
2006-04-20,162443.48204820757,162575.48047288656,-0.08119208646656693
2006-04-20,162531.13482774427,162575.48047288656,-0.027276957763429963
2006-04-20,162617.31721277605,162617.31721277605,0.0
2006-04-20,162684.4991995923,162684.4991995923,0.0
2006-04-20,162475.73990078107,162684.4991995923,-0.12832156710585568
2006-04-20,162625.44980127335,162684.4991995923,-0.0362968805322417
2006-04-20,162600.59956536867,162684.4991995923,-0.051571990347218856
2006-04-20,162422.05903091357,162684.4991995923,-0.16131848453290695
2006-04-20,162426.66286506096,162684.4991995923,-0.15848856885560436
2006-04-20,162459.17412828817,162684.4991995923,-0.13850432734079376
2006-04-20,162254.824843929,162684.4991995923,-0.2641151171606998
2006-04-21,162397.02743323598,162684.4991995923,-0.17670507501985844
2006-04-26,162391.24958738426,162684.4991995923,-0.18025664009222536
2006-04-28,162389.6404188371,162684.4991995923,-0.18124577461645142
2006-04-28,162506.54161743436,162684.4991995923,-0.10938816115456634
2006-04-28,162631.84330762574,162684.4991995923,-0.03236687713066484
2006-04-28,162903.7403588819,162903.7403588819,0.0
2006-05-01,163260.4479181782,163260.4479181782,0.0
2006-05-01,163365.4371939853,163365.4371939853,0.0
2006-05-01,163518.3517357162,163518.3517357162,0.0
2006-05-01,163651.16744368966,163651.16744368966,0.0
2006-05-01,163798.20551010218,163798.20551010218,0.0
2006-05-01,163973.79872886054,163973.79872886054,0.0
2006-05-01,163777.95038705115,163973.79872886054,-0.11943880261823274
2006-05-02,163438.34631412648,163973.79872886054,-0.32654754533037045
2006-05-02,163761.26355855673,163973.79872886054,-0.12961532388186084
2006-05-03,163856.37524554392,163973.79872886054,-0.07161112581820342
2006-05-03,164040.1901860621,164040.1901860621,0.0
2006-05-03,164073.99781613666,164073.99781613666,0.0
2006-05-03,164243.08336079697,164243.08336079697,0.0
2006-05-03,164420.43863112698,164420.43863112698,0.0
2006-05-03,164733.31748999085,164733.31748999085,0.0
2006-05-03,164862.9308642889,164862.9308642889,0.0
2006-05-03,164639.77824989293,164862.9308642889,-0.13535645231229806
2006-05-04,165660.90778767032,165660.90778767032,0.0
2006-05-04,165805.20808106402,165805.20808106402,0.0
2006-05-04,166230.25961364634,166230.25961364634,0.0
2006-05-04,166343.2249935818,166343.2249935818,0.0
2006-05-04,166502.65770857048,166502.65770857048,0.0
2006-05-04,166589.99186565532,166589.99186565532,0.0
2006-05-04,166716.61476946351,166716.61476946351,0.0
2006-05-04,166629.76846638627,166716.61476946351,-0.052092170415846954
2006-05-04,166466.87357738338,166716.61476946351,-0.14979982194664998
2006-05-04,166530.35268627392,166716.61476946351,-0.11172376757238929
2006-05-04,166733.6859285497,166733.6859285497,0.0
2006-05-05,167037.61770271385,167037.61770271385,0.0
2006-05-05,167006.63986659344,167037.61770271385,-0.018545425004528625
2006-05-05,166902.21537475512,167037.61770271385,-0.08106097885071034
2006-05-05,166953.2801005427,167037.61770271385,-0.0504901849841064
2006-05-05,167090.72127570526,167090.72127570526,0.0
2006-05-05,167501.28471959668,167501.28471959668,0.0
2006-05-05,167893.78818391307,167893.78818391307,0.0
2006-05-08,168799.8388872633,168799.8388872633,0.0
2006-05-08,168921.32615800702,168921.32615800702,0.0
2006-05-09,168961.38294307495,168961.38294307495,0.0
2006-05-09,169042.24607643037,169042.24607643037,0.0
2006-05-09,169092.34539730774,169092.34539730774,0.0
2006-05-09,169188.31056951912,169188.31056951912,0.0
2006-05-09,169607.80240563568,169607.80240563568,0.0
2006-05-09,170027.40874658912,170027.40874658912,0.0
2006-05-10,170392.36611619568,170392.36611619568,0.0
2006-05-10,170447.31363953705,170447.31363953705,0.0
2006-05-10,170502.335030743,170502.335030743,0.0
2006-05-10,170137.6892981698,170502.335030743,-0.21386553592210672
2006-05-11,169736.50091786488,170502.335030743,-0.4491634162898976
2006-05-11,168686.8210023567,170502.335030743,-1.06480302927168
2006-05-12,168242.07271008036,170502.335030743,-1.3256488952219339
2006-05-12,167846.81240703602,170502.335030743,-1.5574699450468958
2006-05-17,167437.64426510799,170502.335030743,-1.7974479734148119
2006-05-18,166768.62279413885,170502.335030743,-2.189830559171485
2006-05-18,166063.39342501014,170502.335030743,-2.603449158002725
2006-05-18,165682.12525341837,170502.335030743,-2.827063791504973
2006-05-18,165221.41591403625,170502.335030743,-3.0972708472025134
2006-05-19,166591.80524927305,170502.335030743,-2.293534443833193
2006-05-19,167390.32318112656,170502.335030743,-1.82520189477483
2006-05-19,168083.90215734686,170502.335030743,-1.4184162773841666
2006-05-22,167759.92285786127,170502.335030743,-1.608430859546446
2006-05-22,165792.22419743324,170502.335030743,-2.7624905151360495
2006-05-22,164124.12710942424,170502.335030743,-3.7408331798908936
2006-05-22,163867.9247354235,170502.335030743,-3.8910964440007643
2006-05-22,163740.29285135574,170502.335030743,-3.9659528288383927
2006-05-22,162574.33005423087,170502.335030743,-4.649792611393065
2006-05-22,162382.6309274745,170502.335030743,-4.76222457704433
2006-05-22,161883.82438735964,170502.335030743,-5.0547757259918935
2006-05-22,159317.7381523906,170502.335030743,-6.559791029451721
2006-05-22,159621.82099080883,170502.335030743,-6.381445766107735
2006-05-22,159081.10344208378,170502.335030743,-6.698577815136597
2006-05-22,157684.23367783718,170502.335030743,-7.517845049215668
2006-05-22,157324.40520332885,170502.335030743,-7.728885252532214
2006-05-23,156462.77647268717,170502.335030743,-8.234232425922137
2006-05-23,155332.11833515,170502.335030743,-8.897365946840367
2006-05-23,154688.57920927438,170502.335030743,-9.274803080331584
2006-05-23,153854.93945285672,170502.335030743,-9.763734657877043
2006-05-23,153184.25259805034,170502.335030743,-10.157093994970843
2006-05-23,153374.50127405065,170502.335030743,-10.045512721924933
2006-05-23,153082.88643480992,170502.335030743,-10.216545475926896
2006-05-23,152093.31287376123,170502.335030743,-10.796932577880812
2006-05-23,151552.24397910258,170502.335030743,-11.114270692083815
2006-05-23,151185.07879141855,170502.335030743,-11.329613894051008
2006-05-23,150482.70746751392,170502.335030743,-11.741556242980124
2006-05-23,149599.5383294319,170502.335030743,-12.259536913404826
2006-05-23,149379.36240976996,170502.335030743,-12.38867058164593
2006-05-23,148940.82024509265,170502.335030743,-12.645876539909343
2006-05-23,148229.2309464305,170502.335030743,-13.063225251605193
2006-05-23,148187.79650710875,170502.335030743,-13.087526642735279
2006-05-23,147295.04867259806,170502.335030743,-13.61112523999186
2006-05-23,146771.9400134381,170502.335030743,-13.917929635993609
2006-05-23,146750.24095708338,170502.335030743,-13.930656180970729
2006-05-24,146056.34006111335,170502.335030743,-14.337630605013024
2006-05-24,144739.18782481845,170502.335030743,-15.110143331045434
2006-05-24,144028.6820849076,170502.335030743,-15.526856533115504
2006-05-24,144217.5736888508,170502.335030743,-15.416071185859623
2006-05-24,143565.0252132673,170502.335030743,-15.798792323060374
2006-05-24,142108.1761994427,170502.335030743,-16.653237520870665
2006-05-24,141088.28370617135,170502.335030743,-17.25140674423494
2006-05-24,139369.4226328308,170502.335030743,-18.259522599675062
2006-05-24,137872.49918961903,170502.335030743,-19.13747153975372
2006-05-24,137170.72841120808,170502.335030743,-19.54906166741057
2006-05-24,135653.07901170506,170502.335030743,-20.439166427107484
2006-05-24,135201.55165346919,170502.335030743,-20.70398823037162
2006-05-25,133730.64444724988,170502.335030743,-21.566678589394613
2006-05-25,133646.4343956646,170502.335030743,-21.61606797257819
2006-05-25,132564.4899028895,170502.335030743,-22.25063083213083
2006-05-25,130869.12135478512,170502.335030743,-23.244968269092432
2006-05-25,129842.98197181638,170502.335030743,-23.846801307205208
2006-05-25,130015.68974014239,170502.335030743,-23.74550781565574
2006-05-25,129862.02891023425,170502.335030743,-23.8356302353167
2006-05-25,130325.89470169997,170502.335030743,-23.56357191342798
2006-05-25,130205.80699389525,170502.335030743,-23.634003622051246
2006-05-26,130562.9550896314,170502.335030743,-23.424535466866303
2006-05-26,130716.32099412337,170502.335030743,-23.334586021620108
2006-05-30,130679.9457924965,170502.335030743,-23.355920158551612
2006-05-30,130862.0720285185,170502.335030743,-23.249102714679562
2006-06-01,131116.76763047115,170502.335030743,-23.099723175738507
2006-06-01,131452.03756385803,170502.335030743,-22.903086611596187
2006-06-01,131911.74848425676,170502.335030743,-22.633465130860543
2006-06-02,132766.66929292635,170502.335030743,-22.132052168677102
2006-06-02,132873.77245951354,170502.335030743,-22.069235922455093
2006-06-05,132975.3826233745,170502.335030743,-22.009641334590572
2006-06-07,132879.76418209166,170502.335030743,-22.065721763791494
2006-06-07,133145.45642321213,170502.335030743,-21.909892671437674
2006-06-08,133285.73857592203,170502.335030743,-21.82761687581024
2006-06-15,133644.0780868195,170502.335030743,-21.61744995297434
2006-06-15,133737.30853915174,170502.335030743,-21.56277008462214
2006-06-16,133886.91225017593,170502.335030743,-21.47502717424076
2006-06-16,133656.7330551667,170502.335030743,-21.610027785797033
2006-06-16,132532.3937190683,170502.335030743,-22.26945531556997
2006-06-19,132112.71441154013,170502.335030743,-22.51559816601978
2006-06-19,131420.49797336315,170502.335030743,-22.921584651807304
2006-06-19,130907.32729029795,170502.335030743,-23.222560402651226
2006-06-19,130615.57093432994,170502.335030743,-23.39367615652956
2006-07-10,130782.52824390912,170502.335030743,-23.29575532186821
2006-07-18,130435.92665355666,170502.335030743,-23.49903792810934
2006-07-19,130240.55942394618,170502.335030743,-23.613621244270522
2006-07-19,130337.38147644192,170502.335030743,-23.55683489440717
2006-07-20,130543.58396866586,170502.335030743,-23.43589667254249
2006-07-20,130045.63605767755,170502.335030743,-23.727944233591156
2006-07-21,129771.13560439866,170502.335030743,-23.888939362032882
2006-07-21,129479.02513971817,170502.335030743,-24.060262801461334
2006-08-14,129314.41199979695,170502.335030743,-24.156808775386875
2006-08-14,129682.86362456127,170502.335030743,-23.940711075201193
2006-08-15,129964.4769919993,170502.335030743,-23.775544206731475
2006-08-15,130488.58079795737,170502.335030743,-23.46815615491179
2006-08-15,130802.60306838778,170502.335030743,-23.283981392511155
2006-08-15,131038.38455527798,170502.335030743,-23.14569502426424
2006-08-16,131832.31853242448,170502.335030743,-22.680050974871396
2006-08-16,131778.49708941733,170502.335030743,-22.71161737130664
2006-08-16,132432.53026244632,170502.335030743,-22.328025455740754
2006-08-16,132794.79265104237,170502.335030743,-22.11555775638008
2006-08-17,132904.32390210257,170502.335030743,-22.051317433195976
2006-08-17,133170.9242230661,170502.335030743,-21.89495574998767
2006-08-17,132936.9961009086,170502.335030743,-22.032155115682755
2006-08-18,133411.34585859271,170502.335030743,-21.75394792421023
2006-08-22,132486.07440576793,170502.335030743,-22.296621696189924
2006-08-23,132032.77190224943,170502.335030743,-22.562484626123855
2006-08-28,132381.31519540565,170502.335030743,-22.358063206855093
2006-08-28,132457.42786405073,170502.335030743,-22.31342295683661
2006-08-29,132772.6540490458,170502.335030743,-22.128542095857053
2006-08-29,133012.88218051568,170502.335030743,-21.987647760640737
2006-08-30,133160.13233119552,170502.335030743,-21.901285218653676
2006-08-30,133436.1632155743,170502.335030743,-21.73939248895644
2006-08-31,133544.67151765447,170502.335030743,-21.675752127632013
2006-09-01,133665.3811155523,170502.335030743,-21.604955679081282
2006-09-05,133994.15497757407,170502.335030743,-21.41212907529167
2006-09-05,134324.85108291535,170502.335030743,-21.218175071505353
2006-09-05,134575.8196426379,170502.335030743,-21.07098145114977
2006-09-05,134811.29925198137,170502.335030743,-20.93287213475771
2006-09-05,135409.8613698811,170502.335030743,-20.581814116818066
2006-09-06,135801.89444125196,170502.335030743,-20.35188584557171
2006-09-11,136050.81481685306,170502.335030743,-20.20589348977423
2006-09-11,136218.2224436169,170502.335030743,-20.107708543079134
2006-09-11,136716.2121453039,170502.335030743,-19.815636471692414
2006-09-14,137043.1697075624,170502.335030743,-19.623875131767342
2006-09-15,137333.54389528008,170502.335030743,-19.453570022652368
2006-09-15,137563.92261714948,170502.335030743,-19.318452388147325
2006-09-15,137632.09618573872,170502.335030743,-19.278468438029023
2006-09-18,137923.2850966104,170502.335030743,-19.107685491966038
2006-09-18,137835.19778175966,170502.335030743,-19.159348898707567
2006-09-18,137788.03813210168,170502.335030743,-19.187008138476617
2006-09-18,137539.4800668872,170502.335030743,-19.332787998423797
2006-09-19,137334.187734165,170502.335030743,-19.45319240970953
2006-09-19,137176.7869732306,170502.335030743,-19.54550830726367
2006-09-20,137402.92068415688,170502.335030743,-19.41288038115022
2006-09-20,136013.0235162375,170502.335030743,-20.22805817192286
2006-09-20,136299.4469564333,170502.335030743,-20.06007018504623
2006-09-20,136266.782710821,170502.335030743,-20.079227837993574
2006-09-21,136357.76304953662,170502.335030743,-20.025867666299018
2006-09-21,136900.66148725693,170502.335030743,-19.707456521007416
2006-09-21,138618.76990377164,170502.335030743,-18.69978210047534
2006-09-22,138324.16748737212,170502.335030743,-18.872567075148204
2006-09-26,138677.35412562682,170502.335030743,-18.665422323616784
2006-09-26,138004.9609180975,170502.335030743,-19.059782440390606
2006-09-27,138582.53439972355,170502.335030743,-18.721034304465128
2006-09-27,138068.97542377794,170502.335030743,-19.02223778994995
2006-09-27,138023.43316631403,170502.335030743,-19.048948425587696
2006-09-27,138416.6389443104,170502.335030743,-18.818332359288387
2006-09-28,138562.57429823343,170502.335030743,-18.732740948533383
2006-09-28,139148.76236049854,170502.335030743,-18.38894034183822
2006-09-29,139326.6588609021,170502.335030743,-18.28460364734575
2006-09-29,139350.71365422892,170502.335030743,-18.270495457377276
2006-10-02,139619.76472244933,170502.335030743,-18.112696405433564
2006-10-02,139427.69592796447,170502.335030743,-18.225345182032566
2006-10-02,139509.8742785563,170502.335030743,-18.177147396015727
2006-10-04,139805.51511106308,170502.335030743,-18.003753387978545
2006-10-04,140089.72803187545,170502.335030743,-17.83706187565344
2006-10-05,140353.02464617416,170502.335030743,-17.682637823776826
2006-10-05,140668.12906208006,170502.335030743,-17.497828380639827
2006-10-05,140829.03787764846,170502.335030743,-17.403455001214034
2006-10-06,140941.1997824055,170502.335030743,-17.337671793765974
2006-10-10,140889.06218697524,170502.335030743,-17.368250609839595
2006-10-10,140953.34816898077,170502.335030743,-17.330546737928433
2006-10-10,140539.41757786507,170502.335030743,-17.573317953373117
2006-10-10,140627.89244334179,170502.335030743,-17.521427247324567
2006-10-11,140667.9025427474,170502.335030743,-17.49796123473394
2006-10-12,140528.97408428913,170502.335030743,-17.579443085661804
2006-10-13,140610.80955410592,170502.335030743,-17.531446399984727
2006-10-13,140701.10217595386,170502.335030743,-17.478489575767828
2006-10-16,140776.7916231179,170502.335030743,-17.43409754609246
2006-10-17,140863.19779536364,170502.335030743,-17.383420133240513
2006-10-18,140974.91207663785,170502.335030743,-17.31789945796409
2006-10-19,141047.34951908686,170502.335030743,-17.275414736311482
2006-10-19,141123.50971539353,170502.335030743,-17.2307466112134
2006-10-23,141728.83743472127,170502.335030743,-16.875720552937672
2006-10-23,142334.14620084068,170502.335030743,-16.52070561076091
2006-10-25,142535.4598201446,170502.335030743,-16.402634723774156
2006-10-25,143083.17117909587,170502.335030743,-16.08140078943977
2006-10-25,143456.9832978156,170502.335030743,-15.862159147586393
2006-10-26,143731.91097847637,170502.335030743,-15.700913449331766
2006-10-26,143941.07078709672,170502.335030743,-15.578240754800849
2006-10-27,143829.53291183972,170502.335030743,-15.643657967554494
2006-10-31,143731.63976578752,170502.335030743,-15.701072516179035
2006-10-31,143676.19759027398,170502.335030743,-15.73358947584621
2006-10-31,143435.87558499107,170502.335030743,-15.874538868263377
2006-11-01,143539.42842930646,170502.335030743,-15.813804893976915
2006-11-01,143799.93832955137,170502.335030743,-15.66101525611187
2006-11-06,144412.36203532547,170502.335030743,-15.301827385949466
2006-11-06,144720.36561046098,170502.335030743,-15.121182601771007
2006-11-06,145284.82928698737,170502.335030743,-14.790123395793206
2006-11-06,145857.77652344457,170502.335030743,-14.454088562983502
2006-11-06,145571.0953524612,170502.335030743,-14.62222770954221
2006-11-06,145785.89006593378,170502.335030743,-14.49625013074023
2006-11-06,146227.77297853905,170502.335030743,-14.237084816361634
2006-11-06,146766.06765846824,170502.335030743,-13.921373785288585
2006-11-07,146851.96165172476,170502.335030743,-13.870996766556823
2006-11-07,147233.12738024452,170502.335030743,-13.647442216144931
2006-11-07,147510.8630956603,170502.335030743,-13.484549599239894
2006-11-07,147838.86274333767,170502.335030743,-13.292177073891057
2006-11-08,147854.6424566448,170502.335030743,-13.282922236821356
2006-11-08,148174.32108519765,170502.335030743,-13.095430007758798
2006-11-09,148182.05786884547,170502.335030743,-13.090892366883425
2006-11-09,148382.68549573392,170502.335030743,-12.973223815979251
2006-11-09,148414.79589355693,170502.335030743,-12.954390995996334
2006-11-10,148600.399375124,170502.335030743,-12.845534139852052
2006-11-10,148407.3299441972,170502.335030743,-12.958769791957328
2006-11-10,148510.24223680393,170502.335030743,-12.898411502677497
2006-11-10,148193.700166018,170502.335030743,-13.084064133609996
2006-11-10,148637.95823956784,170502.335030743,-12.823505782036845
2006-11-10,148896.74474708847,170502.335030743,-12.67172691785064
2006-11-10,149233.67131954152,170502.335030743,-12.47411873119894
2006-11-13,149279.72065733068,170502.335030743,-12.447110691818805
2006-11-13,148887.20090596486,170502.335030743,-12.677324401968315
2006-11-14,149368.31689017318,170502.335030743,-12.395148803539366
2006-11-14,149655.8216048963,170502.335030743,-12.226526646739412
2006-11-14,149919.9679927808,170502.335030743,-12.071604200758333
2006-11-14,149878.91159552132,170502.335030743,-12.095683869375225
2006-11-14,150096.98956465675,170502.335030743,-11.967780653799847
2006-11-14,150549.31545200892,170502.335030743,-11.702490511426952
2006-11-14,150105.69774562898,170502.335030743,-11.962673286225874
2006-11-15,150101.47964676408,170502.335030743,-11.965147210623526
2006-11-15,149988.5413968322,170502.335030743,-12.031385746249157
2006-11-15,150580.34285196578,170502.335030743,-11.684292872109422
2006-11-20,151037.83505319434,170502.335030743,-11.415972675118526
2006-11-21,151136.27166156014,170502.335030743,-11.358239384634237
2006-11-24,152699.6979974086,170502.335030743,-10.441286349611836
2006-11-29,152969.67792591697,170502.335030743,-10.282942519036324
2006-11-29,152832.9436921415,170502.335030743,-10.36313745229094
2006-11-30,154929.1187852199,170502.335030743,-9.133726082235247
2006-11-30,155101.79309624294,170502.335030743,-9.032452213468645
2006-11-30,155755.56618015107,170502.335030743,-8.649012840752574
2006-11-30,155860.58760671626,170502.335030743,-8.587417539699217
2006-12-01,155942.80644716072,170502.335030743,-8.539196006293452
2006-12-04,155869.12518410507,170502.335030743,-8.58241023150765
2006-12-04,155920.38683350835,170502.335030743,-8.552345159733681
2006-12-04,155896.92173360058,170502.335030743,-8.566107493195883
2006-12-04,156167.86353161314,170502.335030743,-8.407199524009593
2006-12-04,156513.81740054797,170502.335030743,-8.204296807825415
2006-12-04,157215.05579833634,170502.335030743,-7.7930189225917985
2006-12-04,157510.94822748686,170502.335030743,-7.619477352561586
2006-12-04,158542.23754365565,170502.335030743,-7.014623867134051
2006-12-04,159114.4190202685,170502.335030743,-6.67903815418197
2006-12-05,160109.054958666,170502.335030743,-6.0956819566154365
2006-12-06,160015.46989993702,170502.335030743,-6.150569802410696
2006-12-06,160175.64043562405,170502.335030743,-6.0566294257829165
2006-12-06,160292.95401369184,170502.335030743,-5.987824750441297
2006-12-06,160478.7726733892,170502.335030743,-5.878841691843382
2006-12-06,159988.3806624908,170502.335030743,-6.16645770062707
2006-12-06,160229.37191864217,170502.335030743,-6.025115791082005
2006-12-07,160281.68074563376,170502.335030743,-5.994436547315543
2006-12-07,160363.44903412665,170502.335030743,-5.946479263634854
2006-12-08,160391.85725506715,170502.335030743,-5.929817778655554
2006-12-08,159069.7282982643,170502.335030743,-6.705249362372262
2006-12-11,159758.2604941184,170502.335030743,-6.301423692929103
2006-12-14,159531.6088951775,170502.335030743,-6.434355361518894
2006-12-14,159625.0456565979,170502.335030743,-6.37955449242606
2006-12-14,160019.55694543553,170502.335030743,-6.148172741104893
2006-12-15,160329.16338413386,170502.335030743,-5.966587873869784
2006-12-15,160850.42901650956,170502.335030743,-5.660864417190022
2006-12-15,161254.0232592142,170502.335030743,-5.424155493155708
2006-12-18,161442.8931167596,170502.335030743,-5.31338290021067
2006-12-19,161801.1203011286,170502.335030743,-5.103281857134395
2006-12-19,162129.16111073413,170502.335030743,-4.910885190222834
2006-12-19,162417.1787938991,170502.335030743,-4.741962176286959
2006-12-20,162299.46544155842,170502.335030743,-4.811001320131797
2006-12-20,162054.07453887214,170502.335030743,-4.954923632188131
2006-12-20,161846.950952951,170502.335030743,-5.076402077561788
2006-12-20,161909.4949442779,170502.335030743,-5.0397198870711994
2006-12-20,161791.59558572524,170502.335030743,-5.108868123974459
2006-12-20,161757.45977803716,170502.335030743,-5.128888851363285
2006-12-21,161628.185484759,170502.335030743,-5.204708512868131
2006-12-21,161467.64832288024,170502.335030743,-5.298863916575535
2006-12-21,161503.4224304433,170502.335030743,-5.2778823226539044
2006-12-21,160931.5600513642,170502.335030743,-5.6132808841902975
2006-12-21,160908.4393460845,170502.335030743,-5.626841229434577
2006-12-22,160552.51474328755,170502.335030743,-5.835591803280242
2006-12-22,160409.87051692014,170502.335030743,-5.91925296037917
2006-12-22,160714.22375992133,170502.335030743,-5.740749104143825
2006-12-22,159987.2588639,170502.335030743,-6.167115638004048
2006-12-26,160031.833184867,170502.335030743,-6.140972699281859
2006-12-26,160372.1453181872,170502.335030743,-5.941378873626134
2006-12-26,160088.45823476205,170502.335030743,-6.1077619811501425
2006-12-26,159894.89559081718,170502.335030743,-6.221286903791212
2006-12-26,159516.27514964645,170502.335030743,-6.443348637492666
2006-12-26,159864.5907837753,170502.335030743,-6.2390607407515235
2006-12-26,159994.39364877678,170502.335030743,-6.162931070751354
2006-12-26,159741.98969680202,170502.335030743,-6.310966551866172
2006-12-26,159438.7656420252,170502.335030743,-6.488808136687961
2006-12-26,159593.63587548133,170502.335030743,-6.397976399147115
2006-12-26,159446.5026759398,170502.335030743,-6.484270349030563
2006-12-26,159432.3010724464,170502.335030743,-6.49259962117269
2006-12-26,158434.5224202861,170502.335030743,-7.07779902737459
2006-12-27,158916.0678627593,170502.335030743,-6.795371550714904
2006-12-27,159334.29133812597,170502.335030743,-6.550082549076729
2006-12-27,159464.98409836643,170502.335030743,-6.473430953532952
2006-12-27,159787.0394041884,170502.335030743,-6.284544797948105
2006-12-28,160073.68038371566,170502.335030743,-6.116429223768092
2006-12-28,160226.42616554792,170502.335030743,-6.026843481845721
2006-12-29,159813.93302592574,170502.335030743,-6.26877162878154
2006-12-29,159873.04044245413,170502.335030743,-6.234104997079555
2006-12-29,159570.77565338698,170502.335030743,-6.411383970421855
2006-12-29,159660.02978041218,170502.335030743,-6.3590362257360695
2007-01-03,159544.3242070874,170502.335030743,-6.426897802707387
2007-01-03,159302.41559313444,170502.335030743,-6.5687777446503155
2007-01-03,159440.48860195436,170502.335030743,-6.487797616844428
2007-01-03,159610.04374503947,170502.335030743,-6.38835314703436
2007-01-03,159626.8924743863,170502.335030743,-6.378471329671694
2007-01-03,159643.13534884562,170502.335030743,-6.368944847552605
2007-01-03,159623.94371794403,170502.335030743,-6.380200781905722
2007-01-04,159344.0640776566,170502.335030743,-6.544350815532514
2007-01-04,159652.32319410724,170502.335030743,-6.363556155802449
2007-01-08,159812.30931147773,170502.335030743,-6.269723940928889
2007-01-08,159929.2619218472,170502.335030743,-6.201130973947884
2007-01-09,160026.64106451956,170502.335030743,-6.144017889452713
2007-01-10,160178.1508366007,170502.335030743,-6.0551570700077395
2007-01-10,160242.73779520512,170502.335030743,-6.017276674649645
2007-01-10,160347.10145143027,170502.335030743,-5.956067157368647
2007-01-10,160449.72905097375,170502.335030743,-5.895875841205746
2007-01-10,160715.71110887057,170502.335030743,-5.739876770665825
2007-01-10,160960.5332912979,170502.335030743,-5.596288014310558
2007-01-10,161094.87595675612,170502.335030743,-5.517495741211194
2007-01-11,161250.32603807314,170502.335030743,-5.426323921605915
2007-01-11,161350.1658948958,170502.335030743,-5.367767622770095
2007-01-11,161511.4047824089,170502.335030743,-5.273200655412116
2007-01-11,161780.604423009,170502.335030743,-5.11531446543615
2007-01-11,161975.4929436874,170502.335030743,-5.001011913131954
2007-01-11,162127.6169407816,170502.335030743,-4.9117908493460725
2007-01-12,162255.37922451657,170502.335030743,-4.83685798481261
2007-01-12,162181.79060986976,170502.335030743,-4.8800178715282625
2007-01-12,162606.77298462938,170502.335030743,-4.630764760312514
2007-01-12,162739.34721798133,170502.335030743,-4.5530096765900305
2007-01-12,162886.07387775605,170502.335030743,-4.466954163187082
2007-01-12,162988.3422969617,170502.335030743,-4.406973507093892
2007-01-12,163186.89409143012,170502.335030743,-4.290522436536634
2007-01-16,163070.4114830106,170502.335030743,-4.3588397463251
2007-01-16,163260.17599096123,170502.335030743,-4.247542438920825
2007-01-16,163230.0829749539,170502.335030743,-4.265192059966723
2007-01-16,163209.57632976043,170502.335030743,-4.2772192531367
2007-01-16,163161.70402609737,170502.335030743,-4.305296466070131
2007-01-16,163118.87437328603,170502.335030743,-4.330416153025515
2007-01-16,163085.35525359248,170502.335030743,-4.350075191529302
2007-01-16,162972.83409807328,170502.335030743,-4.4160691003510895
2007-01-16,163107.32389944646,170502.335030743,-4.337190531709236
2007-01-16,162915.8016510777,170502.335030743,-4.449518757791439
2007-01-16,162799.28449676323,170502.335030743,-4.5178563288243865
2007-01-17,162603.10423713108,170502.335030743,-4.632916488907695
2007-01-17,162871.13537782163,170502.335030743,-4.4757156267363785
2007-01-18,162745.72765509976,170502.335030743,-4.549267535981055
2007-01-18,162867.879416127,170502.335030743,-4.477625255536507
2007-01-18,162621.95386924624,170502.335030743,-4.621861137606046
2007-01-19,162317.6332701172,170502.335030743,-4.800345848137531
2007-01-24,162527.52792444394,170502.335030743,-4.677242164959875
2007-01-24,162712.09737101974,170502.335030743,-4.568991772645589
2007-01-24,162906.96194866687,170502.335030743,-4.454703262982663
2007-01-24,163040.52826308188,170502.335030743,-4.376366321502693
2007-01-24,163031.69205440918,170502.335030743,-4.381548777608708
2007-01-24,163156.1881883313,170502.335030743,-4.308531517229454
2007-01-25,163178.48586355365,170502.335030743,-4.295453880950548
2007-01-25,163134.72490490825,170502.335030743,-4.321119780855975
2007-01-25,163181.82121069782,170502.335030743,-4.293497692407111
2007-01-25,163344.57731182422,170502.335030743,-4.198040875879021
2007-01-26,163364.37942934033,170502.335030743,-4.1864268897640855
2007-01-26,163521.95820895256,170502.335030743,-4.094006583858117
2007-01-26,163662.40389487342,170502.335030743,-4.011634875637502
2007-01-26,163832.52810939934,170502.335030743,-3.9118566441574223
2007-01-26,164024.74610121892,170502.335030743,-3.7991203629886527
2007-01-29,164146.16282205775,170502.335030743,-3.7279091852549593
2007-01-29,164241.06743806033,170502.335030743,-3.67224741617393
2007-01-29,164185.16788046854,170502.335030743,-3.705032631450727
2007-01-29,164152.56055359583,170502.335030743,-3.72415690143027
2007-01-29,164101.15762860377,170502.335030743,-3.754304831652334
2007-01-29,164078.1315589593,170502.335030743,-3.767809672885334
2007-01-29,164126.07253456794,170502.335030743,-3.7396921837025725
2007-01-30,164041.2356976501,170502.335030743,-3.7894491778824784
2007-01-30,164176.27645423255,170502.335030743,-3.710247472780839
2007-01-30,164313.31002911014,170502.335030743,-3.6298769753017934
2007-01-30,164420.3300552404,170502.335030743,-3.567109491143318
2007-01-31,164518.88194696343,170502.335030743,-3.5093085867127325
2007-01-31,164523.27055938952,170502.335030743,-3.506734655730908
2007-01-31,164726.25281487935,170502.335030743,-3.387685109897282
2007-01-31,164753.6116224639,170502.335030743,-3.371639108193183
2007-01-31,164344.66418073676,170502.335030743,-3.6114876954007538
2007-01-31,164346.90094238208,170502.335030743,-3.610175829704062
2007-01-31,164310.70197415078,170502.335030743,-3.631406605355769
2007-01-31,164413.65435469672,170502.335030743,-3.571024804410129
2007-01-31,164448.01573536452,170502.335030743,-3.5508717779652956
2007-02-01,164401.23784921336,170502.335030743,-3.5783071125856263
2007-02-01,164249.8504416091,170502.335030743,-3.667096164991835
2007-02-01,164352.07135992002,170502.335030743,-3.6071433682794076
2007-02-01,164297.18542035363,170502.335030743,-3.6393340943222463
2007-02-01,164465.52521308942,170502.335030743,-3.540602430204313
2007-02-02,164595.9812728434,170502.335030743,-3.464089660024092
2007-02-02,164700.8891218778,170502.335030743,-3.4025609724460213
2007-02-05,164653.68017883666,170502.335030743,-3.4302491228942933
2007-02-06,164657.2988260895,170502.335030743,-3.4281267782048803
2007-02-07,164689.77394129123,170502.335030743,-3.4090800506654175
2007-02-08,164782.23751768735,170502.335030743,-3.354849956761167
2007-02-08,164752.53930930753,170502.335030743,-3.3722680222524497
2007-02-14,165109.91919350997,170502.335030743,-3.1626639226147515
2007-02-14,165532.87049512824,170502.335030743,-2.9146020403290844
2007-02-14,166068.11226411874,170502.335030743,-2.6006815483346553
2007-02-14,166725.3291492902,170502.335030743,-2.2152223784922302
2007-02-15,166262.22973550746,170502.335030743,-2.486831218159579
2007-02-15,166423.04698364335,170502.335030743,-2.3925115432373
2007-02-15,166768.52527355196,170502.335030743,-2.189887755213329
2007-02-15,167117.24029004108,170502.335030743,-1.9853656198265939
2007-02-15,167611.58848798877,170502.335030743,-1.6954292985096115
2007-02-15,167946.7889662945,170502.335030743,-1.4988334699273926
2007-02-15,168388.64769484825,170502.335030743,-1.2396823395489849
2007-02-16,168809.99110691802,170502.335030743,-0.9925634880717855
2007-02-16,169092.72307049326,170502.335030743,-0.8267405604712594
2007-02-16,168855.05738919656,170502.335030743,-0.966132012942479
2007-02-16,167521.1029565085,170502.335030743,-1.7484992646563915
2007-02-20,168313.60817083824,170502.335030743,-1.2836931878440971
2007-02-20,166712.29211544193,170502.335030743,-2.222868627938556
2007-02-20,166607.3755869423,170502.335030743,-2.2844024060423633
2007-02-20,166484.7291484874,170502.335030743,-2.356334815902207
2007-02-20,166464.0554559514,170502.335030743,-2.3684599827113653
2007-02-20,165929.66886758088,170502.335030743,-2.6818789093636957
2007-02-20,166219.1835195948,170502.335030743,-2.512077919857175
2007-02-20,165875.4020353299,170502.335030743,-2.7137065275844083
2007-02-20,166177.70033439726,170502.335030743,-2.5364079005522
2007-02-20,166474.08156927995,170502.335030743,-2.3625796448692205
2007-02-21,167134.2195056194,170502.335030743,-1.9754072719979496
2007-02-21,167705.91411536475,170502.335030743,-1.6401071075501923
2007-02-21,167459.95600539335,170502.335030743,-1.7843620879450648
2007-02-22,166682.13683175205,170502.335030743,-2.240554769119227
2007-02-22,166593.1432043622,170502.335030743,-2.2927497301875417
2007-02-22,166785.03616952206,170502.335030743,-2.1802040778800387
2007-02-22,167277.49244539515,170502.335030743,-1.8913773730819514
2007-02-23,167092.65726351045,170502.335030743,-1.9997836197479417
2007-02-23,167042.99516074907,170502.335030743,-2.0289105538467815
2007-02-26,167206.65565175714,170502.335030743,-1.9329233106347927
2007-02-26,166775.5678660718,170502.335030743,-2.185757258983722
2007-02-28,166570.78118348907,170502.335030743,-2.3058651053342123
2007-03-05,166271.26809784817,170502.335030743,-2.4815301984761353
2007-03-05,164729.2082937112,170502.335030743,-3.3859517149667484
2007-03-05,163089.7211927022,170502.335030743,-4.347514558498121
2007-03-06,162843.14154083686,170502.335030743,-4.492134074600871
2007-03-06,162017.51801504672,170502.335030743,-4.976364114993735
2007-03-06,161288.10421912908,170502.335030743,-5.4041669341082805
2007-03-07,160844.32335300514,170502.335030743,-5.664445402461174
2007-03-07,160602.0405430816,170502.335030743,-5.806544811175937
2007-03-07,160576.74601164053,170502.335030743,-5.821380110315095
2007-03-12,161022.20097707128,170502.335030743,-5.560119778982724
2007-03-12,161463.0252219876,170502.335030743,-5.3015753755662915
2007-03-19,162130.6300632271,170502.335030743,-4.910023646307502
2007-03-20,162220.33498741043,170502.335030743,-4.857411508082434
2007-03-21,162396.1526334537,170502.335030743,-4.754294066311587
2007-03-21,162710.41175537134,170502.335030743,-4.569980389985108
2007-03-21,163398.1081074939,170502.335030743,-4.166644944755834
2007-03-21,163771.8808905469,170502.335030743,-3.947426373358793
2007-03-22,164073.37885061698,170502.335030743,-3.770597146934576
2007-03-27,164721.8566331918,170502.335030743,-3.3902634802678375
2007-04-02,165196.18394906103,170502.335030743,-3.1120694509698272
2007-04-02,165346.7962378614,170502.335030743,-3.023735007471911
2007-04-02,165771.70061091371,170502.335030743,-2.7745276444315676
2007-04-03,166240.26446740012,170502.335030743,-2.4997138969236996
2007-04-03,166535.9749471977,170502.335030743,-2.326279040595032
2007-04-04,166997.6419075512,170502.335030743,-2.0555103380606914
2007-04-04,167302.1500805248,170502.335030743,-1.8769156150507824
2007-04-04,168600.57661152532,170502.335030743,-1.115385556963067
2007-04-05,168905.68278001228,170502.335030743,-0.9364401082500329
2007-04-05,169302.37338650314,170502.335030743,-0.7037801822617303
2007-04-05,169805.71877687136,170502.335030743,-0.4085669875113673
2007-04-05,169892.9830496545,170502.335030743,-0.3573862967792481
2007-04-05,170108.5695976502,170502.335030743,-0.23094430526233328
2007-04-05,169457.67660308757,170502.335030743,-0.6126944991498646
2007-04-05,169465.17265514523,170502.335030743,-0.6082980478893553
2007-04-05,169691.50727087894,170502.335030743,-0.47555229065799687
2007-04-09,169795.66725762148,170502.335030743,-0.4144622259830712
2007-04-09,169835.73046414717,170502.335030743,-0.3909650659480076
2007-04-09,170644.23625218056,170644.23625218056,0.0
2007-04-09,170764.71234198738,170764.71234198738,0.0
2007-04-09,171153.88833026483,171153.88833026483,0.0
2007-04-09,171084.2386665753,171153.88833026483,-0.040694175498454194
2007-04-09,171100.3110244189,171153.88833026483,-0.03130358671288884
2007-04-09,171025.4168728712,171153.88833026483,-0.07506195660932516
2007-04-09,171259.6522824896,171259.6522824896,0.0
2007-04-09,171165.8844336165,171259.6522824896,-0.054751862229893575
2007-04-10,171191.82239155745,171259.6522824896,-0.03960646306829822
2007-04-10,170777.86855889717,171259.6522824896,-0.28131770511699083
2007-04-10,171183.34526683576,171259.6522824896,-0.04455632989840371
2007-04-11,170994.88237210733,171259.6522824896,-0.1546014527377111
2007-04-12,171059.39510764746,171259.6522824896,-0.11693190554411872
2007-04-12,171066.09118440858,171259.6522824896,-0.11302200810366894
2007-04-16,171337.02785830465,171337.02785830465,0.0
2007-04-16,171480.27762061736,171480.27762061736,0.0
2007-04-16,171627.32982674325,171627.32982674325,0.0
2007-04-16,171786.66232626175,171786.66232626175,0.0
2007-04-16,171893.54941703842,171893.54941703842,0.0
2007-04-16,172035.5067236966,172035.5067236966,0.0
2007-04-18,172167.36874985622,172167.36874985622,0.0
2007-04-20,172124.2787787152,172167.36874985622,-0.025027954747698124
2007-04-23,172107.04427720353,172167.36874985622,-0.035038272984433
2007-04-23,172322.98728725177,172322.98728725177,0.0
2007-04-23,172370.75810462594,172370.75810462594,0.0
2007-04-25,172384.28880811538,172384.28880811538,0.0
2007-04-25,172607.59942868393,172607.59942868393,0.0
2007-04-27,172842.9413066169,172842.9413066169,0.0
2007-04-30,173018.7693066994,173018.7693066994,0.0
2007-05-01,172729.65890811922,173018.7693066994,-0.1670977083808098
2007-05-01,172593.91519560848,173018.7693066994,-0.2455537701449036
2007-05-01,172596.75314817182,173018.7693066994,-0.24391351309377132
2007-05-01,172797.20184549273,173018.7693066994,-0.12805978339489077
2007-05-03,172422.23833325773,173018.7693066994,-0.34477818552982153
2007-05-03,172584.86156968362,173018.7693066994,-0.2507865122116404
2007-05-03,172756.2530087635,173018.7693066994,-0.15172706347861054
2007-05-03,172997.18572594548,173018.7693066994,-0.012474704819828925
2007-05-04,173126.10240677808,173126.10240677808,0.0
2007-05-04,173903.46206614072,173903.46206614072,0.0
2007-05-04,174501.7306772589,174501.7306772589,0.0
2007-05-04,175066.9640921612,175066.9640921612,0.0
2007-05-04,175822.54242796387,175822.54242796387,0.0
2007-05-07,175851.4623891282,175851.4623891282,0.0
2007-05-07,175775.14258035694,175851.4623891282,-0.04340015586698361
2007-05-07,175663.8848949661,175851.4623891282,-0.10666814572575455
2007-05-07,175604.14248537688,175851.4623891282,-0.14064136879569197
2007-05-09,175735.05880489002,175851.4623891282,-0.06619426569259362
2007-05-09,175783.1606904655,175851.4623891282,-0.038840563356561865
2007-05-09,175786.69429489376,175851.4623891282,-0.03683113768545758
2007-05-09,175854.56038474097,175854.56038474097,0.0
2007-05-09,176196.00793176232,176196.00793176232,0.0
2007-05-09,176750.8933641318,176750.8933641318,0.0
2007-05-09,177150.17464979264,177150.17464979264,0.0
2007-05-09,178544.4713255881,178544.4713255881,0.0
2007-05-10,178552.8396313712,178552.8396313712,0.0
2007-05-10,178197.1866606061,178552.8396313712,-0.19918639854698733
2007-05-10,178064.95667942593,178552.8396313712,-0.2732428971460337
2007-05-10,177702.0819470867,178552.8396313712,-0.4764739032103444
2007-05-11,178023.75025463258,178552.8396313712,-0.2963208974054623
2007-05-14,178133.64672308505,178552.8396313712,-0.23477246799971652
2007-05-14,177006.36016713412,178552.8396313712,-0.8661186612488752
2007-05-14,177457.58335832495,178552.8396313712,-0.6134073674254907
2007-05-16,177767.2580031491,178552.8396313712,-0.43997151198713363
2007-05-17,177866.9635194777,178552.8396313712,-0.38413060991330256
2007-05-17,177434.85668792197,178552.8396313712,-0.626135627838428
2007-05-17,176767.71292817747,178552.8396313712,-0.9997750284337062
2007-05-18,177153.11805773567,178552.8396313712,-0.7839256863824201
2007-05-18,177591.99456515277,178552.8396313712,-0.5381292552961536
2007-05-18,177939.4941923828,178552.8396313712,-0.34350920447677424
2007-05-18,178295.02920033492,178552.8396313712,-0.14438887198240152
2007-05-18,178422.00543131665,178552.8396313712,-0.07327477979328953
2007-05-18,178746.85366171208,178746.85366171208,0.0
2007-05-21,179257.42963234728,179257.42963234728,0.0
2007-05-21,179606.3835510844,179606.3835510844,0.0
2007-05-21,179917.16597288585,179917.16597288585,0.0
2007-05-21,180047.9399689858,180047.9399689858,0.0
2007-05-22,180423.84106619022,180423.84106619022,0.0
2007-05-22,180789.91781793046,180789.91781793046,0.0
2007-05-22,181400.61508410494,181400.61508410494,0.0
2007-05-22,181779.70283366635,181779.70283366635,0.0
2007-05-23,182445.14717517848,182445.14717517848,0.0
2007-05-23,183130.57528933548,183130.57528933548,0.0
2007-05-23,183583.11237010334,183583.11237010334,0.0
2007-05-24,182416.05937936783,183583.11237010334,-0.6357082498866949
2007-05-24,181944.2699055664,183583.11237010334,-0.8926978322673923
2007-05-29,181915.0963840228,183583.11237010334,-0.9085890115632341
2007-05-29,180950.54402349849,183583.11237010334,-1.4339926546716322
2007-05-29,181133.22461790632,183583.11237010334,-1.3344842674080188
2007-05-29,180559.9745653234,183583.11237010334,-1.6467406864119836
2007-05-29,180404.12573397538,183583.11237010334,-1.7316334792925416
2007-05-29,180766.83976920054,183583.11237010334,-1.5340586421833806
2007-05-29,180927.89457345952,183583.11237010334,-1.4463300912400383
2007-05-29,180134.18157904403,183583.11237010334,-1.878675411116391
2007-05-30,180465.55443983813,183583.11237010334,-1.698172500736457
2007-05-30,180796.34356786226,183583.11237010334,-1.5179875568418026
2007-05-30,181168.89691091233,183583.11237010334,-1.315053126631796
2007-05-30,181275.79966927296,183583.11237010334,-1.2568218672417053
2007-05-30,181598.91345421513,183583.11237010334,-1.0808177779925985
2007-05-30,181923.62596539754,183583.11237010334,-0.9039428427165295
2007-05-31,181662.2646443156,183583.11237010334,-1.0463095984097366
2007-05-31,181147.95372409074,183583.11237010334,-1.3264611404470152
2007-05-31,181647.25049412015,183583.11237010334,-1.0544879923816155
2007-06-01,181170.30256098497,183583.11237010334,-1.314287451589851
2007-06-01,181716.8964254832,183583.11237010334,-1.016550989100703
2007-06-01,181762.78169361348,183583.11237010334,-0.9915567140075904
2007-06-04,181966.01265768497,183583.11237010334,-0.880854285310455
2007-06-04,182146.1514783577,183583.11237010334,-0.7827304337496599
2007-06-04,182278.09745844294,183583.11237010334,-0.7108578206417441
2007-06-04,182391.203449475,183583.11237010334,-0.6492475834190303
2007-06-04,182286.91763824894,183583.11237010334,-0.7060533592225358
2007-06-04,182596.44824537306,183583.11237010334,-0.5374481955296423
2007-06-07,182088.2433287772,183583.11237010334,-0.8142737216005367
2007-06-07,181398.99885144955,183583.11237010334,-1.1897137435226701
2007-06-11,181053.34634827846,183583.11237010334,-1.377994952348816
2007-06-13,181532.05946897532,183583.11237010334,-1.1172339735656598
2007-06-14,180296.97843308296,183583.11237010334,-1.7899979440350358
2007-06-15,182116.80307612938,183583.11237010334,-0.798716872725134
2007-06-15,182742.4365605057,183583.11237010334,-0.4579265482234685
2007-06-15,182666.66766967776,183583.11237010334,-0.49919880352503593
2007-06-15,182654.40547165123,183583.11237010334,-0.5058781749923875
2007-06-15,182411.05451152692,183583.11237010334,-0.6384344635216495
2007-06-15,182568.51681263142,183583.11237010334,-0.552662793637842
2007-06-15,182650.1974920605,183583.11237010334,-0.5081703137062341
2007-06-15,182770.98776501502,183583.11237010334,-0.44237435274061476
2007-06-15,183189.75365630313,183583.11237010334,-0.2142673739004889
2007-06-18,183690.3975213359,183690.3975213359,0.0
2007-06-18,185575.3515659883,185575.3515659883,0.0
2007-06-19,185398.20805495148,185575.3515659883,-0.0954563790621883
2007-06-19,185402.78430244248,185575.3515659883,-0.09299040098245746
2007-06-21,184635.08885343955,185575.3515659883,-0.5066743533633576
2007-06-22,184374.5741263001,185575.3515659883,-0.6470565350168312
2007-06-25,183413.3628122135,185575.3515659883,-1.1650193495691743
2007-06-25,183246.64022938116,185575.3515659883,-1.2548602586260393
2007-06-27,183796.77700255407,185575.3515659883,-0.9584109896199183
2007-06-27,184200.75732060632,185575.3515659883,-0.740720270112588
2007-06-27,184803.654759763,185575.3515659883,-0.41584014240753275
2007-06-28,185171.58356005175,185575.3515659883,-0.21757631200982913
2007-06-28,185773.6080451923,185773.6080451923,0.0
2007-06-28,186383.9725714482,186383.9725714482,0.0
2007-06-28,187102.62350805133,187102.62350805133,0.0
2007-06-28,187456.56000468213,187456.56000468213,0.0
2007-06-28,187932.5227724307,187932.5227724307,0.0
2007-06-29,188599.1184166584,188599.1184166584,0.0
2007-06-29,188369.66705829054,188599.1184166584,-0.12166088595438355
2007-06-29,188211.4061849907,188599.1184166584,-0.20557478471938967
2007-06-29,187663.14996599645,188599.1184166584,-0.49627403273125853
2007-06-29,187560.8033961419,188599.1184166584,-0.5505407603351631
2007-06-29,187572.30681423165,188599.1184166584,-0.5444413585000384
2007-06-29,187072.04972502365,188599.1184166584,-0.8096902596655331
2007-07-02,187398.14583990377,188599.1184166584,-0.6367858910673228
2007-07-02,188022.19818913058,188599.1184166584,-0.30589762686656574
2007-07-02,188234.90294207938,188599.1184166584,-0.19311621265078383
2007-07-02,188953.97250212857,188953.97250212857,0.0
2007-07-02,189717.58486613256,189717.58486613256,0.0
2007-07-02,190097.18846535194,190097.18846535194,0.0
2007-07-02,190541.7898159555,190541.7898159555,0.0
2007-07-02,190704.73933780278,190704.73933780278,0.0
2007-07-02,191377.41187472615,191377.41187472615,0.0
2007-07-03,189220.23576239173,191377.41187472615,-1.1271842853358711
2007-07-03,189563.57653960335,191377.41187472615,-0.9477792166559966
2007-07-03,189339.79351810986,191377.41187472615,-1.064712045510418
2007-07-03,189477.35823502028,191377.41187472615,-0.9928306695617934
2007-07-03,189593.02123850974,191377.41187472615,-0.9323935456836765
2007-07-03,189532.42522937024,191377.41187472615,-0.9640566393298383
2007-07-03,189357.48766400432,191377.41187472615,-1.0554663640472126
2007-07-03,188740.74649647187,191377.41187472615,-1.3777307114907698
2007-07-05,188765.92130620088,191377.41187472615,-1.3645761759150195
2007-07-05,188510.73175174533,191377.41187472615,-1.4979197883903461
2007-07-05,188342.1578087373,191377.41187472615,-1.5860043441154361
2007-07-05,188315.19651632733,191377.41187472615,-1.6000923663882145
2007-07-05,189029.63932617474,191377.41187472615,-1.2267762039170218
2007-07-05,189520.83305632934,191377.41187472615,-0.9701138709160251
2007-07-05,189771.90706048184,191377.41187472615,-0.8389207474993237
2007-07-09,189510.71053352772,191377.41187472615,-0.9754031695341152
2007-07-09,189873.80277736834,191377.41187472615,-0.7856774123071841
2007-07-10,189514.51865413913,191377.41187472615,-0.973413321007003
2007-07-12,189643.5722817883,191377.41187472615,-0.9059792250053003
2007-07-12,189897.35799107695,191377.41187472615,-0.7733691605245631
2007-07-13,190038.4986669011,191377.41187472615,-0.699619246968122
2007-07-13,190208.44731617047,191377.41187472615,-0.6108163691339287
2007-07-13,190422.769663491,191377.41187472615,-0.4988270046519687
2007-07-13,190651.2800577903,191377.41187472615,-0.37942399253009074
2007-07-16,190789.698672954,191377.41187472615,-0.30709643108606316
2007-07-16,190940.57006007645,191377.41187472615,-0.22826195127753704
2007-07-16,191084.61545639136,191377.41187472615,-0.1529942407866064
2007-07-18,190748.66142397423,191377.41187472615,-0.32853953065448127
2007-07-19,190956.14512948072,191377.41187472615,-0.22012354599151474
2007-07-19,190866.33413548456,191377.41187472615,-0.26705227865456654
2007-07-19,190944.08872121232,191377.41187472615,-0.2264233533461526
2007-07-19,190947.19470806816,191377.41187472615,-0.22480038915962153
2007-07-23,191366.4597832529,191377.41187472615,-0.005722771233007985
2007-07-24,191065.24574576938,191377.41187472615,-0.16311545124307145
2007-07-25,190737.85812613432,191377.41187472615,-0.3341845530916041
2007-07-26,190292.05754455714,191377.41187472615,-0.5671277083000111
2007-07-27,189528.79698524709,191377.41187472615,-0.9659524974081859
2007-07-27,189175.88651683865,191377.41187472615,-1.150357994875903
2007-07-27,188119.8502341745,191377.41187472615,-1.7021662110698998
2007-07-27,187988.25969357335,191377.41187472615,-1.7709259143766216
2007-07-30,187518.85921087838,191377.41187472615,-2.0162006717770575
2007-07-30,186863.1214493739,191377.41187472615,-2.3588418200091814
2007-07-30,186326.8980406365,191377.41187472615,-2.639033407660289
2007-07-30,186497.1001132475,191377.41187472615,-2.5500981091087525
2007-07-31,186320.08551282767,191377.41187472615,-2.6425931421880424
2007-07-31,185805.93683022258,191377.41187472615,-2.9112500738334837
2007-07-31,185361.3869477585,191377.41187472615,-3.1435397041034765
2007-07-31,184876.90579119182,191377.41187472615,-3.3966945314264683
2007-07-31,184476.9202170776,191377.41187472615,-3.60569807588659
2007-07-31,184192.68577081323,191377.41187472615,-3.7542184490487185
2007-07-31,183508.41914281747,191377.41187472615,-4.11176672044225
2007-08-01,183019.5533000548,191377.41187472615,-4.3672126677846
2007-08-01,183056.02177378433,191377.41187472615,-4.3481568798667425
2007-08-01,183092.51097099774,191377.41187472615,-4.329090263354398
2007-08-01,182879.7277379355,191377.41187472615,-4.440275397993763
2007-08-02,182552.77107427805,191377.41187472615,-4.611119313403941
2007-08-02,182178.28406340652,191377.41187472615,-4.806799152107509
2007-08-02,182044.98230284956,191377.41187472615,-4.8764530152521415
2007-08-02,182102.04815470532,191377.41187472615,-4.846634526593138
2007-08-02,182314.19629335002,191377.41187472615,-4.735781246382844
2007-08-02,182032.46909579137,191377.41187472615,-4.882991512630495
2007-08-02,181802.032496745,191377.41187472615,-5.003401020100066
2007-08-02,181467.62464100885,191377.41187472615,-5.178138389813817
2007-08-02,181570.19254156825,191377.41187472615,-5.124543820029094
2007-08-02,181434.8129810224,191377.41187472615,-5.195283391235366
2007-08-02,180806.5457580003,191377.41187472615,-5.523570422012724
2007-08-02,180647.3246032233,191377.41187472615,-5.606767886759105
2007-08-02,180727.3330674945,191377.41187472615,-5.564961247465867
2007-08-02,180588.8512342532,191377.41187472615,-5.637321842106966
2007-08-03,180300.48592945887,191377.41187472615,-5.788000703300416
2007-08-03,180291.43106315302,191377.41187472615,-5.792732121819009
2007-08-03,180015.23410764546,191377.41187472615,-5.937052683374287
2007-08-03,180096.07559217876,191377.41187472615,-5.894810767914473
2007-08-06,180262.57866363061,191377.41187472615,-5.807808299952976
2007-08-06,180404.0591131107,191377.41187472615,-5.7338808452475565
2007-08-06,180658.0341615381,191377.41187472615,-5.601171845821003
2007-08-07,180808.13753527738,191377.41187472615,-5.522738674283737
2007-08-08,180586.37663337795,191377.41187472615,-5.638614889625487
2007-08-09,180319.91050154043,191377.41187472615,-5.777850826211326
2007-08-09,179763.17020569474,191377.41187472615,-6.068763055816632
2007-08-13,179541.31060129494,191377.41187472615,-6.184690845949474
2007-08-13,181922.82655939748,191377.41187472615,-4.940282775648338
2007-08-13,183206.3458760359,191377.41187472615,-4.269608371566318
2007-08-16,182340.90532073763,191377.41187472615,-4.721825039573498
2007-08-16,182544.62072086503,191377.41187472615,-4.615378098875631
2007-08-22,182911.28397698642,191377.41187472615,-4.423786388793667
2007-08-22,183189.98012307513,191377.41187472615,-4.278159930917258
2007-08-23,183237.43994547555,191377.41187472615,-4.253360858792966
2007-08-23,183438.93677421467,191377.41187472615,-4.148073183113132
2007-08-28,183451.68469577894,191377.41187472615,-4.141412040902361
2007-09-06,183879.4873704166,191377.41187472615,-3.9178732907191858
2007-09-14,184267.2382889253,191377.41187472615,-3.7152626927858727
2007-09-14,184537.10185235078,191377.41187472615,-3.5742515040662033
2007-09-14,184899.05261464856,191377.41187472615,-3.385122202571253
2007-09-17,185793.60222957263,191377.41187472615,-2.917695244415069
2007-09-18,186023.45151923134,191377.41187472615,-2.797592622372521
2007-09-19,185800.94733056324,191377.41187472615,-2.9138572256443784
2007-09-19,185849.28303178138,191377.41187472615,-2.888600482570762
2007-09-20,185945.0800406322,191377.41187472615,-2.8385438912978467
2007-09-20,186201.01858559126,191377.41187472615,-2.7048089105329285
2007-09-20,186752.4661574815,191377.41187472615,-2.416662275834354
2007-09-21,187630.6628270822,191377.41187472615,-1.9577801846837224
2007-09-26,187778.5050343515,191377.41187472615,-1.880528535274829
2007-09-26,187894.91187863113,191377.41187472615,-1.819702733975018
2007-09-27,188300.8904314994,191377.41187472615,-1.6075676920746609
2007-09-27,188754.5839990553,191377.41187472615,-1.3705002330095983
2007-09-28,189382.69187912095,191377.41187472615,-1.0422964633417298
2007-10-01,189894.2963552798,191377.41187472615,-0.7749689500541388
2007-10-01,190144.37895484813,191377.41187472615,-0.6442938630004859
2007-10-02,190696.9776684232,191377.41187472615,-0.35554572487810265
2007-10-03,191775.594239889,191775.594239889,0.0
2007-10-03,191858.42903635444,191858.42903635444,0.0
2007-10-03,192003.0448692947,192003.0448692947,0.0
2007-10-03,192441.39622024153,192441.39622024153,0.0
2007-10-05,192852.3457230006,192852.3457230006,0.0
2007-10-05,193266.0631745768,193266.0631745768,0.0
2007-10-05,192315.7544227361,193266.0631745768,-0.49171009965794443
2007-10-05,192287.20685534878,193266.0631745768,-0.5064812223881302
2007-10-05,192407.3177462256,193266.0631745768,-0.4443332751987026
2007-10-08,193029.62483256857,193266.0631745768,-0.12233826162984529
2007-10-15,193208.4694204976,193266.0631745768,-0.029800241766796152
2007-10-15,193347.2097428889,193347.2097428889,0.0
2007-10-16,192937.25958409987,193347.2097428889,-0.21202796737236276
2007-10-16,193054.50891471375,193347.2097428889,-0.15138611442305183
2007-10-17,193179.16051704364,193347.2097428889,-0.08691577502914465
2007-10-17,193292.8702523771,193347.2097428889,-0.028104615827693597
2007-10-17,193416.4012051384,193416.4012051384,0.0
2007-10-18,193590.1488381861,193590.1488381861,0.0
2007-10-19,193524.27917347604,193590.1488381861,-0.034025318491351
2007-10-19,193675.79629047774,193675.79629047774,0.0
2007-10-22,193322.92442908336,193675.79629047774,-0.18219719146791893
2007-10-22,193178.2335987104,193675.79629047774,-0.2569049418137407
2007-10-22,193062.16913430995,193675.79629047774,-0.31683213283267414
2007-10-22,192716.7284783826,193675.79629047774,-0.49519239392035885
2007-10-22,192122.7261139166,193675.79629047774,-0.8018917212720857
2007-10-22,191690.8044501211,193675.79629047774,-1.0249044425662366
2007-10-22,191212.69567586016,193675.79629047774,-1.2717648058218824
2007-10-22,190673.23363659286,193675.79629047774,-1.5503035027575605
2007-10-22,190446.2620338783,193675.79629047774,-1.6674950192308666
2007-10-23,190327.08740521272,193675.79629047774,-1.7290280713458783
2007-10-23,190483.59834663587,193675.79629047774,-1.6482172811382996
2007-10-24,190701.09123042016,193675.79629047774,-1.5359198810759347
2007-10-24,190542.79722823302,193675.79629047774,-1.6176513133039119
2007-10-24,190597.16593633394,193675.79629047774,-1.5895792933911173
2007-10-24,190530.362076788,193675.79629047774,-1.6240719149914657
2007-10-24,190615.41926752622,193675.79629047774,-1.5801546096970858
2007-10-24,190499.96951873729,193675.79629047774,-1.6397644065845491
2007-10-24,191251.18184136756,193675.79629047774,-1.2518933679630786
2007-10-25,191077.52402149583,193675.79629047774,-1.3415575506838135
2007-10-25,190647.63647323605,193675.79629047774,-1.5635200036560108
2007-10-25,190144.0488656408,193675.79629047774,-1.823535770850775
2007-10-25,189835.0153194322,193675.79629047774,-1.9830980662576387
2007-10-26,189989.6587069973,193675.79629047774,-1.9032515441175353
2007-10-26,190270.88607952677,193675.79629047774,-1.758046320792835
2007-10-26,190448.21470102706,193675.79629047774,-1.666486804892186
2007-10-29,190353.52031766163,193675.79629047774,-1.7153800508109471
2007-10-29,190236.50806754417,193675.79629047774,-1.7757966089759984
2007-10-30,190259.1580174239,193675.79629047774,-1.764101833318144
2007-10-30,189802.38329251375,193675.79629047774,-1.9999468555970636
2007-10-30,189858.77999736433,193675.79629047774,-1.9708277266554233
2007-10-30,190099.47293222518,193675.79629047774,-1.8465515189563162
2007-10-31,190245.7199423098,193675.79629047774,-1.771040271352985
2007-11-08,190212.7441113875,193675.79629047774,-1.7880665759062153
2007-11-12,190283.20618590617,193675.79629047774,-1.7516851199534076
2007-11-12,188987.1900547917,193675.79629047774,-2.4208529540025796
2007-11-13,188074.0757558037,193675.79629047774,-2.892318318532945
2007-11-13,187105.88193991582,193675.79629047774,-3.3922227125935045
2007-11-13,187713.98393393646,193675.79629047774,-3.078243368933757
2007-11-14,188106.3631148106,193675.79629047774,-2.8756474904659823
2007-12-14,189025.0845835079,193675.79629047774,-2.4012869940622963
2007-12-19,188588.31458702075,193675.79629047774,-2.6268030393569197
2007-12-19,189000.51282612464,193675.79629047774,-2.413974050397623
2007-12-21,189204.80689469707,193675.79629047774,-2.3084915520755156
2007-12-21,189616.24738988501,193675.79629047774,-2.096053806591379
2007-12-21,189851.26017701087,193675.79629047774,-1.974710411274504
2007-12-21,190307.9680567363,193675.79629047774,-1.7388999029544767
2007-12-21,190402.18734934897,193675.79629047774,-1.6902519591136533
2007-12-21,190856.0801536995,193675.79629047774,-1.4558949495935922
2008-05-22,191253.4368320977,193675.79629047774,-1.2507290558635114
2008-05-22,191913.51560794833,193675.79629047774,-0.9099127078771971
2008-05-23,192920.59928840416,193675.79629047774,-0.38992843532235694
2008-05-27,193272.77480759227,193675.79629047774,-0.20809078398263486
2008-05-28,192671.15359455152,193675.79629047774,-0.5187239268759425
2008-05-29,193008.72897505332,193675.79629047774,-0.3444247181118786
2009-06-10,192790.8911937056,193675.79629047774,-0.4569001980221284
2009-06-11,193114.9510592067,193675.79629047774,-0.2895794115800949
2009-06-11,193343.25085433,193675.79629047774,-0.1717021137989744
2009-06-18,193036.64672648493,193675.79629047774,-0.3300100354482074
2009-06-18,193471.20331115738,193675.79629047774,-0.10563683394568446
2009-06-18,193750.9638862632,193750.9638862632,0.0
2009-06-18,193961.98629638515,193961.98629638515,0.0
2009-06-19,194490.06840645688,194490.06840645688,0.0
2009-06-19,195246.18536963666,195246.18536963666,0.0
2009-06-19,195451.5664655314,195451.5664655314,0.0
2009-06-19,195674.48613037827,195674.48613037827,0.0
2009-06-19,194996.98751942648,195674.48613037827,-0.3462375828090197
2009-06-19,194786.19725293666,195674.48613037827,-0.4539625451474228
2009-06-19,194059.7649701456,195674.48613037827,-0.825207819458271
2009-06-19,193377.8940583162,195674.48613037827,-1.1736798790067369
2009-06-19,192773.2067122844,195674.48613037827,-1.482707058783715
2009-06-22,191230.0341748634,195674.48613037827,-2.271349752033347
2009-06-22,190375.31707833515,195674.48613037827,-2.708155343518965
2009-06-22,190064.99713690582,195674.48613037827,-2.866745227957229
2009-06-23,189545.35258725393,195674.48613037827,-3.132311045927818
2009-06-23,189049.15421733033,195674.48613037827,-3.385894627383084
2009-06-23,188542.01205532945,195674.48613037827,-3.6450710647562055
2009-06-23,189100.64671064707,195674.48613037827,-3.3595792429223703
2009-06-24,188663.83567540508,195674.48613037827,-3.5828127588907943
2009-06-24,188022.81554408968,195674.48613037827,-3.910407911428097
2009-06-24,187883.82156097528,195674.48613037827,-3.9814411799257527
2009-06-24,187587.85796484706,195674.48613037827,-4.132694213461774
2009-06-24,187197.19744895588,195674.48613037827,-4.332342375885406
2009-06-25,187756.1038764858,195674.48613037827,-4.046711664093205
2009-06-25,188146.03486853946,195674.48613037827,-3.847436326891688
2009-06-25,188410.39866107833,195674.48613037827,-3.7123324624242837
2009-06-25,188509.37880510808,195674.48613037827,-3.6617483796513284
2009-06-25,188791.66328138643,195674.48613037827,-3.5174860990337815
2009-06-25,189191.27855126117,195674.48613037827,-3.3132615842401245
2009-06-25,189510.2441209099,195674.48613037827,-3.1502533270286097
2009-06-25,189430.21800147023,195674.48613037827,-3.1911509018848108
2009-06-25,189521.68109048283,195674.48613037827,-3.14440843135564
2009-06-25,189724.34721442414,195674.48613037827,-3.0408353350623036
2009-06-25,190051.93460687454,195674.48613037827,-2.8734208709036366
2009-06-25,190569.38522782334,195674.48613037827,-2.6089762664067457
2009-06-25,190550.27129036817,195674.48613037827,-2.6187444982458397
2009-06-25,190531.1128310208,195674.48613037827,-2.6285354831239687
2009-06-25,189926.67982980085,195674.48613037827,-2.937432679264911
2009-06-25,188522.24944831477,195674.48613037827,-3.655170801009767
2009-06-25,188173.01513101274,195674.48613037827,-3.8336479873861955
2009-06-25,188101.4725166928,195674.48613037827,-3.870210042938126
2009-06-26,187632.0433297056,195674.48613037827,-4.11011315768269
2009-06-26,187957.87160384533,195674.48613037827,-3.9435976959159333
2009-06-26,188469.8278235527,195674.48613037827,-3.6819610207255535
2009-06-26,188825.21232379932,195674.48613037827,-3.5003407659470036
2009-06-26,189050.7962486402,195674.48613037827,-3.3850554626343543
2009-06-26,189124.93340264555,195674.48613037827,-3.3471674602322663
2009-06-26,189010.2565636499,195674.48613037827,-3.4057733833975616
2009-06-26,189070.74130852887,195674.48613037827,-3.3748624833230982
2009-06-26,189559.92392418333,195674.48613037827,-3.124864322945402
2009-06-26,189767.26487707192,195674.48613037827,-3.0189021420862967
2009-06-26,189419.80711150993,195674.48613037827,-3.1964714166673893
2009-06-26,190309.39578009996,195674.48613037827,-2.7418446095744615
2009-06-29,190740.58253010633,195674.48613037827,-2.521485400495427
2009-06-29,191159.32573285713,195674.48613037827,-2.3074855014632174
2009-06-29,191456.32308079934,195674.48613037827,-2.1557041661365903
2009-06-29,191904.66928644548,195674.48613037827,-1.9265755686824444
2009-06-29,192110.8728841245,195674.48613037827,-1.821194636422521
2009-06-29,191834.4653992198,195674.48613037827,-1.9624534639635414
2009-06-29,191661.9817893311,195674.48613037827,-2.050601701017695
2009-06-29,191705.48540488668,195674.48613037827,-2.0283690551495974
2009-06-29,191022.66690722448,195674.48613037827,-2.377325381120085
2009-06-29,191107.7595216789,195674.48613037827,-2.333838559645709
2009-06-30,190727.10447000677,195674.48613037827,-2.5283734012593984
2009-06-30,190337.2592929879,195674.48613037827,-2.7276048824444903
2009-06-30,190433.02039156182,195674.48613037827,-2.6786659019633507
2009-06-30,190357.71768755777,195674.48613037827,-2.7171495619914
2009-06-30,189706.00771245646,195674.48613037827,-3.0502077894534514
2009-07-02,190146.88853366885,195674.48613037827,-2.8248943978451866
2009-07-09,190266.70254591032,195674.48613037827,-2.7636631077516842
2009-07-10,190646.56564248056,195674.48613037827,-2.569532997034468
2009-07-13,190840.73919813446,195674.48613037827,-2.47030005180291
2009-07-13,190910.03159664993,195674.48613037827,-2.4348879754071615
2009-07-13,191290.2657681681,195674.48613037827,-2.2405682257874777
2009-07-13,191650.62137659555,195674.48613037827,-2.0564074721022196
2009-07-13,191794.10019741286,195674.48613037827,-1.9830822146020097
2009-07-13,192267.9097669993,195674.48613037827,-1.7409404929312824
2009-07-13,192868.25053253662,195674.48613037827,-1.4341346454191506
2009-07-13,193256.91301705444,195674.48613037827,-1.2355075825843724
2009-07-13,193679.46173137263,195674.48613037827,-1.0195628660940215
2009-07-13,193911.926670011,195674.48613037827,-0.9007610012032347
2009-07-13,194478.81819818972,195674.48613037827,-0.6110494811223728
2009-07-13,194686.306665588,195674.48613037827,-0.505011912555552
2009-07-13,194829.80187626023,195674.48613037827,-0.4316782789735924
2009-07-13,195119.63084514774,195674.48613037827,-0.2835603640532002
2009-07-13,195367.91328110322,195674.48613037827,-0.1566749223865494
2009-07-13,195568.27799054526,195674.48613037827,-0.054277970487290814
2009-07-14,195680.25193781793,195680.25193781793,0.0
2009-07-14,195831.3163143359,195831.3163143359,0.0
2009-07-14,195980.58161195475,195980.58161195475,0.0
2009-07-14,196146.79718019595,196146.79718019595,0.0
2009-07-14,196402.00537047564,196402.00537047564,0.0
2009-07-14,196082.26658570569,196402.00537047564,-0.16279812630570142
2009-07-14,196151.70240199685,196402.00537047564,-0.12744420201140055
2009-07-14,196336.72817231074,196402.00537047564,-0.03323652324311313
2009-07-15,196600.21962429103,196600.21962429103,0.0
2009-07-15,196731.0047222116,196731.0047222116,0.0
2009-07-15,197050.676323289,197050.676323289,0.0
2009-07-15,197319.95067587818,197319.95067587818,0.0
2009-07-15,197600.14089436544,197600.14089436544,0.0
2009-07-15,198046.29761915054,198046.29761915054,0.0
2009-07-16,197642.11644790528,198046.29761915054,-0.204084184407484
2009-07-16,197879.0181563437,198046.29761915054,-0.08446482707217037
2009-07-20,197957.54943111076,198046.29761915054,-0.044811839002639846
2009-07-29,198170.83637764398,198170.83637764398,0.0
2009-07-31,198368.0421113443,198368.0421113443,0.0
2009-07-31,198491.76566477213,198491.76566477213,0.0
2009-08-03,198681.7257902512,198681.7257902512,0.0
2009-08-03,199431.79689380576,199431.79689380576,0.0
2009-08-03,199837.50733440777,199837.50733440777,0.0
2009-08-03,200035.64164353872,200035.64164353872,0.0
2009-08-03,200453.16417088767,200453.16417088767,0.0
2009-08-03,200569.42111832954,200569.42111832954,0.0
2009-08-03,200874.6178679308,200874.6178679308,0.0
2009-08-03,201254.89489264158,201254.89489264158,0.0
2009-08-03,201428.48353160478,201428.48353160478,0.0
2009-08-04,201555.81950088489,201555.81950088489,0.0
2009-08-05,201751.74985167582,201751.74985167582,0.0
2009-08-05,202004.2574282741,202004.2574282741,0.0
2009-08-05,201563.15005499966,202004.2574282741,-0.21836538441823675
2009-08-05,201824.06858131866,202004.2574282741,-0.08920051945906837
2009-08-06,201988.08554027745,202004.2574282741,-0.008005716415361646
2009-08-07,201953.86910486876,202004.2574282741,-0.024944188823961565
2009-08-07,201970.08052624448,202004.2574282741,-0.016918901841348297
2009-08-07,203313.18697363278,203313.18697363278,0.0
2009-08-10,203575.55345608995,203575.55345608995,0.0
2009-08-10,203793.83118565104,203793.83118565104,0.0
2009-08-11,204022.4071993493,204022.4071993493,0.0
2009-08-11,203973.46458671676,204022.4071993493,-0.02398884186516559
2009-08-11,203987.27030462434,204022.4071993493,-0.017222076343134208
2009-08-11,203477.87734267267,204022.4071993493,-0.2668970845661015
2009-08-12,203920.37599721912,204022.4071993493,-0.05000980212457747
2009-08-12,204476.26837637363,204476.26837637363,0.0
2009-08-13,204156.87817492537,204476.26837637363,-0.15619915405555365
2009-08-13,204638.03571366722,204638.03571366722,0.0
2009-08-14,204579.98139951102,204638.03571366722,-0.028369268671753153
2009-08-14,203915.84846267788,204638.03571366722,-0.3529095891048522
2009-08-14,203744.91487168483,204638.03571366722,-0.43643931533435204
2009-08-17,203145.80116989816,204638.03571366722,-0.7292068351638332
2009-08-17,203100.74080705954,204638.03571366722,-0.7512263794198508
2009-08-17,202938.3936140471,204638.03571366722,-0.8305602102232355
2009-08-17,202504.17806524233,204638.03571366722,-1.0427473274863814
2009-08-17,202276.07970979204,204638.03571366722,-1.154211628174572
2009-08-18,202721.9386642135,204638.03571366722,-0.9363347545686793
2009-08-18,202575.81401946995,204638.03571366722,-1.0077411498822078
2009-08-18,202668.4879802108,204638.03571366722,-0.9624543778421732
2009-08-18,202233.9778001059,204638.03571366722,-1.174785471907636
2009-08-18,201905.56408388147,204638.03571366722,-1.335270650080452
2009-08-19,202180.0749523476,204638.03571366722,-1.201126053007482
2009-08-20,202591.92415820365,204638.03571366722,-0.9998686453023464
2009-08-20,202874.48781558344,204638.03571366722,-0.8617889103232811
2009-08-20,203111.25022636162,204638.03571366722,-0.7460907655710243
2009-08-21,203420.1086645224,204638.03571366722,-0.595161620320161
2009-08-21,203760.8833311254,204638.03571366722,-0.42863604485001594
2009-08-24,203832.6398545699,204638.03571366722,-0.39357094896290784
2009-08-25,203336.93924098325,204638.03571366722,-0.6358038319447556
2009-08-25,203785.53847465242,204638.03571366722,-0.416587872358016
2009-08-26,203789.5237929907,204638.03571366722,-0.4146403759777038
2009-09-03,204013.31783641368,204638.03571366722,-0.30527945358489267
2009-09-03,204084.93170064164,204638.03571366722,-0.27028407065023724
2009-09-03,203474.48559686495,204638.03571366722,-0.5685893693928593
2009-09-03,203536.89056641524,204638.03571366722,-0.5380940759188695
2009-09-04,203729.3792293237,204638.03571366722,-0.4440310820882416
2009-09-04,204110.97716771797,204638.03571366722,-0.2575564919352169
2009-09-04,204537.4575805611,204638.03571366722,-0.049149285837968945
2009-09-04,204745.79747700758,204745.79747700758,0.0
2009-09-04,205092.57293533007,205092.57293533007,0.0
2009-09-04,205359.1472842505,205359.1472842505,0.0
2009-09-04,206274.37289917393,206274.37289917393,0.0
2009-09-04,206740.70534709626,206740.70534709626,0.0
2009-09-04,207222.1008022125,207222.1008022125,0.0
2009-09-04,207683.43492495458,207683.43492495458,0.0
2009-09-04,207882.15633264487,207882.15633264487,0.0
2009-09-04,208255.80450756798,208255.80450756798,0.0
2009-09-04,208398.3237364058,208398.3237364058,0.0
2009-09-04,208670.5813522404,208670.5813522404,0.0
2009-09-04,208899.82628279948,208899.82628279948,0.0
2009-09-04,208905.45869066074,208905.45869066074,0.0
2009-09-04,209285.8224418848,209285.8224418848,0.0
2009-09-04,209523.1490077016,209523.1490077016,0.0
2009-09-04,209799.28002937534,209799.28002937534,0.0
2009-09-04,209938.98043698512,209938.98043698512,0.0
2009-09-04,210267.1567326816,210267.1567326816,0.0
2009-09-04,210836.21243138876,210836.21243138876,0.0
2009-09-04,211151.38727288108,211151.38727288108,0.0
2009-09-04,211862.52159466737,211862.52159466737,0.0
2009-09-04,211968.8918098261,211968.8918098261,0.0
2009-09-04,213298.12763277034,213298.12763277034,0.0
2009-09-08,213568.76416391818,213568.76416391818,0.0
2009-09-08,214053.60367425077,214053.60367425077,0.0
2009-09-08,214211.01962662346,214211.01962662346,0.0
2009-09-08,214500.15850122966,214500.15850122966,0.0
2009-09-08,214781.4326277305,214781.4326277305,0.0
2009-09-08,215243.6060700166,215243.6060700166,0.0
2009-09-08,215751.04431517032,215751.04431517032,0.0
2009-09-08,216076.07716232789,216076.07716232789,0.0
2009-09-08,216372.16312267722,216372.16312267722,0.0
2009-09-08,216690.9234030625,216690.9234030625,0.0
2009-09-08,217025.76973775067,217025.76973775067,0.0
2009-09-08,217235.55266186592,217235.55266186592,0.0
2009-09-08,217433.00727098435,217433.00727098435,0.0
2009-09-08,217520.93235606566,217520.93235606566,0.0
2009-09-08,218408.05378322065,218408.05378322065,0.0
2009-09-08,217938.69255749456,218408.05378322065,-0.21490106138299464
2009-09-08,218387.42442543557,218408.05378322065,-0.009445328332786359
2009-09-08,218544.37157518696,218544.37157518696,0.0
2009-09-08,219185.552445052,219185.552445052,0.0
2009-09-08,219591.15286896957,219591.15286896957,0.0
2009-09-09,219816.83884963125,219816.83884963125,0.0
2009-09-09,220178.0960076574,220178.0960076574,0.0
2009-09-09,220478.547012356,220478.547012356,0.0
2009-09-09,220799.9918333603,220799.9918333603,0.0
2009-09-09,221014.47606823046,221014.47606823046,0.0
2009-09-09,220855.26855103372,221014.47606823046,-0.07203488207152309
2009-09-09,219929.6970379166,221014.47606823046,-0.49081809011413957
2009-09-09,219834.37808617303,221014.47606823046,-0.5339460125196119
2009-09-09,219913.08323916438,221014.47606823046,-0.49833515372362663
2009-09-09,220033.90468594924,221014.47606823046,-0.4436683966250735
2009-09-10,220267.78388946937,221014.47606823046,-0.33784763425658
2009-09-10,220415.91552921935,221014.47606823046,-0.2708241331786482
2009-09-10,220670.06512935116,221014.47606823046,-0.15583184640492762
2009-09-10,220531.84292039476,221014.47606823046,-0.21837173583449185
2009-09-10,220945.7457494829,221014.47606823046,-0.03109765476462731
2009-09-10,220953.34082102386,221014.47606823046,-0.02766119590634103
2009-09-10,220683.5822678885,221014.47606823046,-0.1497158947361479
2009-09-10,221012.52885795437,221014.47606823046,-0.0008810329127449572
2009-09-10,221341.5157833327,221341.5157833327,0.0
2009-09-10,221480.37210763217,221480.37210763217,0.0
2009-09-18,222833.02157560087,222833.02157560087,0.0
2009-09-22,223061.7060635917,223061.7060635917,0.0
2009-09-23,223044.30628578033,223061.7060635917,-0.007800432498444816
2009-09-23,223707.28443955383,223707.28443955383,0.0
2009-09-23,224753.25894587976,224753.25894587976,0.0
2009-09-28,225212.29644905136,225212.29644905136,0.0
2009-09-28,226759.3008437687,226759.3008437687,0.0
2009-09-28,227061.9269866958,227061.9269866958,0.0
2009-09-28,227566.81814226258,227566.81814226258,0.0
2009-09-28,227970.7720668275,227970.7720668275,0.0
2009-09-28,228129.54901485075,228129.54901485075,0.0
2009-09-28,229706.63399282988,229706.63399282988,0.0
2009-09-28,230286.41092985196,230286.41092985196,0.0
2009-09-28,231302.6300183717,231302.6300183717,0.0
2009-09-28,231001.17282319715,231302.6300183717,-0.13033020642723184
2009-09-28,231725.19970441077,231725.19970441077,0.0
2009-09-28,231991.0736446719,231991.0736446719,0.0
2009-09-28,232388.06762925923,232388.06762925923,0.0
2009-09-28,232482.65684549662,232482.65684549662,0.0
2009-09-28,231762.3523231059,232482.65684549662,-0.3098315083646908
2009-09-28,230938.58533957467,232482.65684549662,-0.664166319704489
2009-09-28,229057.36573198356,232482.65684549662,-1.4733533933197593
2009-09-28,229797.30785097898,232482.65684549662,-1.155074976755049
2009-09-29,230233.34354477163,232482.65684549662,-0.9675187522567907
2009-09-29,230665.114150082,232482.65684549662,-0.7817971112668964
2009-09-29,231062.1825545156,232482.65684549662,-0.6110022615256995
2009-09-29,231088.5026691588,232482.65684549662,-0.5996809376040236
2009-09-29,231541.63893545812,232482.65684549662,-0.40476907946896074
2009-09-30,232007.82277738853,232482.65684549662,-0.20424494220386233
2009-09-30,232294.01905169932,232482.65684549662,-0.0811405875848477
2009-09-30,232583.86134557737,232583.86134557737,0.0
2009-10-01,231007.24694118675,232583.86134557737,-0.6778692189859474
2009-10-01,230969.457795755,232583.86134557737,-0.6941167544826582
2009-10-01,229657.92080244242,232583.86134557737,-1.2580152922938803
2009-10-01,228950.55347554185,232583.86134557737,-1.5621496044547518
2009-10-01,227861.7151287405,232583.86134557737,-2.0302983145595914
2009-10-01,227278.8323191602,232583.86134557737,-2.2809102040553317
2009-10-01,227547.45323291505,232583.86134557737,-2.165415985238603
2009-10-01,227082.73897405883,232583.86134557737,-2.3652210173537704
2009-10-02,226316.23829968134,232583.86134557737,-2.694779856880734
2009-10-02,223626.3927671784,232583.86134557737,-3.8512855219519353
2009-10-02,222374.16922432854,232583.86134557737,-4.389682096677848
2009-10-02,222093.25862561294,232583.86134557737,-4.510460295599487
2009-10-02,220783.68362249597,232583.86134557737,-5.073515270927798
2009-10-02,219196.1855554164,232583.86134557737,-5.756063947304291
2009-10-02,219078.82493893328,232583.86134557737,-5.806523431382053
2009-10-02,218495.86852424536,232583.86134557737,-6.057166967573821
2009-10-02,217392.30832888416,232583.86134557737,-6.531645372471191
2009-10-05,216705.3263979019,232583.86134557737,-6.827014933801817
2009-10-05,216750.8799792184,232583.86134557737,-6.807429060107497
2009-10-05,217081.67267241687,232583.86134557737,-6.665203932669717
2009-10-05,216753.02104881214,232583.86134557737,-6.806508501999407
2009-10-05,216169.3374980762,232583.86134557737,-7.05746467211333
2009-10-05,216075.35904988984,232583.86134557737,-7.0978709357477285
2009-10-05,214663.1418309062,232583.86134557737,-7.705057182812966
2009-10-05,212817.78732289484,232583.86134557737,-8.498471866589975
2009-10-05,212030.7515075724,232583.86134557737,-8.836859840187618
2009-10-05,212058.98312739038,232583.86134557737,-8.82472158620273
2009-10-05,212224.23975504778,232583.86134557737,-8.75366909498458
2009-10-06,212643.1073465882,232583.86134557737,-8.57357594960591
2009-10-06,213048.05336687554,232583.86134557737,-8.399468417834536
2009-10-06,213551.3904721106,232583.86134557737,-8.183057398461532
2009-10-06,213752.62585865142,232583.86134557737,-8.096535751870661
2009-10-06,213012.77341765913,232583.86134557737,-8.414637118281892
2009-10-06,213294.38162675741,232583.86134557737,-8.293558980070117
2009-10-06,213101.5872515925,232583.86134557737,-8.376451393176316
2009-10-06,212990.62964620657,232583.86134557737,-8.424157886973433
2009-10-07,213155.13538761367,232583.86134557737,-8.353428241134987
2009-10-07,213304.97139337054,232583.86134557737,-8.289005884016136
2009-10-07,213474.9481317218,232583.86134557737,-8.215923969661512
2009-10-07,213964.44395790854,232583.86134557737,-8.005464042065997
2009-10-07,214162.75572312615,232583.86134557737,-7.920199413613145
2009-10-07,214372.4004105118,232583.86134557737,-7.830062167557989
2009-10-07,214696.65579377473,232583.86134557737,-7.690647772514839
2009-10-07,215076.80647580384,232583.86134557737,-7.527201057067856
2009-10-07,215364.76989068143,232583.86134557737,-7.4033904825887715
2009-10-07,215608.62309198664,232583.86134557737,-7.298545202312476
2009-10-07,215735.96542462957,232583.86134557737,-7.2437940549601985
2009-10-07,215959.6903809013,232583.86134557737,-7.147602962862318
2009-10-07,216191.28734090875,232583.86134557737,-7.0480272835062445
2009-10-07,216328.11379366525,232583.86134557737,-6.989198415516472
2009-10-07,217086.0427146767,232583.86134557737,-6.663325022312587
2009-10-07,217637.77516052575,232583.86134557737,-6.426106307885418
2009-10-07,217794.44699474197,232583.86134557737,-6.358744869602546
2009-10-07,218006.84087079315,232583.86134557737,-6.267425603157141
2009-10-07,217927.6999449523,232583.86134557737,-6.3014524377719745
2009-10-07,217546.5473190844,232583.86134557737,-6.465329941422827
2009-10-07,215264.73327373492,232583.86134557737,-7.446401470697649
2009-10-07,214626.34251738264,232583.86134557737,-7.7208791376599955
2009-10-07,214415.09811261515,232583.86134557737,-7.811704186115796
2009-10-07,213450.34187321746,232583.86134557737,-8.226503490683292
2009-10-07,213164.32667483704,232583.86134557737,-8.349476424714798
2009-10-07,213565.10825121717,232583.86134557737,-8.177159405786023
2009-10-07,211623.91563116704,232583.86134557737,-9.011779920218824
2009-10-08,211872.02179545874,232583.86134557737,-8.905106068105303
2009-10-08,212349.18525319398,232583.86134557737,-8.699948472485948
2009-10-08,212542.60447779662,232583.86134557737,-8.616787403835852
2009-10-08,212714.8145794675,232583.86134557737,-8.542745249459973
2009-10-08,212883.8955553277,232583.86134557737,-8.470048470379076
2009-10-08,212608.31244982115,232583.86134557737,-8.588536100566401
2009-10-08,212887.15892278077,232583.86134557737,-8.468645377561636
2009-10-08,213190.802358576,232583.86134557737,-8.338093139741455
2009-10-08,213429.0786520812,232583.86134557737,-8.235645664612838
2009-10-08,213594.987259732,232583.86134557737,-8.164312853002018
2009-10-08,213807.33367113315,232583.86134557737,-8.073013994098979
2009-10-09,214088.12948585209,232583.86134557737,-7.95228514683742
2009-10-12,214226.2513228941,232583.86134557737,-7.892899325206061
2009-10-12,214383.89807299315,232583.86134557737,-7.82511871945508
2009-10-13,214427.72701884893,232583.86134557737,-7.806274356994926
2009-10-13,214422.0988353668,232583.86134557737,-7.8086942082475295
2009-10-13,214246.81056580486,232583.86134557737,-7.884059828436242
2009-10-15,213352.48825312356,232583.86134557737,-8.268575893956582
2009-10-16,212974.05663153186,232583.86134557737,-8.431283495164314
2009-10-19,213219.36819483375,232583.86134557737,-8.325811188580925
2009-10-21,212821.09317791398,232583.86134557737,-8.497050506139594
2009-10-21,213244.28887416783,232583.86134557737,-8.315096481554432
2009-10-23,213244.22294690873,232583.86134557737,-8.315124827140716
2009-10-26,213278.6716721783,232583.86134557737,-8.300313513462175
2009-10-26,213445.99084761032,232583.86134557737,-8.22837422478409
2009-10-29,213284.83808418293,232583.86134557737,-8.297662249540004
2009-10-29,213019.6990900746,232583.86134557737,-8.411659408489216
2009-10-29,213153.4539690922,232583.86134557737,-8.354151171140426
2009-10-29,213350.71401896802,232583.86134557737,-8.26933873027088
2009-10-30,213210.49878298808,232583.86134557737,-8.329624613895282
2009-10-30,213074.14565632996,232583.86134557737,-8.388249974171476
2009-10-30,212734.81753745675,232583.86134557737,-8.534144928752623
2009-10-30,212251.3497759676,232583.86134557737,-8.742013075188979
2009-10-30,211672.52681253423,232583.86134557737,-8.990879423904955
2009-10-30,210847.5290464041,232583.86134557737,-9.345589231093316
2009-10-30,210618.7976725999,232583.86134557737,-9.443932844653128
2009-10-30,208089.73409852933,232583.86134557737,-10.531309913482872
2009-10-30,207871.7490581625,232583.86134557737,-10.625033114699717
2009-11-02,207532.65862890132,232583.86134557737,-10.770825874050873
2009-11-02,207030.16053203758,232583.86134557737,-10.986876159722723
2009-11-03,206615.21753256675,232583.86134557737,-11.16528191714297
2009-11-03,206444.53934978653,232583.86134557737,-11.2386654192453
2009-11-03,206376.04569506366,232583.86134557737,-11.268114433603655
2009-11-03,205866.8945613101,232583.86134557737,-11.487025208757162
2009-11-03,205772.58618032263,232583.86134557737,-11.52757332780629
2009-11-03,206050.91298934363,232583.86134557737,-11.407906035582837
2009-11-03,206097.82906788858,232583.86134557737,-11.387734352872988
2009-11-03,206283.9063960721,232583.86134557737,-11.30772995054387
2009-11-03,206773.03573924903,232583.86134557737,-11.09742759321471
2009-11-03,206875.15080937455,232583.86134557737,-11.053522969078386
2009-11-03,205976.31455185803,232583.86134557737,-11.43997981622008
2009-11-03,205712.5647740184,232583.86134557737,-11.553379678237054
2009-11-03,205592.2737552487,232583.86134557737,-11.605099095944617
2009-11-03,204926.2827404162,232583.86134557737,-11.891443561540594
2009-11-03,204864.46917816022,232583.86134557737,-11.918020453805768
2009-11-03,204718.6741961423,232583.86134557737,-11.980705362885205
2009-11-03,204213.798628642,232583.86134557737,-12.197777847871665
2009-11-03,203814.58948445198,232583.86134557737,-12.369418795734706
2009-11-03,203916.69433102605,232583.86134557737,-12.325518567239332
2009-11-03,203349.42621454617,232583.86134557737,-12.569416881248758
2009-11-03,202923.0642029544,232583.86134557737,-12.752732270857091
2009-11-03,202449.19105975714,232583.86134557737,-12.95647518769395
2009-11-03,201785.61131545887,232583.86134557737,-13.241782921626665
2009-11-04,202055.79136647395,232583.86134557737,-13.125618347931828
2009-11-04,202227.52803489318,232583.86134557737,-13.051779747340333
2009-11-04,201901.41371834933,232583.86134557737,-13.19199339529388
2009-11-04,201472.53871777188,232583.86134557737,-13.37638925066246
2009-11-04,201212.01596842115,232583.86134557737,-13.488401643888507
2009-11-04,201156.47926534523,232583.86134557737,-13.51227978519832
2009-11-04,200941.35359624863,232583.86134557737,-13.604773592744563
2009-11-04,200302.94749406123,232583.86134557737,-13.879257857686254
2009-11-05,200454.70622411507,232583.86134557737,-13.814008820553639
2009-11-05,200772.54276712748,232583.86134557737,-13.67735422157432
2009-11-05,200964.76263374713,232583.86134557737,-13.594708819822198
2009-11-05,201371.81295507782,232583.86134557737,-13.41969653867089
2009-11-05,201155.8656092531,232583.86134557737,-13.512543628135914
2009-11-05,201142.99894516237,232583.86134557737,-13.51807568182884
2009-11-05,201184.93254347963,232583.86134557737,-13.500046228678194
2009-11-05,201093.05123004908,232583.86134557737,-13.539550824095517
2009-11-05,199951.15912547475,232583.86134557737,-14.030510127104803
2009-11-05,200292.7176047836,232583.86134557737,-13.883656223599711
2009-11-06,200453.1516749213,232583.86134557737,-13.814677202781352
2009-11-06,200714.18727918947,232583.86134557737,-13.702444306329301
2009-11-06,200578.76358899518,232583.86134557737,-13.76067005312481
2009-11-06,200470.34151073225,232583.86134557737,-13.807286390834427
2009-11-06,200375.24389410423,232583.86134557737,-13.848173843677392
2009-11-06,200506.90266334504,232583.86134557737,-13.791566833853445
2009-11-06,200245.89006385257,232583.86134557737,-13.90378983934593
2009-11-06,200287.53752017123,232583.86134557737,-13.88588341364738
2009-11-06,200256.35534472222,232583.86134557737,-13.899290266241795
2009-11-06,200665.92582241402,232583.86134557737,-13.723194437699654
2009-11-09,201070.8070383537,232583.86134557737,-13.549114768716047
2009-11-09,201030.68248540908,232583.86134557737,-13.566366418384465
2009-11-09,201746.55577946574,232583.86134557737,-13.258574944842369
2009-11-11,202537.31396472137,232583.86134557737,-12.918586529188408
2009-11-13,202541.75659790117,232583.86134557737,-12.916676408187708
2009-11-23,203044.07435310856,232583.86134557737,-12.700703660852056
2009-11-24,201429.18298835435,232583.86134557737,-13.395030152557673
2009-11-24,200304.22025425328,232583.86134557737,-13.878710631328978
2009-11-24,200241.1774011093,232583.86134557737,-13.905816060217829
2009-11-24,199754.40527318022,232583.86134557737,-14.115104927086296
2009-11-25,199408.5202713688,232583.86134557737,-14.263819029522454
2009-11-27,198788.14547901606,232583.86134557737,-14.530550688702778
2009-11-30,198804.30985181365,232583.86134557737,-14.52360077708635
2009-12-01,199573.8919627552,232583.86134557737,-14.192717066372609
2009-12-01,200481.47942411908,232583.86134557737,-13.802497617734527
2009-12-01,201361.49041970345,232583.86134557737,-13.424134738000223
2009-12-01,201094.1254396388,232583.86134557737,-13.539088965055296
2009-12-01,201502.4942982987,232583.86134557737,-13.363509775554638
2009-12-01,201040.06235606183,232583.86134557737,-13.562333520057607
2009-12-02,200697.02460500225,232583.86134557737,-13.709823440069673
2009-12-02,200131.9074998926,232583.86134557737,-13.952796921479885
2009-12-03,198948.89576763942,232583.86134557737,-14.46143570897316
2009-12-04,199884.7628581906,232583.86134557737,-14.059057364604438
2009-12-04,201266.82048583962,232583.86134557737,-13.46483830759277
2009-12-09,201703.97296423436,232583.86134557737,-13.276883530392983
2009-12-10,201391.4530713947,232583.86134557737,-13.411252222627956
2009-12-10,200920.68429044684,232583.86134557737,-13.613660411323556
2009-12-10,200694.05054590487,232583.86134557737,-13.711102144052049
2009-12-10,201161.32373811686,232583.86134557737,-13.510196892282364
2009-12-11,201763.81206282438,232583.86134557737,-13.251155563609807
2009-12-11,202338.41229826896,232583.86134557737,-13.004104787119847
2009-12-14,202845.66150192748,232583.86134557737,-12.786011751462127
2009-12-14,203279.6743140678,232583.86134557737,-12.599406881446898
2009-12-14,204120.40028128476,232583.86134557737,-12.237934695735866
2009-12-14,204505.29174488966,232583.86134557737,-12.072449669656166
2009-12-15,204545.75436639506,232583.86134557737,-12.055052666583247
2009-12-16,204886.38191860076,232583.86134557737,-11.908599017462862
2009-12-16,204695.43314757856,232583.86134557737,-11.99069790855423
2009-12-16,205748.97369653246,232583.86134557737,-11.537725572959316
2009-12-16,206238.0540681971,232583.86134557737,-11.327444271051636
2009-12-17,205709.3872220119,232583.86134557737,-11.554745874493369
2009-12-18,207047.60538466598,232583.86134557737,-10.979375702671458
2009-12-18,207629.35314258997,232583.86134557737,-10.729251831411267
2009-12-18,207063.13099039957,232583.86134557737,-10.972700430516385
2009-12-21,206518.53869889738,232583.86134557737,-11.206849218119936
2009-12-22,205945.4451996377,232583.86134557737,-11.453252169702274
2009-12-22,204911.94606979308,232583.86134557737,-11.897607648137226
2009-12-22,205313.4993345033,232583.86134557737,-11.724958839923659
2009-12-23,205994.6891901328,232583.86134557737,-11.432079595556239
2009-12-23,206636.13164356182,232583.86134557737,-11.156289843972424
2009-12-23,207015.18252472256,232583.86134557737,-10.993315990598504
2009-12-23,207854.93042284774,232583.86134557737,-10.632264328085487
2009-12-23,208629.43835072152,232583.86134557737,-10.299262750334998
2009-12-23,209183.74573168484,232583.86134557737,-10.060936936258104
2009-12-23,209612.20972464295,232583.86134557737,-9.876717794620635
2009-12-23,210129.13076443344,232583.86134557737,-9.654466329364219
2009-12-23,210705.72675023795,232583.86134557737,-9.406557475126137
2009-12-24,210880.832886564,232583.86134557737,-9.331270163567636
2009-12-24,211242.49054339898,232583.86134557737,-9.175774569529997
2009-12-24,211717.42851030373,232583.86134557737,-8.971573829135943
2009-12-28,211640.03950709186,232583.86134557737,-9.004847420331885
2009-12-28,211806.6339313392,232583.86134557737,-8.933219740198135
2009-12-28,211810.81789592127,232583.86134557737,-8.931420834393638
2009-12-29,212932.0941485938,232583.86134557737,-8.449325367328306
2009-12-29,212955.41941871558,232583.86134557737,-8.439296610394429
2009-12-29,213141.51609317004,232583.86134557737,-8.359283890088806
2009-12-30,213098.68222161641,232583.86134557737,-8.377700417919161
2009-12-30,213471.36073914572,232583.86134557737,-8.217466377873034
2010-01-04,213448.74562780518,232583.86134557737,-8.22718980030213
2010-01-06,214348.6683686558,232583.86134557737,-7.840265816993802
2010-01-07,214550.20083530952,232583.86134557737,-7.753616440081848
2010-01-07,215089.8914767141,232583.86134557737,-7.521575128925391
2010-01-11,215674.5175201442,232583.86134557737,-7.2702137317726265
2010-01-12,213211.38564652155,232583.86134557737,-8.329243304750127
2010-01-13,213337.78254179982,232583.86134557737,-8.274898650504978
2010-01-13,213638.20210604894,232583.86134557737,-8.145732524140456
2010-01-13,213573.8934074507,232583.86134557737,-8.173382206378161
2010-01-13,213324.1534664812,232583.86134557737,-8.280758504769922
2010-01-13,213597.7499923143,232583.86134557737,-8.16312500937164
2010-01-13,213560.69029702904,232583.86134557737,-8.179058915993899
2010-01-13,213735.55874868837,232583.86134557737,-8.103873797539137
2010-01-13,213806.01503799,232583.86134557737,-8.073580943643766
2010-01-13,213896.26034367163,232583.86134557737,-8.034779753759166
2010-01-13,213997.88399060228,232583.86134557737,-7.9910864182273205
2010-01-13,213890.66475261824,232583.86134557737,-8.037185591817329
2010-01-13,213813.36586370014,232583.86134557737,-8.07042043815228
2010-01-13,213732.96043317474,232583.86134557737,-8.104990949648746
2010-01-14,213938.16222569734,232583.86134557737,-8.016763937105644
2010-01-14,214179.1520640363,232583.86134557737,-7.9131497667394175
2010-01-14,214203.85926634716,232583.86134557737,-7.902526844681139
2010-01-14,214333.00981006023,232583.86134557737,-7.846998252557038
2010-01-15,214291.42675350377,232583.86134557737,-7.864876989420333
2010-01-15,214256.08358420365,232583.86134557737,-7.880072871497296
2010-01-15,214236.03878212892,232583.86134557737,-7.888691183171528
2010-01-15,214021.6934608686,232583.86134557737,-7.980849478257114
2010-01-15,214153.2425705135,232583.86134557737,-7.924289616844615
2010-01-19,214385.8900204623,232583.86134557737,-7.824262276769146
2010-01-19,214600.0881003581,232583.86134557737,-7.732167288468338
2010-01-20,214344.28002404657,232583.86134557737,-7.842152596490819
2010-01-20,214204.3920513639,232583.86134557737,-7.902297772460202
2010-01-20,214365.3929476961,232583.86134557737,-7.833075043333272
2010-01-21,213920.05058300972,232583.86134557737,-8.02455108217359
2010-01-21,213817.27859322095,232583.86134557737,-8.06873815052571
2010-01-21,213505.7663342272,232583.86134557737,-8.202673608124336
2010-01-21,213494.99109825506,232583.86134557737,-8.207306447182814
2010-01-25,213376.64420534397,232583.86134557737,-8.258189983222856
2010-01-25,213110.80275272953,232583.86134557737,-8.372489165924721
2010-01-25,212668.42173319487,232583.86134557737,-8.562691967174702
2010-01-25,212246.12018570548,232583.86134557737,-8.744261550311826
2010-01-25,212008.52052276558,232583.86134557737,-8.846418106474108
2010-01-25,212188.92189083807,232583.86134557737,-8.768854097076034
2010-01-26,212262.9066648253,232583.86134557737,-8.73704416256071
2010-01-26,212431.99482336306,232583.86134557737,-8.664344295270041
2010-01-26,212789.22977965875,232583.86134557737,-8.510750252145566
2010-01-27,212911.07490507903,232583.86134557737,-8.458362642482815
2010-01-27,212847.71384475502,232583.86134557737,-8.485604885326941
2010-01-27,212754.51596747583,232583.86134557737,-8.525675540590813
2010-01-27,212483.64069707194,232583.86134557737,-8.64213902556212
2010-01-27,211929.48340300174,232583.86134557737,-8.880400309412261
2010-01-27,211322.66993617962,232583.86134557737,-9.141301243514693
2010-01-27,210686.55387582458,232583.86134557737,-9.414800899369958
2010-01-28,210376.66723953828,232583.86134557737,-9.54803741650984
2010-01-29,209544.3938642027,232583.86134557737,-9.905875389669543
2010-01-29,209713.2300768834,232583.86134557737,-9.833283847116277
2010-02-01,209856.6256251388,232583.86134557737,-9.77163058045116
2010-02-01,209768.62612581265,232583.86134557737,-9.809466180400811
2010-02-01,209535.56925202295,232583.86134557737,-9.909669553257974
2010-02-01,209459.84017753985,232583.86134557737,-9.942229454037408
2010-02-01,209437.0990337579,232583.86134557737,-9.952007064422922
2010-02-01,209002.59560512315,232583.86134557737,-10.138822876199802
2010-02-01,208934.54024118115,232583.86134557737,-10.16808344636502
2010-02-01,208940.31838245672,232583.86134557737,-10.16559912039238
2010-02-01,208533.71980149546,232583.86134557737,-10.340417174667063
2010-02-01,208288.79275087084,232583.86134557737,-10.445724159084484
2010-02-01,208122.12317570113,232583.86134557737,-10.517384150541103
2010-02-01,208109.25413094758,232583.86134557737,-10.522917227805834
2010-02-01,207662.23998267358,232583.86134557737,-10.715112054088221
2010-02-01,207697.80738978687,232583.86134557737,-10.69981976041508
2010-02-01,207635.06566997888,232583.86134557737,-10.726795716289667
2010-02-02,207863.83000162168,232583.86134557737,-10.62843793242654
2010-02-02,207952.4192027689,232583.86134557737,-10.590348788736726
2010-02-02,208003.5709091406,232583.86134557737,-10.568355987483983
2010-02-03,208245.86353466025,232583.86134557737,-10.464181680583279
2010-02-03,208825.9459348193,232583.86134557737,-10.214773833966982
2010-02-03,208878.1833394836,232583.86134557737,-10.19231423407811
2010-02-03,209248.84650705568,232583.86134557737,-10.03294669867489
2010-02-03,209430.90563855486,232583.86134557737,-9.954669929837232
2010-02-03,210000.21009258897,232583.86134557737,-9.709896087516237
2010-02-03,210305.80939954994,232583.86134557737,-9.57850291810501
2010-02-03,210592.6017917238,232583.86134557737,-9.455195827701282
2010-02-03,210953.09957261744,232583.86134557737,-9.300198925161254
2010-02-03,211197.47818146762,232583.86134557737,-9.195127744626042
2010-02-03,211322.7772209105,232583.86134557737,-9.141255116182272
2010-02-03,211458.04216279855,232583.86134557737,-9.083097623609273
2010-02-03,211555.0872778617,232583.86134557737,-9.041372839051263
2010-02-03,211622.32739489403,232583.86134557737,-9.012462786288644
2010-02-03,211988.06813354653,232583.86134557737,-8.855211661237849
2010-02-03,212337.90124830086,232583.86134557737,-8.704800057986267
2010-02-03,212560.17876531708,232583.86134557737,-8.609231295936198
2010-02-03,212600.66999534648,232583.86134557737,-8.591821992558415
2010-02-03,212829.85562975597,232583.86134557737,-8.4932830685404
2010-02-03,213051.56964278815,232583.86134557737,-8.397956586406393
2010-02-03,213227.5363743854,232583.86134557737,-8.322299259806329
2010-02-03,213332.17606756947,232583.86134557737,-8.27730916781169
2010-02-03,213569.24288703757,232583.86134557737,-8.175381709003245
2010-02-03,213620.51578357333,232583.86134557737,-8.153336801743077
2010-02-03,213777.39498412,232583.86134557737,-8.08588620579928
2010-02-04,213992.68739129006,232583.86134557737,-7.993320708810575
2010-02-04,214169.21672408318,232583.86134557737,-7.917421490450439
2010-02-04,214509.4351560223,232583.86134557737,-7.771143743589231
2010-02-05,214144.02051999714,232583.86134557737,-7.928254660017868
2010-02-05,213821.52064744846,232583.86134557737,-8.066914268936092
2010-02-08,214007.67457375603,232583.86134557737,-7.986876933056205
2010-02-08,214006.50649073135,232583.86134557737,-7.987379153209366
2010-02-08,213757.72895788026,232583.86134557737,-8.094341661876918
2010-02-08,213605.4239093079,232583.86134557737,-8.159825589992664
2010-02-09,213453.53284601934,232583.86134557737,-8.22513152412318
2010-02-09,213836.22283738657,232583.86134557737,-8.06059302641606
2010-02-09,213942.87526634627,232583.86134557737,-8.014737553752274
2010-02-09,213521.1637838472,232583.86134557737,-8.196053437003721
2010-02-09,213135.86571998065,232583.86134557737,-8.361713281860316
2010-02-09,212872.70719963577,232583.86134557737,-8.474858931271422
2010-02-09,212561.97854643234,232583.86134557737,-8.608457475644089
2010-02-09,212603.09031403798,232583.86134557737,-8.5907813706178
2010-02-09,212318.5286588975,232583.86134557737,-8.713129350178459
2010-02-09,212322.6658314011,232583.86134557737,-8.711350562742535
2010-02-09,212537.67755801594,232583.86134557737,-8.618905745044984
2010-02-09,212470.31698566623,232583.86134557737,-8.647867587865896
2010-02-09,212432.43002692936,232583.86134557737,-8.664157178432362
2010-02-09,211971.97995636732,232583.86134557737,-8.862128812361812
2010-02-09,211381.78912628125,232583.86134557737,-9.11588280314673
2010-02-09,211193.04686450952,232583.86134557737,-9.197033000189546
2010-02-09,211168.95607953233,232583.86134557737,-9.207390892107677
2010-02-09,210636.61569189405,232583.86134557737,-9.436271943681295
2010-02-09,210128.8861089726,232583.86134557737,-9.654571519577948
2010-02-09,210229.91380518128,232583.86134557737,-9.611134414516487
2010-02-09,209846.64011087635,232583.86134557737,-9.775923876729193
2010-02-09,209767.52754451975,232583.86134557737,-9.809938518114418
2010-02-09,209857.71328226768,232583.86134557737,-9.771162939608594
2010-02-10,209290.03903272082,232583.86134557737,-10.01523587152342
2010-02-10,209483.17095279196,232583.86134557737,-9.93219833015928
2010-02-10,209784.54922907733,232583.86134557737,-9.802620003210116
2010-02-11,210276.30795003334,232583.86134557737,-9.591187138474352
2010-02-11,210685.13872935707,232583.86134557737,-9.415409345054588
2010-02-11,211170.8140707763,232583.86134557737,-9.206592044228367
2010-02-11,209975.57378448054,232583.86134557737,-9.720488528438793
2010-02-11,209070.60141253198,232583.86134557737,-10.109583612987215
2010-02-11,208688.80612856336,232583.86134557737,-10.27373742906018
2010-02-11,208998.2971054323,232583.86134557737,-10.140671026654422
2010-02-12,209226.4247200301,232583.86134557737,-10.042587000841973
2010-02-12,209536.47791510756,232583.86134557737,-9.909278871342488
2010-02-16,209812.4340610151,232583.86134557737,-9.790630851522435
2010-02-16,210266.30173512324,232583.86134557737,-9.595489335046464
2010-02-17,210488.68342659675,232583.86134557737,-9.499875782933712
2010-02-17,210381.64667827787,232583.86134557737,-9.545896494645877
2010-02-17,210503.03234866893,232583.86134557737,-9.493706428796598
2010-02-18,210441.575276932,232583.86134557737,-9.52013004709125
2010-02-18,210532.55162920698,232583.86134557737,-9.481014541935973
2010-03-01,211018.14717246723,232583.86134557737,-9.272231550523365
2010-03-03,211414.89885595877,232583.86134557737,-9.101647193897675
2010-03-04,210895.2848268513,232583.86134557737,-9.325056516496982
2010-03-05,211770.2962564494,232583.86134557737,-8.948843212385576
2010-03-09,212264.3767933464,232583.86134557737,-8.736412077207675
2010-03-10,212690.27611269825,232583.86134557737,-8.55329562325946
2010-03-12,213271.92907655364,232583.86134557737,-8.303212508940897
2010-03-18,213736.96636084607,232583.86134557737,-8.103268591249433
2010-03-18,214127.3432607521,232583.86134557737,-7.935425088416709
2010-03-22,214376.73856143933,232583.86134557737,-7.828196968957175
2010-03-23,214772.5560909624,232583.86134557737,-7.658014254114823
2010-03-24,216314.9653589127,232583.86134557737,-6.994851617194556
2010-03-24,216987.20018949453,232583.86134557737,-6.705822607747078
2010-03-25,215797.96150954915,232583.86134557737,-7.2171386866294345
2010-03-25,213899.9820945681,232583.86134557737,-8.033179577859192
2010-03-25,214477.22385704058,232583.86134557737,-7.7849930703633925
2010-03-25,215198.64062247516,232583.86134557737,-7.474818167745069
2010-03-25,215629.26468440582,232583.86134557737,-7.2896702991701146
2010-03-26,215819.0169501912,232583.86134557737,-7.208085848431529
2010-03-26,215819.0158373316,232583.86134557737,-7.208086326908239
2010-03-26,215797.93427554172,232583.86134557737,-7.217150395957534
2010-03-26,214688.60512464194,232583.86134557737,-7.694109177397452
2010-03-26,214482.95643766745,232583.86134557737,-7.782528333303085
2010-03-26,213186.33375233103,232583.86134557737,-8.340014427925048
2010-03-29,215482.2369406867,232583.86134557737,-7.352885237157861
2010-03-31,215657.43747537048,232583.86134557737,-7.2775573387945895
2010-04-01,215739.4496916639,232583.86134557737,-7.242295985827553
2010-04-01,216210.05895298804,232583.86134557737,-7.039956382984302
2010-04-01,216631.66995785336,232583.86134557737,-6.8586837003372105
2010-04-01,216809.28419285963,232583.86134557737,-6.782318025617257
2010-04-05,217319.72021582915,232583.86134557737,-6.562854809202985
2010-04-05,218080.32506927507,232583.86134557737,-6.235830892304552
2010-04-05,218763.3438727811,232583.86134557737,-5.94216528732469
2010-04-05,219149.28200565145,232583.86134557737,-5.776230243234539
2010-04-05,220142.92125440892,232583.86134557737,-5.349012618155596
2010-04-05,220549.1777419211,232583.86134557737,-5.174341647795984
2010-04-05,221425.01986267598,232583.86134557737,-4.7977711859901495
2010-04-05,220907.7590175659,232583.86134557737,-5.020168751374761
2010-04-05,221516.04934016956,232583.86134557737,-4.758632839517209
2010-04-06,222504.5784574885,232583.86134557737,-4.333612327947762
2010-04-06,223200.76355393048,232583.86134557737,-4.0342858431201805
2010-04-06,224008.4723102729,232583.86134557737,-3.6870094879726043
2010-04-06,224391.43993954218,232583.86134557737,-3.5223516191704913
2010-04-06,224850.67938865937,232583.86134557737,-3.3249004948919927
2010-04-06,225947.35369528973,232583.86134557737,-2.8533826946947976
2010-04-06,226648.5520312001,232583.86134557737,-2.551900755297245
2010-04-06,227053.70728736464,232583.86134557737,-2.3777032620487497
2010-04-06,228099.0059642009,232583.86134557737,-1.9282745395274044
2010-04-06,228222.2242249002,232583.86134557737,-1.8752965469932528
2010-04-06,227560.47966886658,232583.86134557737,-2.1598152372433788
2010-04-07,227832.35173968045,232583.86134557737,-2.0429231754979944
2010-04-07,228193.9293399288,232583.86134557737,-1.8874620019855626
2010-04-07,228315.76276329317,232583.86134557737,-1.8350794236503734
2010-04-09,228288.1073198931,232583.86134557737,-1.8469699491752576
2010-04-12,228447.6805874082,232583.86134557737,-1.7783610325497043
2010-04-12,228679.97609500948,232583.86134557737,-1.6784850109472689
2010-04-12,228801.1407110386,232583.86134557737,-1.6263899879615171
2010-04-12,229025.1105451089,232583.86134557737,-1.5300936100552596
2010-04-14,229190.8181214834,232583.86134557737,-1.4588472323333406
2010-04-15,229718.25729972974,232583.86134557737,-1.2320734677243437
2010-04-16,229692.7958364289,232583.86134557737,-1.2430206861398985
2010-04-19,229758.3029336107,232583.86134557737,-1.2148557495003462
2010-04-19,229917.2507636177,232583.86134557737,-1.1465157412609923
2010-04-20,230058.44297286606,232583.86134557737,-1.0858098055905088
2010-04-21,230138.4829335051,232583.86134557737,-1.0513964287654922
2010-04-21,230002.33339122008,232583.86134557737,-1.109934257442573
2010-04-21,230166.49559974897,232583.86134557737,-1.0393523144052688
2010-04-21,230334.49481076153,232583.86134557737,-0.9671206427662189
2010-04-21,230844.1503153966,232583.86134557737,-0.7479930121187021
2010-04-22,230989.78244230073,232583.86134557737,-0.6853781229937257
2010-04-22,231186.48230504367,232583.86134557737,-0.6008065359519741
2010-04-22,231379.87598758246,232583.86134557737,-0.5176564491746951
2010-04-23,231674.70886061687,232583.86134557737,-0.39089233436092513
2010-04-23,231860.13150305004,232583.86134557737,-0.3111694157712868
2010-04-23,232270.48186738876,232583.86134557737,-0.1347382730579853
2010-04-26,232249.4984102897,232583.86134557737,-0.14376016175553624
2010-04-26,232435.49057007025,232583.86134557737,-0.06379237778956243
2010-04-28,232750.65954303145,232750.65954303145,0.0
2010-04-29,232681.48732034425,232750.65954303145,-0.029719452921423285
2010-04-29,232727.86892555634,232750.65954303145,-0.009791859460186804
2010-04-29,233164.35701189502,233164.35701189502,0.0
2010-04-29,233348.57024804835,233348.57024804835,0.0
2010-05-03,233496.43564165826,233496.43564165826,0.0
2010-05-03,233757.33534296663,233757.33534296663,0.0
2010-05-03,233896.0417616961,233896.0417616961,0.0
2010-05-03,234072.46346648366,234072.46346648366,0.0
2010-05-05,233660.67767100333,234072.46346648366,-0.1759223572828744
2010-05-05,233401.38664159796,234072.46346648366,-0.2866961858509238
2010-05-07,232869.5373157649,234072.46346648366,-0.5139118599873267
2010-05-07,232163.85256881878,234072.46346648366,-0.8153931775653622
2010-05-07,231090.60735748164,234072.46346648366,-1.273902989203593
2010-05-07,230391.780280495,234072.46346648366,-1.5724545858490904
2010-05-07,229491.66956075057,234072.46346648366,-1.9569982038442593
2010-05-07,228487.30018457593,234072.46346648366,-2.3860830100194432
2010-05-10,229050.86969367755,234072.46346648366,-2.1453158985209475
2010-05-10,228901.5401246091,234072.46346648366,-2.2091121976912804
2010-05-10,228497.42488630908,234072.46346648366,-2.381757553883678
2010-05-10,228019.33116151518,234072.46346648366,-2.586007860696191
2010-05-10,227756.77811894266,234072.46346648366,-2.6981752804277774
2010-05-12,228257.79475978835,234072.46346648366,-2.4841318882978762
2010-05-13,227393.00752677975,234072.46346648366,-2.853584672363791
2010-05-14,227072.98369077776,234072.46346648366,-2.990304656962838
2010-05-20,225061.69228495643,234072.46346648366,-3.8495648091546943
2010-05-21,224295.70032565662,234072.46346648366,-4.176810461187355
2010-05-21,223514.26387267918,234072.46346648366,-4.510654280919417
2010-05-21,223810.23016330792,234072.46346648366,-4.384212115854103
2010-05-21,224060.72393343152,234072.46346648366,-4.277196635940776
2010-05-24,224444.96418763342,234072.46346648366,-4.113042233277808
2010-05-25,223690.44984759841,234072.46346648366,-4.43538443827752
2010-05-25,223935.40957147448,234072.46346648366,-4.330733203250407
2010-05-27,223761.43183410435,234072.46346648366,-4.405059646777172
2010-05-27,223758.6482041299,234072.46346648366,-4.406248863967969
2010-05-27,224049.68239637508,234072.46346648366,-4.281913780748381
2010-05-27,224069.93334874552,234072.46346648366,-4.273262206756921
2010-05-27,225068.0562954676,234072.46346648366,-3.8468459884882553
2010-05-27,225187.75305981294,234072.46346648366,-3.7957093607223507
2010-05-27,225085.51769239156,234072.46346648366,-3.839386163156662
2010-05-27,225443.34875528642,234072.46346648366,-3.686514245804408
2010-05-27,225408.3253793939,234072.46346648366,-3.7014768669405465
2010-05-27,225627.03386963854,234072.46346648366,-3.6080406348414416
2010-05-27,225068.44773527663,234072.46346648366,-3.846678758305247
2010-05-27,224801.54993472632,234072.46346648366,-3.960702337413055
2010-05-27,224500.42049471845,234072.46346648366,-4.089350293498242
2010-05-27,224644.4726911545,234072.46346648366,-4.0278085835923845
2010-05-27,224548.51445355828,234072.46346648366,-4.068803682364413
2010-05-27,224439.8086892245,234072.46346648366,-4.115244755664494
2010-05-27,224156.1430421292,234072.46346648366,-4.236431862808312
2010-05-27,224385.82803074527,234072.46346648366,-4.138306271606957
2010-05-27,224616.93298895,234072.46346648366,-4.039574043654044
2010-05-27,224272.05535902578,234072.46346648366,-4.186912019602505
2010-05-27,224632.91953568376,234072.46346648366,-4.032744301061937
2010-05-27,224822.87393354237,234072.46346648366,-3.9515923385262774
2010-05-27,225961.25084936598,234072.46346648366,-3.4652570819288644
2010-05-27,226333.9812613928,234072.46346648366,-3.306019892510306
2010-05-27,226141.8113636528,234072.46346648366,-3.388118356761099
2010-05-27,226113.9248900034,234072.46346648366,-3.4000319638708074
2010-05-27,226100.34869596662,234072.46346648366,-3.405831960092373
2010-06-30,224781.72251781018,234072.46346648366,-3.9691729693799735
2010-06-30,223671.57293716614,234072.46346648366,-4.443448996642359
2010-06-30,222141.82095222553,234072.46346648366,-5.096986778184804
2010-06-30,219430.32397418044,234072.46346648366,-6.25538744517883
2010-08-09,219869.98248305463,234072.46346648366,-6.067557359416888
2010-08-11,218733.25891044378,234072.46346648366,-6.553186277819592
2010-08-11,218273.58025244673,234072.46346648366,-6.749569334241293
2010-08-12,217362.739067302,234072.46346648366,-7.138697201592999
2010-08-17,216363.06874049336,234072.46346648366,-7.565774488687807
2010-08-19,216216.40933895909,234072.46346648366,-7.628430043878846
2010-09-16,217249.8886987253,234072.46346648366,-7.186908924965094
2010-09-17,217705.0797401473,234072.46346648366,-6.992443059702307
2010-09-20,218259.36314205604,234072.46346648366,-6.755643141548713
2010-09-21,218171.14889353598,234072.46346648366,-6.793329867793081
2010-09-22,218590.76642457396,234072.46346648366,-6.614061651094853
2010-09-23,218210.70219301718,234072.46346648366,-6.776431981174795
2010-09-24,218666.89307848547,234072.46346648366,-6.5815389644088045
2010-09-27,219082.48858212834,234072.46346648366,-6.4039890307309495
2010-09-28,219621.13442601738,234072.46346648366,-6.173869760863836
2010-09-28,219312.9795140076,234072.46346648366,-6.305519125956241
2010-09-28,219239.0945808365,234072.46346648366,-6.337084108900795
2010-09-28,218604.43061887618,234072.46346648366,-6.608224059564492
2010-09-29,218670.12202338572,234072.46346648366,-6.580159500608398
2010-10-04,219294.47184394381,234072.46346648366,-6.313425938141536
2010-10-04,219986.98221552325,234072.46346648366,-6.017572952564444
2010-10-05,220493.1209491938,234072.46346648366,-5.801341309518988
2010-10-06,220760.31091998465,234072.46346648366,-5.68719290998753
2010-10-06,221221.01451064248,234072.46346648366,-5.490371983751673
2010-10-07,221354.94719719005,234072.46346648366,-5.433153511931406
2010-10-08,221565.5628535803,234072.46346648366,-5.343174685173588
2010-10-11,221719.18282818355,234072.46346648366,-5.277545446976062
2010-10-11,221737.2759266459,234072.46346648366,-5.2698157472948575
2010-10-11,218976.46823685316,234072.46346648366,-6.449282844324002
2010-10-11,219026.48230398592,234072.46346648366,-6.427915928116914
2010-10-11,218918.22640302035,234072.46346648366,-6.474164811630316
2010-10-12,218476.5270909911,234072.46346648366,-6.662866765498762
2010-10-12,218673.14628770584,234072.46346648366,-6.578867480062566
2010-10-13,218968.3815538898,234072.46346648366,-6.452737621893136
2010-10-13,219092.66619036318,234072.46346648366,-6.3996409719784975
2010-10-14,219232.80645239996,234072.46346648366,-6.339770511369252
2010-10-14,219357.21618088445,234072.46346648366,-6.286620419879613
2010-10-18,219366.0865999838,234072.46346648366,-6.2828308160244735
2010-10-20,219391.2431633271,234072.46346648366,-6.272083476089331
2010-10-20,219515.22756834934,234072.46346648366,-6.219115090493653
2010-10-20,219566.62995111058,234072.46346648366,-6.197155060680663
2010-10-20,219272.12944378718,234072.46346648366,-6.322971016544074
2010-10-20,219294.48561625983,234072.46346648366,-6.313420054358448
2010-10-20,219428.18025374014,234072.46346648366,-6.256303281415419
2010-10-21,219571.66191345136,234072.46346648366,-6.195005315141925
2010-10-21,219721.00487140543,234072.46346648366,-6.131203295996921
2010-10-22,219507.18862824017,234072.46346648366,-6.222549471449923
2010-10-22,219459.2415344562,234072.46346648366,-6.243033339169302
2010-10-22,219805.53116130005,234072.46346648366,-6.095092132538035
2010-10-22,219960.73022896564,234072.46346648366,-6.0287882771561705
2010-10-22,220145.6979753504,234072.46346648366,-5.949766702535435
2010-10-22,220347.75526421092,234072.46346648366,-5.863444165544895
2010-10-25,220504.527777322,234072.46346648366,-5.796468105743006
2010-10-25,220652.55129333548,234072.46346648366,-5.733229776115786
2010-10-25,220655.11711607824,234072.46346648366,-5.7321336101231
2010-10-25,220800.2563438385,234072.46346648366,-5.6701275007282455
2010-10-25,220936.79446261222,234072.46346648366,-5.611795941025892
2010-10-26,219179.57017662554,234072.46346648366,-6.362514013524964
2010-10-26,219362.45547433067,234072.46346648366,-6.284382098733836
2010-10-28,219394.93776569876,234072.46346648366,-6.270505074975016
2010-11-01,219537.47305217068,234072.46346648366,-6.209611416506588
2010-11-01,219590.29370890028,234072.46346648366,-6.187045474341775
2010-11-01,219641.52740219366,234072.46346648366,-6.165157511727702
2010-11-02,219524.6832708799,234072.46346648366,-6.215075442945823
2010-11-02,219503.3207893509,234072.46346648366,-6.224201882345247
2010-11-03,219640.37169811895,234072.46346648366,-6.165651249460709
2010-11-03,219901.5182093889,234072.46346648366,-6.054084725401236
2010-11-03,220178.98287346459,234072.46346648366,-5.93554679062386
2010-11-03,220329.87463125,234072.46346648366,-5.871083096112008
2010-11-03,220504.51178884853,234072.46346648366,-5.796474936308731
2010-11-04,220743.80671383778,234072.46346648366,-5.694243806065802
2010-11-04,221003.12116309014,234072.46346648366,-5.5834599721145315
2010-11-04,221414.7864799193,234072.46346648366,-5.407589085495648
2010-11-04,221563.50399656096,234072.46346648366,-5.344054266218219
2010-11-04,221832.90488163894,234072.46346648366,-5.228961324020618
2010-11-04,221975.57444217496,234072.46346648366,-5.1680103012376915
2010-11-04,222166.32715379997,234072.46346648366,-5.08651728458803
2010-11-04,222823.93312842996,234072.46346648366,-4.805576090185577
2010-11-04,223464.6305749708,234072.46346648366,-4.531858525525272
2010-11-04,224539.06190740177,234072.46346648366,-4.0728419814520205
2010-11-05,225503.9034695801,234072.46346648366,-3.660644174033939
2010-11-05,225539.83043974868,234072.46346648366,-3.6452955210413944
2010-11-05,225673.10149441648,234072.46346648366,-3.588359710355196
2010-11-09,225553.65451345913,234072.46346648366,-3.6393896261293133
2010-11-09,225375.7157136102,234072.46346648366,-3.7154083073589423
2010-11-09,225283.91218098922,234072.46346648366,-3.754628440843001
2010-11-10,224186.56519318157,234072.46346648366,-4.2234349683416035
2010-11-12,223786.24588324744,234072.46346648366,-4.394458635117961
2010-11-15,223433.45246451852,234072.46346648366,-4.54517837955276
2010-11-17,223904.9290591547,234072.46346648366,-4.3437550307086115
2010-11-17,223388.57887395856,234072.46346648366,-4.564349190973893
2010-11-17,223695.7785228835,234072.46346648366,-4.433107931589726
2010-11-18,223835.9081281826,234072.46346648366,-4.3732420237320255
2010-11-18,224806.49667011376,234072.46346648366,-3.9585890023739063
2010-11-18,224182.62959139846,234072.46346648366,-4.225116328773676
2010-11-19,224591.96786754567,234072.46346648366,-4.0502395961221165
2010-11-19,225330.17342245035,234072.46346648366,-3.734864799799532
2010-11-19,225923.088495024,234072.46346648366,-3.48156073156659
2010-11-19,227359.60683715998,234072.46346648366,-2.867854052505787
2010-11-19,227745.54530162012,234072.46346648366,-2.702974143632867
2010-11-19,228315.22421140422,234072.46346648366,-2.459596985402691
2010-11-19,228799.46830610742,234072.46346648366,-2.252719129062046
2010-11-19,229775.68052896025,234072.46346648366,-1.8356635692598937
2010-11-19,229926.98057977352,234072.46346648366,-1.7710254445644047
2010-11-19,230731.54640888138,234072.46346648366,-1.4273003360263548
2010-11-19,231821.29018545215,234072.46346648366,-0.9617420382102553
2010-11-19,232693.48272089972,234072.46346648366,-0.5891255746882847
2010-11-19,233206.96383737162,234072.46346648366,-0.36975713259666565
2010-11-19,234209.90044649635,234209.90044649635,0.0
2010-11-19,234861.75689526426,234861.75689526426,0.0
2010-11-19,235764.43819273726,235764.43819273726,0.0
2010-11-19,235891.13305717072,235891.13305717072,0.0
2010-11-19,236780.53399790017,236780.53399790017,0.0
2010-11-19,237447.434250371,237447.434250371,0.0
2010-11-19,238830.97174721464,238830.97174721464,0.0
2010-11-19,239889.16985293973,239889.16985293973,0.0
2010-11-19,240036.5971820687,240036.5971820687,0.0
2010-11-19,240140.17148530137,240140.17148530137,0.0
2010-11-19,242105.34621800343,242105.34621800343,0.0
2010-11-22,242502.05126583378,242502.05126583378,0.0
2010-11-22,242890.20614879238,242890.20614879238,0.0
2010-11-22,243385.84904499326,243385.84904499326,0.0
2010-11-22,244279.22177090953,244279.22177090953,0.0
2010-11-22,244723.23450769664,244723.23450769664,0.0
2010-11-22,245182.78491430476,245182.78491430476,0.0
2010-11-22,246299.26220382596,246299.26220382596,0.0
2010-11-22,245253.6554909743,246299.26220382596,-0.4245269366606337
2010-11-22,245817.40705051532,246299.26220382596,-0.19563808230650537
2010-11-23,245133.61854238523,246299.26220382596,-0.473263155971655
2010-11-23,244449.89710852955,246299.26220382596,-0.7508609968006965
2010-11-23,243472.91274139297,246299.26220382596,-1.147526564693496
2010-11-23,243585.5672191824,246299.26220382596,-1.1017877034474493
2010-11-24,244112.2425661175,246299.26220382596,-0.8879521676758364
2010-11-24,244768.51252087398,246299.26220382596,-0.6214999059498613
2010-11-24,245336.99726329176,246299.26220382596,-0.39068933131349304
2010-11-24,245944.18556850657,246299.26220382596,-0.14416471740201364
2010-11-24,246446.42111777878,246446.42111777878,0.0
2010-11-26,246826.49902994584,246826.49902994584,0.0
2010-11-26,246764.36639650344,246826.49902994584,-0.025172594387797176
2010-11-26,246984.21190239527,246984.21190239527,0.0
2010-11-26,246349.4135912516,246984.21190239527,-0.25701979339251874
2010-11-26,246709.37191919962,246984.21190239527,-0.11127836110603762
2010-11-26,246979.50814847645,246984.21190239527,-0.0019044755462651432
2010-11-26,247404.5065707271,247404.5065707271,0.0
2010-11-26,247199.94692726768,247404.5065707271,-0.08268226245949171
2010-11-30,247364.3998543718,247404.5065707271,-0.016210988599693648
2010-12-02,248357.91415578985,248357.91415578985,0.0
2010-12-03,248839.22324046565,248839.22324046565,0.0
2010-12-09,248936.7919430633,248936.7919430633,0.0
2010-12-10,249492.3065613967,249492.3065613967,0.0
2010-12-10,249172.89360129478,249492.3065613967,-0.12802517420444198
2010-12-10,248751.06768407678,249492.3065613967,-0.2970988915594063
2010-12-10,247881.53973743366,249492.3065613967,-0.6456178333365327
2010-12-14,248529.06878337177,249492.3065613967,-0.38607915061616654
2010-12-15,249111.44396702407,249492.3065613967,-0.1526550456091506
2010-12-16,249338.00006332973,249492.3065613967,-0.06184819892591998
2010-12-16,248764.9356481637,249492.3065613967,-0.2915404179222659
2010-12-16,247376.5347922524,249492.3065613967,-0.8480308664843011
2010-12-16,247939.04762513834,249492.3065613967,-0.6225678689920312
2010-12-17,247392.74036080347,249492.3065613967,-0.8415354483391855
2010-12-17,248312.19049905462,249492.3065613967,-0.47300699512818933
2010-12-20,249298.37384965646,249492.3065613967,-0.07773093864619986
2010-12-20,249875.87988683116,249875.87988683116,0.0
2010-12-20,251037.7324429638,251037.7324429638,0.0
2010-12-20,251931.36294956808,251931.36294956808,0.0
2010-12-20,252911.4787149272,252911.4787149272,0.0
2010-12-20,253606.6215112281,253606.6215112281,0.0
2010-12-20,253159.89276173993,253606.6215112281,-0.1761502703778505
2010-12-20,253629.52176617135,253629.52176617135,0.0
2010-12-20,253825.0928535608,253825.0928535608,0.0
2010-12-21,254422.29002099694,254422.29002099694,0.0
2010-12-21,254288.77298213847,254422.29002099694,-0.052478514695959884
2010-12-21,255953.21402840942,255953.21402840942,0.0
2010-12-21,256423.1358206943,256423.1358206943,0.0
2010-12-22,256962.50962232525,256962.50962232525,0.0
2010-12-22,256946.56816030588,256962.50962232525,-0.0062038085021824075
2010-12-22,257275.52358132202,257275.52358132202,0.0
2010-12-23,257968.23256494364,257968.23256494364,0.0
2010-12-27,257477.47636230083,257968.23256494364,-0.1902390064711777
2010-12-27,257145.44953396497,257968.23256494364,-0.31894742340862836
2010-12-27,257534.57474982887,257968.23256494364,-0.16810512317852783
2010-12-27,257787.1946333629,257968.23256494364,-0.07017838195839109
2010-12-27,257900.40994892217,257968.23256494364,-0.026291072876345203
2010-12-27,257188.66097480795,257968.23256494364,-0.3021967404220717
2010-12-27,257580.87537603176,257968.23256494364,-0.15015693407689581
2010-12-28,256948.55221652222,257968.23256494364,-0.3952736111275689
2010-12-28,256660.31276949748,257968.23256494364,-0.5070080848489306
2010-12-28,256248.82732276188,257968.23256494364,-0.6665182084964281
2010-12-31,255969.02607258997,257968.23256494364,-0.7749816605230126
2010-12-31,255523.20646994165,257968.23256494364,-0.9478012353270865
2011-01-04,254677.8932495807,257968.23256494364,-1.2754823656570193
2011-01-04,255694.18854633957,257968.23256494364,-0.8815209516278611
2011-01-06,255230.01662075464,257968.23256494364,-1.0614547058617572
2011-01-06,255273.91538042633,257968.23256494364,-1.0444375874223233
2011-01-07,255462.59524253185,257968.23256494364,-0.9712968521350742
2011-01-10,255681.75252976752,257968.23256494364,-0.886341706667506
2011-01-10,256075.28531489457,257968.23256494364,-0.7337908358822887
2011-01-10,256235.2017383338,257968.23256494364,-0.6718000931271846
2011-01-10,256406.50173387397,257968.23256494364,-0.6053965697797699
2011-01-11,256628.08907514246,257968.23256494364,-0.5194994269163733
2011-01-11,256865.5544625484,257968.23256494364,-0.4274472447368633
2011-01-11,257032.02974366842,257968.23256494364,-0.3629139960245027
2011-01-11,257523.61431589746,257968.23256494364,-0.1723538765317729
2011-01-11,257493.98754805635,257968.23256494364,-0.18383853398224057
2011-01-12,257702.42447062873,257968.23256494364,-0.10303908030536023
2011-01-12,257910.02794550266,257968.23256494364,-0.02256270815296013
2011-01-12,258120.06775084935,258120.06775084935,0.0
2011-01-12,258444.86131324072,258444.86131324072,0.0
2011-01-12,258671.41363872992,258671.41363872992,0.0
2011-01-12,258951.32789236418,258951.32789236418,0.0
2011-01-12,259133.94192406654,259133.94192406654,0.0
2011-01-12,259296.21770674473,259296.21770674473,0.0
2011-01-12,259267.99354389583,259296.21770674473,-0.010884911125398565
2011-01-12,259301.04593178115,259301.04593178115,0.0
2011-01-12,259284.4942345754,259301.04593178115,-0.006383197239438316
2011-01-12,259356.85431914817,259356.85431914817,0.0
2011-01-13,259590.39134919137,259590.39134919137,0.0
2011-01-14,259845.532730993,259845.532730993,0.0
2011-01-14,260196.38172065045,260196.38172065045,0.0
2011-01-14,260647.06731007874,260647.06731007874,0.0
2011-01-14,260859.0364848819,260859.0364848819,0.0
2011-01-14,260899.87048632497,260899.87048632497,0.0
2011-01-14,260856.29314939282,260899.87048632497,-0.016702705467398167
2011-01-18,261051.68816843026,261051.68816843026,0.0
2011-01-18,261231.56719492687,261231.56719492687,0.0
2011-01-18,261601.5807295096,261601.5807295096,0.0
2011-01-18,261782.24016901467,261782.24016901467,0.0
2011-01-18,262017.07497831018,262017.07497831018,0.0
2011-01-18,262213.0938979392,262213.0938979392,0.0
2011-01-18,262283.4415571815,262283.4415571815,0.0
2011-01-18,262447.74049009196,262447.74049009196,0.0
2011-01-18,262542.0707999139,262542.0707999139,0.0
2011-01-18,262493.5330105431,262542.0707999139,-0.018487623420856455
2011-01-18,262548.5294067455,262548.5294067455,0.0
2011-01-18,262568.8021065093,262568.8021065093,0.0
2011-01-18,262526.0590743586,262568.8021065093,-0.016278793142123032
2011-01-18,262258.50701712904,262568.8021065093,-0.11817667860417189
2011-01-18,262265.84067084326,262568.8021065093,-0.11538363782576212
2011-01-19,262146.07677853864,262568.8021065093,-0.16099602259645418
2011-01-20,262350.07981554285,262568.8021065093,-0.08330094406177917
2011-01-20,262328.2853775029,262568.8021065093,-0.0916014115450034
2011-01-20,262121.49635821892,262568.8021065093,-0.17035753855818203
2011-01-21,262144.0196850419,262568.8021065093,-0.16177947191725006
2011-01-21,262177.3161221559,262568.8021065093,-0.1490984386616293
2011-01-24,262442.87294625485,262568.8021065093,-0.04796044284169871
2011-01-24,262611.3952524139,262611.3952524139,0.0
2011-01-24,262969.45867039415,262969.45867039415,0.0
2011-01-24,263103.7010420431,263103.7010420431,0.0
2011-01-24,262695.441164743,263103.7010420431,-0.15517070861533955
2011-01-24,262920.7409028863,263103.7010420431,-0.06953917350161047
2011-01-25,262992.4411152997,263103.7010420431,-0.042287480678813785
2011-01-25,263315.084973601,263315.084973601,0.0
2011-01-25,263695.06368340115,263695.06368340115,0.0
2011-01-26,263888.8506686801,263888.8506686801,0.0
2011-01-26,264041.1140197396,264041.1140197396,0.0
2011-01-26,264350.5848878122,264350.5848878122,0.0
2011-01-26,264513.8976349768,264513.8976349768,0.0
2011-01-26,264835.57457457675,264835.57457457675,0.0
2011-01-26,264957.7685106423,264957.7685106423,0.0
2011-01-26,265442.7848387983,265442.7848387983,0.0
2011-01-26,265634.25523828453,265634.25523828453,0.0
2011-01-26,265970.783564458,265970.783564458,0.0
2011-01-26,266495.91498647264,266495.91498647264,0.0
2011-01-26,266771.74723843375,266771.74723843375,0.0
2011-01-26,267130.50508287194,267130.50508287194,0.0
2011-01-26,267692.65312864305,267692.65312864305,0.0
2011-01-26,268484.1164104657,268484.1164104657,0.0
2011-01-26,268100.7815336085,268484.1164104657,-0.14277748791333397
2011-01-26,268811.5763624714,268811.5763624714,0.0
2011-01-26,269014.0982053341,269014.0982053341,0.0
2011-01-26,269332.5571665402,269332.5571665402,0.0
2011-01-26,269625.15468185267,269625.15468185267,0.0
2011-01-26,269851.43245521747,269851.43245521747,0.0
2011-01-26,270181.63389949343,270181.63389949343,0.0
2011-01-26,270403.86400464724,270403.86400464724,0.0
2011-01-26,270629.57019025204,270629.57019025204,0.0
2011-01-26,271060.14890850324,271060.14890850324,0.0
2011-01-26,271540.80802373105,271540.80802373105,0.0
2011-01-26,271815.29947149893,271815.29947149893,0.0
2011-01-27,272138.36354604,272138.36354604,0.0
2011-01-27,272523.6520914886,272523.6520914886,0.0
2011-01-27,272870.85161221604,272870.85161221604,0.0
2011-01-27,273207.14686623984,273207.14686623984,0.0
2011-01-27,273402.1650675468,273402.1650675468,0.0
2011-01-27,273861.7129563778,273861.7129563778,0.0
2011-01-27,274259.489792366,274259.489792366,0.0
2011-01-27,274685.25365548366,274685.25365548366,0.0
2011-01-28,275079.2497508559,275079.2497508559,0.0
2011-01-28,274600.2006784176,275079.2497508559,-0.1741494761499496
2011-01-28,274431.28284752753,275079.2497508559,-0.23555644561167252
2011-01-28,274333.15636404336,275079.2497508559,-0.2712285232304119
2011-01-28,273693.1756233272,275079.2497508559,-0.5038817463636722
2011-01-28,273437.6584525047,275079.2497508559,-0.5967703124964893
2011-01-28,273003.9189430916,275079.2497508559,-0.7544483306697904
2011-01-31,273159.87524697976,275079.2497508559,-0.6977532858674552
2011-01-31,273393.95029956236,275079.2497508559,-0.6126596073022395
2011-01-31,273609.3807329815,275079.2497508559,-0.5343438369872321
2011-02-01,273552.6517598156,275079.2497508559,-0.554966611412163
2011-02-01,274044.1146095218,275079.2497508559,-0.37630433494043225
2011-02-01,274138.57183363807,275079.2497508559,-0.34196614905334527
2011-02-01,274369.3390348044,275079.2497508559,-0.25807497900859677
2011-02-01,274186.9956877135,275079.2497508559,-0.3243625478659461
2011-02-01,274415.0033439179,275079.2497508559,-0.24147455961859252
2011-02-01,274464.57541367953,275079.2497508559,-0.22345354574476065
2011-02-01,274274.96766775567,275079.2497508559,-0.2923819531384807
2011-02-01,274302.82767213904,275079.2497508559,-0.2822539611475888
2011-02-01,274425.04642489314,275079.2497508559,-0.23782358231501927
2011-02-01,273984.97539625305,275079.2497508559,-0.3978033078081877
2011-02-01,273771.0861360349,275079.2497508559,-0.475558812962376
2011-02-01,273766.69495696365,275079.2497508559,-0.4771551453194152
2011-02-01,273876.26786540594,275079.2497508559,-0.43732193051257867
2011-02-02,274136.914922269,275079.2497508559,-0.3425684886956718
2011-02-02,274320.1999569091,275079.2497508559,-0.275938586656127
2011-02-02,274649.71138161846,275079.2497508559,-0.15615077096018173
2011-02-02,274625.86955976055,275079.2497508559,-0.16481802662541153
2011-02-02,275194.9503543004,275194.9503543004,0.0
2011-02-02,274832.5054582714,275194.9503543004,-0.13170477712702527
2011-02-02,274990.0670716469,275194.9503543004,-0.07445023333083912
2011-02-04,275410.8115046054,275410.8115046054,0.0
2011-02-04,275568.80874605564,275568.80874605564,0.0
2011-02-07,276174.4933256359,276174.4933256359,0.0
2011-02-07,276410.2946369432,276410.2946369432,0.0
2011-02-07,278112.3539977262,278112.3539977262,0.0
2011-02-08,277929.0241516597,278112.3539977262,-0.06591934641926696
2011-02-08,278475.79751954426,278475.79751954426,0.0
2011-02-08,278577.3901422047,278577.3901422047,0.0
2011-02-09,279303.1402554465,279303.1402554465,0.0
2011-02-09,279429.78966254095,279429.78966254095,0.0
2011-02-11,280159.62992242404,280159.62992242404,0.0
2011-02-14,280914.8167368269,280914.8167368269,0.0
2011-02-14,281592.25845464505,281592.25845464505,0.0
2011-02-15,282104.4729069543,282104.4729069543,0.0
2011-02-15,282584.7812356772,282584.7812356772,0.0
2011-02-17,283176.74187458795,283176.74187458795,0.0
2011-02-18,284562.0186798631,284562.0186798631,0.0
2011-02-24,283279.23057336546,284562.0186798631,-0.4507938594365848
2011-02-24,282511.7881391756,284562.0186798631,-0.7204863636401153
2011-02-25,281524.1059911762,284562.0186798631,-1.0675749008178648
2011-02-28,282384.50711719826,284562.0186798631,-0.7652151094396595
2011-02-28,283458.47163034056,284562.0186798631,-0.3878054614041886
2011-02-28,284554.03362999205,284562.0186798631,-0.002806084209014782
2011-02-28,284825.1229278788,284825.1229278788,0.0
2011-02-28,286503.5600557356,286503.5600557356,0.0
2011-02-28,287602.0097598222,287602.0097598222,0.0
2011-02-28,287897.7816992395,287897.7816992395,0.0
2011-02-28,287519.0856649147,287897.7816992395,-0.13153836479380607
2011-02-28,289388.9146150325,289388.9146150325,0.0
2011-03-02,290202.7172291439,290202.7172291439,0.0
2011-03-03,290860.6483487825,290860.6483487825,0.0
2011-03-07,289954.10488992365,290860.6483487825,-0.31167621471151435
2011-03-07,290193.8980853865,290860.6483487825,-0.22923357531558675
2011-03-07,288473.07810351584,290860.6483487825,-0.8208639631455504
2011-03-07,287480.5830203956,290860.6483487825,-1.162090969533195
2011-03-07,287656.3806530346,290860.6483487825,-1.1016504686826984
2011-03-07,287536.949673456,290860.6483487825,-1.142711705483411
2011-03-07,287023.44681822916,290860.6483487825,-1.3192577106381205
2011-03-14,287719.6086895978,290860.6483487825,-1.0799122112311839
2011-03-14,289172.1062119646,290860.6483487825,-0.5805330306467178
2011-03-14,291060.22768339724,291060.22768339724,0.0
2011-03-14,289532.2774114642,291060.22768339724,-0.5249601720215401
2011-03-14,290505.0350122322,291060.22768339724,-0.19074838069904884
2011-03-14,291284.0445385546,291284.0445385546,0.0
2011-03-17,294066.80335669225,294066.80335669225,0.0
2011-03-18,295072.1566631066,295072.1566631066,0.0
2011-03-18,295857.4956447404,295857.4956447404,0.0
2011-03-18,297368.66631588904,297368.66631588904,0.0
2011-03-18,298210.2841561162,298210.2841561162,0.0
2011-03-21,298548.4345560113,298548.4345560113,0.0
2011-03-21,298845.6949583875,298845.6949583875,0.0
2011-03-21,299237.79000245646,299237.79000245646,0.0
2011-03-21,300972.6956888388,300972.6956888388,0.0
2011-03-21,301804.64855079877,301804.64855079877,0.0
2011-03-21,301529.3757590197,301804.64855079877,-0.09120893037959393
2011-03-21,301920.1272341309,301920.1272341309,0.0
2011-03-21,302346.4025103113,302346.4025103113,0.0
2011-03-22,302556.58117886144,302556.58117886144,0.0
2011-03-23,302824.2969861173,302824.2969861173,0.0
2011-03-23,303103.3609491149,303103.3609491149,0.0
2011-03-23,303991.4155321855,303991.4155321855,0.0
2011-03-24,303221.4868166472,303991.4155321855,-0.2532731768725991
2011-03-24,303731.22401071474,303991.4155321855,-0.08559173324525543
2011-03-24,305313.3641235155,305313.3641235155,0.0
2011-03-25,305500.0033900849,305500.0033900849,0.0
2011-03-25,306252.0455985027,306252.0455985027,0.0
2011-03-25,306926.1600560309,306926.1600560309,0.0
2011-03-28,306782.5012669471,306926.1600560309,-0.04680565158004181
2011-03-28,306866.29785702203,306926.1600560309,-0.019503778693202342
2011-03-29,306793.6221472472,306926.1600560309,-0.04318234351855538
2011-03-30,307077.8220101339,307077.8220101339,0.0
2011-03-30,309349.5908764988,309349.5908764988,0.0
2011-03-30,310243.15748272964,310243.15748272964,0.0
2011-04-04,311099.0875755501,311099.0875755501,0.0
2011-04-05,310774.1990594326,311099.0875755501,-0.10443248761974287
2011-04-05,311699.4903962344,311699.4903962344,0.0
2011-04-07,311970.7482757747,311970.7482757747,0.0
2011-04-08,312215.30744561454,312215.30744561454,0.0
2011-04-11,310874.9046455263,312215.30744561454,-0.4293200135043706
2011-04-11,309018.9062697856,312215.30744561454,-1.023781057367192
2011-04-11,308924.2301883512,312215.30744561454,-1.0541050290548735
2011-04-13,308471.92037939123,312215.30744561454,-1.1989761478544347
2011-04-13,308485.7269131466,312215.30744561454,-1.1945540284303926
2011-04-13,307560.37488365575,312215.30744561454,-1.4909366872633698
2011-04-14,307348.253802891,312215.30744561454,-1.5588773281307924
2011-04-14,307312.6199131801,312215.30744561454,-1.570290570486658
2011-04-14,306524.70124462346,312215.30744561454,-1.8226544520025947
2011-04-14,307118.7048297577,312215.30744561454,-1.6323999798583368
2011-04-15,307143.22411871766,312215.30744561454,-1.624546652883252
2011-04-15,307407.9643329894,312215.30744561454,-1.5397525355038926
2011-04-15,307635.97825407656,312215.30744561454,-1.4667215483455003
2011-04-15,307973.1263378044,312215.30744561454,-1.3587357847754058
2011-04-15,308045.1287078431,312215.30744561454,-1.3356740167193362
2011-04-15,308277.35084121244,312215.30744561454,-1.2612951737121558
2011-04-15,308653.6565194464,312215.30744561454,-1.1407675540663702
2011-04-15,308891.9014913022,312215.30744561454,-1.0644596453334594
2011-04-18,308664.79294953466,312215.30744561454,-1.137200646928034
2011-04-18,308410.62652258575,312215.30744561454,-1.2186080670280832
2011-04-18,307861.38854193327,312215.30744561454,-1.3945244835375963
2011-04-18,307816.7600866539,312215.30744561454,-1.4088186114086683
2011-04-18,307525.2761959871,312215.30744561454,-1.502178508798573
2011-04-18,307422.06088970974,312215.30744561454,-1.5352375241049785
2011-04-18,307058.09965726617,312215.30744561454,-1.6518113190996306
2011-04-19,307362.74419053376,312215.30744561454,-1.5542361759203804
2011-04-19,307512.3251825298,312215.30744561454,-1.5063266120941097
2011-04-19,307708.11740240833,312215.30744561454,-1.4436159713249572
2011-04-19,308059.90049233695,312215.30744561454,-1.3309427354074974
2011-04-19,307476.05705132417,312215.30744561454,-1.5179429967942593
2011-04-19,307215.5721192125,312215.30744561454,-1.601374182229351
2011-04-19,307474.76113067905,312215.30744561454,-1.5183580695386811
2011-04-19,307291.8235062373,312215.30744561454,-1.5769514889127831
2011-04-19,307122.1750888672,312215.30744561454,-1.6312884843529103
2011-04-19,307010.14698514744,312215.30744561454,-1.6671701663358705
2011-04-19,306741.00710239477,312215.30744561454,-1.7533734614127956
2011-04-19,306650.08216103003,312215.30744561454,-1.782495973729259
2011-04-19,306850.2097139715,312215.30744561454,-1.7183967613687945
2011-04-20,307148.5182299728,312215.30744561454,-1.6228509925075765
2011-04-20,307373.7375114957,312215.30744561454,-1.550715105460418
2011-04-20,307848.1223292309,312215.30744561454,-1.3987735425638552
2011-04-20,307961.8050680418,312215.30744561454,-1.3623618945440998
2011-04-20,308280.92703211185,312215.30744561454,-1.2601497491240163
2011-04-20,308617.2267138609,312215.30744561454,-1.1524357217432157
2011-04-20,308903.43496298225,312215.30744561454,-1.0607655690325783
2011-04-20,309152.13228287327,312215.30744561454,-0.9811098590272852
2011-04-20,309451.57473497425,312215.30744561454,-0.8852008997418284
2011-04-20,309813.3496903279,312215.30744561454,-0.7693273513519372
2011-04-20,309960.57185856404,312215.30744561454,-0.7221732994123792
2011-04-20,310360.0257074009,312215.30744561454,-0.5942315107457659
2011-04-20,309954.37187056313,312215.30744561454,-0.7241591046733815
2011-04-20,310228.6402083595,312215.30744561454,-0.6363132075454326
2011-04-20,310704.15707674396,312215.30744561454,-0.48400905811891226
2011-04-20,310960.65810205083,312215.30744561454,-0.4018538853295204
2011-04-20,311283.0147701608,312215.30744561454,-0.29860569075914384
2011-04-20,311064.01497087046,312215.30744561454,-0.3687495287029227
2011-04-20,311144.7032418564,312215.30744561454,-0.3429057378759726
2011-04-20,311386.74999160226,312215.30744561454,-0.26538015089365996
2011-04-20,311546.8914782055,312215.30744561454,-0.2140881473357824
2011-04-21,311061.9937692415,312215.30744561454,-0.3693969029926381
2011-04-21,311121.1688606953,312215.30744561454,-0.35044360696818366
2011-04-21,311243.26252045005,312215.30744561454,-0.31133801001535205
2011-04-21,311229.44884697715,312215.30744561454,-0.31576241623230583
2011-04-21,311122.3689900585,312215.30744561454,-0.3500592153850224
2011-04-21,311277.86052184063,312215.30744561454,-0.3002565541848733
2011-04-21,311408.31250573177,312215.30744561454,-0.2584738546246155
2011-04-21,311657.89424136566,312215.30744561454,-0.17853487351704406
2011-04-21,311791.8884316984,312215.30744561454,-0.13561763431151494
2011-04-21,311698.61853358836,312215.30744561454,-0.16549121702374567
2011-04-21,311666.6436821268,312215.30744561454,-0.175732499465384
2011-04-21,311757.27052425884,312215.30744561454,-0.14670546588606492
2011-04-21,312073.6057849878,312215.30744561454,-0.045385878670098787
2011-04-21,312156.9144047772,312215.30744561454,-0.01870281163183653
2011-04-21,312219.7620332993,312219.7620332993,0.0
2011-04-21,312357.8098957911,312357.8098957911,0.0
2011-04-25,312423.1994377704,312423.1994377704,0.0
2011-04-25,311928.51926417736,312423.1994377704,-0.15833656862975107
2011-04-25,312006.5536248637,312423.1994377704,-0.13335943478477863
2011-04-25,311942.00559340767,312423.1994377704,-0.1540198823994791
2011-04-26,312512.5093010887,312512.5093010887,0.0
2011-04-27,312693.8701065902,312693.8701065902,0.0
2011-04-27,312929.1029049686,312929.1029049686,0.0
2011-04-27,313057.06445086125,313057.06445086125,0.0
2011-04-28,313197.6844803852,313197.6844803852,0.0
2011-04-29,313144.39254979434,313197.6844803852,-0.017015429306026748
2011-05-05,313216.3247589104,313216.3247589104,0.0
2011-05-05,313130.0311522596,313216.3247589104,-0.027550801101189366
2011-05-06,313334.4328052341,313334.4328052341,0.0
2011-05-06,313999.4503195535,313999.4503195535,0.0
2011-05-06,314590.0124555573,314590.0124555573,0.0
2011-05-09,315374.9689466067,315374.9689466067,0.0
2011-05-09,316693.3341952459,316693.3341952459,0.0
2011-05-09,318147.2861550622,318147.2861550622,0.0
2011-05-09,319063.4870854573,319063.4870854573,0.0
2011-05-09,319264.600651233,319264.600651233,0.0
2011-05-09,320098.9834313175,320098.9834313175,0.0
2011-05-09,320719.58434978506,320719.58434978506,0.0
2011-05-09,321559.07018835883,321559.07018835883,0.0
2011-05-09,322266.0195001803,322266.0195001803,0.0
2011-05-09,322877.6569761757,322877.6569761757,0.0
2011-05-09,324101.50311338407,324101.50311338407,0.0
2011-05-09,326530.407941317,326530.407941317,0.0
2011-05-09,327215.709367986,327215.709367986,0.0
2011-05-09,327958.5840968681,327958.5840968681,0.0
2011-05-10,329122.14525487524,329122.14525487524,0.0
2011-05-10,330796.4587821648,330796.4587821648,0.0
2011-05-10,331539.4131636153,331539.4131636153,0.0
2011-05-10,332544.9409968951,332544.9409968951,0.0
2011-05-10,332969.20255209215,332969.20255209215,0.0
2011-05-10,334147.993901236,334147.993901236,0.0
2011-05-10,335000.23523960507,335000.23523960507,0.0
2011-05-10,335564.2958209668,335564.2958209668,0.0
2011-05-10,336292.8776165699,336292.8776165699,0.0
2011-05-10,337071.14478484483,337071.14478484483,0.0
2011-05-10,337804.4588621604,337804.4588621604,0.0
2011-05-11,336853.84619072726,337804.4588621604,-0.2814091544662015
2011-05-11,335782.07440270943,337804.4588621604,-0.5986849511291331
2011-05-11,334769.4939180173,337804.4588621604,-0.8984383907678037
2011-05-11,333566.14797645673,337804.4588621604,-1.2546639851882715
2011-05-11,331549.58917761815,337804.4588621604,-1.851624370385978
2011-05-12,333445.9234331087,337804.4588621604,-1.2902539663723476
2011-05-12,334185.5231618148,337804.4588621604,-1.0713108147048764
2011-05-12,334942.12689496856,337804.4588621604,-0.8473339803841342
2011-05-12,335270.4764438395,337804.4588621604,-0.7501329102807607
2011-05-12,336013.413981884,337804.4588621604,-0.5302016694241444
2011-05-12,334820.09230884764,337804.4588621604,-0.8834597871695077
2011-05-12,334714.12304925313,337804.4588621604,-0.9148297874209695
2011-05-12,335271.7910371209,337804.4588621604,-0.7497437522199552
2011-05-12,334700.7276965906,337804.4588621604,-0.918795203599211
2011-05-12,334028.9628703978,337804.4588621604,-1.117657240073076
2011-05-13,333751.8217044255,337804.4588621604,-1.1996991310847531
2011-05-13,334327.2604254313,337804.4588621604,-1.0293524391126943
2011-05-13,333707.2994261547,337804.4588621604,-1.212879027649993
2011-05-13,333467.04315442353,337804.4588621604,-1.2840019111490537
2011-05-16,331783.75676832517,337804.4588621604,-1.782303914553106
2011-05-16,330746.4139842291,337804.4588621604,-2.0893877190683576
2011-05-16,330034.4085933307,337804.4588621604,-2.3001621396596836
2011-05-16,329421.90504961665,337804.4588621604,-2.4814811032332194
2011-05-16,328054.9630353856,337804.4588621604,-2.886135920056946
2011-05-16,327969.9448782618,337804.4588621604,-2.911303781194757
2011-05-16,327164.4559613022,337804.4588621604,-3.1497520597263
2011-05-16,326855.0338380774,337804.4588621604,-3.2413500582450467
2011-05-16,326222.04793925246,337804.4588621604,-3.428732398003688
2011-05-16,326449.0346533415,337804.4588621604,-3.3615376916775417
2011-05-16,326611.2226200657,337804.4588621604,-3.3135253098189765
2011-05-16,326489.4507441087,337804.4588621604,-3.3495733467120177
2011-05-16,325062.33779159695,337804.4588621604,-3.7720405211592576
2011-05-16,323411.32535221823,337804.4588621604,-4.260788492379022
2011-05-16,323584.59985078324,337804.4588621604,-4.2094941728343205
2011-05-16,323442.71139791876,337804.4588621604,-4.251497304865914
2011-05-16,322793.90917190624,337804.4588621604,-4.443561740071387
2011-05-16,322872.0278365111,337804.4588621604,-4.420436330517004
2011-05-17,321883.6955039817,337804.4588621604,-4.713011607900375
2011-05-17,320256.9263320112,337804.4588621604,-5.1945828628950705
2011-05-18,320944.66208868613,337804.4588621604,-4.9909929638773125
2011-05-18,320479.3405275159,337804.4588621604,-5.128741755807881
2011-05-19,321484.73363250314,337804.4588621604,-4.8311159907798755
2011-05-19,322810.8682606247,337804.4588621604,-4.4385413537876826
2011-05-19,324976.6882777582,337804.4588621604,-3.7973952823507613
2011-05-19,327169.6257477835,337804.4588621604,-3.1482216517208172
2011-05-19,328108.30878920207,337804.4588621604,-2.870344016659292
2011-05-19,330780.26449309714,337804.4588621604,-2.0793669783765165
2011-05-19,331653.99403823016,337804.4588621604,-1.8207174779892124
2011-05-19,332384.76758782065,337804.4588621604,-1.604387133489917
2011-05-19,333148.57643883454,337804.4588621604,-1.3782773735457594
2011-05-19,334267.8885244534,337804.4588621604,-1.0469282583241697
2011-05-20,335546.69351673865,337804.4588621604,-0.6683645778467973
2011-05-20,336541.6448679496,337804.4588621604,-0.37382987733920975
2011-05-20,338036.59405115154,338036.59405115154,0.0
2011-05-23,338252.2969162664,338252.2969162664,0.0
2011-05-25,337303.98819664627,338252.2969162664,-0.2803554412684034
2011-05-25,337258.8464258976,338252.2969162664,-0.2937010330530555
2011-05-25,337702.62419582834,338252.2969162664,-0.1625037658130417
2011-05-25,337421.00683909113,338252.2969162664,-0.2457603643061234
2011-05-25,336316.13510577474,338252.2969162664,-0.5724016741772294
2011-05-25,336383.3220048542,338252.2969162664,-0.5525387198996099
2011-05-25,337329.73804614955,338252.2969162664,-0.27274282496452884
2011-05-26,338111.8189391045,338252.2969162664,-0.04153053163055174
2011-05-26,339158.78743817005,339158.78743817005,0.0
2011-05-26,340136.00099126366,340136.00099126366,0.0
2011-05-26,339623.6767526156,340136.00099126366,-0.15062334982330056
2011-05-26,340694.0315639241,340694.0315639241,0.0
2011-05-26,340459.9371516438,340694.0315639241,-0.0687110399926046
2011-05-26,340584.57088118093,340694.0315639241,-0.03212873505318004
2011-05-27,340253.51667286863,340694.0315639241,-0.1292992686233241
2011-05-27,340561.2158130133,340694.0315639241,-0.038983879553482585
2011-05-27,340131.10381964926,340694.0315639241,-0.16522970528446754
2011-05-27,341320.37253305735,341320.37253305735,0.0
2011-05-27,343680.93244159286,343680.93244159286,0.0
2011-05-27,344511.6314626422,344511.6314626422,0.0
2011-05-27,345444.41404427454,345444.41404427454,0.0
2011-05-27,346818.44613167254,346818.44613167254,0.0
2011-05-27,347630.64741588815,347630.64741588815,0.0
2011-05-31,348296.52809819323,348296.52809819323,0.0
2011-05-31,349311.39365595265,349311.39365595265,0.0
2011-05-31,350133.30882710184,350133.30882710184,0.0
2011-05-31,350966.31496110867,350966.31496110867,0.0
2011-05-31,351565.56022069405,351565.56022069405,0.0
2011-05-31,352279.52049530455,352279.52049530455,0.0
2011-05-31,353090.00630879484,353090.00630879484,0.0
2011-05-31,351196.82279050886,353090.00630879484,-0.5361758997591951
2011-05-31,351920.6261205117,353090.00630879484,-0.3311847311986734
2011-06-01,351474.53968351975,353090.00630879484,-0.45752261361435537
2011-06-02,351142.1690521964,353090.00630879484,-0.5516545984864211
2011-06-02,351283.5185268436,353090.00630879484,-0.5116224616030051
2011-06-03,348415.7444647578,353090.00630879484,-1.3238159564191028
2011-06-03,347811.9598948662,353090.00630879484,-1.4948161430863904
2011-06-08,345895.3774034189,353090.00630879484,-2.037618957440526
2011-06-09,347872.22008016554,353090.00630879484,-1.4777496206069565
2011-06-09,348506.3644299386,353090.00630879484,-1.2981511220817747
2011-06-09,349862.1805441015,353090.00630879484,-0.9141651440200845
2011-06-13,352551.8901266417,353090.00630879484,-0.15240198604842523
2011-06-13,353211.4356533935,353211.4356533935,0.0
2011-06-14,353834.14629504445,353834.14629504445,0.0
2011-06-14,354193.7269102039,354193.7269102039,0.0
2011-06-14,354960.3324821588,354960.3324821588,0.0
2011-06-14,352490.95374096336,354960.3324821588,-0.6956773800406395
2011-06-14,349677.49340374663,354960.3324821588,-1.4882899848189903
2011-06-15,348081.49326800916,354960.3324821588,-1.9379177290170524
2011-06-15,347747.34347920615,354960.3324821588,-2.032054948932973
2011-06-15,346556.4164996663,354960.3324821588,-2.3675648272373935
2011-06-15,346027.5519947348,354960.3324821588,-2.5165573924722926
2011-06-15,345632.1672185033,354960.3324821588,-2.6279458322640425
2011-06-15,344505.3010603363,354960.3324821588,-2.9454083921751995
2011-06-15,342846.7721109283,354960.3324821588,-3.4126518550743503
2011-06-15,342309.2957235418,354960.3324821588,-3.5640705737880856
2011-06-15,341191.55998680746,354960.3324821588,-3.8789608965794447
2011-06-15,338057.32857794274,354960.3324821588,-4.7619416473996115
2011-06-15,337377.6034472676,354960.3324821588,-4.953434912554611
2011-06-15,335373.3471309097,354960.3324821588,-5.518077249444091
2011-06-15,334418.6318372803,354960.3324821588,-5.787041188866075
2011-06-15,334178.6764013257,354960.3324821588,-5.854641823076851
2011-06-15,333904.42330582696,354960.3324821588,-5.931904849506008
2011-06-15,332275.9404555889,354960.3324821588,-6.39068367666408
2011-06-15,330526.5853546958,354960.3324821588,-6.883514830122911
2011-06-15,329322.0343716682,354960.3324821588,-7.222862884764527
2011-06-15,326409.8653743373,354960.3324821588,-8.043283853205347
2011-06-15,325846.5038196102,354960.3324821588,-8.20199498320334
2011-06-15,323846.8724556659,354960.3324821588,-8.765334371005169
2011-06-15,323601.6038867671,354960.3324821588,-8.834431829637708
2011-06-15,321993.6444916354,354960.3324821588,-9.287428755769604
2011-06-15,321944.72247844207,354960.3324821588,-9.301211144593507
2011-06-15,321840.31625511195,354960.3324821588,-9.330624634996797
2011-06-15,320606.123097042,354960.3324821588,-9.678323531219801
2011-06-15,320834.7166658535,354960.3324821588,-9.613923780629914
2011-06-15,319885.8534491098,354960.3324821588,-9.881239063469689
2011-06-15,318642.5895325444,354960.3324821588,-10.231493388473142
2011-06-15,317869.4953734894,354960.3324821588,-10.44929072758677
2011-06-15,316520.63377019035,354960.3324821588,-10.829294203994051
2011-06-15,315493.97544565954,354960.3324821588,-11.118526050649033
2011-06-15,314795.2126380717,354960.3324821588,-11.315382640990148
2011-06-15,313117.4445487488,354960.3324821588,-11.788046185558814
2011-06-15,312292.1786562909,354960.3324821588,-12.02054142993921
2011-06-15,310991.6202599085,354960.3324821588,-12.386936848629494
2011-06-16,310324.090582873,354960.3324821588,-12.574994390825161
2011-06-16,309456.4705449501,354960.3324821588,-12.819421713691295
2011-06-16,308813.2077391739,354960.3324821588,-13.0006427535968
2011-06-16,308916.3446826566,354960.3324821588,-12.971586846768716
2011-06-16,308229.03733028925,354960.3324821588,-13.165216187704122
2011-06-16,308176.4879577026,354960.3324821588,-13.180020482093632
2011-06-16,307874.37294622074,354960.3324821588,-13.265132812637509
2011-06-16,307235.5805608653,354960.3324821588,-13.445094438458774
2011-06-16,306755.6922143559,354960.3324821588,-13.580289360988177
2011-06-17,306997.08282660047,354960.3324821588,-13.512284406587622
2011-06-17,306178.44210326637,354960.3324821588,-13.74291319758788
2011-06-17,305250.37283865473,354960.3324821588,-14.004370374541105
2011-06-17,306306.53636701556,354960.3324821588,-13.706826274056604
2011-06-17,304915.41078211705,354960.3324821588,-14.098736427839334
2011-06-17,305578.7766440566,354960.3324821588,-13.911851922379023
2011-06-17,304784.1118139189,354960.3324821588,-14.135726185900463
2011-06-20,305183.519733811,354960.3324821588,-14.023204339558063
2011-06-21,305469.9494196024,354960.3324821588,-13.942510904382225
2011-06-21,306122.30496349157,354960.3324821588,-13.758728243562807
2011-06-21,306892.8276244887,354960.3324821588,-13.541655351048586
2011-06-22,307021.2587746069,354960.3324821588,-13.505473519343578
2011-06-22,308152.4595448225,354960.3324821588,-13.186789805502833
2011-06-22,308817.53117474756,354960.3324821588,-12.999424748321836
2011-06-28,309906.67253618315,354960.3324821588,-12.69259007927038
2011-06-29,311303.15420673793,354960.3324821588,-12.299171000358237
2011-06-29,312205.6657281211,354960.3324821588,-12.044913992237886
2011-06-29,311856.76915556606,354960.3324821588,-12.143205699966272
2011-06-30,312542.33976079663,354960.3324821588,-11.950065638248237
2011-07-01,313210.1539160208,354960.3324821588,-11.761927952396325
2011-07-01,313942.5151800672,354960.3324821588,-11.555605950462995
2011-07-05,314126.3761286476,354960.3324821588,-11.503808346123751
2011-07-05,314377.6282321068,354960.3324821588,-11.43302519643988
2011-07-08,314771.40240264975,354960.3324821588,-11.322090499092328
2011-07-14,315134.84013966355,354960.3324821588,-11.219702230951954
2011-07-19,315498.82470910373,354960.3324821588,-11.117159908294399
2011-07-19,315724.9328572543,354960.3324821588,-11.053460354440189
2011-07-19,316050.88705845946,354960.3324821588,-10.961632008741432
2011-07-19,316343.4766295458,354960.3324821588,-10.87920320069961
2011-07-20,316163.28074343834,354960.3324821588,-10.929968277700574
2011-07-20,316766.43861140055,354960.3324821588,-10.760045665857033
2011-07-20,317014.497957689,354960.3324821588,-10.690161984896454
2011-07-21,316863.2372335639,354960.3324821588,-10.732775401180845
2011-07-21,317055.3154376982,354960.3324821588,-10.67866281829274
2011-07-21,316823.96920987713,354960.3324821588,-10.743838052438855
2011-07-21,317099.37690662104,354960.3324821588,-10.666249749876133
2011-07-21,316942.52782218094,354960.3324821588,-10.710437528083148
2011-07-21,316345.6638395689,354960.3324821588,-10.878587016348018
2011-07-21,316075.35578579496,354960.3324821588,-10.954738639230422
2011-07-22,315792.14601372206,354960.3324821588,-11.034524955096336
2011-07-22,315834.9192815051,354960.3324821588,-11.022474800792065
2011-07-22,315687.16111039853,354960.3324821588,-11.064101472164985
2011-07-22,315467.97424193594,354960.3324821588,-11.12585115189113
2011-07-22,315745.1829473874,354960.3324821588,-11.047755466237188
2011-07-22,315743.6162555046,354960.3324821588,-11.04819683721288
2011-07-22,315732.81470888224,354960.3324821588,-11.051239866428798
2011-07-22,315514.64482613484,354960.3324821588,-11.112703039291464
2011-07-22,315302.21634135937,354960.3324821588,-11.17254873621484
2011-07-22,315175.5831794805,354960.3324821588,-11.208224035759814
2011-07-22,315005.7766781058,354960.3324821588,-11.256062198460215
2011-07-22,315208.21608019545,354960.3324821588,-11.199030642096151
2011-07-22,315272.5531445235,354960.3324821588,-11.180905500089949
2011-07-22,315170.4000384685,354960.3324821588,-11.209684238643836
2011-07-22,314653.5174676605,354960.3324821588,-11.355301233983443
2011-07-22,314742.26110227633,354960.3324821588,-11.33030023345043
2011-07-22,314570.97990665934,354960.3324821588,-11.378553849402177
2011-07-25,314620.3143867253,354960.3324821588,-11.3646552597426
2011-07-26,314619.37563494564,354960.3324821588,-11.364919726415005
2011-07-27,314093.0539168191,354960.3324821588,-11.513195933631199
2011-07-29,314298.1150613731,354960.3324821588,-11.455425775732131
2011-08-02,314771.8548929996,354960.3324821588,-11.321963022777817
2011-08-03,314272.7333478621,354960.3324821588,-11.462576353187794
2011-08-03,314487.4763807442,354960.3324821588,-11.402078598021616
2011-08-03,315151.1033123853,354960.3324821588,-11.215120543581971
2011-08-04,313901.8305507266,354960.3324821588,-11.567067690161089
2011-08-04,312831.5151325724,354960.3324821588,-11.868598683968132
2011-08-04,311540.88757244975,354960.3324821588,-12.232196371376627
2011-08-04,310492.1296385531,354960.3324821588,-12.527654155789591
2011-08-04,309743.4680877939,354960.3324821588,-12.73856830090658
2011-08-05,308828.71433230204,354960.3324821588,-12.996274211055805
2011-08-05,308183.6737282839,354960.3324821588,-13.17799609516255
2011-08-05,308092.81506907387,354960.3324821588,-13.203592943851156
2011-08-05,308166.7344207595,354960.3324821588,-13.182768264324654
2011-08-05,307755.4457217148,354960.3324821588,-13.298637183020052
2011-08-05,306489.2504496505,354960.3324821588,-13.655351766649742
2011-08-05,305560.02216320316,354960.3324821588,-13.917135465112462
2011-08-05,304967.2314888161,354960.3324821588,-14.084137414384317
2011-08-05,304330.60136225825,354960.3324821588,-14.263489885153662
2011-08-05,302986.53769711725,354960.3324821588,-14.642141678649084
2011-08-05,302246.6404007985,354960.3324821588,-14.850586743804616
2011-08-05,300794.55079347536,354960.3324821588,-15.259671780763263
2011-08-05,299339.34870936646,354960.3324821588,-15.669633669725048
2011-08-05,298387.541228769,354960.3324821588,-15.937778415348221
2011-08-05,297507.32107117184,354960.3324821588,-16.18575546434465
2011-08-05,297474.66591963335,354960.3324821588,-16.194955126546375
2011-08-05,296923.8267686093,354960.3324821588,-16.35013842468343
2011-08-05,295145.97852907877,354960.3324821588,-16.850996711325887
2011-08-05,294198.06588943035,354960.3324821588,-17.11804419604619
2011-08-05,293604.6497949037,354960.3324821588,-17.28522233969312
2011-08-05,293066.5213157627,354960.3324821588,-17.436824766752498
2011-08-05,291280.8090631707,354960.3324821588,-17.939898515896505
2011-08-05,290052.71797205176,354960.3324821588,-18.285878327931037
2011-08-05,288828.3689983002,354960.3324821588,-18.630803904597574
2011-08-05,288124.1094171505,354960.3324821588,-18.829209054892818
2011-08-05,286352.1869094708,354960.3324821588,-19.328397934756943
2011-08-05,284898.0319602754,354960.3324821588,-19.73806482317427
2011-08-05,282635.21402471414,354960.3324821588,-20.37554955836647
2011-08-05,281850.10314844083,354960.3324821588,-20.59673226652521
2011-08-05,281520.03131612326,354960.3324821588,-20.68972063793264
2011-08-05,280957.5529211445,354960.3324821588,-20.848182962735372
2011-08-05,279118.9785851847,354960.3324821588,-21.366149103656827
2011-08-05,278030.7580339302,354960.3324821588,-21.67272436057211
2011-08-05,275931.788626885,354960.3324821588,-22.264049422831206
2011-08-05,275099.6687654495,354960.3324821588,-22.498475578457292
2011-08-05,274801.51588356186,354960.3324821588,-22.582471691432144
2011-08-05,273730.96502916806,354960.3324821588,-22.88406901271807
2011-08-05,273237.99165052903,354960.3324821588,-23.02295027170038
2011-08-05,272380.16594268236,354960.3324821588,-23.264618320027946
2011-08-05,272235.2915366481,354960.3324821588,-23.3054325724322
2011-08-05,271915.56430176547,354960.3324821588,-23.39550664708918
2011-08-05,271377.44329249556,354960.3324821588,-23.547106969724375
2011-08-05,271404.511695603,354960.3324821588,-23.5394812153427
2011-08-05,269961.1398407596,354960.3324821588,-23.946110272947593
2011-08-05,269422.1429094448,354960.3324821588,-24.097957361760514
2011-08-05,267307.2940335616,354960.3324821588,-24.693756013709745
2011-08-05,266241.39336224395,354960.3324821588,-24.994043277884884
2011-08-05,265700.4657251143,354960.3324821588,-25.14643428826824
2011-08-05,264880.4386229389,354960.3324821588,-25.37745365216198
2011-08-05,264203.13199159154,354960.3324821588,-25.568265573767725
2011-08-10,262073.0414022599,354960.3324821588,-26.168358145925403
2011-12-15,262201.2662034244,354960.3324821588,-26.132234447181972
2011-12-16,261509.11650790743,354960.3324821588,-26.327227980875428
2012-01-06,262094.4637445164,354960.3324821588,-26.16232300895483
2012-01-10,262469.2878230527,354960.3324821588,-26.05672696223173
2012-01-11,263142.5717262267,354960.3324821588,-25.86704833012491
2012-01-12,263376.9110695433,354960.3324821588,-25.801029870631737
2012-01-12,263362.0050902847,354960.3324821588,-25.805229207260243
2012-01-12,263154.3667988579,354960.3324821588,-25.86372540315199
2012-01-12,262961.4877616317,354960.3324821588,-25.918063598036312
2012-01-13,263120.6738513112,354960.3324821588,-25.87321743492667
2012-01-17,262906.38375736773,354960.3324821588,-25.93358758740117
2012-01-17,262917.0539086743,354960.3324821588,-25.93058157508652
2012-01-17,262939.66401856835,354960.3324821588,-25.92421181829258
2012-01-18,263144.63862574147,354960.3324821588,-25.866466039844667
2012-01-18,263388.1167423757,354960.3324821588,-25.797872990325114
2012-01-18,263328.8657024351,354960.3324821588,-25.814565289300134
2012-01-18,263369.66124024225,354960.3324821588,-25.80307230428913
2012-01-19,263394.25113359676,354960.3324821588,-25.79614479969093
2012-01-19,263384.33568664046,354960.3324821588,-25.798938195473198
2012-01-20,264000.3770823123,354960.3324821588,-25.62538601532845
2012-01-20,264158.3574885142,354960.3324821588,-25.58087951932164
2012-01-20,263155.5302080102,354960.3324821588,-25.86339764564056
2012-01-20,263250.3146598388,354960.3324821588,-25.836694816294596
2012-01-23,263489.04652301484,354960.3324821588,-25.769438888989527
2012-01-26,263287.7833936385,354960.3324821588,-25.826139063898918
2012-01-26,263427.61662112235,354960.3324821588,-25.786745020483977
2012-01-27,263661.67446214,354960.3324821588,-25.72080586627456
2012-02-01,263099.484717633,354960.3324821588,-25.879186871998705
2012-02-01,263305.4760484926,354960.3324821588,-25.82115466050647
2012-02-01,263609.3957717251,354960.3324821588,-25.73553390364407
2012-02-01,263973.24444938224,354960.3324821588,-25.633029864639816
2012-02-02,264149.1310331696,354960.3324821588,-25.583478811270727
2012-02-02,264324.99114875076,354960.3324821588,-25.533935214567556
2012-02-02,264296.6849139707,354960.3324821588,-25.54190969289366
2012-02-02,264222.9527343549,354960.3324821588,-25.56268164200139
2012-02-03,265485.7042521341,354960.3324821588,-25.206937238408727
2012-02-03,265739.7821779969,354960.3324821588,-25.135357993458708
2012-02-03,265996.2677423893,354960.3324821588,-25.063100464681092
2012-02-03,266387.29091217456,354960.3324821588,-24.95294078372437
2012-02-03,267493.7778327469,354960.3324821588,-24.64121949564834
2012-02-03,268009.60453822085,354960.3324821588,-24.495899960401434
2012-02-03,268220.7823995189,354960.3324821588,-24.43640659115048
2012-02-03,268514.72761439724,354960.3324821588,-24.353595868943053
2012-02-03,268759.4261282245,354960.3324821588,-24.2846590071489
2012-02-03,269077.924073961,354960.3324821588,-24.19493124982197
2012-02-06,269566.3934729587,354960.3324821588,-24.05731885928189
2012-02-06,270191.9227821254,354960.3324821588,-23.881093728774342
2012-02-06,270005.7822593948,354960.3324821588,-23.93353353843672
2012-02-06,270067.86751773144,354960.3324821588,-23.916042778862977
2012-02-06,270312.35123291,354960.3324821588,-23.847166430492177
2012-02-07,270349.14096102136,354960.3324821588,-23.836801968679193
2012-02-09,270389.2971823204,354960.3324821588,-23.825489092950733
2012-02-09,270489.49254636175,354960.3324821588,-23.79726189264902
2012-02-09,271052.52583297034,354960.3324821588,-23.63864324287725
2012-02-10,270782.7369221115,354960.3324821588,-23.714648611976465
2012-02-13,271652.71843729896,354960.3324821588,-23.469556009909105
2012-02-13,272296.4836641276,354960.3324821588,-23.28819342713065
2012-02-13,271712.34509979544,354960.3324821588,-23.452757889939043
2012-02-13,271645.35625581583,354960.3324821588,-23.471630095605285
2012-02-14,272439.1677738664,354960.3324821588,-23.247996228547628
2012-02-15,273131.08770056465,354960.3324821588,-23.053067425698078
2012-02-15,274259.38396070665,354960.3324821588,-22.73520197514137
2012-02-16,274804.6960207599,354960.3324821588,-22.581575778028025
2012-02-16,275029.3556888043,354960.3324821588,-22.51828429233625
2012-02-16,274120.8376608579,354960.3324821588,-22.774233463217783
2012-02-16,274844.4125596549,354960.3324821588,-22.57038677033883
2012-02-16,275412.5700133434,354960.3324821588,-22.410324531914743
2012-02-16,276334.6488932021,354960.3324821588,-22.150554975860196
2012-02-16,277161.5706688068,354960.3324821588,-21.91759323339668
2012-02-17,277945.37604122516,354960.3324821588,-21.69677831389923
2012-02-17,279100.754373429,354960.3324821588,-21.371283258120872
2012-02-17,277329.73381920316,354960.3324821588,-21.870218038196576
2012-02-17,277827.23098356894,354960.3324821588,-21.73006233096955
2012-02-21,277652.5451393901,354960.3324821588,-21.779275110030603
2012-02-21,277288.48897077696,354960.3324821588,-21.881837603723177
2012-02-21,276632.13318823936,354960.3324821588,-22.066747218256115
2012-02-21,275471.49615860713,354960.3324821588,-22.39372376279453
2012-02-21,275417.63653142523,354960.3324821588,-22.408897184231584
2012-02-21,275629.63159409806,354960.3324821588,-22.349173591685233
2012-02-21,275874.9338158113,354960.3324821588,-22.280066652327278
2012-02-21,275618.7711972413,354960.3324821588,-22.352233200284534
2012-02-22,275246.881642517,354960.3324821588,-22.457002528204583
2012-02-23,275067.5061368183,354960.3324821588,-22.507536486307547
2012-02-24,275062.8745697559,354960.3324821588,-22.508841298884775
2012-02-27,275813.8372855345,354960.3324821588,-22.297278865830005
2012-02-27,277883.8901711103,354960.3324821588,-21.71410021285197
2012-02-27,279227.97421289654,354960.3324821588,-21.33544267881503
2012-02-27,279718.1918292145,354960.3324821588,-21.1973377776589
2012-02-27,280185.67231870507,354960.3324821588,-21.065638416712968
2012-02-27,280717.2736650573,354960.3324821588,-20.91587482407858
2012-02-27,281498.6451941692,354960.3324821588,-20.695745570860925
2012-02-28,282236.7766683681,354960.3324821588,-20.48779797597411
2012-02-29,280717.19746673515,354960.3324821588,-20.915896290793366
2012-02-29,280823.8499569678,354960.3324821588,-20.885849978438724
2012-02-29,281531.32973731897,354960.3324821588,-20.686537628406843
2012-02-29,282537.74782501603,354960.3324821588,-20.4030078940674
2012-02-29,284321.565471162,354960.3324821588,-19.90046789652117
2012-02-29,284990.2030571721,354960.3324821588,-19.712098232414053
2012-03-01,285624.44778616057,354960.3324821588,-19.533417779712952
2012-03-01,286297.5923671816,354960.3324821588,-19.3437783976688
2012-03-02,286258.89141965087,354960.3324821588,-19.354681291313312
2012-03-02,286005.698327883,354960.3324821588,-19.42601125936844
2012-03-05,285419.6680228112,354960.3324821588,-19.591108666443144
2012-03-05,283898.04822110344,354960.3324821588,-20.0197818624218
2012-03-05,283424.2734460446,354960.3324821588,-20.1532544596965
2012-03-05,284349.7774957854,354960.3324821588,-19.89251995923304
2012-03-05,284978.06943672226,354960.3324821588,-19.715516535626982
2012-03-05,285501.06993525,354960.3324821588,-19.568175987777455
2012-03-06,284876.3121705332,354960.3324821588,-19.74418375753246
2012-03-06,284442.79457447614,354960.3324821588,-19.866315037111097
2012-03-07,285162.75927528064,354960.3324821588,-19.663485415060105
2012-03-08,283922.8467061441,354960.3324821588,-20.012795593035797
2012-03-08,284867.82767798065,354960.3324821588,-19.746574022521564
2012-03-08,282456.52469793265,354960.3324821588,-20.425890205033085
2012-03-08,283149.5389764766,354960.3324821588,-20.230653099608418
2012-03-08,283825.7347967207,354960.3324821588,-20.040154117506503
2012-03-08,284450.9108325672,354960.3324821588,-19.864028511731117
2012-03-09,285088.3843539868,354960.3324821588,-19.68443843839478
2012-03-09,285758.90373346215,354960.3324821588,-19.495538632383628
2012-03-09,286515.86982400663,354960.3324821588,-19.28228491886269
2012-03-09,287363.22012222157,354960.3324821588,-19.043568019909614
2012-03-09,287135.49440145877,354960.3324821588,-19.107723278941055
2012-03-09,287822.64610960975,354960.3324821588,-18.914137786346465
2012-03-09,288423.59415973176,354960.3324821588,-18.744837727965376
2012-03-09,289171.662999831,354960.3324821588,-18.534090562255845
2012-03-09,289913.05660983705,354960.3324821588,-18.32522395318389
2012-03-09,290625.7313168707,354960.3324821588,-18.124448079989808
2012-03-09,291001.24132580595,354960.3324821588,-18.018658791843333
2012-03-09,291581.72361627565,354960.3324821588,-17.85512438043164
2012-03-09,292418.5066670326,354960.3324821588,-17.619384503554265
2012-03-09,292597.9094107383,354960.3324821588,-17.568842871915823
2012-03-09,293527.76242210163,354960.3324821588,-17.30688317493756
2012-03-09,294432.4589152374,354960.3324821588,-17.052010613034817
2012-03-09,295248.5293500199,354960.3324821588,-16.822105927889893
2012-03-09,296257.75378200435,354960.3324821588,-16.537785585690756
2012-03-09,297107.50927088456,354960.3324821588,-16.29839109252639
2012-03-09,298570.44362353015,354960.3324821588,-15.88625085634405
2012-03-09,298343.71572157973,354960.3324821588,-15.950125008242926
2012-03-09,298850.1308467279,354960.3324821588,-15.80745691865475
2012-03-09,298705.0571745792,354960.3324821588,-15.848327308631632
2012-03-09,298803.0918481331,354960.3324821588,-15.82070882155496
2012-03-09,298395.53632084624,354960.3324821588,-15.935526025053981
2012-03-09,297256.9358364942,354960.3324821588,-16.25629439835081
2012-03-09,297385.6923011258,354960.3324821588,-16.220020918514
2012-03-09,297452.2991882915,354960.3324821588,-16.20125631834025
2012-03-09,296984.4534895748,354960.3324821588,-16.33305856662111
2012-03-09,296451.20341016515,354960.3324821588,-16.483286643003822
2012-03-09,296482.29935840337,354960.3324821588,-16.474526242082185
2012-03-09,296376.2886933829,354960.3324821588,-16.504391738398105
2012-03-09,296413.5372447858,354960.3324821588,-16.493898016144012
2012-03-09,296245.79778224626,354960.3324821588,-16.541153849314604
2012-03-09,295963.8345187421,354960.3324821588,-16.62058899676684
2012-03-09,294999.2839755086,354960.3324821588,-16.892323738643107
2012-03-09,294899.2337018002,354960.3324821588,-16.920510063861116
2012-03-09,294453.08636727347,354960.3324821588,-17.046199413825082
2012-03-09,293730.31902820827,354960.3324821588,-17.249818599667922
2012-03-09,294433.49500829773,354960.3324821588,-17.051718723219107
2012-03-09,293802.39674365433,354960.3324821588,-17.229512748886783
2012-03-09,292040.98583735205,354960.3324821588,-17.725740283379192
2012-03-09,292887.50391985517,354960.3324821588,-17.48725783758487
2012-03-09,291494.06454058073,354960.3324821588,-17.879819837268165
2012-03-09,291675.03179298464,354960.3324821588,-17.828837449704338
2012-03-09,291026.31927936274,354960.3324821588,-18.01159379013415
2012-03-12,290106.83327302267,354960.3324821588,-18.270632877659878
2012-03-12,289738.4657612748,354960.3324821588,-18.374409969925924
2012-03-12,289966.70155268966,354960.3324821588,-18.31011101296393
2012-03-12,290778.5263630109,354960.3324821588,-18.081402412021294
2012-03-13,291901.51411785017,354960.3324821588,-17.765032482179716
2012-03-13,292479.6520004051,354960.3324821588,-17.602158541164343
2012-03-13,293033.28518224735,354960.3324821588,-17.446188104138102
2012-03-13,292922.53479773074,354960.3324821588,-17.47738888191013
2012-03-13,292296.09630084835,354960.3324821588,-17.653870150254072
2012-03-13,292526.7650196106,354960.3324821588,-17.588885785057766
2012-03-15,292732.6067794394,354960.3324821588,-17.53089571095867
2012-03-20,292153.5707925308,354960.3324821588,-17.694022667387724
2012-03-22,291366.29549997457,354960.3324821588,-17.915815138408632
2012-03-22,292015.7722504293,354960.3324821588,-17.732843495939992
2012-03-23,292663.03313190956,354960.3324821588,-17.55049611166917
2012-03-26,293820.2203736391,354960.3324821588,-17.224491446968308
2012-03-26,294628.8303617087,354960.3324821588,-16.9966885309593
2012-03-26,295750.27287092555,354960.3324821588,-16.680753930218188
2012-03-26,296661.78015306883,354960.3324821588,-16.4239626218009
2012-03-27,297301.7222020581,354960.3324821588,-16.24367711087794
2012-03-28,298053.1668597774,354960.3324821588,-16.031978904358752
2012-03-28,298384.30171216297,354960.3324821588,-15.93869105721538
2012-03-30,298473.4859982986,354960.3324821588,-15.913565915622229
2012-03-30,298580.47262260277,354960.3324821588,-15.883425470475581
2012-04-02,299209.2438584968,354960.3324821588,-15.70628701911761
2012-04-02,299860.64416414325,354960.3324821588,-15.522773469563672
2012-04-03,299923.4403667803,354960.3324821588,-15.505082421609675
2012-04-04,296622.6297252039,354960.3324821588,-16.434992143773442
2012-04-04,297511.3264825303,354960.3324821588,-16.184627053366885
2012-04-04,298063.5459673607,354960.3324821588,-16.02905488535338
2012-04-04,299374.891011282,354960.3324821588,-15.659620634841126
2012-04-04,299996.20440795267,354960.3324821588,-15.484583218032894
2012-04-05,300671.6022708525,354960.3324821588,-15.294309037766915
2012-04-05,301223.29433890764,354960.3324821588,-15.138885454461903
2012-04-05,301814.26096827927,354960.3324821588,-14.97239737810725
2012-04-05,301329.08944856265,354960.3324821588,-15.10908068475279
2012-04-05,301138.67142543034,354960.3324821588,-15.162725558759066
2012-04-05,301694.3498398592,354960.3324821588,-15.006178935494685
2012-04-09,300564.6229469888,354960.3324821588,-15.324447426221651
2012-04-09,300828.51122937043,354960.3324821588,-15.250104391737676
2012-04-10,299623.9979201207,354960.3324821588,-15.589441832861539
2012-04-10,298376.0906097489,354960.3324821588,-15.94100430229171
2012-04-10,297777.8830561342,354960.3324821588,-16.1095323035564
2012-04-10,296587.7660538843,354960.3324821588,-16.444813993746315
2012-04-10,295338.83022827917,354960.3324821588,-16.79666621815449
2012-04-10,293949.74891556555,354960.3324821588,-17.18800045626501
2012-04-10,292789.08203236933,354960.3324821588,-17.514985411197838
2012-04-10,291210.97260518867,354960.3324821588,-17.959572955993423
2012-04-10,289550.7313084832,354960.3324821588,-18.427298824147687
2012-04-10,288856.744758106,354960.3324821588,-18.622809839568568
2012-04-10,288151.98035730526,354960.3324821588,-18.821357208473845
2012-04-10,286975.2869151376,354960.3324821588,-19.152857191567534
2012-04-10,285123.2338528356,354960.3324821588,-19.67462058111335
2012-04-10,283536.4535988371,354960.3324821588,-20.121650885289178
2012-04-10,282961.0500910497,354960.3324821588,-20.28375449381459
2012-04-10,281457.47822164086,354960.3324821588,-20.707343197063395
2012-04-10,280384.68734172004,354960.3324821588,-21.00957158197025
2012-04-10,276947.8058729247,354960.3324821588,-21.977815398050208
2012-04-10,275368.1507730012,354960.3324821588,-22.422838392275313
2012-04-10,274149.0952242024,354960.3324821588,-22.766272696687366
2012-04-10,271841.12561709736,354960.3324821588,-23.416477633944975
2012-04-11,270986.7168599099,354960.3324821588,-23.657183053396437
2012-04-12,271198.991881174,354960.3324821588,-23.597380590462137
2012-04-12,271629.8800636164,354960.3324821588,-23.47599007354739
2012-04-12,271825.3917268408,354960.3324821588,-23.420910211001267
2012-04-12,272118.07862219,354960.3324821588,-23.338453984610425
2012-04-12,272319.3865897146,354960.3324821588,-23.28174117782525
2012-04-12,272449.8389858093,354960.3324821588,-23.244989917428782
2012-04-12,272798.3322059241,354960.3324821588,-23.146811842803412
2012-04-13,272436.0693340257,354960.3324821588,-23.24886912603986
2012-04-13,271564.16968451464,354960.3324821588,-23.494502108016775
2012-04-13,271321.6046599708,354960.3324821588,-23.562837919753157
2012-04-16,271585.26926594815,354960.3324821588,-23.488557899748212
2012-04-16,271695.97564169025,354960.3324821588,-23.457369520199446
2012-04-17,271765.2019530862,354960.3324821588,-23.43786697158737
2012-04-17,271859.1070429613,354960.3324821588,-23.411411877515746
2012-04-17,272032.19250172016,354960.3324821588,-23.362649961628264
2012-04-17,272334.70152943925,354960.3324821588,-23.277426628191623
2012-04-17,272515.34493204,354960.3324821588,-23.226535476119057
2012-04-17,272580.1336456754,354960.3324821588,-23.208283094738213
2012-04-18,272284.97660884075,354960.3324821588,-23.291435213390642
2012-04-18,272169.68984219024,354960.3324821588,-23.323913988087615
2012-04-18,272080.6039201724,354960.3324821588,-23.349011418382126
2012-04-18,272124.481001992,354960.3324821588,-23.336650295798986
2012-04-18,271145.9619467135,354960.3324821588,-23.612320269521387
2012-04-20,271209.03754317487,354960.3324821588,-23.59455051028652
2012-04-20,271097.78799048957,354960.3324821588,-23.62589191452382
2012-04-20,271042.30141681724,354960.3324821588,-23.641523681962262
2012-04-20,271080.2500830899,354960.3324821588,-23.63083272221267
2012-04-20,270642.5635370538,354960.3324821588,-23.75413848513425
2012-04-25,270990.3144311138,354960.3324821588,-23.656169539807824
2012-04-26,271228.7994242574,354960.3324821588,-23.588983161128276
2012-04-26,271507.6526201312,354960.3324821588,-23.510424186968027
2012-04-27,271870.2914436418,354960.3324821588,-23.408260990034226
2012-04-27,272130.0106818244,354960.3324821588,-23.335092465437004
2012-04-30,272113.1310551999,354960.3324821588,-23.339847821199292
2012-04-30,272099.9846416043,354960.3324821588,-23.34355145013824
2012-05-01,272263.01429496816,354960.3324821588,-23.2976224720398
2012-05-02,272301.4924659987,354960.3324821588,-23.286782339351888
2012-05-02,272118.261396116,354960.3324821588,-23.338402493243844
2012-05-03,272068.4668021367,354960.3324821588,-23.352430706940602
2012-05-03,271953.4855799498,354960.3324821588,-23.384823403156215
2012-05-07,273964.1182560662,354960.3324821588,-22.81838470786412
2012-05-09,274548.62086804595,354960.3324821588,-22.653717684962597
2012-05-09,274312.0763716793,354960.3324821588,-22.720357383745988
2012-05-09,274436.4878875931,354960.3324821588,-22.685307969901967
2012-05-10,273179.9690274429,354960.3324821588,-23.03929649908877
2012-05-10,274213.32640868635,354960.3324821588,-22.7481773833224
2012-05-10,274831.10493973095,354960.3324821588,-22.574135814585798
2012-05-11,273843.815490849,354960.3324821588,-22.852276597804597
2012-05-11,274638.91459352634,354960.3324821588,-22.62827999031965
2012-05-14,274817.3112479109,354960.3324821588,-22.57802179579491
2012-05-14,275221.9075479933,354960.3324821588,-22.464038270578683
2012-05-14,274592.120575778,354960.3324821588,-22.64146287681886
2012-05-14,273449.14851301827,354960.3324821588,-22.963462818267864
2012-05-14,273641.81493103126,354960.3324821588,-22.909184522812787
2012-05-14,273041.06359305145,354960.3324821588,-23.078429163130448
2012-05-14,271978.4199090616,354960.3324821588,-23.377798863558393
2012-05-14,271177.4491443803,354960.3324821588,-23.603449645176802
2012-05-14,270627.95773738646,354960.3324821588,-23.75825325468194
2012-05-14,269628.40385084617,354960.3324821588,-24.039849195149607
2012-05-14,269650.5796050804,354960.3324821588,-24.033601805735927
2012-05-14,269891.8553480994,354960.3324821588,-23.965629212479726
2012-05-14,269256.589781848,354960.3324821588,-24.144597257108572
2012-05-14,269630.02754486504,354960.3324821588,-24.03939176543978
2012-05-14,269459.18485042395,354960.3324821588,-24.087521846129764
2012-05-14,268084.81268260436,354960.3324821588,-24.474712200107884
2012-05-14,266925.06947215064,354960.3324821588,-24.801436936459094
2012-05-14,265613.11016663426,354960.3324821588,-25.1710442377432
2012-05-14,264842.73264451325,354960.3324821588,-25.388076241498077
2012-05-14,264486.36415995547,354960.3324821588,-25.488472948382412
2012-05-14,264211.6830048368,354960.3324821588,-25.56585656846128
2012-05-15,264552.6354013975,354960.3324821588,-25.46980290686578
2012-05-15,264415.8293107209,354960.3324821588,-25.508344140394584
2012-05-15,264134.92896309146,354960.3324821588,-25.587479841464383
2012-05-16,263529.2020005869,354960.3324821588,-25.758126222785034
2012-05-16,263584.1812017757,354960.3324821588,-25.74263739314474
2012-05-16,262563.0280159925,354960.3324821588,-26.03031832319191
2012-05-16,261653.46217005284,354960.3324821588,-26.286562687056247
2012-05-16,259793.63793687086,354960.3324821588,-26.810515383453797
2012-05-16,258800.8140503861,354960.3324821588,-27.090215337401368
2012-05-16,258548.43498867878,354960.3324821588,-27.161315975588884
2012-05-16,258724.64850102147,354960.3324821588,-27.111672819377464
2012-05-18,257327.33224816885,354960.3324821588,-27.505327018166803
2012-05-18,255982.94025877933,354960.3324821588,-27.88407130770149
2012-05-21,256143.2182769663,354960.3324821588,-27.838917524723495
2012-05-21,254518.64375154025,354960.3324821588,-28.296595292282973
2012-05-21,254198.38977221603,354960.3324821588,-28.386817762237506
2012-05-21,253899.8928526287,354960.3324821588,-28.47091079807056
2012-05-21,253637.21136862325,354960.3324821588,-28.544913851360644
2012-05-21,253961.20732402036,354960.3324821588,-28.453637185843828
2012-05-21,254132.0621882337,354960.3324821588,-28.405503676665887
2012-05-22,254592.0352479424,354960.3324821588,-28.275919321002203
2012-05-22,254084.94434035238,354960.3324821588,-28.418777793114856
2012-05-22,254697.0062630849,354960.3324821588,-28.24634671653441
2012-05-23,255065.84661132243,354960.3324821588,-28.142436416006376
2012-05-23,255197.431643982,354960.3324821588,-28.10536606740166
2012-05-23,255468.15054076584,354960.3324821588,-28.02909870116083
2012-05-23,255953.32405008253,354960.3324821588,-27.89241483400194
2012-05-23,256420.52481425944,354960.3324821588,-27.7607942777246
2012-05-23,256721.2339136376,354960.3324821588,-27.676078023016537
2012-05-23,257423.4018266983,354960.3324821588,-27.47826214084441
2012-05-23,257775.20768927908,354960.3324821588,-27.379150823216136
2012-05-23,258525.57281812248,354960.3324821588,-27.167756743320993
2012-05-23,259253.48582380405,354960.3324821588,-26.9626879119416
2012-05-23,259342.46429962898,354960.3324821588,-26.93762075156266
2012-05-23,259621.92891243997,354960.3324821588,-26.858889528032197
2012-05-23,260033.3097328563,354960.3324821588,-26.742994656754714
2012-05-23,260428.98432759254,354960.3324821588,-26.631524568824215
2012-05-23,261292.93366647416,354960.3324821588,-26.388131361239527
2012-05-23,262049.4183496431,354960.3324821588,-26.175013270584436
2012-05-23,262145.36982023553,354960.3324821588,-26.147981666821423
2012-05-23,262468.2097910694,354960.3324821588,-26.057030667148783
2012-05-23,262701.3925787329,354960.3324821588,-25.99133803438812
2012-05-23,262956.5726079454,354960.3324821588,-25.919448303096715
2012-05-23,263254.2411841689,354960.3324821588,-25.835588629498275
2012-05-23,263727.07745348883,354960.3324821588,-25.70238042958098
2012-05-23,263952.2503237105,354960.3324821588,-25.6389443637403
2012-05-23,264253.5220285526,354960.3324821588,-25.55406961090937
2012-05-23,264384.189702059,354960.3324821588,-25.517257702211655
2012-05-23,265217.3763510052,354960.3324821588,-25.282531009479563
2012-05-23,265532.9908374977,354960.3324821588,-25.19361558496285
2012-05-24,265627.8297964096,354960.3324821588,-25.166897399793054
2012-05-24,265889.0941607424,354960.3324821588,-25.093293579753258
2012-05-24,266215.61304559006,354960.3324821588,-25.001306150463805
2012-05-24,266591.388840971,354960.3324821588,-24.8954419845292
2012-05-24,266802.30383681227,354960.3324821588,-24.836022670160634
2012-05-24,265878.2306822599,354960.3324821588,-25.09635405651317
2012-05-24,265091.48547932325,354960.3324821588,-25.31799718982756
2012-05-24,264569.1190940882,354960.3324821588,-25.465159094252844
2012-05-24,264935.1011785482,354960.3324821588,-25.362054028427387
2012-05-25,263904.8413518511,354960.3324821588,-25.652300496108065
2012-05-25,263874.688818075,354960.3324821588,-25.660795116778857
2012-05-25,263576.49171562603,354960.3324821588,-25.744803687641898
2012-05-25,263108.98528353136,354960.3324821588,-25.876510357180294
2012-05-25,262808.530191033,354960.3324821588,-25.961155052658626
2012-05-25,263051.40209298255,354960.3324821588,-25.892732786922274
2012-05-25,263306.78926063183,354960.3324821588,-25.820784700254833
2012-05-25,263502.0150208552,354960.3324821588,-25.765785382765422
2012-05-25,263765.9834454933,354960.3324821588,-25.691419770475104
2012-05-29,264183.3705475828,354960.3324821588,-25.57383279979282
2012-05-29,264461.04655211815,354960.3324821588,-25.495605465883813
2012-05-29,264663.1959015113,354960.3324821588,-25.43865562363537
2012-05-29,264819.75213853817,354960.3324821588,-25.3945503468761
2012-05-29,263925.6987723577,354960.3324821588,-25.646424509808206
2012-05-29,264158.1401187402,354960.3324821588,-25.58094075708658
2012-05-29,264545.9955613034,354960.3324821588,-25.471673493375448
2012-05-29,264642.538683188,354960.3324821588,-25.444475208651777
2012-05-29,264779.5545363317,354960.3324821588,-25.40587488050086
2012-05-29,265002.7270624053,354960.3324821588,-25.343002354854672
2012-05-29,265288.2574584661,354960.3324821588,-25.262562269038845
2012-05-29,265663.44595836557,354960.3324821588,-25.156863556938863
2012-05-29,265689.3272541111,354960.3324821588,-25.149572236366623
2012-05-29,265800.6268875586,354960.3324821588,-25.118216723295856
2012-05-29,265918.0112361079,354960.3324821588,-25.085147014427694
2012-05-29,265988.07302430976,354960.3324821588,-25.065409093936154
2012-05-30,265934.2272989827,354960.3324821588,-25.080578598920145
2012-05-30,265851.1229388318,354960.3324821588,-25.103990893913714
2012-06-06,263865.2824002389,354960.3324821588,-25.663445108052617
2012-06-06,264669.4587992666,354960.3324821588,-25.43689122993213
2012-06-06,265300.17175697995,354960.3324821588,-25.25920575355709
2012-06-07,265784.12588884553,354960.3324821588,-25.12286541138945
2012-06-07,266374.1971979145,354960.3324821588,-24.956629566121133
2012-06-07,267315.7879515745,354960.3324821588,-24.691363093364675
2012-06-07,267779.8495989329,354960.3324821588,-24.560626894163676
2012-06-07,268364.2560500655,354960.3324821588,-24.395986961851808
2012-06-07,268723.14304492116,354960.3324821588,-24.294880736165673
2012-06-07,269400.6760320145,354960.3324821588,-24.104005045252418
2012-06-13,269182.07889108197,354960.3324821588,-24.165588585983265
2012-06-20,269848.0271008354,354960.3324821588,-23.977976577312717
2012-06-22,270048.9866225999,354960.3324821588,-23.92136193523167
2012-06-27,271099.6317915986,354960.3324821588,-23.625372475887925
2012-06-27,271732.1649873847,354960.3324821588,-23.44717419909374
2012-06-27,272022.80272353865,354960.3324821588,-23.365295265151577
2012-06-27,272548.7285979805,354960.3324821588,-23.217130575659603
2012-06-28,273191.63596053136,354960.3324821588,-23.036009671795462
2012-06-28,273758.1092178324,354960.3324821588,-22.876421907906522
2012-06-28,274305.8102445382,354960.3324821588,-22.722122687237032
2012-06-29,275199.96119086334,354960.3324821588,-22.470221033868455
2012-06-29,276012.47786130355,354960.3324821588,-22.24131752097211
2012-06-29,276849.6699015535,354960.3324821588,-22.0054624229121
2012-06-29,278506.6614172641,354960.3324821588,-21.53865208832524
2012-07-02,279155.31642600364,354960.3324821588,-21.35591194826405
2012-07-02,279501.84144180303,354960.3324821588,-21.258288359347446
2012-07-02,280160.7094175763,354960.3324821588,-21.072671005665708
2012-07-03,280706.7877027146,354960.3324821588,-20.9188289463799
2012-07-03,281315.3048933096,354960.3324821588,-20.74739649748068
2012-07-05,280963.9643157442,354960.3324821588,-20.84637673426054
2012-07-13,281194.58725304634,354960.3324821588,-20.781405266691344
2012-07-13,281542.18739591,354960.3324821588,-20.6834787912362
2012-07-13,281880.6859784136,354960.3324821588,-20.588116422112698
2012-07-13,282094.9003383833,354960.3324821588,-20.527767605536013
2012-07-13,282272.00210537703,354960.3324821588,-20.477874208785078
2012-07-16,282482.2582748472,354960.3324821588,-20.418640500049268
2012-07-16,282602.4921919155,354960.3324821588,-20.384768006120844
2012-07-17,282885.039351186,354960.3324821588,-20.30516836260724
2012-07-17,283140.3097582071,354960.3324821588,-20.233253169933157
2012-07-17,283211.37205428287,354960.3324821588,-20.21323338474228
2012-07-17,283420.7268213759,354960.3324821588,-20.154253620544672
2012-07-17,283603.8738280279,354960.3324821588,-20.102657149082265
2012-07-17,283939.35391589504,354960.3324821588,-20.00814515515855
2012-07-17,284119.9251164285,354960.3324821588,-19.957274343969374
2012-07-17,284004.9567281789,354960.3324821588,-19.98966342458739
2012-07-17,284299.92018274224,354960.3324821588,-19.906565842246085
2012-07-18,284070.95243098337,354960.3324821588,-19.97107100826217
2012-07-18,284114.0072498982,354960.3324821588,-19.95894153491686
2012-07-18,283859.0404321524,354960.3324821588,-20.03077119992841
2012-07-18,283528.4913797324,354960.3324821588,-20.12389401455633
2012-07-19,283284.64519385353,354960.3324821588,-20.192590757139843
2012-07-19,283231.1550596364,354960.3324821588,-20.20766008442019
2012-07-19,283461.5824455871,354960.3324821588,-20.142743707894574
2012-07-19,283252.3828207674,354960.3324821588,-20.201679765159565
2012-07-19,283120.5757669952,354960.3324821588,-20.238812661911858
2012-07-19,282357.4012950962,354960.3324821588,-20.453815410687277
2012-07-19,281984.271953361,354960.3324821588,-20.558934013412824
2012-07-19,282050.8412373887,354960.3324821588,-20.54018000685603
2012-07-19,282363.18909521715,354960.3324821588,-20.45218486225938
2012-07-20,281443.94555499655,354960.3324821588,-20.711155641837067
2012-07-23,281446.67137248494,354960.3324821588,-20.710387720117666
2012-07-24,280617.1784221131,354960.3324821588,-20.944073818102574
2012-07-26,280785.0821390026,354960.3324821588,-20.896771710930377
2012-07-27,280987.2729217406,354960.3324821588,-20.83981019601289
2012-07-27,281401.5764165113,354960.3324821588,-20.723091944180755
2012-07-27,282165.685567548,354960.3324821588,-20.50782587608424
2012-07-27,282905.83049413306,354960.3324821588,-20.299311048128843
2012-07-27,283147.48008116096,354960.3324821588,-20.23123313493271
2012-07-27,283483.6137149734,354960.3324821588,-20.136537022986367
2012-07-27,283676.3459057289,354960.3324821588,-20.082240197927703
2012-07-27,284283.722090324,354960.3324821588,-19.91112919508751
2012-07-27,284617.1003339157,354960.3324821588,-19.817209336138635
2012-07-27,285124.5172135703,354960.3324821588,-19.67425903064777
2012-07-27,285570.62445462635,354960.3324821588,-19.54858097588134
2012-07-27,285901.10999741754,354960.3324821588,-19.45547605328895
2012-07-27,286257.64170338796,354960.3324821588,-19.355033363403784
2012-07-27,286436.6882149379,354960.3324821588,-19.304592090065455
2012-07-30,287105.75048280216,354960.3324821588,-19.116102783898302
2012-07-30,287318.0680849555,354960.3324821588,-19.056288325006896
2012-07-30,287365.6558707436,354960.3324821588,-19.0428818168894
2012-07-30,289422.960438576,354960.3324821588,-18.463294640641813
2012-07-30,289559.55918274325,354960.3324821588,-18.42481182110757
2012-07-30,288781.62188905076,354960.3324821588,-18.643973575958476
2012-07-30,288556.74628076446,354960.3324821588,-18.707325896685074
2012-07-31,287576.4354540911,354960.3324821588,-18.983500651147985
2012-07-31,287769.54265863926,354960.3324821588,-18.929098176596032
2012-07-31,287992.7101626636,354960.3324821588,-18.86622706576971
2012-07-31,288061.52448209457,354960.3324821588,-18.84684058420154
2012-07-31,288573.02934848575,354960.3324821588,-18.702738604463594
2012-08-01,289256.7617056293,354960.3324821588,-18.510116416975105
2012-08-02,289896.6492981525,354960.3324821588,-18.329846247616015
2012-08-02,289474.12405800674,354960.3324821588,-18.448880742876685
2012-08-02,288688.27051781496,354960.3324821588,-18.670272675517857
2012-08-02,288064.1226279038,354960.3324821588,-18.846108630354447
2012-08-02,287956.02012545493,354960.3324821588,-18.87656344250006
2012-08-02,287833.66883376637,354960.3324821588,-18.911032446637225
2012-08-02,287843.8965163139,354960.3324821588,-18.908151087338286
2012-08-03,287734.5520216821,354960.3324821588,-18.93895579553404
2012-08-03,287806.4881156011,354960.3324821588,-18.91868984259896
2012-08-03,287826.764581453,354960.3324821588,-18.91297752378573
2012-08-03,287892.6485448345,354960.3324821588,-18.89441658687179
2012-08-03,288130.2176600885,354960.3324821588,-18.827488230795293
2012-08-03,288274.58589354827,354960.3324821588,-18.78681657814886
2012-08-03,288384.5101098304,354960.3324821588,-18.755848549830464
2012-08-03,288379.14788597403,354960.3324821588,-18.757359204223558
2012-08-03,288531.02710143756,354960.3324821588,-18.714571545557174
2012-08-06,289122.4979019318,354960.3324821588,-18.54794143329696
2012-08-06,289670.737683966,354960.3324821588,-18.393490433603425
2012-08-06,291737.07918552955,354960.3324821588,-17.811357357742782
2012-08-06,291344.9148145631,354960.3324821588,-17.921838539745323
2012-08-06,290837.311679344,354960.3324821588,-18.064841317455603
2012-08-06,290950.7785835137,354960.3324821588,-18.0328752373654
2012-08-06,290709.28925587237,354960.3324821588,-18.100908002027477
2012-08-08,291640.6452269665,354960.3324821588,-17.838524888798645
2012-08-08,292512.1798783338,354960.3324821588,-17.592994734690183
2012-08-09,292438.7623785393,354960.3324821588,-17.61367803168879
2012-08-13,291849.9133435938,354960.3324821588,-17.77956953591062
2012-08-16,292547.5343318481,354960.3324821588,-17.58303462076223
2012-08-16,293164.69762246986,354960.3324821588,-17.40916637855441
2012-08-17,294888.43216666364,354960.3324821588,-16.92355308984125
2012-08-17,295362.7399840604,354960.3324821588,-16.789930323015433
2012-08-17,296011.52900933026,354960.3324821588,-16.607152427600187
2012-08-17,296585.69962714624,354960.3324821588,-16.445396150835137
2012-08-17,296641.0264088142,354960.3324821588,-16.429809400259078
2012-08-17,296798.78536118835,354960.3324821588,-16.385365292583444
2012-08-20,296972.99331153434,354960.3324821588,-16.336287146547292
2012-08-21,296929.26903726294,354960.3324821588,-16.348605219940353
2012-08-22,297472.4806942255,354960.3324821588,-16.195570751788935
2012-08-23,296574.21401337587,354960.3324821588,-16.448631896556375
2012-08-24,296585.6702850263,354960.3324821588,-16.445404417144708
2012-08-27,297287.21735097177,354960.3324821588,-16.247763441027825
2012-08-27,297919.67225679243,354960.3324821588,-16.06958722020956
2012-08-27,298452.8674559693,354960.3324821588,-15.91937460477495
2012-08-28,298605.8519267434,354960.3324821588,-15.876275571791648
2012-08-28,298275.447501558,354960.3324821588,-15.9693576418007
2012-08-28,297983.53889870254,354960.3324821588,-16.051594606369164
2012-08-29,299007.19045807765,354960.3324821588,-15.76320983046563
2012-08-29,299797.4822944651,354960.3324821588,-15.54056753382895
2012-08-30,299778.8495257196,354960.3324821588,-15.545816787630141
2012-08-30,299381.91263688065,354960.3324821588,-15.65764249110051
2012-08-30,299285.94299761043,354960.3324821588,-15.684679213372862
2012-08-30,299005.0640885768,354960.3324821588,-15.763808874726706
2012-08-31,299895.5957166911,354960.3324821588,-15.512926861548781
2012-08-31,300498.79382820876,354960.3324821588,-15.342992912225595
2012-09-04,300400.7805177851,354960.3324821588,-15.3706053808466
2012-09-04,300822.23196078505,354960.3324821588,-15.251873397457688
2012-09-04,301260.8601146816,354960.3324821588,-15.128302363244003
2012-09-04,301512.91125873185,354960.3324821588,-15.057294106550156
2012-09-04,301481.00708494266,354960.3324821588,-15.066282202083563
2012-09-04,301373.8616454284,354960.3324821588,-15.096467388908527
2012-09-04,301808.23774358217,354960.3324821588,-14.974094250728193
2012-09-04,301939.3244306036,354960.3324821588,-14.93716429686412
2012-09-04,302016.82357078965,354960.3324821588,-14.915331113521033
2012-09-05,303043.22075742396,354960.3324821588,-14.62617283505737
2012-09-05,303239.67383945425,354960.3324821588,-14.570827754479904
2012-09-05,303449.5708182085,354960.3324821588,-14.51169523753456
2012-09-05,303514.1269748678,354960.3324821588,-14.493508372481829
2012-09-06,304298.8231469409,354960.3324821588,-14.272442495462295
2012-09-06,304922.7710612716,354960.3324821588,-14.096662878070243
2012-09-06,306090.75592213473,354960.3324821588,-13.767616290611956
2012-09-07,307314.33168875857,354960.3324821588,-13.422908543110246
2012-09-10,307705.4460466461,354960.3324821588,-13.312723172493602
2012-09-11,308443.7150521728,354960.3324821588,-13.104736832058286
2012-09-12,306738.05465474795,354960.3324821588,-13.58525824285862
2012-09-12,308726.3344430868,354960.3324821588,-13.025116839329028
2012-09-14,309315.8210859137,354960.3324821588,-12.85904570718175
2012-09-17,310346.82057447796,354960.3324821588,-12.568590860761383
2012-09-17,310918.028254675,354960.3324821588,-12.407669307583118
2012-09-17,311709.8298253291,354960.3324821588,-12.184601686162647
2012-09-17,312494.4203073812,354960.3324821588,-11.963565584307096
2012-09-20,313442.5030283447,354960.3324821588,-11.696470184003129
2012-09-21,313463.43222576834,354960.3324821588,-11.690573976593903
2012-09-21,313687.9563537547,354960.3324821588,-11.627320675466903
2012-09-21,309426.0752713082,354960.3324821588,-12.827984719430379
2012-09-21,309786.30847394414,354960.3324821588,-12.726499237907158
2012-09-21,310064.04815373855,354960.3324821588,-12.648253965300993
2012-09-21,310891.7717082331,354960.3324821588,-12.415066344389531
2012-09-24,311208.22660601226,354960.3324821588,-12.32591415784343
2012-09-24,311829.0951342768,354960.3324821588,-12.151002070083393
2012-09-24,311401.6673203142,354960.3324821588,-12.271417726383255
2012-09-25,311397.3361020837,354960.3324821588,-12.272637924200925
2012-09-27,311743.5259724348,354960.3324821588,-12.17510875300304
2012-09-27,312162.8080449686,354960.3324821588,-12.056987928176826
2012-09-27,312776.7025093984,354960.3324821588,-11.884040584980196
2012-09-27,312971.35300405056,354960.3324821588,-11.829203332239583
2012-09-27,314022.8491744391,354960.3324821588,-11.532974127405438
2012-09-28,313421.7105181546,354960.3324821588,-11.702327883663456
2012-09-28,312951.81659189507,354960.3324821588,-11.834707161926374
2012-09-28,311610.0504951468,354960.3324821588,-12.21271168073151
2012-09-28,311918.54503363307,354960.3324821588,-12.12580209950336
2012-09-28,312488.5891179351,354960.3324821588,-11.965208356445975
2012-09-28,312211.4419574089,354960.3324821588,-12.043286703563853
2012-10-01,312952.8509889004,354960.3324821588,-11.834415749926025
2012-10-01,311404.95714554214,354960.3324821588,-12.270490911489624
2012-10-01,310637.8836210728,354960.3324821588,-12.486592107672692
2012-10-01,309982.1266448996,354960.3324821588,-12.67133302550642
2012-10-01,309253.59028849093,354960.3324821588,-12.876577468262655
2012-10-01,308389.4319164808,354960.3324821588,-13.120029564998994
2012-10-01,307335.42575502716,354960.3324821588,-13.416965888582883
2012-10-01,305346.4437899003,354960.3324821588,-13.977305110494912
2012-10-01,305018.6326150184,354960.3324821588,-14.069656605826674
2012-10-01,304963.4255556749,354960.3324821588,-14.085209628035514
2012-10-01,305019.0423480031,354960.3324821588,-14.069541175186353
2012-10-01,303165.22387949855,354960.3324821588,-14.591801917827988
2012-10-01,302564.3412382073,354960.3324821588,-14.761083549127294
2012-10-01,301614.91129008046,354960.3324821588,-15.02855849245059
2012-10-01,301037.23856270895,354960.3324821588,-15.191301389194
2012-10-01,300137.777179971,354960.3324821588,-15.44469910731316
2012-10-01,298562.6704437694,354960.3324821588,-15.888440729140923
2012-10-01,298485.55007762875,354960.3324821588,-15.910167203646228
2012-10-02,297656.165359512,354960.3324821588,-16.143822810264883
2012-10-02,296123.7344051553,354960.3324821588,-16.575541741684834
2012-10-02,295067.4116185653,354960.3324821588,-16.873130708655687
2012-10-02,295121.32428735594,354960.3324821588,-16.85794234425068
2012-10-02,294507.5880949768,354960.3324821588,-17.030845098788753
2012-10-02,293829.25800354633,354960.3324821588,-17.221945351227397
2012-10-02,294017.72921561694,354960.3324821588,-17.16884893598779
2012-10-02,293211.64257774304,354960.3324821588,-17.39594096969114
2012-10-02,292631.5098365846,354960.3324821588,-17.559376905504497
2012-10-02,292681.77838880185,354960.3324821588,-17.545215167525015
2012-10-02,292755.5592083487,354960.3324821588,-17.524429515497108
2012-10-02,292980.4656103836,354960.3324821588,-17.461068519505755
2012-10-02,291793.0510713377,354960.3324821588,-17.795588867383096
2012-10-02,290777.18018444785,354960.3324821588,-18.081781659627264
2012-10-02,290407.61099892505,354960.3324821588,-18.18589728937622
2012-10-02,289996.92378898273,354960.3324821588,-18.301596755587127
2012-10-02,289812.44669714425,354960.3324821588,-18.35356794080337
2012-10-02,288578.67057855666,354960.3324821588,-18.701149347987677
2012-10-02,287766.4318394301,354960.3324821588,-18.92997456162401
2012-10-02,287205.5136065388,354960.3324821588,-19.08799735503558
2012-10-02,286772.6686142633,354960.3324821588,-19.209939147587082
2012-10-02,286416.056917831,354960.3324821588,-19.310404372514775
2012-10-02,285787.167359618,354960.3324821588,-19.487576157828173
2012-10-02,285256.1264880079,354960.3324821588,-19.63718185261008
2012-10-02,285471.88934826816,354960.3324821588,-19.576396790022528
2012-10-02,286069.76385109994,354960.3324821588,-19.40796261636403
2012-10-02,286225.15878265473,354960.3324821588,-19.364184504463992
2012-10-02,285497.9194206265,354960.3324821588,-19.569063555861884
2012-10-03,286559.01621054666,354960.3324821588,-19.270129648937647
2012-10-03,287539.5118276142,354960.3324821588,-18.993902835025462
2012-10-03,286462.939704746,354960.3324821588,-19.297196477822105
2012-10-03,285437.76347325876,354960.3324821588,-19.586010786823458
2012-10-03,284904.43353424454,354960.3324821588,-19.73626136138337
2012-10-04,285953.06925851305,354960.3324821588,-19.44083800606487
2012-10-04,286051.1533321068,354960.3324821588,-19.41320560192892
2012-10-04,286349.36567974655,354960.3324821588,-19.329192736166036
2012-10-05,286990.7998349802,354960.3324821588,-19.148486866654288
2012-10-08,287232.9380162396,354960.3324821588,-19.080271305899604
2012-10-08,287588.61307370174,354960.3324821588,-18.980069952420198
2012-10-08,287654.16006857145,354960.3324821588,-18.961603946821388
2012-10-08,287281.06107204297,354960.3324821588,-19.06671400064613
2012-10-08,287554.6380542404,354960.3324821588,-18.989641449951705
2012-10-08,286545.2795251512,354960.3324821588,-19.27399957020446
2012-10-09,286165.69597828074,354960.3324821588,-19.38093646205829
2012-10-09,285672.2037289219,354960.3324821588,-19.519963898140507
2012-10-09,284768.89764768095,354960.3324821588,-19.774444750951385
2012-10-09,284637.19818514056,354960.3324821588,-19.81154733692753
2012-10-10,284717.3462772894,354960.3324821588,-19.788967886545464
2012-10-10,284845.237908747,354960.3324821588,-19.752938048911695
2012-10-10,284947.5884022333,354960.3324821588,-19.724103702050844
2012-10-12,284819.1524982871,354960.3324821588,-19.760286873011978
2012-10-12,284481.3171309511,354960.3324821588,-19.85546240008386
2012-10-12,284317.4877638127,354960.3324821588,-19.90161667484261
2012-10-12,284116.29723386484,354960.3324821588,-19.95829639692338
2012-10-15,284403.6768101093,354960.3324821588,-19.877335357070034
2012-10-15,284672.7666313437,354960.3324821588,-19.80152693663254
2012-10-15,284870.71196899615,354960.3324821588,-19.74576145538333
2012-10-16,284828.8237535232,354960.3324821588,-19.757562271316782
2012-10-16,284440.43903286336,354960.3324821588,-19.866978644110873
2012-10-16,284724.6402348891,354960.3324821588,-19.78691302099225
2012-10-16,285049.53317414684,354960.3324821588,-19.695383655728868
2012-10-16,285240.7723220976,354960.3324821588,-19.641507453108286
2012-10-16,285646.9995249566,354960.3324821588,-19.527064467319324
2012-10-17,286056.8105277547,354960.3324821588,-19.411611847604785
2012-10-17,286196.7518772551,354960.3324821588,-19.372187343880157
2012-10-17,286273.6937570547,354960.3324821588,-19.350511152836063
2012-10-17,286617.0777334371,354960.3324821588,-19.253772462633346
2012-10-17,287439.89340225846,354960.3324821588,-19.02196749922587
2012-10-17,287708.79101002874,354960.3324821588,-18.946213229476925
2012-10-17,287540.90600109805,354960.3324821588,-18.993510066212657
2012-10-17,287402.64257499296,354960.3324821588,-19.032461862639664
2012-10-17,287702.01294536324,354960.3324821588,-18.948122756836813
2012-10-17,287994.3283315105,354960.3324821588,-18.86577119262029
2012-10-18,288265.9137894579,354960.3324821588,-18.789259697364393
2012-10-18,288472.42318376026,354960.3324821588,-18.73108153619965
2012-10-19,288507.2760978831,354960.3324821588,-18.72126271676167
2012-10-19,288419.6225926449,354960.3324821588,-18.745956604280117
2012-10-19,287858.27205563785,354960.3324821588,-18.90410118710762
2012-10-19,288105.8225461114,354960.3324821588,-18.834360861831694
2012-10-19,288202.88951864507,354960.3324821588,-18.807014997054388
2012-10-22,288408.60368645116,354960.3324821588,-18.749060868386668
2012-10-22,288373.50125789,354960.3324821588,-18.758949981436473
2012-10-22,288132.0956108478,354960.3324821588,-18.826959171464583
2012-10-22,287602.20862337365,354960.3324821588,-18.976239792138106
2012-10-22,287357.8783519728,354960.3324821588,-19.04507291207923
2012-10-22,286910.760041708,354960.3324821588,-19.171035806901358
2012-10-22,286942.9268333442,354960.3324821588,-19.16197372624258
2012-10-23,286807.49205625296,354960.3324821588,-19.200128631086226
2012-10-23,286881.3245705571,354960.3324821588,-19.179328415527532
2012-10-23,286751.9017266709,354960.3324821588,-19.215789628807666
2012-10-23,286690.84691799624,354960.3324821588,-19.232990088433034
2012-10-23,286641.95275812276,354960.3324821588,-19.246764630374546
2012-10-24,286613.9616783852,354960.3324821588,-19.254650322711438
2012-10-24,286268.1276145207,354960.3324821588,-19.352079255529407
2012-10-25,286111.2534423718,354960.3324821588,-19.396274101486405
2012-10-25,286118.10282659455,354960.3324821588,-19.394344481865286
2012-10-26,285947.11249761505,354960.3324821588,-19.44251615439664
2012-10-26,286947.43377959705,354960.3324821588,-19.16070402204174
2012-10-31,287401.55912749463,354960.3324821588,-19.032767093224376
2012-10-31,287615.083035364,354960.3324821588,-18.972612791932107
2012-10-31,287920.76384621876,354960.3324821588,-18.886495898611322
2012-10-31,288012.7070300087,354960.3324821588,-18.86059351590083
2012-10-31,287987.0288428263,354960.3324821588,-18.867827616399566
2012-10-31,288138.52851907414,354960.3324821588,-18.825146882135986
2012-10-31,287998.7293087462,354960.3324821588,-18.86453134218266
2012-11-01,288058.3409710729,354960.3324821588,-18.84773744808472
2012-11-01,287627.3783084698,354960.3324821588,-18.96914894767103
2012-11-01,287954.6954104688,354960.3324821588,-18.87693664335236
2012-11-01,288162.0557281514,354960.3324821588,-18.81851875867421
2012-11-01,288464.48727560876,354960.3324821588,-18.733317253102438
2012-11-01,288949.8416553863,354960.3324821588,-18.596582430824245
2012-11-01,289266.2926672029,354960.3324821588,-18.507431339037822
2012-11-01,289458.92326811503,354960.3324821588,-18.45316313403443
2012-11-01,289727.1020106029,354960.3324821588,-18.37761138417761
2012-11-02,289891.16264514247,354960.3324821588,-18.331391956391876
2012-11-02,290031.5049018341,354960.3324821588,-18.291854508443745
2012-11-02,290038.6051739447,354960.3324821588,-18.289854208280353
2012-11-02,289797.4212273949,354960.3324821588,-18.35780094048654
2012-11-02,289786.0517942597,354960.3324821588,-18.36100395561099
2012-11-02,289204.4806713983,354960.3324821588,-18.524845114648286
2012-11-02,289161.66434666363,354960.3324821588,-18.536907399026724
2012-11-02,289043.21581067453,354960.3324821588,-18.5702769125047
2012-11-02,288933.4081901712,354960.3324821588,-18.60121209327138
2012-11-05,288977.39316798485,354960.3324821588,-18.58882057405398
2012-11-05,289191.94648728345,354960.3324821588,-18.528376265305933
2012-11-05,289282.6150705901,354960.3324821588,-18.5028329651088
2012-11-08,289239.8152136286,354960.3324821588,-18.514890610159515
2012-11-08,289181.98186877585,354960.3324821588,-18.53118351377731
2012-11-08,289307.7457245367,354960.3324821588,-18.495753116560408
2012-11-08,289336.4447456708,354960.3324821588,-18.487667981826235
2012-11-08,288867.94268546836,354960.3324821588,-18.619655141328337
2012-11-09,288767.0327021709,354960.3324821588,-18.648083665324755
2012-11-09,288570.9203960911,354960.3324821588,-18.70333274194929
2012-11-12,288083.9762739776,354960.3324821588,-18.840515429014186
2012-11-12,287352.9233826778,354960.3324821588,-19.046468834057432
2012-11-13,285806.7069643855,354960.3324821588,-19.482071428713546
2012-11-13,285023.3836987048,354960.3324821588,-19.702750528319715
2012-11-15,282556.70820284146,354960.3324821588,-20.39766634570541
2012-11-15,281494.2487011125,354960.3324821588,-20.696984158008377
2012-11-15,280514.2559667092,354960.3324821588,-20.973069299001576
2012-11-16,281947.135940546,354960.3324821588,-20.569396031113595
2012-11-16,281613.70881008287,354960.3324821588,-20.6633296625511
2012-11-16,280641.34986261086,354960.3324821588,-20.937264200721184
2012-11-16,280516.6519830248,354960.3324821588,-20.972394289402953
2012-11-16,280783.44516588387,354960.3324821588,-20.89723288164974
2012-11-16,282767.94514143345,354960.3324821588,-20.33815633310348
2012-11-19,283782.1298961609,354960.3324821588,-20.0524385607441
2012-11-19,283094.6941837627,354960.3324821588,-20.246104063475382
2012-11-20,282372.59315452795,354960.3324821588,-20.449535535433185
2012-11-20,281704.8385901317,354960.3324821588,-20.63765643326049
2012-11-20,281908.61554706824,354960.3324821588,-20.58024805877775
2012-11-20,282110.346332878,354960.3324821588,-20.523416134940213
2012-11-20,281779.07428259874,354960.3324821588,-20.616742633696493
2012-11-20,282898.21656506095,354960.3324821588,-20.30145605656369
2012-11-21,283189.3071056652,354960.3324821588,-20.219449557818116
2012-11-21,283044.5952067405,354960.3324821588,-20.26021802845617
2012-11-21,282911.51276007935,354960.3324821588,-20.297710230959623
2012-11-21,283381.51495616324,354960.3324821588,-20.165300450746358
2012-11-21,284068.1378398727,354960.3324821588,-19.971863939430282
2012-11-23,284198.0331284071,354960.3324821588,-19.935269628278366
2012-11-23,284478.1201538836,354960.3324821588,-19.856363057643296
2012-11-23,284940.5561781154,354960.3324821588,-19.72608483162347
2012-11-23,285548.6911104846,354960.3324821588,-19.55476007313099
2012-12-06,285009.371231784,354960.3324821588,-19.706698143204694
2012-12-06,284070.8001773914,354960.3324821588,-19.971113901390797
2012-12-07,284773.4474781662,354960.3324821588,-19.773162965335107
2012-12-10,284485.9335934129,354960.3324821588,-19.85416184279918
2012-12-10,283837.83635058696,354960.3324821588,-20.036744848143453
2012-12-10,285463.4213066957,354960.3324821588,-19.578782420414882
2012-12-10,286696.4604532363,354960.3324821588,-19.23140863418974
2012-12-10,287219.5242715706,354960.3324821588,-19.084050247781704
2012-12-11,288519.1687268136,354960.3324821588,-18.717912306070065
2012-12-11,288873.31714853796,354960.3324821588,-18.61814103888426
2012-12-11,289290.03206576017,354960.3324821588,-18.500743437211923
2012-12-11,289536.73943323974,354960.3324821588,-18.43124063791196
2012-12-12,290483.6906015645,354960.3324821588,-18.16446402045081
2012-12-12,290991.02652064466,354960.3324821588,-18.02153652330416
2012-12-12,292685.14048167056,354960.3324821588,-17.544267993274527
2012-12-12,293247.32840650616,354960.3324821588,-17.38588750019116
2012-12-13,292686.5797310725,354960.3324821588,-17.543862525601043
2012-12-14,290142.9047286818,354960.3324821588,-18.260470768725938
2012-12-14,290081.1899782026,354960.3324821588,-18.277857148225767
2012-12-14,289814.7770279639,354960.3324821588,-18.352911436229082
2012-12-17,290439.5724744639,354960.3324821588,-18.176893050701057
2012-12-17,291258.0381363559,354960.3324821588,-17.946313578293907
2012-12-17,289507.6199364447,354960.3324821588,-18.439444229730636
2012-12-17,289239.08950560633,354960.3324821588,-18.51509505779939
2012-12-18,289795.2644925434,354960.3324821588,-18.3584085393234
2012-12-18,290563.05401695345,354960.3324821588,-18.142105630476923
2012-12-18,291455.89613870723,354960.3324821588,-17.89057270128725
2012-12-18,292308.5251448961,354960.3324821588,-17.650368676170796
2012-12-19,292880.36995211,354960.3324821588,-17.489267630537025
2012-12-19,293964.0193147092,354960.3324821588,-17.183980176296302
2012-12-19,294331.6298474333,354960.3324821588,-17.08041634138734
2012-12-19,294980.31797235564,354960.3324821588,-16.89766687178148
2012-12-20,295614.13894625864,354960.3324821588,-16.719105800049654
2012-12-20,296269.9068550579,354960.3324821588,-16.53436180225879
2012-12-20,296964.45850834553,354960.3324821588,-16.33869158513037
2012-12-20,297654.08718366903,354960.3324821588,-16.14440827733057
2012-12-20,298311.64713397936,354960.3324821588,-15.959159422701616
2012-12-20,299334.7163262973,354960.3324821588,-15.670938712189017
2012-12-20,299911.9158444883,354960.3324821588,-15.508329128702671
2012-12-26,299078.42598893336,354960.3324821588,-15.743141241291855
2012-12-26,297988.895643765,354960.3324821588,-16.05008549547077
2012-12-26,297000.3514748941,354960.3324821588,-16.328579760437854
2012-12-26,296668.86380514933,354960.3324821588,-16.421967003859322
2012-12-28,295325.2513844746,354960.3324821588,-16.800491672032557
2012-12-28,295007.4000656545,354960.3324821588,-16.89003726057691
2012-12-31,295804.83205546485,354960.3324821588,-16.665383428348925
2012-12-31,296427.55803455744,354960.3324821588,-16.489948056532022
2012-12-31,297142.175536369,354960.3324821588,-16.28862485604526
2012-12-31,297765.7070321649,354960.3324821588,-16.112962552757534
2013-01-02,298138.0134054058,354960.3324821588,-16.00807579804964
2013-01-02,299080.20618212374,354960.3324821588,-15.74263972238186
2013-01-02,300257.0279067047,354960.3324821588,-15.411103599358844
2013-01-02,302246.9876690478,354960.3324821588,-14.850488910830764
2013-01-02,304301.0183584478,354960.3324821588,-14.271824056919721
2013-01-02,305459.35495817434,354960.3324821588,-13.945495593221672
2013-01-02,306321.0951225306,354960.3324821588,-13.702724757863734
2013-01-02,307632.01764317346,354960.3324821588,-13.333409541294076
2013-01-02,308641.65947521914,354960.3324821588,-13.048971608473389
2013-01-02,308980.8769108635,354960.3324821588,-12.953406722878347
2013-01-03,309778.76443477755,354960.3324821588,-12.728624556844581
2013-01-04,310111.9474726263,354960.3324821588,-12.634759691573901
2013-01-08,310071.5836894108,354960.3324821588,-12.646131041981764
2013-01-08,309912.74514119374,354960.3324821588,-12.69087929514751
2013-01-11,310199.20377298904,354960.3324821588,-12.61017770525656
2013-01-11,310387.95408023783,354960.3324821588,-12.557002662871147
2013-01-14,310564.5752401401,354960.3324821588,-12.507244663528748
2013-01-16,311318.51562447747,354960.3324821588,-12.294843356862945
2013-01-16,311733.372042345,354960.3324821588,-12.177969334640085
2013-01-17,312109.5195660621,354960.3324821588,-12.07200044479632
2013-01-17,312807.18409708835,354960.3324821588,-11.875453262707648
2013-01-17,313029.6103633255,354960.3324821588,-11.812790974591737
2013-01-17,313163.8355663136,354960.3324821588,-11.774976832924281
2013-01-17,313137.24666503683,354960.3324821588,-11.782467501273285
2013-01-17,313259.1550459275,354960.3324821588,-11.74812327468374
2013-01-17,313283.19493352185,354960.3324821588,-11.741350718599447
2013-01-17,313304.9054301368,354960.3324821588,-11.73523440231613
2013-01-17,313306.8422937591,354960.3324821588,-11.734688745958195
2013-01-18,313164.47515678284,354960.3324821588,-11.774796646460974
2013-01-18,313332.17808492406,354960.3324821588,-11.727551105820272
2013-01-18,313477.57456124225,354960.3324821588,-11.68658977492973
2013-01-18,313602.13347224967,354960.3324821588,-11.651498836701109
2013-01-18,313570.6837925176,354960.3324821588,-11.660358891432343
2013-01-18,313939.8707015312,354960.3324821588,-11.556350957240948
2013-01-22,314021.7751282194,354960.3324821588,-11.533276709446701
2013-01-23,313736.3412068413,354960.3324821588,-11.613689616258608
2013-01-24,313470.6964704189,354960.3324821588,-11.688527481820882
2013-01-24,313631.4800345094,354960.3324821588,-11.64323127563182
2013-01-25,313933.8944894215,354960.3324821588,-11.558034585399588
2013-01-25,313881.6302869301,354960.3324821588,-11.572758541207806
2013-01-25,313856.7550354357,354960.3324821588,-11.579766437363544
2013-01-25,313868.22582594445,354960.3324821588,-11.576534867675596
2013-01-28,313805.04737560224,354960.3324821588,-11.594333603072428
2013-01-28,313880.617489294,354960.3324821588,-11.573043868198875
2013-01-28,314536.9230950651,354960.3324821588,-11.388148389545883
2013-01-28,314760.02240937983,354960.3324821588,-11.325296489235042
2013-01-31,314884.5948100548,354960.3324821588,-11.290201750675418
2013-01-31,315133.30034593475,354960.3324821588,-11.220136024136117
2013-02-01,316316.6934977759,354960.3324821588,-10.886748587977852
2013-02-01,316512.6576264828,354960.3324821588,-10.831541256122891
2013-02-04,316608.07221801474,354960.3324821588,-10.80466090279869
2013-02-04,316918.5730199219,354960.3324821588,-10.717186113788916
2013-02-05,317138.7068178295,354960.3324821588,-10.655169663565234
2013-02-05,317378.30752625235,354960.3324821588,-10.587668963769469
2013-02-05,317736.42436194763,354960.3324821588,-10.486779708569866
2013-02-06,317821.2029432066,354960.3324821588,-10.46289574929303
2013-02-06,318021.8730110287,354960.3324821588,-10.406362652645623
2013-02-06,318086.40421164344,354960.3324821588,-10.388182818250185
2013-02-06,318739.56088290334,354960.3324821588,-10.204174462529835
2013-02-06,319825.5209228605,354960.3324821588,-9.898236040519901
2013-02-06,322120.14945287793,354960.3324821588,-9.251789573115607
2013-02-07,321769.2935276487,354960.3324821588,-9.35063327285404
2013-02-07,321815.2817957945,354960.3324821588,-9.337677383438402
2013-02-07,322029.3881717446,354960.3324821588,-9.277358988294667
2013-02-07,322220.0805779225,354960.3324821588,-9.223636814652206
2013-02-08,322260.776760264,354960.3324821588,-9.212171820223979
2013-02-08,322453.9655244354,354960.3324821588,-9.157746368562817
2013-02-08,322638.1470362235,354960.3324821588,-9.105858454637291
2013-02-11,323355.2275524384,354960.3324821588,-8.903841369742056
2013-02-11,323150.87388905074,354960.3324821588,-8.961412214900626
2013-02-11,323145.4256248721,354960.3324821588,-8.962947108712717
2013-02-11,323171.97778889403,354960.3324821588,-8.955466790042665
2013-02-11,323295.9035510226,354960.3324821588,-8.920554223542075
2013-02-11,322968.32295894646,354960.3324821588,-9.012840758712194
2013-02-11,323068.2875413048,354960.3324821588,-8.98467857460016
2013-02-11,322941.6109123669,354960.3324821588,-9.020366119755437
2013-02-11,323023.4939749452,354960.3324821588,-8.997297890692842
2013-02-11,323213.6209399971,354960.3324821588,-8.943735014040584
2013-02-11,322721.5856724021,354960.3324821588,-9.082351986859567
2013-02-11,323212.18739843066,354960.3324821588,-8.944138873693406
2013-02-12,323944.33818478504,354960.3324821588,-8.737876167876504
2013-02-12,323593.06887281686,354960.3324821588,-8.836836327596838
2013-02-12,324349.78522899695,354960.3324821588,-8.623652969645674
2013-02-13,324775.9721263564,354960.3324821588,-8.50358690638187
2013-02-13,325141.33447524253,354960.3324821588,-8.400656433466416
2013-02-13,325747.88847883156,354960.3324821588,-8.229777056791415
2013-02-14,325596.51574571425,354960.3324821588,-8.272422028430583
2013-02-14,326327.95088501205,354960.3324821588,-8.066360935862003
2013-02-14,327318.77514303714,354960.3324821588,-7.787224320484031
2013-02-15,328605.2172770216,354960.3324821588,-7.424805758108718
2013-02-19,329825.7857053336,354960.3324821588,-7.08094524282894
2013-02-19,330587.3997194929,354960.3324821588,-6.86638210873632
2013-02-19,331079.7249681439,354960.3324821588,-6.727683441984373
2013-02-19,330695.59152181546,354960.3324821588,-6.835902138885601
2013-02-19,332234.2280885232,354960.3324821588,-6.402434952299313
2013-02-20,331704.7935485002,354960.3324821588,-6.551588108743799
2013-02-22,328895.7669717911,354960.3324821588,-7.342951627328036
2013-02-22,327510.80800407863,354960.3324821588,-7.733124511725502
2013-02-22,328471.39811059646,354960.3324821588,-7.462505510497776
2013-02-22,329405.24733498524,354960.3324821588,-7.199419993911015
2013-02-25,327722.5934452071,354960.3324821588,-7.6734599741002665
2013-02-25,327137.38110690605,354960.3324821588,-7.83832694225099
2013-02-25,326161.30056821083,354960.3324821588,-8.113309933130477
2013-02-26,327329.51441418054,354960.3324821588,-7.784198835616948
2013-02-27,325956.1798891034,354960.3324821588,-8.171096863200402
2013-02-27,326996.3352202371,354960.3324821588,-7.878062617976403
2013-02-27,327887.5628379803,354960.3324821588,-7.62698452947253
2013-02-27,329047.96523802663,354960.3324821588,-7.300074085161214
2013-02-28,327092.95353159885,354960.3324821588,-7.850843150751395
2013-03-01,327127.23396379146,354960.3324821588,-7.8411856118503875
2013-03-01,326672.1812573723,354960.3324821588,-7.969383797613022
2013-03-01,327230.26143790147,354960.3324821588,-7.81216054491134
2013-03-01,327040.92111787497,354960.3324821588,-7.865501806652472
2013-03-01,327799.4473437566,354960.3324821588,-7.651808569276497
2013-03-01,327435.3638634753,354960.3324821588,-7.754378757256486
2013-03-01,327158.0246085451,354960.3324821588,-7.832511221521092
2013-03-01,326965.56296432257,354960.3324821588,-7.886731827772138
2013-03-01,327102.27658711246,354960.3324821588,-7.848216644446193
2013-03-04,327847.5915605711,354960.3324821588,-7.63824530250868
2013-03-04,328510.59199786786,354960.3324821588,-7.451463745070827
2013-03-04,329150.2396192229,354960.3324821588,-7.27126118077805
2013-03-04,329644.1854764756,354960.3324821588,-7.132105953544997
2013-03-04,329885.0417544689,354960.3324821588,-7.064251532655471
2013-03-04,328834.01653385686,354960.3324821588,-7.360348060755522
2013-03-04,329278.07654930616,354960.3324821588,-7.235246753704086
2013-03-04,329031.9716832663,354960.3324821588,-7.304579815322247
2013-03-04,327006.79587737744,354960.3324821588,-7.875115624697686
2013-03-05,326810.11676971574,354960.3324821588,-7.930524381582258
2013-03-05,326438.15164591535,354960.3324821588,-8.035314998944857
2013-03-05,327161.7616957974,354960.3324821588,-7.831458403245279
2013-03-05,327765.1274562665,354960.3324821588,-7.661477223587849
2013-03-05,329331.36064948665,354960.3324821588,-7.220235470666377
2013-03-06,329943.4166071121,354960.3324821588,-7.04780607458556
2013-03-08,330707.16613801144,354960.3324821588,-6.8326413192568145
2013-03-11,330176.9239937703,354960.3324821588,-6.982021995270174
2013-03-15,330812.35483182187,354960.3324821588,-6.803007390001997
2013-03-15,331428.91508016095,354960.3324821588,-6.629309037843148
2013-03-18,332318.5873807275,354960.3324821588,-6.378669115814314
2013-03-18,333009.6570999823,354960.3324821588,-6.183979834783305
2013-03-19,332443.2338241951,354960.3324821588,-6.343553517799188
2013-03-19,334421.07977619354,354960.3324821588,-5.786351551549103
2013-03-20,335016.43687439087,354960.3324821588,-5.618626585203108
2013-03-22,335059.51125206804,354960.3324821588,-5.606491601731586
2013-03-22,335824.48979937326,354960.3324821588,-5.390980605909633
2013-03-25,336201.5247838029,354960.3324821588,-5.2847616991959905
2013-03-25,335683.0664404541,354960.3324821588,-5.43082262372898
2013-03-25,335940.85635707126,354960.3324821588,-5.358197630729202
2013-03-26,336521.0788316726,354960.3324821588,-5.194736415064909
2013-03-26,337388.08358918905,354960.3324821588,-4.950482429991799
2013-03-26,338109.0404868416,354960.3324821588,-4.74737328463715
2013-03-26,338343.5220816055,354960.3324821588,-4.68131474983574
2013-03-26,338967.6360342236,354960.3324821588,-4.505488355868334
2013-03-26,339435.5719985494,354960.3324821588,-4.373660677813826
2013-03-26,339970.9713256689,354960.3324821588,-4.222827111883911
2013-03-26,340394.9262309864,354960.3324821588,-4.103389849034597
2013-03-26,340893.126834347,354960.3324821588,-3.9630359678342004
2013-03-26,340888.9732274085,354960.3324821588,-3.9642061287108947
2013-03-27,340618.4148952211,354960.3324821588,-4.040428260433446
2013-03-27,341398.1413353947,354960.3324821588,-3.820762464336986
2013-03-28,341757.2166239361,354960.3324821588,-3.719603192248624
2013-03-28,342834.9826095122,354960.3324821588,-3.4159732125155178
2013-03-28,340746.71244147356,354960.3324821588,-4.004284067825985
2013-03-28,339952.27539396967,354960.3324821588,-4.228094160054761
2013-03-28,340239.5728906209,354960.3324821588,-4.147156243797405
2013-03-28,338428.63596807426,354960.3324821588,-4.657336327831914
2013-03-28,338318.74515704706,354960.3324821588,-4.688294945167761
2013-04-01,338551.23638136993,354960.3324821588,-4.622797140751951
2013-04-01,339284.86073845014,354960.3324821588,-4.416119298202579
2013-04-01,340114.9376559854,354960.3324821588,-4.182268684042193
2013-04-01,340182.68066863157,354960.3324821588,-4.1631840127572515
2013-04-01,340536.4599284261,354960.3324821588,-4.063516746468478
2013-04-01,341122.29003417375,354960.3324821588,-3.8984757398717416
2013-04-01,340386.42739812745,354960.3324821588,-4.105784153998071
2013-04-01,339884.37071919977,354960.3324821588,-4.247224375055141
2013-04-01,339233.66474963963,354960.3324821588,-4.430542315121822
2013-04-01,339569.57737996173,354960.3324821588,-4.335908464636859
2013-04-01,339703.3705893514,354960.3324821588,-4.298216024905894
2013-04-01,337050.33548475214,354960.3324821588,-5.045633373218358
2013-04-01,336780.15617917274,354960.3324821588,-5.121748724950788
2013-04-01,336227.71636917215,354960.3324821588,-5.277382963328216
2013-04-01,335711.05995214044,354960.3324821588,-5.422936246259537
2013-04-01,334431.13816931954,354960.3324821588,-5.783517884740289
2013-04-01,334543.8445219535,354960.3324821588,-5.7517660684610386
2013-04-01,334345.9864172586,354960.3324821588,-5.807506974300091
2013-04-01,334467.1171609482,354960.3324821588,-5.773381824922818
2013-04-01,334862.22318371903,354960.3324821588,-5.662071916007667
2013-04-01,332848.7671236413,354960.3324821588,-6.2293060196040075
2013-04-03,332734.41728041007,354960.3324821588,-6.261520842717222
2013-04-03,331248.4102246838,354960.3324821588,-6.680161158195555
2013-04-03,330554.64208106004,354960.3324821588,-6.875610643711982
2013-04-03,329909.7127870997,354960.3324821588,-7.057301169368888
2013-04-03,329523.3740950707,354960.3324821588,-7.166141131661977
2013-04-04,328304.8256023797,354960.3324821588,-7.509432587405771
2013-04-04,328785.19001765456,354960.3324821588,-7.374103546012386
2013-04-04,328612.18792670936,354960.3324821588,-7.42284197538432
2013-04-04,327242.30898586113,354960.3324821588,-7.80876649017981
2013-04-04,325834.2880032497,354960.3324821588,-8.205436442781409
2013-04-04,326358.4308499871,354960.3324821588,-8.05777407074333
2013-04-04,326811.3117643322,354960.3324821588,-7.930187725762697
2013-04-05,327056.2193507355,354960.3324821588,-7.861191963703673
2013-04-05,327310.4450340192,354960.3324821588,-7.789571092293632
2013-04-05,327700.2936919181,354960.3324821588,-7.67974229672857
2013-04-08,327967.34507645894,354960.3324821588,-7.6045081479792085
2013-04-08,328498.22089363105,354960.3324821588,-7.454948952601004
2013-04-08,328938.1961251922,354960.3324821588,-7.330998417485005
2013-04-08,329183.6587431961,354960.3324821588,-7.2618462910241615
2013-04-08,330162.6922882031,354960.3324821588,-6.986031374421837
2013-04-08,330282.0904703889,354960.3324821588,-6.952394325078648
2013-04-08,330591.40840427164,354960.3324821588,-6.865252775565278
2013-04-08,330933.0865963919,354960.3324821588,-6.76899464166874
2013-04-08,331460.2757888677,354960.3324821588,-6.620474048173337
2013-04-08,331712.05550251785,354960.3324821588,-6.549542259291595
2013-04-08,332121.60482429934,354960.3324821588,-6.434163360777047
2013-04-08,332547.6421368118,354960.3324821588,-6.314139438798702
2013-04-08,332738.4547158064,354960.3324821588,-6.260383409875611
2013-04-09,331827.65607622755,354960.3324821588,-6.516975078361453
2013-04-09,332153.7037590454,354960.3324821588,-6.425120396871306
2013-04-09,332440.0758860935,354960.3324821588,-6.3444431772379035
2013-04-09,332749.85769631964,354960.3324821588,-6.257170943729467
2013-04-10,333068.3426386304,354960.3324821588,-6.167446849748687
2013-04-10,333862.4390252876,354960.3324821588,-5.9437327290456174
2013-04-10,334066.7202586283,354960.3324821588,-5.886182288997221
2013-04-10,334569.8002440558,354960.3324821588,-5.744453780374984
2013-04-10,334947.55619563954,354960.3324821588,-5.6380317616265305
2013-04-10,335188.02699255856,354960.3324821588,-5.570285939089838
2013-04-10,335489.38979190355,354960.3324821588,-5.485385522967949
2013-04-10,335847.3616553494,354960.3324821588,-5.3845371095853585
2013-04-10,336103.52613074577,354960.3324821588,-5.312370038519955
2013-04-10,336301.1281815131,354960.3324821588,-5.256701268608244
2013-04-10,336777.55037534575,354960.3324821588,-5.122482836227047
2013-04-10,336983.9839367322,354960.3324821588,-5.06432603883424
2013-04-10,337268.189822101,354960.3324821588,-4.984259096316647
2013-04-10,337468.3160613862,354960.3324821588,-4.927879207925799
2013-04-11,337501.0729062126,354960.3324821588,-4.918650896526232
2013-04-11,337612.43960601516,354960.3324821588,-4.887276489413243
2013-04-11,337816.40406852704,354960.3324821588,-4.829815290556006
2013-04-11,338083.37876172364,354960.3324821588,-4.754602747416412
2013-04-11,338319.83479957306,354960.3324821588,-4.687987969309817
2013-04-11,338464.7185042175,354960.3324821588,-4.647171097286029
2013-04-11,337641.3810677531,354960.3324821588,-4.879123053919331
2013-04-11,337815.780359426,354960.3324821588,-4.829991002894536
2013-04-11,337840.72532017913,354960.3324821588,-4.82296346813348
2013-04-11,337573.3909638843,354960.3324821588,-4.898277336143862
2013-04-11,337839.15334818134,354960.3324821588,-4.823406326631724
2013-04-11,337768.99748418154,354960.3324821588,-4.843170750309494
2013-04-11,337627.1319181915,354960.3324821588,-4.883137347421348
2013-04-11,337397.89913227217,354960.3324821588,-4.9477171792905486
2013-04-12,337248.3512474632,354960.3324821588,-4.9898480517075345
2013-04-12,337552.45683974796,354960.3324821588,-4.904174931514578
2013-04-12,337423.92971404403,354960.3324821588,-4.940383801617095
2013-04-12,337357.9064981237,354960.3324821588,-4.95898396898189
2013-04-12,337586.26952430425,354960.3324821588,-4.894649167235553
2013-04-12,337493.5404098343,354960.3324821588,-4.920772963610635
2013-04-12,337376.891592948,354960.3324821588,-4.953635457306931
2013-04-12,337396.4043327342,354960.3324821588,-4.948138296638376
2013-04-12,337367.9819824343,354960.3324821588,-4.956145487216868
2013-04-12,337494.5993956484,354960.3324821588,-4.920474624411239
2013-04-16,337634.1026821996,354960.3324821588,-4.881173532490431
2013-04-16,336780.3284998826,354960.3324821588,-5.1217001784812
2013-04-17,336773.5944351558,354960.3324821588,-5.123597310107067
2013-04-18,336482.1645903097,354960.3324821588,-5.205699398193409
2013-04-29,336691.63888952293,354960.3324821588,-5.146685959213228
2013-05-02,337233.5797862046,354960.3324821588,-4.994009491707123
2013-05-03,337547.3962744838,354960.3324821588,-4.905600602160296
2013-05-06,337424.76969073486,354960.3324821588,-4.940147162022763
2013-05-06,337762.4713653813,354960.3324821588,-4.845009299071995
2013-05-06,337970.761384101,354960.3324821588,-4.786329497511311
2013-05-06,338815.4602734631,354960.3324821588,-4.548359557756265
2013-05-06,339582.2487788271,354960.3324821588,-4.3323386576173695
2013-05-07,338957.96364682907,354960.3324821588,-4.508213276517043
2013-05-07,340210.89979333273,354960.3324821588,-4.1552340752237145
2013-05-08,341007.73580026696,354960.3324821588,-3.930748144257251
2013-05-08,342325.3899608551,354960.3324821588,-3.5595364791751147
2013-05-08,342529.2917765853,354960.3324821588,-3.502092929270717
2013-05-08,342493.63549924246,354960.3324821588,-3.512138073496687
2013-05-08,343259.57611643843,354960.3324821588,-3.2963560417862934
2013-05-09,344475.3826987774,354960.3324821588,-2.9538370414695185
2013-05-10,346261.10697814496,354960.3324821588,-2.450759904122828
2013-05-13,347798.92291071516,354960.3324821588,-2.017523907915422
2013-05-14,347630.91339349904,354960.3324821588,-2.064855821327062
2013-05-14,346150.86649948487,354960.3324821588,-2.4818170303907716
2013-05-14,347533.9698224999,354960.3324821588,-2.0921669212241216
2013-05-15,346922.7254872818,354960.3324821588,-2.26436766572529
2013-05-15,347849.4609446833,354960.3324821588,-2.0032862511004406
2013-05-15,348509.99226234166,354960.3324821588,-1.8172002980477644
2013-05-20,348486.54532715573,354960.3324821588,-1.8238058066188123
2013-05-20,349254.0832772283,354960.3324821588,-1.60757377170231
2013-05-22,348100.3368435966,354960.3324821588,-1.9326090863707968
2013-05-23,346779.061404925,354960.3324821588,-2.3048409437820734
2013-05-23,348112.6431941344,354960.3324821588,-1.9291421213576212
2013-05-24,349688.23822947295,354960.3324821588,-1.4852629351058066
2013-05-28,348391.9594567337,354960.3324821588,-1.8504526912891635
2013-05-28,347191.11989298207,354960.3324821588,-2.1887551588788368
2013-05-28,345378.7145861877,354960.3324821588,-2.699348918502804
2013-05-28,345430.12356549577,354960.3324821588,-2.684865897555477
2013-05-28,346714.1002014697,354960.3324821588,-2.323141919274485
2013-05-28,347435.4723502854,354960.3324821588,-2.1199157886893234
2013-05-28,348395.43380268273,354960.3324821588,-1.8494738929190138
2013-05-28,349161.210398333,354960.3324821588,-1.633738069624243
2013-05-28,349963.0208198282,354960.3324821588,-1.407850738527737
2013-05-30,350334.18005157204,354960.3324821588,-1.3032871583810768
2013-05-30,350417.33600534825,354960.3324821588,-1.2798603283477836
2013-05-30,349766.4209927915,354960.3324821588,-1.4632371603461831
2013-05-30,349824.85704646463,354960.3324821588,-1.4467744606229425
2013-05-30,348947.82623600704,354960.3324821588,-1.6938530015755933
2013-05-30,345411.60486936534,354960.3324821588,-2.6900830146347094
2013-05-31,344881.7124118867,354960.3324821588,-2.8393651763267505
2013-05-31,344923.8596426363,354960.3324821588,-2.8274913901898953
2013-05-31,343463.1376414984,354960.3324821588,-3.2390083591208763
2013-05-31,343685.7173507312,354960.3324821588,-3.1763028427956197
2013-05-31,343207.87823923194,354960.3324821588,-3.3109204515176507
2013-05-31,344134.38337030826,354960.3324821588,-3.0499039247983193
2013-05-31,344564.65480274416,354960.3324821588,-2.928687159694708
2013-05-31,344699.8151668252,354960.3324821588,-2.890609562928926
2013-06-03,346222.1365167815,354960.3324821588,-2.4617387256409753
2013-06-03,346875.31852681766,354960.3324821588,-2.27772323143953
2013-06-03,346099.59439717437,354960.3324821588,-2.4962614901285574
2013-06-03,345341.842268361,354960.3324821588,-2.7097366476242035
2013-06-03,345276.07098058076,354960.3324821588,-2.7282658413851886
2013-06-05,341952.5910636272,354960.3324821588,-3.6645619885386416
2013-06-05,341090.43721778,354960.3324821588,-3.907449366916497
2013-06-05,340228.21890913416,354960.3324821588,-4.150354905858419
2013-06-06,338383.2824544045,354960.3324821588,-4.670113393188091
2013-06-06,337710.10778771545,354960.3324821588,-4.859761251015389
2013-06-06,337700.47973131185,354960.3324821588,-4.862473682665503
2013-06-06,337228.7655316606,354960.3324821588,-4.995365771297681
2013-06-06,336854.1009070826,354960.3324821588,-5.100916896393273
2013-06-06,336268.438305203,354960.3324821588,-5.265910713528899
2013-06-06,336633.107811244,354960.3324821588,-5.163175429422382
2013-06-06,336842.0296881146,354960.3324821588,-5.10431761975963
2013-06-06,337993.4891818233,354960.3324821588,-4.779926585511724
2013-06-06,338737.09896827384,354960.3324821588,-4.570435631620997
2013-06-06,339094.6732992748,354960.3324821588,-4.469699211722882
2013-06-06,339320.14425761835,354960.3324821588,-4.406179168013529
2013-06-06,340086.2574434242,354960.3324821588,-4.190348519994751
2013-06-06,340916.9814850155,354960.3324821588,-3.9563155969967894
2013-06-06,341585.0020762306,354960.3324821588,-3.76811975366303
2013-06-06,339751.94347039075,354960.3324821588,-4.284531994158095
2013-06-06,338827.78791371855,354960.3324821588,-4.54488659496934
2013-06-06,338202.63715832017,354960.3324821588,-4.721005078695914
2013-06-06,338230.122026619,354960.3324821588,-4.7132619970657466
2013-06-06,337872.51205037825,354960.3324821588,-4.8140084589985594
2013-06-06,337406.6799148975,354960.3324821588,-4.945243442982068
2013-06-06,335528.02086873906,354960.3324821588,-5.474502313408908
2013-06-06,333195.74891079386,354960.3324821588,-6.131553748321687
2013-06-06,330472.3552850574,354960.3324821588,-6.898792613209034
2013-06-06,330225.09394062666,354960.3324821588,-6.968451479793278
2013-06-06,329264.108079912,354960.3324821588,-7.2391819735345555
2013-06-06,327500.34956846456,354960.3324821588,-7.736070879152232
2013-06-06,325690.2056801188,354960.3324821588,-8.24602754830673
2013-06-06,325803.8398555654,354960.3324821588,-8.214014344281377
2013-06-06,324853.55772405706,354960.3324821588,-8.48172936608768
2013-06-06,323028.17152339785,354960.3324821588,-8.995980124163856
2013-06-06,322347.69266139995,354960.3324821588,-9.187685731728354
2013-06-06,321122.38777784654,354960.3324821588,-9.532880608853112
2013-06-07,321256.4352523301,354960.3324821588,-9.49511653714792
2013-06-07,323113.4194492614,354960.3324821588,-8.97196394036455
2013-06-07,322937.0320232482,354960.3324821588,-9.021656091817007
2013-06-07,323770.3401612102,354960.3324821588,-8.786895173002538
2013-06-07,323628.3126872557,354960.3324821588,-8.826907383088486
2013-06-07,323773.6918236111,354960.3324821588,-8.78595093724035
2013-06-07,324647.4128461841,354960.3324821588,-8.53980483509331
2013-06-07,324865.9664564997,354960.3324821588,-8.478233557878387
2013-06-10,326955.3007940501,354960.3324821588,-7.8896229030088305
2013-06-10,328101.03463992185,354960.3324821588,-7.566844907546663
2013-06-10,329435.231270467,354960.3324821588,-7.1909728710248935
2013-06-10,330595.01804562664,354960.3324821588,-6.86423586155414
2013-06-10,330574.4387010833,354960.3324821588,-6.870033507843072
2013-06-10,330004.82003519457,354960.3324821588,-7.030507401335766
2013-06-10,329546.5494560671,354960.3324821588,-7.15961213141163
2013-06-10,329937.0987242014,354960.3324821588,-7.049585958795872
2013-06-10,327859.1411680692,354960.3324821588,-7.634991528370779
2013-06-10,327494.2230110858,354960.3324821588,-7.737796862823674
2013-06-10,327871.7405995796,354960.3324821588,-7.631441996111142
2013-06-10,327428.627679697,354960.3324821588,-7.756276485864966
2013-06-10,327647.2899511276,354960.3324821588,-7.694674596464665
2013-06-10,327475.81610931567,354960.3324821588,-7.742982485014593
2013-06-11,328212.28102049767,354960.3324821588,-7.535504396961186
2013-06-11,327553.6670236537,354960.3324821588,-7.721050199287445
2013-06-11,327416.1573731848,354960.3324821588,-7.759789640820901
2013-06-11,326784.7514561958,354960.3324821588,-7.937670338805868
2013-06-11,326630.0875877733,354960.3324821588,-7.981242494415756
2013-06-11,326383.80349316477,354960.3324821588,-8.05062604859667
2013-06-12,326164.08908592234,354960.3324821588,-8.112524347402626
2013-06-12,324494.1306525682,354960.3324821588,-8.582987743037993
2013-06-12,323723.85805083014,354960.3324821588,-8.799990188452586
2013-06-12,321498.3960418397,354960.3324821588,-9.426950951484416
2013-06-13,321652.89513208973,354960.3324821588,-9.383425217448254
2013-06-17,323244.4308356198,354960.3324821588,-8.935055200325268
2013-06-17,323501.9898896104,354960.3324821588,-8.862495246318709
2013-06-17,324158.2047569159,354960.3324821588,-8.677625330653267
2013-06-17,325243.5118014933,354960.3324821588,-8.37187087155975
2013-06-17,327085.0168712701,354960.3324821588,-7.853079079558781
2013-06-18,327875.59815024014,354960.3324821588,-7.630355240688759
2013-06-19,327807.4199942678,354960.3324821588,-7.649562501256603
2013-06-21,326237.15241470217,354960.3324821588,-8.091940828036135
2013-06-21,323892.42027550517,354960.3324821588,-8.752502565400086
2013-06-25,324722.07128416543,354960.3324821588,-8.518771938978057
2013-06-25,324356.57587987115,354960.3324821588,-8.621739896478676
2013-06-25,324567.7601859969,354960.3324821588,-8.562244711580416
2013-06-25,323307.5154052261,354960.3324821588,-8.917282913161472
2013-06-25,322795.93964382313,354960.3324821588,-9.061404865557003
2013-06-26,324766.6627905714,354960.3324821588,-8.506209547542893
2013-06-26,325663.42897797364,354960.3324821588,-8.25357112422067
2013-06-26,326976.740796637,354960.3324821588,-7.883582790741355
2013-06-27,330104.20327087666,354960.3324821588,-7.002508995151298
2013-06-27,330673.11796568026,354960.3324821588,-6.842233425533337
2013-06-27,332410.1969787476,354960.3324821588,-6.352860711427411
2013-06-27,333006.9009124313,354960.3324821588,-6.184756312405957
2013-06-27,333751.4545851595,354960.3324821588,-5.9749994453437445
2013-06-27,334379.5171057144,354960.3324821588,-5.798060654419411
2013-06-27,335350.1000669104,354960.3324821588,-5.524626449980595
2013-06-27,336152.21947182406,354960.3324821588,-5.298652071574805
2013-06-27,338234.2209948921,354960.3324821588,-4.712107229082383
2013-06-27,339195.95780474466,354960.3324821588,-4.441165176733231
2013-06-27,340693.81396113883,354960.3324821588,-4.019186713415936
2013-06-27,342532.75013164396,354960.3324821588,-3.501118635880101
2013-06-27,343198.64406257105,354960.3324821588,-3.313521918728456
2013-06-27,344121.0966770285,354960.3324821588,-3.0536470735571783
2013-06-27,345096.2992441916,354960.3324821588,-2.778911426240273
2013-06-27,345831.6016949925,354960.3324821588,-2.571760828408935
2013-06-27,347552.4649954447,354960.3324821588,-2.08695643113486
2013-06-27,347800.3948965448,354960.3324821588,-2.017109217682474
2013-06-27,348752.21650631906,354960.3324821588,-1.7489604915647192
2013-06-27,349409.49946896476,354960.3324821588,-1.563789670349441
2013-06-27,349796.27452131186,354960.3324821588,-1.4548267759205138
2013-06-27,350828.38817770587,354960.3324821588,-1.1640580443338977
2013-06-28,351237.52856771834,354960.3324821588,-1.0487943507398998
2013-06-28,351852.71197619225,354960.3324821588,-0.8754838841387252
2013-06-28,352622.45252091414,354960.3324821588,-0.658631330688804
2013-06-28,351984.9138389872,354960.3324821588,-0.838239761148849
2013-06-28,352062.18294268515,354960.3324821588,-0.81647138405791
2013-07-01,349373.95687082043,354960.3324821588,-1.573802788687421
2013-07-01,349854.7623497417,354960.3324821588,-1.4383494901289284
2013-07-01,349596.6361270347,354960.3324821588,-1.5110692278252402
2013-07-01,348936.4499954715,354960.3324821588,-1.6970579344918917
2013-07-01,349665.2371824714,354960.3324821588,-1.4917428273350957
2013-07-01,350647.60256248777,354960.3324821588,-1.2149892607754393
2013-07-01,351520.23539846373,354960.3324821588,-0.9691497243196792
2013-07-02,351429.51401544944,354960.3324821588,-0.9947078993359948
2013-07-03,350413.8651881318,354960.3324821588,-1.280838132597675
2013-07-03,351172.26257703645,354960.3324821588,-1.0671811913836127
2013-07-03,351696.3647866887,354960.3324821588,-0.9195302676910074
2013-07-03,348470.3682000894,354960.3324821588,-1.8283632530673313
2013-07-03,347675.8194855182,354960.3324821588,-2.0522048043232317
2013-07-05,348447.2754723574,354960.3324821588,-1.834868973740537
2013-07-05,349090.2209213504,354960.3324821588,-1.6537373401022002
2013-07-09,348100.26629877154,354960.3324821588,-1.9326289603732123
2013-07-12,348397.994352487,354960.3324821588,-1.8487525306793695
2013-07-15,348799.1038545554,354960.3324821588,-1.735751311849209
2013-07-15,349008.1094310072,354960.3324821588,-1.6768699222048378
2013-07-17,349215.74706940295,354960.3324821588,-1.61837391028604
2013-07-18,349562.21427492757,354960.3324821588,-1.5207666077737139
2013-07-19,349934.6258260349,354960.3324821588,-1.4158502221868596
2013-07-19,350105.3388528622,354960.3324821588,-1.3677566716671434
2013-07-22,350392.10240725905,354960.3324821588,-1.2869691784868238
2013-07-23,350403.0088490555,354960.3324821588,-1.2838965980324986
2013-07-24,350616.35259339924,354960.3324821588,-1.223793052700584
2013-07-25,350529.72396960616,354960.3324821588,-1.2481982089577075
2013-07-25,350676.42084710085,354960.3324821588,-1.2068705269407147
2013-07-26,349878.48892014247,354960.3324821588,-1.431665202272073
2013-07-26,350040.74253236863,354960.3324821588,-1.3859548517403495
2013-07-26,349829.7263083111,354960.3324821588,-1.4454026842860146
2013-07-26,349708.3555486059,354960.3324821588,-1.4795954513640934
2013-07-26,349930.2424558751,354960.3324821588,-1.4170851123305503
2013-07-29,349800.1276986452,354960.3324821588,-1.4537412525589533
2013-07-29,348086.5790526347,354960.3324821588,-1.936484953531975
2013-07-29,348433.34210451355,354960.3324821588,-1.8387943047053867
2013-07-29,348726.19752387586,354960.3324821588,-1.756290601456508
2013-07-30,349080.1925006168,354960.3324821588,-1.6565625630400733
2013-07-30,349342.9906083711,354960.3324821588,-1.582526654318489
2013-07-30,349655.03053904296,354960.3324821588,-1.494618259459313
2013-07-30,351832.85787936446,354960.3324821588,-0.8810772124661359
2013-07-30,351949.6393821588,354960.3324821588,-0.8481773382808345
2013-07-30,352199.660248487,354960.3324821588,-0.7777410547164515
2013-07-31,352426.1267688692,354960.3324821588,-0.7139405396564955
2013-08-01,353158.99900665175,354960.3324821588,-0.5074745853742907
2013-08-01,353704.43276096473,354960.3324821588,-0.35381410435690963
2013-08-01,354000.07988048275,354960.3324821588,-0.270523918816845
2013-08-01,354388.12001414236,354960.3324821588,-0.1612046236307793
2013-08-01,354969.795151978,354969.795151978,0.0
2013-08-01,355204.3610475925,355204.3610475925,0.0
2013-08-01,355415.19583288557,355415.19583288557,0.0
2013-08-01,356183.45271887927,356183.45271887927,0.0
2013-08-01,356431.0781274105,356431.0781274105,0.0
2013-08-01,356673.5428214431,356673.5428214431,0.0
2013-08-01,356788.27457154397,356788.27457154397,0.0
2013-08-01,357005.5070415373,357005.5070415373,0.0
2013-08-01,356458.47789263807,357005.5070415373,-0.1532270898094592
2013-08-01,356403.75175659737,357005.5070415373,-0.16855630321409495
2013-08-01,356640.0971522193,357005.5070415373,-0.1023541323903095
2013-08-01,356876.817456142,357005.5070415373,-0.036046946855741085
2013-08-02,357163.202870085,357163.202870085,0.0
2013-08-02,357232.7636235441,357232.7636235441,0.0
2013-08-02,357605.6058170426,357605.6058170426,0.0
2013-08-02,357399.0495338089,357605.6058170426,-0.057760918697500836
2013-08-02,357641.8782665696,357641.8782665696,0.0
2013-08-02,357775.5268626206,357775.5268626206,0.0
2013-08-02,358431.15934233717,358431.15934233717,0.0
2013-08-02,358263.5509677529,358431.15934233717,-0.046761664050588035
2013-08-05,358553.0967968816,358553.0967968816,0.0
2013-08-05,359224.2359843681,359224.2359843681,0.0
2013-08-05,359494.89739503455,359494.89739503455,0.0
2013-08-05,359714.5685473953,359714.5685473953,0.0
2013-08-05,359972.20944702066,359972.20944702066,0.0
2013-08-05,360582.2036673594,360582.2036673594,0.0
2013-08-05,360847.021007933,360847.021007933,0.0
2013-08-05,360660.4088253599,360847.021007933,-0.05171504036582354
2013-08-05,360558.66740101995,360847.021007933,-0.07991020851651283
2013-08-05,360852.50165378203,360852.50165378203,0.0
2013-08-06,361930.3774737714,361930.3774737714,0.0
2013-08-06,362132.03775648266,362132.03775648266,0.0
2013-08-06,362394.264789309,362394.264789309,0.0
2013-08-06,362221.9637453967,362394.264789309,-0.04754519059855325
2013-08-06,362031.2748412782,362394.264789309,-0.10016437435670549
2013-08-07,361243.1779169826,362394.264789309,-0.31763385466257604
2013-08-07,361170.3589246677,362394.264789309,-0.33772771358643466
2013-08-07,361090.79179184063,362394.264789309,-0.3596836716569434
2013-08-07,360990.942192868,362394.264789309,-0.3872364252941186
2013-08-07,360883.2356064535,362394.264789309,-0.4169572561348334
2013-08-08,361056.900136855,362394.264789309,-0.36903582158826526
2013-08-08,360728.4531156065,362394.264789309,-0.4596683324088965
2013-08-08,360415.03677707433,362394.264789309,-0.5461532382101485
2013-08-08,360578.70528043294,362394.264789309,-0.500990132923765
2013-08-09,360662.6434465962,362394.264789309,-0.47782802073855146
2013-08-09,360457.11214260035,362394.264789309,-0.5345428542680953
2013-08-09,360305.5823041714,362394.264789309,-0.5763563853175026
2013-08-09,360175.34182129987,362394.264789309,-0.612295277161516
2013-08-09,360198.6553769749,362394.264789309,-0.6058620750001658
2013-08-09,360025.2927773382,362394.264789309,-0.653700193999513
2013-08-09,360703.5444101316,362394.264789309,-0.4665417042845267
2013-08-12,361701.1544332079,362394.264789309,-0.19125864381548385
2013-08-12,363676.8012056682,363676.8012056682,0.0
2013-08-12,364228.2009487171,364228.2009487171,0.0
2013-08-12,370504.8548435131,370504.8548435131,0.0
2013-08-12,371819.4114212487,371819.4114212487,0.0
2013-08-12,371233.5795434768,371819.4114212487,-0.15755817468824124
2013-08-12,370933.94807663787,371819.4114212487,-0.23814338827179848
2013-08-12,369680.74040836905,371819.4114212487,-0.575190790794044
2013-08-12,369770.5995923305,371819.4114212487,-0.5510233640268432
2013-08-12,369068.5586196886,371819.4114212487,-0.7398357151513875
2013-08-13,370947.6550859167,371819.4114212487,-0.23445691874982652
2013-08-13,371779.3656407693,371819.4114212487,-0.010770223191498386
2013-08-13,373014.84979788674,373014.84979788674,0.0
2013-08-13,373965.1605084351,373965.1605084351,0.0
2013-08-13,374876.2097309278,374876.2097309278,0.0
2013-08-14,375574.90529594006,375574.90529594006,0.0
2013-08-14,375752.4929895222,375752.4929895222,0.0
2013-08-15,374849.8820490602,375752.4929895222,-0.240214225401599
2013-08-15,376343.5074349738,376343.5074349738,0.0
2013-08-16,375098.030731714,376343.5074349738,-0.3309414613655854
2013-08-16,375593.4192172033,376343.5074349738,-0.1993094614233805
2013-08-16,374597.2896876057,376343.5074349738,-0.4639957147845342
2013-08-16,373240.29682055,376343.5074349738,-0.8245686595138026
2013-08-16,372526.1657523894,376343.5074349738,-1.0143237779235372
2013-08-16,372133.535332335,376343.5074349738,-1.1186514499300126
2013-08-16,370795.5297175803,376343.5074349738,-1.4741792027200278
2013-08-16,370435.91655642603,376343.5074349738,-1.5697337038738446
2013-08-16,368684.4558519797,376343.5074349738,-2.0351225493952274
2013-08-16,367885.67993391864,376343.5074349738,-2.247369048213625
2013-08-16,367763.8152923893,376343.5074349738,-2.2797502741738978
2013-08-16,366176.8438294713,376343.5074349738,-2.70143191118
2013-08-19,364539.15459745476,376343.5074349738,-3.1365900046936845
2013-08-19,363495.0118140472,376343.5074349738,-3.4140340851095
2013-08-19,362319.8783182568,376343.5074349738,-3.7262843226118445
2013-08-19,360902.46226971893,376343.5074349738,-4.102912594532488
2013-08-19,358326.5100120593,376343.5074349738,-4.787380961003436
2013-08-19,357814.7775814586,376343.5074349738,-4.9233557873232705
2013-08-19,356376.79654696333,376343.5074349738,-5.305448478199237
2013-08-19,355093.270958269,376343.5074349738,-5.64650008752349
2013-08-19,355327.5554120586,376343.5074349738,-5.584247265524145
2013-08-20,354900.18027788587,376343.5074349738,-5.69780711861835
2013-08-20,353927.74813452497,376343.5074349738,-5.956196628241795
2013-08-20,353055.6291193151,376343.5074349738,-6.187931465692267
2013-08-20,353571.4655690216,376343.5074349738,-6.050866141190664
2013-08-20,354523.49952892796,376343.5074349738,-5.797896728646495
2013-08-21,355379.36720565986,376343.5074349738,-5.570480110630365
2013-08-21,353904.60721507814,376343.5074349738,-5.962345510576593
2013-08-21,352286.05578605895,376343.5074349738,-6.392418408618776
2013-08-21,351469.6439857922,376343.5074349738,-6.609351020484768
2013-08-22,352482.6444658267,376343.5074349738,-6.3401819076870565
2013-08-22,354021.55394224694,376343.5074349738,-5.931271046726831
2013-08-22,354989.289123928,376343.5074349738,-5.674129588839913
2013-08-22,356085.33925228677,376343.5074349738,-5.3828929641325916
2013-08-22,358484.28427065106,376343.5074349738,-4.745458022125842
2013-08-22,360275.27048643894,376343.5074349738,-4.269566667444418
2013-08-22,360611.24658819585,376343.5074349738,-4.1802928803006445
2013-08-22,361845.2284282868,376343.5074349738,-3.85240577298708
2013-08-22,363207.61200812226,376343.5074349738,-3.490400436659904
2013-08-22,364121.4702177135,376343.5074349738,-3.247574881937363
2013-08-22,362892.0035908851,376343.5074349738,-3.5742622307395346
2013-08-22,358860.7234167611,376343.5074349738,-4.645432609524543
2013-08-22,359118.0809098979,376343.5074349738,-4.577048941930304
2013-08-23,359506.7553290488,376343.5074349738,-4.4737724374942545
2013-08-23,360707.790098247,376343.5074349738,-4.154639851048417
2013-08-23,361587.91978304373,376343.5074349738,-3.920776460978162
2013-08-23,362437.3650676477,376343.5074349738,-3.6950663669224677
2013-08-23,363180.1035187979,376343.5074349738,-3.497709846489198
2013-08-26,363130.6390872043,376343.5074349738,-3.510853272804889
2013-08-26,361564.8339331551,376343.5074349738,-3.9269107105221406
2013-08-26,361566.6767923251,376343.5074349738,-3.9264210357612948
2013-08-26,360932.8559299208,376343.5074349738,-4.094836552405704
2013-08-26,360336.4535690347,376343.5074349738,-4.253309423361011
2013-08-26,360823.4996285352,376343.5074349738,-4.123894128589481
2013-08-26,361641.6799328372,376343.5074349738,-3.9064915992145366
2013-08-27,360387.39250291727,376343.5074349738,-4.23977420012048
2013-08-27,360146.7914633651,376343.5074349738,-4.303705431774253
2013-08-27,359592.368667331,376343.5074349738,-4.45102371549139
2013-08-27,359380.2591083382,376343.5074349738,-4.507384342100428
2013-08-27,359247.6465409181,376343.5074349738,-4.542621449902277
2013-08-27,359337.75389292755,376343.5074349738,-4.518678602416055
2013-08-27,359381.2708235199,376343.5074349738,-4.507115514510286
2013-08-27,358482.83653520036,376343.5074349738,-4.745842706708436
2013-08-28,358518.58073312615,376343.5074349738,-4.736344948086424
2013-08-28,357747.30730229686,376343.5074349738,-4.941283631919717
2013-08-28,357218.9798650293,376343.5074349738,-5.081667995361637
2013-08-28,356188.3332745552,376343.5074349738,-5.355525938998977
2013-08-28,356469.51460521395,376343.5074349738,-5.280811927702446
2013-08-28,355874.0710409408,376343.5074349738,-5.439030032308916
2013-08-28,354824.08145730186,376343.5074349738,-5.718027693460381
2013-08-28,352953.1442139807,376343.5074349738,-6.215163210975432
2013-08-28,352194.8812808509,376343.5074349738,-6.416644814390845
2013-08-28,351058.9631916825,376343.5074349738,-6.71847494211391
2013-08-28,350604.34307230887,376343.5074349738,-6.839274188119809
2013-08-28,350640.61473744485,376343.5074349738,-6.829636273709329
2013-08-29,351068.15993711,376343.5074349738,-6.716031231714817
2013-08-30,351362.77424098743,376343.5074349738,-6.637747882046996
2013-08-30,351366.59087174176,376343.5074349738,-6.636733747173157
2013-09-03,351536.8353074781,376343.5074349738,-6.591497298988716
2013-09-03,351024.12503898353,376343.5074349738,-6.727731951205519
2013-09-03,351972.08688328037,376343.5074349738,-6.47584455961537
2013-09-04,351541.13014439994,376343.5074349738,-6.590356097709299
2013-09-04,352756.8106131046,376343.5074349738,-6.267331933697458
2013-09-05,354129.7881085602,376343.5074349738,-5.902511638320681
2013-09-06,355179.95304776117,376343.5074349738,-5.623467382619678
2013-09-09,354598.21470422717,376343.5074349738,-5.778043808688226
2013-09-09,355495.19630136754,376343.5074349738,-5.539702617882548
2013-09-09,356209.7838485397,376343.5074349738,-5.349826206291835
2013-09-09,356406.67617750604,376343.5074349738,-5.297509021306156
2013-09-09,356668.04560246126,376343.5074349738,-5.22805932447556
2013-09-09,357291.8688046739,376343.5074349738,-5.062300333051902
2013-09-10,357990.808737889,376343.5074349738,-4.876581722419073
2013-09-10,358870.2321616471,376343.5074349738,-4.64290599628473
2013-09-11,358837.56816993305,376343.5074349738,-4.65158529885506
2013-09-11,358652.978113346,376343.5074349738,-4.70063358929726
2013-09-11,358964.209567953,376343.5074349738,-4.61793481850451
2013-09-11,359693.64571534237,376343.5074349738,-4.424112915647481
2013-09-12,360256.5457345972,376343.5074349738,-4.274542109154403
2013-09-13,361622.5646667752,376343.5074349738,-3.9115708062911536
2013-09-13,362922.017407524,376343.5074349738,-3.5662871186289338
2013-09-16,363689.11588891025,376343.5074349738,-3.362457780210281
2013-09-19,364880.7394845979,376343.5074349738,-3.0458258808560528
2013-09-19,365917.4031968296,376343.5074349738,-2.7703690995507997
2013-09-25,367104.3992502332,376343.5074349738,-2.4549668061795806
2013-09-25,367797.48096866277,376343.5074349738,-2.270804809297164
2013-09-25,371305.0516970227,376343.5074349738,-1.3387917257538078
2013-09-25,368359.82032839325,376343.5074349738,-2.121382978278159
2013-09-25,367652.3094637962,376343.5074349738,-2.3093790113223305
2013-09-25,368539.1012538633,376343.5074349738,-2.0737454019872934
2013-09-26,369357.00041881565,376343.5074349738,-1.8564175754686818
2013-09-26,370303.5487679937,376343.5074349738,-1.6049057703018037
2013-09-26,370964.284486216,376343.5074349738,-1.4293385809737138
2013-09-27,372029.1806884542,376343.5074349738,-1.1463800122193006
2013-09-27,372680.2917785965,376343.5074349738,-0.9733702279984741
2013-09-27,373339.0206353058,376343.5074349738,-0.7983362912636734
2013-09-27,374980.51950787107,376343.5074349738,-0.3621659202764962
2013-09-30,376233.7055697025,376343.5074349738,-0.029175969055415325
2013-09-30,376989.79672236304,376989.79672236304,0.0
2013-09-30,377805.42982877983,377805.42982877983,0.0
2013-10-01,378829.3334996308,378829.3334996308,0.0
2013-10-01,379654.0638458524,379654.0638458524,0.0
2013-10-01,380456.22875817947,380456.22875817947,0.0
2013-10-01,381582.9268298297,381582.9268298297,0.0
2013-10-01,382284.2612541934,382284.2612541934,0.0
2013-10-01,383106.52786994353,383106.52786994353,0.0
2013-10-01,382927.18650247,383106.52786994353,-0.046812401884840066
2013-10-01,382746.53734731546,383106.52786994353,-0.09396616774702338
2013-10-01,383130.03638111905,383130.03638111905,0.0
2013-10-01,381427.2727480219,383130.03638111905,-0.4444349101889121
2013-10-01,381557.48908338463,383130.03638111905,-0.4104474064701429
2013-10-01,382035.6448128284,383130.03638111905,-0.2856449415002285
2013-10-02,381770.59168177564,383130.03638111905,-0.35482592599216134
2013-10-02,381471.46682101715,383130.03638111905,-0.4328999041077615
2013-10-02,381570.99604740104,383130.03638111905,-0.4069219809660515
2013-10-02,381786.38268525025,383130.03638111905,-0.3507043479442037
2013-10-03,380689.7772182932,383130.03638111905,-0.6369271346813363
2013-10-03,380025.16154644627,383130.03638111905,-0.8103971340905788
2013-10-03,378592.7443805242,383130.03638111905,-1.1842694567756007
2013-10-03,378607.7290799975,383130.03638111905,-1.1803583305128709
2013-10-03,378515.90580603166,383130.03638111905,-1.2043249385170822
2013-10-03,377256.81758728286,383130.03638111905,-1.5329570214102968
2013-10-03,376744.7329077142,383130.03638111905,-1.6666152133927328
2013-10-03,376797.19124247675,383130.03638111905,-1.652923168974069
2013-10-03,375916.5586623425,383130.03638111905,-1.8827753070242037
2013-10-03,375352.36173166026,383130.03638111905,-2.0300352128283503
2013-10-03,374503.46845610836,383130.03638111905,-2.251603138843806
2013-10-03,375626.6724634339,383130.03638111905,-1.9584379205970663
2013-10-03,375100.0436171527,383130.03638111905,-2.095892256272614
2013-10-03,375169.38735886576,383130.03638111905,-2.0777929857565183
2013-10-03,374797.76714557037,383130.03638111905,-2.1747888299888203
2013-10-03,374956.83589131467,383130.03638111905,-2.13327061668276
2013-10-03,373745.47099389654,383130.03638111905,-2.44944653148708
2013-10-03,373611.9057541957,383130.03638111905,-2.484308125989677
2013-10-04,373838.44596873363,383130.03638111905,-2.4251793203555025
2013-10-04,373647.2261460168,383130.03638111905,-2.4750892215793847
2013-10-04,372971.6489005725,383130.03638111905,-2.65142027926035
2013-10-04,373391.4914335127,383130.03638111905,-2.541838024393083
2013-10-04,373258.3062993779,383130.03638111905,-2.5766004083066094
2013-10-04,372890.2089131626,383130.03638111905,-2.6726767665300932
2013-10-04,374008.81198312447,383130.03638111905,-2.3807124296882924
2013-10-07,373730.12454854394,383130.03638111905,-2.453452076313988
2013-10-07,374220.50940304284,383130.03638111905,-2.32545771201646
2013-10-09,372603.3440043794,383130.03638111905,-2.747550799245663
2013-10-09,371318.358513775,383130.03638111905,-3.0829422769647787
2013-10-10,371100.1067228349,383130.03638111905,-3.1399077378306446
2013-10-10,370694.82704451383,383130.03638111905,-3.245688971311891
2013-10-10,370247.6164169323,383130.03638111905,-3.3624145175012927
2013-10-10,369932.018656469,383130.03638111905,-3.4447880540280313
2013-10-10,370734.74581804685,383130.03638111905,-3.2352698525421704
2013-10-11,370970.6036962904,383130.03638111905,-3.173709062249829
2013-10-11,371084.8517463643,383130.03638111905,-3.143889408548685
2013-10-11,371426.9959836982,383130.03638111905,-3.054587029501196
2013-10-14,371709.05544027395,383130.03638111905,-2.9809672581984836
2013-10-14,371879.95764255995,383130.03638111905,-2.9363604182074794
2013-10-14,372376.40639110294,383130.03638111905,-2.806783329125082
2013-10-14,372960.5568710541,383130.03638111905,-2.65431538756957
2013-10-14,373267.4137710451,383130.03638111905,-2.5742232854495097
2013-10-14,373480.65351322707,383130.03638111905,-2.5185660093465625
2013-10-14,373725.23182262067,383130.03638111905,-2.4547291168638465
2013-10-14,373944.6666943751,383130.03638111905,-2.3974548624547896
2013-10-14,374057.98954817036,383130.03638111905,-2.367876692372994
2013-10-14,374194.8826649157,383130.03638111905,-2.332146495378163
2013-10-14,374495.7052236179,383130.03638111905,-2.253629404537768
2013-10-14,374988.2017519598,383130.03638111905,-2.1250838764988256
2013-10-14,375317.87769112666,383130.03638111905,-2.0390358228716976
2013-10-14,375933.66909591894,383130.03638111905,-1.8783093471798458
2013-10-14,376178.194704187,383130.03638111905,-1.814486210111887
2013-10-14,376041.2506155845,383130.03638111905,-1.850229711168607
2013-10-14,375833.8804043433,383130.03638111905,-1.9043549928092516
2013-10-14,375965.2120773709,383130.03638111905,-1.870076377050461
2013-10-15,376438.31091212295,383130.03638111905,-1.746593801990376
2013-10-16,376763.7898835019,383130.03638111905,-1.661641190481952
2013-10-16,376007.89798677294,383130.03638111905,-1.858935013714601
2013-10-16,376052.4707505364,383130.03638111905,-1.8473011663179055
2013-10-16,376033.43394731486,383130.03638111905,-1.8522699240277878
2013-10-16,375679.30468049087,383130.03638111905,-1.9447004915105526
2013-10-17,375978.7375768188,383130.03638111905,-1.8665461136506907
2013-10-18,376188.63993306627,383130.03638111905,-1.8117599219362215
2013-10-18,376347.7002751726,383130.03638111905,-1.7702439020468013
2013-10-18,376638.83722806274,383130.03638111905,-1.6942548316935355
2013-10-18,376689.28621498286,383130.03638111905,-1.6810872431127393
2013-10-18,376802.47000105435,383130.03638111905,-1.6515453708177419
2013-10-21,377088.15994822996,383130.03638111905,-1.5769780124675268
2013-10-28,377417.3425317329,383130.03638111905,-1.4910587286096815
2013-10-28,378957.48358115804,383130.03638111905,-1.0890696118146044
2013-10-29,378646.6264373948,383130.03638111905,-1.170205809513809
2013-10-29,378910.84174628113,383130.03638111905,-1.1012435032999774
2013-10-29,379162.69785043184,383130.03638111905,-1.03550704824946
2013-10-31,379508.22310189815,383130.03638111905,-0.9453221975053111
2013-10-31,379870.4397776598,383130.03638111905,-0.8507807516862979
2013-11-01,379893.1973479126,383130.03638111905,-0.844840844059172
2013-11-01,379664.40217779065,383130.03638111905,-0.9045582111137217
2013-11-04,380336.40534968436,383130.03638111905,-0.729160015179735
2013-11-04,380722.67121707945,383130.03638111905,-0.6283415382355637
2013-11-04,380954.06059917196,383130.03638111905,-0.567947061133711
2013-11-04,381329.0780575556,383130.03638111905,-0.4700645087956361
2013-11-04,381443.2995858362,383130.03638111905,-0.4402517774944121
2013-11-04,381350.4177689318,383130.03638111905,-0.46449467366139796
2013-11-04,381173.17852539767,383130.03638111905,-0.5107555320394641
2013-11-04,381114.6785680254,383130.03638111905,-0.5260244882207191
2013-11-04,381185.1756456335,383130.03638111905,-0.5076241878229851
2013-11-05,381502.682178695,383130.03638111905,-0.4247524464005341
2013-11-05,381885.97223664686,383130.03638111905,-0.3247106794922886
2013-11-05,381794.04770960734,383130.03638111905,-0.34870371535755196
2013-11-05,381464.5345384461,383130.03638111905,-0.4347092852349944
2013-11-05,380835.3207844787,383130.03638111905,-0.5989391012814498
2013-11-06,380734.3705871964,383130.03638111905,-0.6252879091785903
2013-11-06,380693.17936611554,383130.03638111905,-0.6360391469228067
2013-11-06,381047.1876732229,383130.03638111905,-0.5436401508923245
2013-11-06,381325.08673627244,383130.03638111905,-0.471106275533859
2013-11-07,382502.91030617,383130.03638111905,-0.16368491514594075
2013-11-07,385345.5354261616,385345.5354261616,0.0
2013-11-07,385653.786466848,385653.786466848,0.0
2013-11-07,385490.7934654878,385653.786466848,-0.0422640739128915
2013-11-07,385071.47449824377,385653.786466848,-0.15099345294624159
2013-11-07,384913.35578101885,385653.786466848,-0.1919936253219669
2013-11-08,385015.4562286926,385653.786466848,-0.1655189863435331
2013-11-08,385193.29044361186,385653.786466848,-0.11940658678732285
2013-11-08,384996.16350704903,385653.786466848,-0.17052158772347228
2013-11-08,384726.98459703696,385653.786466848,-0.2403196603621822
2013-11-08,384780.7063032833,385653.786466848,-0.2263896256700595
2013-11-08,384847.66400735447,385653.786466848,-0.20902749766280748
2013-11-08,383994.03638653,385653.786466848,-0.43037308035369
2013-11-08,384228.55913705315,385653.786466848,-0.369561347459338
2013-11-08,384413.3058475872,385653.786466848,-0.32165653827113244
2013-11-11,385616.1497723345,385653.786466848,-0.009759192268874435
2013-11-11,385461.47865095845,385653.786466848,-0.04986540328084352
2013-11-11,384596.1707744432,385653.786466848,-0.2742396754597179
2013-11-11,385713.88148390444,385713.88148390444,0.0
2013-11-11,385729.9667398137,385729.9667398137,0.0
2013-11-11,388228.10979918815,388228.10979918815,0.0
2013-11-11,388145.67314192874,388228.10979918815,-0.02123407738354029
2013-11-11,387120.88317366573,388228.10979918815,-0.2852000145211379
2013-11-11,386943.81063437235,388228.10979918815,-0.3308104519994991
2013-11-11,386986.87412289344,388228.10979918815,-0.31971813605582255
2013-11-11,386968.53344603523,388228.10979918815,-0.3244423372136658
2013-11-11,386303.77833837975,388228.10979918815,-0.4956703062546832
2013-11-11,386292.01953167364,388228.10979918815,-0.49869914584906433
2013-11-12,386911.4184428173,388228.10979918815,-0.33915404967763085
2013-11-12,387694.6943705102,388228.10979918815,-0.13739742569230537
2013-11-13,388419.7893016538,388419.7893016538,0.0
2013-11-13,388654.3399558799,388654.3399558799,0.0
2013-11-13,387669.45844256924,388654.3399558799,-0.253408083239842
2013-11-13,388135.0194025828,388654.3399558799,-0.13362016061780557
2013-11-13,389221.67594359035,389221.67594359035,0.0
2013-11-13,389636.9720198273,389636.9720198273,0.0
2013-11-13,389846.33660869196,389846.33660869196,0.0
2013-11-14,390609.596808218,390609.596808218,0.0
2013-11-14,391532.747892655,391532.747892655,0.0
2013-11-15,392405.971516609,392405.971516609,0.0
2013-11-15,393282.0460886007,393282.0460886007,0.0
2013-11-18,393019.3211206376,393282.0460886007,-0.06680319393576699
2013-11-18,393347.1129874944,393347.1129874944,0.0
2013-11-18,393761.8941533626,393761.8941533626,0.0
2013-11-18,394143.16622343514,394143.16622343514,0.0
2013-11-18,393941.0192585295,394143.16622343514,-0.051287700061523424
2013-11-19,391152.17369445227,394143.16622343514,-0.7588594158923738
2013-11-19,390475.6866854838,394143.16622343514,-0.9304942600152305
2013-11-20,389851.2370763171,394143.16622343514,-1.0889264396594962
2013-11-20,387517.56992126856,394143.16622343514,-1.6810126040370337
2013-11-20,387595.43843145797,394143.16622343514,-1.6612562015765973
2013-11-21,386461.66238613566,394143.16622343514,-1.9489120947856091
2013-11-21,388269.01015685505,394143.16622343514,-1.4903610083778804
2013-11-21,389619.4702116942,394143.16622343514,-1.1477291500663789
2013-11-21,391828.2058092721,394143.16622343514,-0.5873399851998671
2013-11-21,392699.9033545059,394143.16622343514,-0.366177316419861
2013-11-22,393556.05137523694,394143.16622343514,-0.14895979393065667
2013-11-22,397370.07508834946,397370.07508834946,0.0
2013-11-25,398198.9749398937,398198.9749398937,0.0
2013-11-25,396302.24748499825,398198.9749398937,-0.47632655387466705
2013-11-26,396057.09816419805,398198.9749398937,-0.5378910822206304
2013-11-26,396852.2300731355,398198.9749398937,-0.33820902400903025
2013-11-26,397557.878530894,398198.9749398937,-0.16099901038079523
2013-11-26,398427.33727789775,398427.33727789775,0.0
2013-11-27,398283.1722329049,398427.33727789775,-0.03618352244045893
2013-11-27,399165.32568152325,399165.32568152325,0.0
2013-11-27,399831.0763112302,399831.0763112302,0.0
2013-11-29,400237.3474414869,400237.3474414869,0.0
2013-11-29,400736.82338731457,400736.82338731457,0.0
2013-11-29,399813.37456618337,400736.82338731457,-0.23043772551909447
2013-11-29,399768.669608362,400736.82338731457,-0.2415934155411568
2013-11-29,399221.9500107832,400736.82338731457,-0.3780220054964147
2013-11-29,399168.7778408695,400736.82338731457,-0.3912906064361195
2013-11-29,399143.3422143047,400736.82338731457,-0.3976378211367253
2013-11-29,398561.51175084175,400736.82338731457,-0.5428279882256709
2013-11-29,398684.4603662938,400736.82338731457,-0.5121473498923148
2013-11-29,399036.06060806464,400736.82338731457,-0.42440890878803234
2013-11-29,395693.4442092869,400736.82338731457,-1.2585265150822498
2013-11-29,395544.34887270397,400736.82338731457,-1.295731814890403
2013-11-29,394826.58062471135,400736.82338731457,-1.474843941878266
2013-12-02,394681.5473409389,400736.82338731457,-1.5110355956790187
2013-12-02,393737.62584219634,400736.82338731457,-1.7465820799685923
2013-12-02,393520.3339684705,400736.82338731457,-1.8008051663046876
2013-12-02,392112.6966811601,400736.82338731457,-2.152067442481876
2013-12-03,392056.6257718302,400736.82338731457,-2.1660593958182113
2013-12-05,392272.72245116427,400736.82338731457,-2.112134558687583
2013-12-05,393049.111061765,400736.82338731457,-1.9183942869456116
2013-12-05,393919.58252586797,400736.82338731457,-1.701176548694077
2013-12-05,394680.41906618665,400736.82338731457,-1.5113171457354118
2013-12-06,395545.0542102343,400736.82338731457,-1.2955558047288238
2013-12-06,396317.42576226685,400736.82338731457,-1.1028179511160967
2013-12-06,397883.3611464544,400736.82338731457,-0.7120539152705387
2013-12-06,398703.2577177845,400736.82338731457,-0.5074566525583843
2013-12-06,399511.11411630514,400736.82338731457,-0.30586389856785734
2013-12-06,400768.35439180856,400768.35439180856,0.0
2013-12-06,401020.31080060784,401020.31080060784,0.0
2013-12-09,402033.1059509559,402033.1059509559,0.0
2013-12-09,403386.6975943602,403386.6975943602,0.0
2013-12-09,404420.7121280342,404420.7121280342,0.0
2013-12-09,406135.1687131105,406135.1687131105,0.0
2013-12-09,407602.29666348454,407602.29666348454,0.0
2013-12-09,408474.79241757287,408474.79241757287,0.0
2013-12-09,409427.804060247,409427.804060247,0.0
2013-12-09,409137.2374145284,409427.804060247,-0.07096895785707036
2013-12-09,413547.1232300828,413547.1232300828,0.0
2013-12-10,413547.1221579401,413547.1232300828,-2.59255262681337e-07
2013-12-10,414431.4536557784,414431.4536557784,0.0
2013-12-10,415185.9483216909,415185.9483216909,0.0
2013-12-10,416433.4740141768,416433.4740141768,0.0
2013-12-10,417185.84611496044,417185.84611496044,0.0
2013-12-11,413010.061770517,417185.84611496044,-1.000941039426535
2013-12-11,413262.8197750511,417185.84611496044,-0.9403546108868508
2013-12-11,412433.8583033172,417185.84611496044,-1.1390577738665075
2013-12-12,413130.2978243854,417185.84611496044,-0.9721202980259991
2013-12-12,411288.21413566486,417185.84611496044,-1.4136701985978726
2013-12-12,411161.0729026503,417185.84611496044,-1.4441461205876966
2013-12-12,411485.6634769231,417185.84611496044,-1.3663413299181333
2013-12-13,411076.9805884381,417185.84611496044,-1.4643031597095375
2013-12-13,410036.9430160582,417185.84611496044,-1.7136015436468797
2013-12-13,408602.01465582574,417185.84611496044,-2.057555772582305
2013-12-13,408387.0048698606,417185.84611496044,-2.1090939031223077
2013-12-13,408056.8196964943,417185.84611496044,-2.188239726606284
2013-12-13,408019.840288455,417185.84611496044,-2.197103739703486
2013-12-13,408879.5343047747,417185.84611496044,-1.9910339450722458
2013-12-16,410117.83608362725,417185.84611496044,-1.6942113681837425
2013-12-16,411200.62272714474,417185.84611496044,-1.4346659752609154
2013-12-16,411755.8249883282,417185.84611496044,-1.3015832577253648
2013-12-16,413237.5793209782,417185.84611496044,-0.9464047811665814
2013-12-16,414527.7269914866,417185.84611496044,-0.6371546753629187
2013-12-16,415551.4651037327,417185.84611496044,-0.3917632936131192
2013-12-16,415190.3370982041,417185.84611496044,-0.47832615495934916
2013-12-16,416008.3919412838,417185.84611496044,-0.2822373253171701
2013-12-16,415087.39278747,417185.84611496044,-0.5030020426225512
2013-12-16,414303.6966057916,417185.84611496044,-0.6908550556086224
2013-12-16,415123.1168109305,417185.84611496044,-0.4944389468720246
2013-12-16,413752.4917807117,417185.84611496044,-0.8229795824143691
2013-12-16,413049.3537274292,417185.84611496044,-0.9915227053008427
2013-12-16,413287.8259412815,417185.84611496044,-0.9343605997133436
2013-12-16,413679.5595579892,417185.84611496044,-0.8404615328212888
2013-12-17,414531.51618620125,417185.84611496044,-0.6362464003699115
2013-12-17,415309.67519547144,417185.84611496044,-0.4497206549457093
2013-12-17,414154.9595405459,417185.84611496044,-0.7265075271943341
2013-12-17,413786.67589923675,417185.84611496044,-0.8147856039169186
2013-12-17,411028.0083747064,417185.84611496044,-1.476041864219238
2013-12-17,409545.3251660568,417185.84611496044,-1.8314429935856933
2013-12-17,409997.35385996057,417185.84611496044,-1.7230911168110437
2013-12-17,407706.02899655694,417185.84611496044,-2.272324722107477
2013-12-18,408599.89617380354,417185.84611496044,-2.0580635755295824
2013-12-18,409669.47049215756,417185.84611496044,-1.80168519445208
2013-12-18,410856.22856594593,417185.84611496044,-1.5172177119523633
2013-12-18,411984.7699714582,417185.84611496044,-1.2467048419636557
2013-12-18,412950.5054369966,417185.84611496044,-1.01521677147138
2013-12-18,413699.87718535983,417185.84611496044,-0.8355913706238277
2013-12-18,414745.5899322514,417185.84611496044,-0.5849326398376007
2013-12-18,414036.11121689563,417185.84611496044,-0.7549956278231125
2013-12-18,415052.5140136719,417185.84611496044,-0.5113625309092289
2013-12-19,414317.88082546135,417185.84611496044,-0.6874550793625883
2013-12-19,415322.1963700651,417185.84611496044,-0.4467193128076053
2013-12-19,416765.8469189527,417185.84611496044,-0.10067436369641258
2013-12-19,417462.16448201594,417462.16448201594,0.0
2013-12-19,418278.0460752992,418278.0460752992,0.0
2013-12-19,418889.06808167475,418889.06808167475,0.0
2013-12-20,419881.4055023175,419881.4055023175,0.0
2013-12-20,420782.92937299097,420782.92937299097,0.0
2013-12-20,421689.4452594498,421689.4452594498,0.0
2013-12-20,423205.1051713019,423205.1051713019,0.0
2013-12-20,424212.63897016866,424212.63897016866,0.0
2013-12-20,425151.5661384519,425151.5661384519,0.0
2013-12-23,425378.1198256063,425378.1198256063,0.0
2013-12-23,425921.97903133393,425921.97903133393,0.0
2013-12-23,426030.22015049943,426030.22015049943,0.0
2013-12-23,424213.92354497407,426030.22015049943,-0.42633046192914176
2013-12-23,424529.65354598255,426030.22015049943,-0.35222069551469526
2013-12-23,424941.8317973837,426030.22015049943,-0.2554721007188693
2013-12-23,424413.3059690718,426030.22015049943,-0.3795303959555807
2013-12-23,426238.872172445,426238.872172445,0.0
2013-12-23,427451.74217372044,427451.74217372044,0.0
2013-12-23,428391.0826702602,428391.0826702602,0.0
2013-12-24,428736.9264833971,428736.9264833971,0.0
2013-12-24,429424.9295306374,429424.9295306374,0.0
2013-12-24,430157.9730740101,430157.9730740101,0.0
2013-12-24,429768.22639314627,430157.9730740101,-0.0906054764203533
2013-12-24,430472.6556899064,430472.6556899064,0.0
2013-12-24,431114.46772402787,431114.46772402787,0.0
2013-12-26,431690.57926859276,431690.57926859276,0.0
2013-12-26,431798.9952505799,431798.9952505799,0.0
2013-12-26,433063.941372219,433063.941372219,0.0
2013-12-30,433434.758601096,433434.758601096,0.0
2014-01-06,435733.1368687554,435733.1368687554,0.0
2014-01-06,437727.55032430706,437727.55032430706,0.0
2014-01-07,437923.9778554561,437923.9778554561,0.0
2014-01-08,436465.9431946662,437923.9778554561,-0.3329424134138617
2014-01-08,436934.5004679969,437923.9778554561,-0.22594729621902204
2014-01-09,437198.7544669835,437923.9778554561,-0.16560485955213028
2014-01-09,437279.0417824137,437923.9778554561,-0.14727124013640233
2014-01-09,437980.3399145214,437980.3399145214,0.0
2014-01-09,439066.988187991,439066.988187991,0.0
2014-01-09,439536.03609257407,439536.03609257407,0.0
2014-01-09,440008.29399974307,440008.29399974307,0.0
2014-01-09,442308.6298066921,442308.6298066921,0.0
2014-01-10,442738.4868064764,442738.4868064764,0.0
2014-01-10,443019.0341616951,443019.0341616951,0.0
2014-01-10,443300.38166193553,443300.38166193553,0.0
2014-01-10,443582.6730640003,443582.6730640003,0.0
2014-01-10,443995.0371990638,443995.0371990638,0.0
2014-01-10,443973.4965787363,443995.0371990638,-0.004851545292805164
2014-01-13,444257.4661770148,444257.4661770148,0.0
2014-01-13,443053.71476138465,444257.4661770148,-0.2709580608715142
2014-01-13,442301.79521355324,444257.4661770148,-0.44021116410057815
2014-01-13,441544.3148489787,444257.4661770148,-0.6107159776927729
2014-01-13,441650.1412645228,444257.4661770148,-0.5868950126891328
2014-01-13,441497.23084009247,444257.4661770148,-0.6213143384342186
2014-01-13,441302.2511848516,444257.4661770148,-0.6652032249663372
2014-01-13,441418.01845984097,444257.4661770148,-0.639144625212097
2014-01-13,441104.2110127079,444257.4661770148,-0.7097810176251453
2014-01-13,440965.25843443157,444257.4661770148,-0.7410585062112285
2014-01-14,441195.05417367956,444257.4661770148,-0.6893327037783605
2014-01-14,441489.2711044324,444257.4661770148,-0.6231060327254937
2014-01-14,441967.5318300154,444257.4661770148,-0.5154520793325204
2014-01-14,442230.3113634461,444257.4661770148,-0.4563017997228139
2014-01-14,442740.2676291924,444257.4661770148,-0.3415133483019268
2014-01-15,442708.2109617184,444257.4661770148,-0.34872913417263834
2014-01-15,442808.6530668512,444257.4661770148,-0.32612014889274343
2014-01-15,443112.4931992392,444257.4661770148,-0.2577273461779929
2014-01-15,443487.889350419,444257.4661770148,-0.17322766305275308
2014-01-15,443923.0657827498,444257.4661770148,-0.07527175562014615
2014-01-15,443839.5374046901,444257.4661770148,-0.09407355061944464
2014-01-15,443796.8622703773,444257.4661770148,-0.10367949707208642
2014-01-15,441804.27428734116,444257.4661770148,-0.5522004865296218
2014-01-15,441889.0502455089,444257.4661770148,-0.5331178678631842
2014-01-15,441755.3126765122,444257.4661770148,-0.5632214855125461
2014-01-15,441683.2223989163,444257.4661770148,-0.5794486247469798
2014-01-15,441844.76263212576,444257.4661770148,-0.5430867748045248
2014-01-15,441932.25592756836,444257.4661770148,-0.5233924979259587
2014-01-15,440818.269122871,444257.4661770148,-0.7741450208455178
2014-01-16,441202.9275139006,444257.4661770148,-0.6875604566422986
2014-01-16,441833.3227418952,444257.4661770148,-0.5456618334364
2014-01-16,442391.05160471384,444257.4661770148,-0.42012002372455276
2014-01-16,443909.7285158948,444257.4661770148,-0.07827390366951306
2014-01-16,444506.5100194586,444506.5100194586,0.0
2014-01-16,445009.88972150575,445009.88972150575,0.0
2014-01-16,444254.91307520843,445009.88972150575,-0.16965390292107813
2014-01-16,444118.6515676956,445009.88972150575,-0.2002737859079712
2014-01-16,443167.92766135547,445009.88972150575,-0.4139148595782921
2014-01-16,443390.6152994368,445009.88972150575,-0.36387380583436724
2014-01-16,443160.68747075973,445009.88972150575,-0.41554183254293087
2014-01-16,443147.73161937954,445009.88972150575,-0.41845319511698453
2014-01-16,442801.68089872925,445009.88972150575,-0.4962156738041119
2014-01-16,442655.26341498405,445009.88972150575,-0.5291177479213481
2014-01-17,442229.57020762365,445009.88972150575,-0.6247770168932809
2014-01-17,442366.54968334606,445009.88972150575,-0.5939957963212753
2014-01-17,442382.4872069393,445009.88972150575,-0.5904144099383285
2014-01-17,442699.1969075407,445009.88972150575,-0.5192452723716083
2014-01-21,443267.73881759256,445009.88972150575,-0.39148588473021534
2014-01-21,443323.48473505233,445009.88972150575,-0.3789589906662066
2014-01-21,443412.8001103088,445009.88972150575,-0.35888856586904905
2014-01-21,443606.31691845646,445009.88972150575,-0.3154026091257586
2014-01-21,443001.4834959176,445009.88972150575,-0.451317211589402
2014-01-21,442651.0893425796,445009.88972150575,-0.5300557208745027
2014-01-21,442432.7319989052,445009.88972150575,-0.5791236963774866
2014-01-21,442183.83131139015,445009.88972150575,-0.6350551921181325
2014-01-22,442185.7838349363,445009.88972150575,-0.6346164325329601
2014-01-22,443331.3354093813,445009.88972150575,-0.3771948333945807
2014-01-22,443222.9949824142,445009.88972150575,-0.4015404556985998
2014-01-22,443106.51192028675,445009.88972150575,-0.42771584299175136
2014-01-22,443096.0375150125,445009.88972150575,-0.43006958961990294
2014-01-22,443037.3726677725,445009.88972150575,-0.4432524083830279
2014-01-22,442958.25157560303,445009.88972150575,-0.46103203395921505
2014-01-22,443188.57745794987,445009.88972150575,-0.4092745589756868
2014-01-22,442849.4035863198,445009.88972150575,-0.4854917126758678
2014-01-22,442746.2775804969,445009.88972150575,-0.5086655809886478
2014-01-22,442540.2365970875,445009.88972150575,-0.5549658965924946
2014-01-22,442672.3508294917,445009.88972150575,-0.5252779648283632
2014-01-22,442873.1789707695,445009.88972150575,-0.48014904838933475
2014-01-23,442441.41612169676,445009.88972150575,-0.577172251478811
2014-01-27,442088.6023909248,445009.88972150575,-0.6564544739464379
2014-01-27,441636.1950593049,445009.88972150575,-0.7581167834971444
2014-01-27,441260.18030382926,445009.88972150575,-0.8426126035138506
2014-01-27,440561.16843244864,445009.88972150575,-0.9996904320129132
2014-01-27,440895.9359355652,445009.88972150575,-0.924463451478599
2014-01-29,440205.9047756924,445009.88972150575,-1.0795231874104594
2014-01-29,440247.94487627543,445009.88972150575,-1.0700761837473811
2014-01-29,440119.3276976751,445009.88972150575,-1.09897827818866
2014-01-30,439979.60019279434,445009.88972150575,-1.1303770196791452
2014-01-30,439512.5200092914,445009.88972150575,-1.235336526038708
2014-01-30,438480.79736023024,445009.88972150575,-1.467179159852273
2014-01-30,437569.79091554694,445009.88972150575,-1.6718951595918339
2014-01-30,437234.8490075281,445009.88972150575,-1.7471613313680274
2014-01-30,436548.0227735259,445009.88972150575,-1.9015008752446856
2014-01-31,436885.26612582844,445009.88972150575,-1.8257175364713434
2014-01-31,437245.79599624337,445009.88972150575,-1.7447013885739209
2014-01-31,438335.5603439784,445009.88972150575,-1.4998159662708284
2014-01-31,438607.5585743492,445009.88972150575,-1.4386941268121523
2014-01-31,438952.4202456273,445009.88972150575,-1.3611988442929486
2014-01-31,438554.5400485518,445009.88972150575,-1.4506081374941593
2014-01-31,437937.9744695107,445009.88972150575,-1.5891591210300395
2014-01-31,436155.3881271848,445009.88972150575,-1.9897314191965974
2014-01-31,436071.7144297797,445009.88972150575,-2.0085340793930953
2014-01-31,435089.51945514936,445009.88972150575,-2.2292471460723524
2014-01-31,434653.5333771293,445009.88972150575,-2.3272193682836195
2014-01-31,433959.2010405021,445009.88972150575,-2.483245639309125
2014-01-31,433298.3753074782,445009.88972150575,-2.6317425038254356
2014-01-31,432660.25900720846,445009.88972150575,-2.775136238438631
2014-02-03,432061.22797046276,445009.88972150575,-2.9097469629599626
2014-02-03,432058.83135907596,445009.88972150575,-2.910285515347707
2014-02-03,430782.3349436383,445009.88972150575,-3.197132267503376
2014-02-03,429513.1614883125,445009.88972150575,-3.4823334472165053
2014-02-03,428488.17809216044,445009.88972150575,-3.712661675830365
2014-02-03,426825.8884684712,445009.88972150575,-4.086201604286684
2014-02-03,425887.5602729218,445009.88972150575,-4.29705718687533
2014-02-03,425126.5644375351,445009.88972150575,-4.468063686497827
2014-02-03,423911.77625137346,445009.88972150575,-4.741043729013713
2014-02-03,423328.3527800989,445009.88972150575,-4.8721472133968735
2014-02-03,422769.8737410006,445009.88972150575,-4.997645331977522
2014-02-06,425378.0827889189,445009.88972150575,-4.411543964758339
2014-02-06,426347.41360773065,445009.88972150575,-4.193721655366891
2014-02-06,427797.9774400961,445009.88972150575,-3.867759499048695
2014-02-06,430460.77696315333,445009.88972150575,-3.26939088195489
2014-02-06,430064.2189085141,445009.88972150575,-3.3585030710991304
2014-02-06,428969.7441801328,445009.88972150575,-3.604446982383048
2014-02-06,428169.9362898416,445009.88972150575,-3.7841750982664366
2014-02-06,427392.2366162067,445009.88972150575,-3.958935185985294
2014-02-06,427258.6511332304,445009.88972150575,-3.988953728507997
2014-02-06,426359.58172161534,445009.88972150575,-4.190987308520732
2014-02-06,425427.79888096364,445009.88972150575,-4.4003720575281795
2014-02-07,425600.13886814495,445009.88972150575,-4.361644831198635
2014-02-07,426486.88759008073,445009.88972150575,-4.162379883965501
2014-02-07,427596.52572862414,445009.88972150575,-3.913028540507082
2014-02-07,428413.7237052852,445009.88972150575,-3.7293926268934534
2014-02-10,432639.061946502,445009.88972150575,-2.779899517007498
2014-02-10,433536.36005991977,445009.88972150575,-2.5782639726875063
2014-02-10,433122.4330076969,445009.88972150575,-2.6712792206142284
2014-02-10,433412.63547730364,445009.88972150575,-2.606066631791004
2014-02-11,433547.19095173496,445009.88972150575,-2.575830118504632
2014-02-11,433266.93046018394,445009.88972150575,-2.6388086046066848
2014-02-11,434370.3904813534,445009.88972150575,-2.390845571277243
2014-02-11,435262.73265939386,445009.88972150575,-2.1903236955501852
2014-02-11,436306.3501013828,445009.88972150575,-1.9558081339652347
2014-02-12,437465.1759639902,445009.88972150575,-1.695403615015643
2014-02-13,437656.99035139114,445009.88972150575,-1.6523002162302889
2014-02-13,438898.65780249576,445009.88972150575,-1.3732800236944174
2014-02-14,438273.803477256,445009.88972150575,-1.5136936054309544
2014-02-14,441482.8005335831,445009.88972150575,-0.7925866973720435
2014-02-27,443049.9548685934,445009.88972150575,-0.44042501036075443
2014-02-27,444061.9823029676,445009.88972150575,-0.21300816912886844
2014-02-27,444234.59017250105,445009.88972150575,-0.1742207458557602
2014-02-27,444344.1600853094,445009.88972150575,-0.14959884073878948
2014-02-28,444111.6152171741,445009.88972150575,-0.2018549531323435
2014-03-03,444111.613542776,445009.88972150575,-0.2018553293932263
2014-03-04,444245.72360306414,445009.88972150575,-0.17171890694830233
2014-03-04,444006.70048589224,445009.88972150575,-0.22543077328940228
2014-03-04,444905.47933942033,445009.88972150575,-0.0234624857777348
2014-03-04,450816.9606379971,450816.9606379971,0.0
2014-03-05,460487.1307406809,460487.1307406809,0.0
2014-03-05,461300.13191890134,461300.13191890134,0.0
2014-03-06,462390.07089535083,462390.07089535083,0.0
2014-03-06,463474.3181859561,463474.3181859561,0.0
2014-03-06,463037.23768014763,463474.3181859561,-0.09430522655909054
2014-03-06,464463.98234689643,464463.98234689643,0.0
2014-03-07,463550.4633674726,464463.98234689643,-0.19668241546048879
2014-03-07,463148.1835694272,464463.98234689643,-0.283294039469033
2014-03-07,461970.68248546973,464463.98234689643,-0.5368123161732088
2014-03-07,462358.35809746024,464463.98234689643,-0.4533450018657327
2014-03-11,461589.6400929207,464463.98234689643,-0.6188514854159286
2014-03-12,460860.32038835675,464463.98234689643,-0.7758754382483418
2014-03-14,462842.6170592624,464463.98234689643,-0.34908310423585515
2014-03-14,461087.3434452522,464463.98234689643,-0.7269969319434301
2014-03-17,463079.5002013204,464463.98234689643,-0.29808170239172704
2014-03-17,464171.1145367453,464463.98234689643,-0.06305500992160824
2014-03-17,465274.20177714765,465274.20177714765,0.0
2014-03-17,466587.08463666285,466587.08463666285,0.0
2014-03-17,467443.76083099534,467443.76083099534,0.0
2014-03-17,468308.81892495527,468308.81892495527,0.0
2014-03-17,469167.04263030115,469167.04263030115,0.0
2014-03-17,469450.91063489154,469450.91063489154,0.0
2014-03-17,471041.4851257996,471041.4851257996,0.0
2014-03-17,472695.2279139548,472695.2279139548,0.0
2014-03-17,473577.1579052456,473577.1579052456,0.0
2014-03-17,474405.7230855114,474405.7230855114,0.0
2014-03-17,472963.9276889353,474405.7230855114,-0.3039161052271346
2014-03-18,473922.50827403314,474405.7230855114,-0.1018568680696916
2014-03-18,474317.7205823698,474405.7230855114,-0.018550050907750536
2014-03-18,474599.55545164185,474599.55545164185,0.0
2014-03-18,475813.09976703534,475813.09976703534,0.0
2014-03-18,476640.34514203016,476640.34514203016,0.0
2014-03-18,478342.943065327,478342.943065327,0.0
2014-03-18,479442.8384781688,479442.8384781688,0.0
2014-03-18,480857.76082707965,480857.76082707965,0.0
2014-03-18,482692.7327550405,482692.7327550405,0.0
2014-03-18,484147.46628029685,484147.46628029685,0.0
2014-03-18,485196.4773289008,485196.4773289008,0.0
2014-03-18,483836.1804719008,485196.4773289008,-0.280360002712442
2014-03-18,485011.67861115193,485196.4773289008,-0.03808739889584352
2014-03-19,487516.0280850621,487516.0280850621,0.0
2014-03-19,489171.2610090804,489171.2610090804,0.0
2014-03-19,490013.239318044,490013.239318044,0.0
2014-03-19,489823.23106426524,490013.239318044,-0.03877614695537098
2014-03-19,487671.369458115,490013.239318044,-0.4779197115547666
2014-03-19,487012.94816743286,490013.239318044,-0.6122877730378592
2014-03-19,487339.1014170724,490013.239318044,-0.5457276837444632
2014-03-19,487358.52559684386,490013.239318044,-0.5417636725274434
2014-03-20,489205.5829276449,490013.239318044,-0.1648233814096764
2014-03-20,490931.99275205226,490931.99275205226,0.0
2014-03-20,491645.1447042131,491645.1447042131,0.0
2014-03-20,492895.36673786066,492895.36673786066,0.0
2014-03-20,491233.64434630424,492895.36673786066,-0.3371349182188981
2014-03-20,488776.68484456604,492895.36673786066,-0.8356097807438065
2014-03-20,489692.59563423134,492895.36673786066,-0.6497872205263935
2014-03-20,489849.79279546894,492895.36673786066,-0.6178946177863892
2014-03-21,488542.5162248281,492895.36673786066,-0.8831185697364408
2014-03-21,488428.5258245028,492895.36673786066,-0.9062452631520634
2014-03-24,488239.4370710762,492895.36673786066,-0.9446081219222873
2014-03-24,488161.0604370995,492895.36673786066,-0.9605093941325382
2014-03-24,487849.121067289,492895.36673786066,-1.0237965319027769
2014-03-24,488014.78183622606,492895.36673786066,-0.9901868085991308
2014-03-24,487247.2877827659,492895.36673786066,-1.1458981634328462
2014-03-24,486489.300178355,492895.36673786066,-1.2996808231132397
2014-03-24,486496.7531325076,492895.36673786066,-1.298168746787198
2014-03-24,486165.20616224356,492895.36673786066,-1.3654339297525684
2014-03-24,485868.79487326683,492895.36673786066,-1.4255706867560827
2014-03-24,485233.34909785964,492895.36673786066,-1.5544917150896973
2014-03-24,485138.0797778354,492895.36673786066,-1.573820223015174
2014-03-24,485558.4048832497,492895.36673786066,-1.488543481990773
2014-03-24,486022.29637199565,492895.36673786066,-1.3944278704328663
2014-03-24,484151.42600249883,492895.36673786066,-1.773995319378234
2014-03-24,483171.5350761939,492895.36673786066,-1.9727983498855295
2014-03-24,483417.88086754625,492895.36673786066,-1.9228190220247858
2014-03-24,483703.95590116753,492895.36673786066,-1.86477931361474
2014-03-24,481708.0662207456,492895.36673786066,-2.269711032415699
2014-03-24,482097.63948310335,492895.36673786066,-2.1906733119079864
2014-03-25,482526.78121508,492895.36673786066,-2.1036078288589484
2014-03-26,483639.9869113383,492895.36673786066,-1.877757522408344
2014-03-26,484140.30393272487,492895.36673786066,-1.776251796213789
2014-03-26,484493.48223514634,492895.36673786066,-1.7045979876663655
2014-03-26,483604.802357272,492895.36673786066,-1.8848958638172195
2014-03-26,482321.4443524352,492895.36673786066,-2.1452671497821303
2014-03-28,483495.97957919195,492895.36673786066,-1.90697413547968
2014-03-31,481473.97824120993,492895.36673786066,-2.3172034608970127
2014-03-31,482358.52243609395,492895.36673786066,-2.1377446437573404
2014-03-31,484872.59868395,492895.36673786066,-1.6276817749389458
2014-03-31,486213.3980339458,492895.36673786066,-1.3556566271130217
2014-03-31,487136.4585054472,492895.36673786066,-1.16838351931116
2014-03-31,487500.82570524473,492895.36673786066,-1.0944596757560803
2014-03-31,490029.32435866696,492895.36673786066,-0.5814707486828478
2014-03-31,491453.706883303,492895.36673786066,-0.2924880110152024
2014-03-31,492813.2492748169,492895.36673786066,-0.01666022214557506
2014-03-31,494217.74169049255,494217.74169049255,0.0
2014-03-31,495432.09314692364,495432.09314692364,0.0
2014-03-31,496534.2944001701,496534.2944001701,0.0
2014-03-31,497728.2277679202,497728.2277679202,0.0
2014-04-01,499639.7295957488,499639.7295957488,0.0
2014-04-01,499906.8587635453,499906.8587635453,0.0
2014-04-01,501770.6828012125,501770.6828012125,0.0
2014-04-01,503292.15537982545,503292.15537982545,0.0
2014-04-01,505835.1688685336,505835.1688685336,0.0
2014-04-01,507335.3322213651,507335.3322213651,0.0
2014-04-01,508242.07786533766,508242.07786533766,0.0
2014-04-01,511534.7748347492,511534.7748347492,0.0
2014-04-01,513049.1999977687,513049.1999977687,0.0
2014-04-01,514287.51953697985,514287.51953697985,0.0
2014-04-01,515233.9316539418,515233.9316539418,0.0
2014-04-01,516361.2334534372,516361.2334534372,0.0
2014-04-01,517811.6750212985,517811.6750212985,0.0
2014-04-01,519098.15816193767,519098.15816193767,0.0
2014-04-01,521541.97749366175,521541.97749366175,0.0
2014-04-01,522906.28100127645,522906.28100127645,0.0
2014-04-01,522350.44667671516,522906.28100127645,-0.10629712144535045
2014-04-01,522247.2163761923,522906.28100127645,-0.12603876622445054
2014-04-01,522714.7174725976,522906.28100127645,-0.0366343904517716
2014-04-01,523122.8607051136,523122.8607051136,0.0
2014-04-01,523989.89300202666,523989.89300202666,0.0
2014-04-01,526112.4296343088,526112.4296343088,0.0
2014-04-01,526971.1177332188,526971.1177332188,0.0
2014-04-01,526738.4060973059,526971.1177332188,-0.04416022587991172
2014-04-02,525313.324488165,526971.1177332188,-0.31458901432490166
2014-04-02,528218.5627331876,528218.5627331876,0.0
2014-04-02,529154.8961794715,529154.8961794715,0.0
2014-04-02,530325.7685130957,530325.7685130957,0.0
2014-04-02,527383.9716466512,530325.7685130957,-0.554715052729307
2014-04-02,528052.9627409241,530325.7685130957,-0.4285678552909059
2014-04-02,528213.9796154503,530325.7685130957,-0.398205975087043
2014-04-02,528152.5825106234,530325.7685130957,-0.4097832184480463
2014-04-02,528457.5506117494,530325.7685130957,-0.35227741367052595
2014-04-02,528279.671776068,530325.7685130957,-0.3858188416460303
2014-04-02,528416.8984048241,530325.7685130957,-0.3599429297248004
2014-04-02,528879.9187566016,530325.7685130957,-0.2726342641331306
2014-04-02,527716.2838305138,530325.7685130957,-0.49205315628886237
2014-04-02,526551.4583158166,530325.7685130957,-0.711696549813398
2014-04-02,526573.7160622386,530325.7685130957,-0.7074995547316071
2014-04-02,526383.8841260832,530325.7685130957,-0.7432948992964341
2014-04-02,527104.7232043575,530325.7685130957,-0.607371072646377
2014-04-02,527347.1048081361,530325.7685130957,-0.5616667870601512
2014-04-03,528355.5639851562,530325.7685130957,-0.3715083529626348
2014-04-03,528652.4657648822,530325.7685130957,-0.31552356071722776
2014-04-03,529501.7804641963,530325.7685130957,-0.15537394141898828
2014-04-03,528496.1822036289,530325.7685130957,-0.3449929115450034
2014-04-03,526089.6993038743,530325.7685130957,-0.798767372948576
2014-04-03,523654.67664654786,530325.7685130957,-1.2579233864595984
2014-04-04,522093.0912319558,530325.7685130957,-1.5523811532338523
2014-04-04,516864.99357211776,530325.7685130957,-2.5382087275748746
2014-04-04,515654.9000798694,530325.7685130957,-2.76638800229524
2014-04-04,515707.3645926965,530325.7685130957,-2.7564951183469066
2014-04-04,515098.3968619559,530325.7685130957,-2.8713241096757662
2014-04-04,513492.6979733666,530325.7685130957,-3.1741000605957574
2014-04-09,514469.53173111164,530325.7685130957,-2.9899050212930574
2014-04-09,514365.48121686577,530325.7685130957,-3.009525134141355
2014-04-09,514525.5342916936,530325.7685130957,-2.979344991230975
2014-04-10,514958.42158095597,530325.7685130957,-2.897718316653934
2014-04-10,515477.1250450986,530325.7685130957,-2.7999098572239975
2014-04-10,515576.03984531865,530325.7685130957,-2.781258151783135
2014-04-10,516238.16202905704,530325.7685130957,-2.656406179080616
2014-04-14,516050.10633861646,530325.7685130957,-2.691866588814777
2014-04-14,516545.4782560564,530325.7685130957,-2.5984576038377094
2014-04-14,516986.43939785927,530325.7685130957,-2.5153084966315404
2014-04-15,517329.4352443354,530325.7685130957,-2.450632053048987
2014-04-15,517696.875193891,530325.7685130957,-2.3813463476634418
2014-04-15,518235.3814030019,530325.7685130957,-2.2798038164338656
2014-04-15,518631.47747059795,530325.7685130957,-2.205114617621858
2014-04-15,518907.0775352611,530325.7685130957,-2.153146547988758
2014-04-15,517804.41928376217,530325.7685130957,-2.361067474514831
2014-04-15,516865.8811939691,530325.7685130957,-2.5380413546309133
2014-04-16,515942.51660194795,530325.7685130957,-2.7121540692761106
2014-04-16,515880.07158543426,530325.7685130957,-2.723928910368365
2014-04-16,516020.0946257052,530325.7685130957,-2.69752569774237
2014-04-16,516663.40410482953,530325.7685130957,-2.576221111520206
2014-04-16,516749.81765157974,530325.7685130957,-2.5599266842302617
2014-04-16,516698.2768904019,530325.7685130957,-2.5696453824791403
2014-04-16,517242.1419678053,530325.7685130957,-2.4670923651275154
2014-04-16,517849.64756432176,530325.7685130957,-2.352539078716452
2014-04-16,517585.3805696596,530325.7685130957,-2.4023701467792233
2014-04-16,517043.9502065188,530325.7685130957,-2.5044640662692768
2014-04-16,517051.8959124156,530325.7685130957,-2.5029657973997392
2014-04-16,517377.34282794315,530325.7685130957,-2.4415984389098724
2014-04-16,517445.6065501215,530325.7685130957,-2.4287264032232514
2014-04-16,517010.44340036623,530325.7685130957,-2.510782221663937
2014-04-16,516884.4818785463,530325.7685130957,-2.534533947357579
2014-04-16,517273.4493229518,530325.7685130957,-2.4611889455681975
2014-04-16,517079.96295216563,530325.7685130957,-2.497673382545235
2014-04-16,516822.89618880476,530325.7685130957,-2.546146750920606
2014-04-16,517046.55787019903,530325.7685130957,-2.503972356487282
2014-04-16,516374.21618303383,530325.7685130957,-2.630751352923809
2014-04-16,516566.70347030484,530325.7685130957,-2.594455306474718
2014-04-16,514850.1640187034,530325.7685130957,-2.918131724540204
2014-04-16,515455.9128150572,530325.7685130957,-2.8039097062414915
2014-04-16,516162.72124070866,530325.7685130957,-2.670631546360034
2014-04-16,515728.6826092788,530325.7685130957,-2.752475321865564
2014-04-16,515948.3241484034,530325.7685130957,-2.711058978899538
2014-04-16,515815.8503961382,530325.7685130957,-2.7360386725389096
2014-04-16,516057.0358049071,530325.7685130957,-2.690559945483064
2014-04-16,515785.57510507473,530325.7685130957,-2.741747482644132
2014-04-16,516006.2339559364,530325.7685130957,-2.70013931197569
2014-04-16,516191.3952051295,530325.7685130957,-2.6652246877604124
2014-04-16,516544.090756817,530325.7685130957,-2.5987192353332422
2014-04-17,517284.84695159504,530325.7685130957,-2.459039770604436
2014-04-17,517725.65198018675,530325.7685130957,-2.3759201006273156
2014-04-17,517894.6962104312,530325.7685130957,-2.3440445553905773
2014-04-17,518067.45287003194,530325.7685130957,-2.3114689820623044
2014-04-17,518195.88512211246,530325.7685130957,-2.287251367210094
2014-04-17,518612.0474634638,530325.7685130957,-2.2087784047292875
2014-04-17,518132.7605084263,530325.7685130957,-2.2991543554173535
2014-04-17,517707.79163736396,530325.7685130957,-2.3792879065841843
2014-04-17,517172.20289505745,530325.7685130957,-2.4802803105188778
2014-04-17,517110.9583248071,530325.7685130957,-2.4918287914501454
2014-04-17,516871.885781265,530325.7685130957,-2.536909109574689
2014-04-17,516479.68345010676,530325.7685130957,-2.6108640924256745
2014-04-17,516332.0974187012,530325.7685130957,-2.638693407946084
2014-04-17,516610.0646658,530325.7685130957,-2.58627897447849
2014-04-21,517354.1991712947,530325.7685130957,-2.4459624841859204
2014-04-21,517610.9985619974,530325.7685130957,-2.3975395324929103
2014-04-21,516880.860328551,530325.7685130957,-2.5352168389329743
2014-04-21,516436.29443720344,530325.7685130957,-2.619045669765387
2014-04-21,516306.3555463761,530325.7685130957,-2.643547381456989
2014-04-21,515699.2950278679,530325.7685130957,-2.7580167424707382
2014-04-23,515693.85087482264,530325.7685130957,-2.759043310170911
2014-04-25,514850.19816731004,530325.7685130957,-2.918125285364763
2014-04-28,515464.207864804,530325.7685130957,-2.802345563927595
2014-05-01,515772.25116966554,530325.7685130957,-2.7442598884520844
2014-05-01,516623.64470255625,530325.7685130957,-2.5837182773442913
2014-05-01,517004.9329735888,530325.7685130957,-2.511821286160626
2014-05-01,518249.3663405253,530325.7685130957,-2.277166769857271
2014-05-01,519968.8979300889,530325.7685130957,-1.9529261442537305
2014-05-02,520200.6583009353,530325.7685130957,-1.90922463386019
2014-05-02,520995.1269458779,530325.7685130957,-1.7594169699463436
2014-05-05,521089.48239446577,530325.7685130957,-1.741624991092967
2014-05-05,521330.56963506853,530325.7685130957,-1.696164774954741
2014-05-05,521680.7478640274,530325.7685130957,-1.630133997317691
2014-05-05,522083.7829758854,530325.7685130957,-1.554136349119679
2014-05-06,521427.4664780009,530325.7685130957,-1.6778935822868717
2014-05-06,520806.88539737853,530325.7685130957,-1.7949124256974691
2014-05-06,520039.38203545666,530325.7685130957,-1.9396354256892985
2014-05-06,520039.22908029,530325.7685130957,-1.939664267426911
2014-05-06,519981.81719987665,530325.7685130957,-1.9504900435483183
2014-05-06,518761.7789567116,530325.7685130957,-2.1805445337507754
2014-05-07,518814.1092220583,530325.7685130957,-2.1706769639561823
2014-05-07,518250.9909497991,530325.7685130957,-2.2768604281008904
2014-05-07,517882.1752324063,530325.7685130957,-2.346405552869548
2014-05-07,515972.17079633236,530325.7685130957,-2.7065623752372656
2014-05-07,515923.3848023748,530325.7685130957,-2.7157616253688075
2014-05-08,515546.96717560804,530325.7685130957,-2.7867401915852223
2014-05-08,515506.9044815436,530325.7685130957,-2.7942945471234766
2014-05-08,515101.19904997974,530325.7685130957,-2.870795719733161
2014-05-08,515025.7460604123,530325.7685130957,-2.885023387715234
2014-05-08,514814.1475871336,530325.7685130957,-2.9249231032942107
2014-05-08,514863.80145010725,530325.7685130957,-2.9155602048793567
2014-05-09,515862.80951111874,530325.7685130957,-2.727183904815252
2014-05-09,515746.3891529923,530325.7685130957,-2.749136516782963
2014-05-09,513517.7648712781,530325.7685130957,-3.1693733625169958
2014-05-12,514460.96150131983,530325.7685130957,-2.9915210524762736
2014-05-12,515540.6799050143,530325.7685130957,-2.7879257403492166
2014-05-12,517049.89809244603,530325.7685130957,-2.5033425130127007
2014-05-12,518184.71879180474,530325.7685130957,-2.2893569277863843
2014-05-13,519576.6178875623,530325.7685130957,-2.0268957806201584
2014-05-13,518656.59370360314,530325.7685130957,-2.2003786167528814
2014-05-13,520749.0968470209,530325.7685130957,-1.805809227962924
2014-05-13,521811.4784981245,530325.7685130957,-1.6054829918680285
2014-05-14,521069.6182416444,530325.7685130957,-1.7453706421626969
2014-05-15,521269.4273455663,530325.7685130957,-1.707693969486186
2014-05-16,520771.54116413335,530325.7685130957,-1.8015770524879566
2014-05-16,522125.14809127705,530325.7685130957,-1.5463364046614545
2014-05-16,523161.98123168893,530325.7685130957,-1.3508276811613864
2014-05-19,523496.99545089283,530325.7685130957,-1.2876562799030231
2014-05-19,523079.2766148923,530325.7685130957,-1.3664227402188627
2014-05-19,522360.3377093145,530325.7685130957,-1.5019882639522362
2014-05-19,522912.37604452576,530325.7685130957,-1.3978940697819124
2014-05-19,522991.72108773445,530325.7685130957,-1.3829325031525654
2014-05-20,523065.59842537675,530325.7685130957,-1.369001945365521
2014-05-20,522530.3145254976,530325.7685130957,-1.4699368671929
2014-05-22,523226.48722622806,530325.7685130957,-1.3386642151619905
2014-05-22,521870.0122263124,530325.7685130957,-1.5944456763794719
2014-05-22,521435.54984475387,530325.7685130957,-1.676369355626037
2014-05-22,520823.62076813634,530325.7685130957,-1.7917567482344003
2014-05-23,521978.8132466062,530325.7685130957,-1.5739297922279551
2014-05-23,523368.3717650745,530325.7685130957,-1.3119099921408746
2014-05-27,524309.4269654154,530325.7685130957,-1.1344614772441997
2014-05-27,524670.1170864749,530325.7685130957,-1.0664485420872252
2014-05-27,525396.5726931633,530325.7685130957,-0.9294656440611306
2014-05-27,526431.6497983553,530325.7685130957,-0.7342880444332441
2014-06-02,527102.2637973117,530325.7685130957,-0.6078348266617158
2014-06-02,525796.9831169439,530325.7685130957,-0.8539629158223705
2014-06-05,526099.588219204,530325.7685130957,-0.7969026860114445
2014-06-06,527179.6627184249,530325.7685130957,-0.593240227321345
2014-06-06,527423.0151955064,530325.7685130957,-0.5473528706191108
2014-06-06,529025.421089988,530325.7685130957,-0.2451978576778515
2014-06-06,530303.7399568489,530325.7685130957,-0.004153778216083832
2014-06-06,531610.384403679,531610.384403679,0.0
2014-06-09,533239.8791635036,533239.8791635036,0.0
2014-06-12,533732.3924780318,533732.3924780318,0.0
2014-06-12,533644.7164090296,533732.3924780318,-0.016426971688037088
2014-06-13,534035.8704108228,534035.8704108228,0.0
2014-06-17,535000.0462348982,535000.0462348982,0.0
2014-06-17,536716.7030413526,536716.7030413526,0.0
2014-06-18,537118.2534736147,537118.2534736147,0.0
2014-06-18,538752.9717151967,538752.9717151967,0.0
2014-06-18,540493.5323252047,540493.5323252047,0.0
2014-06-18,541544.2190734398,541544.2190734398,0.0
2014-06-18,543446.2005098358,543446.2005098358,0.0
2014-06-18,544628.1326595297,544628.1326595297,0.0
2014-06-18,545854.8202737229,545854.8202737229,0.0
2014-06-19,549165.6446239122,549165.6446239122,0.0
2014-06-19,550521.94200397,550521.94200397,0.0
2014-06-19,551653.458740701,551653.458740701,0.0
2014-06-19,552697.5739471297,552697.5739471297,0.0
2014-06-19,553675.8477355201,553675.8477355201,0.0
2014-06-19,554876.4403574701,554876.4403574701,0.0
2014-06-19,556038.1414744066,556038.1414744066,0.0
2014-06-19,558311.7201433539,558311.7201433539,0.0
2014-06-19,558581.9571246082,558581.9571246082,0.0
2014-06-19,559489.0329012397,559489.0329012397,0.0
2014-06-20,560069.2525095617,560069.2525095617,0.0
2014-06-20,560574.3716629264,560574.3716629264,0.0
2014-06-20,563609.505557306,563609.505557306,0.0
2014-06-20,565074.9532136892,565074.9532136892,0.0
2014-06-20,566165.8008764979,566165.8008764979,0.0
2014-06-20,567151.6450240518,567151.6450240518,0.0
2014-06-20,567440.0665914414,567440.0665914414,0.0
2014-06-20,568611.0151179503,568611.0151179503,0.0
2014-06-23,569325.6125028188,569325.6125028188,0.0
2014-06-23,568196.7013205554,569325.6125028188,-0.19828919645834675
2014-06-23,568232.863489022,569325.6125028188,-0.19193744138665245
2014-06-23,568255.6234691048,569325.6125028188,-0.1879397325917347
2014-06-23,568875.0621981128,569325.6125028188,-0.07913754357990434
2014-06-23,570141.0963825065,570141.0963825065,0.0
2014-06-23,571317.4176898828,571317.4176898828,0.0
2014-06-23,570831.6733893454,571317.4176898828,-0.0850217909514288
2014-06-23,570974.1259116434,571317.4176898828,-0.060087749403391025
2014-06-23,570359.2567866149,571317.4176898828,-0.1677107810124584
2014-06-23,569746.237296222,571317.4176898828,-0.2750100635849411
2014-06-24,568556.9132733401,571317.4176898828,-0.483182261045845
2014-06-24,567240.7156303002,571317.4176898828,-0.7135616617583068
2014-06-24,567635.456017203,571317.4176898828,-0.6444686541446146
2014-06-24,566723.277571793,571317.4176898828,-0.804130939446275
2014-06-24,566570.4755802175,571317.4176898828,-0.8308764904909555
2014-06-24,565742.0415107147,571317.4176898828,-0.9758806587259503
2014-06-24,565655.8737544966,571317.4176898828,-0.9909629498569529
2014-06-25,565884.8890695429,571317.4176898828,-0.9508774723351363
2014-06-25,565808.8407088742,571317.4176898828,-0.964188524705324
2014-06-25,566886.6584204558,571317.4176898828,-0.7755337282281328
2014-06-25,567516.6359850708,571317.4176898828,-0.6652662052874898
2014-06-25,567917.0779258949,571317.4176898828,-0.5951752316141824
2014-06-26,567898.8465914052,571317.4176898828,-0.5983663358804189
2014-06-26,567714.6332593044,571317.4176898828,-0.6306099409932537
2014-06-26,567772.9358888912,571317.4176898828,-0.6204049957593905
2014-06-26,568273.956075948,571317.4176898828,-0.5327094045620118
2014-06-26,569190.1849976077,571317.4176898828,-0.37233814800825216
2014-06-27,571510.0913995494,571510.0913995494,0.0
2014-06-27,572670.3115480104,572670.3115480104,0.0
2014-06-27,574675.2840581671,574675.2840581671,0.0
2014-06-27,576363.7522449493,576363.7522449493,0.0
2014-06-27,577779.8446587052,577779.8446587052,0.0
2014-06-27,579362.7895858022,579362.7895858022,0.0
2014-06-27,580444.7923098048,580444.7923098048,0.0
2014-06-30,578113.0098410265,580444.7923098048,-0.4017233851817824
2014-06-30,580146.6829247838,580444.7923098048,-0.05135878363810334
2014-06-30,581334.0977810245,581334.0977810245,0.0
2014-07-01,583514.2187378088,583514.2187378088,0.0
2014-07-01,584844.3976205038,584844.3976205038,0.0
2014-07-01,585970.5367209009,585970.5367209009,0.0
2014-07-01,590347.5393500179,590347.5393500179,0.0
2014-07-02,591403.2811080035,591403.2811080035,0.0
2014-07-02,595057.0967884182,595057.0967884182,0.0
2014-07-02,595420.7167207294,595420.7167207294,0.0
2014-07-02,597993.2757566572,597993.2757566572,0.0
2014-07-03,598496.9847691443,598496.9847691443,0.0
2014-07-03,598385.6401207984,598496.9847691443,-0.018604044995966712
2014-07-03,599641.9353364696,599641.9353364696,0.0
2014-07-03,600992.5565067502,600992.5565067502,0.0
2014-07-03,601344.0661267567,601344.0661267567,0.0
2014-07-07,600683.1951092359,601344.0661267567,-0.10989898375108889
2014-07-07,596490.4155625972,601344.0661267567,-0.8071336922673488
2014-07-07,595838.5322363719,601344.0661267567,-0.9155380755389918
2014-07-08,595641.6643744247,601344.0661267567,-0.9482760491944372
2014-07-08,596285.2784866161,601344.0661267567,-0.841246787837146
2014-07-08,596202.4778580935,601344.0661267567,-0.8550160479307829
2014-07-09,595893.0298804466,601344.0661267567,-0.9064754361708603
2014-07-10,595650.0788511088,601344.0661267567,-0.9468767709512412
2014-07-11,594966.2578067378,601344.0661267567,-1.0605922098971134
2014-07-11,595789.8802107675,601344.0661267567,-0.9236286227556219
2014-07-14,596235.7904489465,601344.0661267567,-0.84947635896908
2014-07-16,595041.8066854079,601344.0661267567,-1.0480288733771912
2014-07-16,594682.0562785006,601344.0661267567,-1.107853261306124
2014-07-16,593588.5588551365,601344.0661267567,-1.2896954852441225
2014-07-16,592431.0504004289,601344.0661267567,-1.4821823691944462
2014-07-16,592271.1664048351,601344.0661267567,-1.5087701422515054
2014-07-16,593205.233210842,601344.0661267567,-1.3534402972223116
2014-07-16,593595.7632161499,601344.0661267567,-1.2884974421571136
2014-07-17,592866.0168374972,601344.0661267567,-1.4098499955053017
2014-07-17,592635.3938590836,601344.0661267567,-1.4482012475429298
2014-07-17,590489.8974714217,601344.0661267567,-1.8049847444652478
2014-07-21,590254.7793920207,601344.0661267567,-1.844083505498258
2014-07-21,590307.0682436501,601344.0661267567,-1.8353881753911085
2014-07-21,590391.8436924843,601344.0661267567,-1.8212905142334603
2014-07-21,590445.7855027885,601344.0661267567,-1.812320306769434
2014-07-21,590822.7387647367,601344.0661267567,-1.7496351846934588
2014-07-21,591241.6743544559,601344.0661267567,-1.6799686471291042
2014-07-21,591559.3496909622,601344.0661267567,-1.6271410972453122
2014-07-21,591929.9164238092,601344.0661267567,-1.565518017594119
2014-07-22,592335.6839382007,601344.0661267567,-1.4980412539162147
2014-07-22,592775.3459124817,601344.0661267567,-1.4249280398601072
2014-07-22,590275.5511741634,601344.0661267567,-1.8406292796543944
2014-07-22,589948.9760552282,601344.0661267567,-1.894936811287435
2014-07-22,590392.660876429,601344.0661267567,-1.8211546213244292
2014-07-22,589607.8654103645,601344.0661267567,-1.9516615158414803
2014-07-22,589774.3591308692,601344.0661267567,-1.9239745842023155
2014-07-23,589834.9086078862,601344.0661267567,-1.913905560422466
2014-07-23,589767.5900653446,601344.0661267567,-1.9251002401962571
2014-07-23,590218.0650542827,601344.0661267567,-1.850188885064814
2014-07-23,592363.4607931614,601344.0661267567,-1.4934221254462816
2014-07-24,592337.1944482044,601344.0661267567,-1.4977900649399287
2014-07-24,592322.7374762404,601344.0661267567,-1.5001941747962213
2014-07-24,592596.7831696621,601344.0661267567,-1.4546219792997466
2014-07-24,592978.1894434347,601344.0661267567,-1.3911963474099667
2014-07-24,593238.2133252871,601344.0661267567,-1.3479558971420855
2014-07-24,593411.6059675604,601344.0661267567,-1.3191217151753203
2014-07-24,592445.8734726984,601344.0661267567,-1.4797173789992462
2014-07-25,591364.2830531655,601344.0661267567,-1.6595795378626976
2014-07-25,591542.2768322639,601344.0661267567,-1.6299802137611337
2014-07-25,591163.7686284118,601344.0661267567,-1.6929239135784564
2014-07-25,591550.5381055055,601344.0661267567,-1.6286064123540938
2014-07-28,591356.3139610903,601344.0661267567,-1.6609047512511954
2014-07-28,591708.54952088,601344.0661267567,-1.6023300384318873
2014-07-28,591241.1145353746,601344.0661267567,-1.680061741767077
2014-07-28,590746.7454139198,601344.0661267567,-1.7622724343309852
2014-07-28,591422.9131529095,601344.0661267567,-1.649829695293935
2014-07-29,590838.6961816964,601344.0661267567,-1.746981559612817
2014-07-30,590002.8310181947,601344.0661267567,-1.8859810460275566
2014-07-30,590239.3813216073,601344.0661267567,-1.8466441145207377
2014-07-30,590160.8297073748,601344.0661267567,-1.8597067883970138
2014-07-31,591204.3950038677,601344.0661267567,-1.6861679850270115
2014-07-31,591823.9821621322,601344.0661267567,-1.5831342655367335
2014-08-01,592806.2877099536,601344.0661267567,-1.4197825999672269
2014-08-01,593807.0588657045,601344.0661267567,-1.2533602118331277
2014-08-04,592032.8069356732,601344.0661267567,-1.5484079274377969
2014-08-04,591152.8832055342,601344.0661267567,-1.6947340957172325
2014-08-04,590488.0159855015,601344.0661267567,-1.8052976245660532
2014-08-04,590810.5908011848,601344.0661267567,-1.751655319959807
2014-08-04,590938.7402984828,601344.0661267567,-1.7303448083048962
2014-08-04,591553.649242857,601344.0661267567,-1.6280890484144235
2014-08-05,592497.9819360039,601344.0661267567,-1.4710520464149996
2014-08-05,593185.2227231007,601344.0661267567,-1.3567679242612234
2014-08-05,592965.3231054116,601344.0661267567,-1.3933359441479827
2014-08-05,592595.7334367665,601344.0661267567,-1.4547965437387587
2014-08-05,591613.4584156825,601344.0661267567,-1.6181431328904257
2014-08-05,591604.9337054659,601344.0661267567,-1.6195607423251681
2014-08-05,589536.8031390544,601344.0661267567,-1.963478755806568
2014-08-05,588343.2183289881,601344.0661267567,-2.161964926586341
2014-08-06,588384.5824891106,601344.0661267567,-2.1550863087612737
2014-08-06,588949.2938959452,601344.0661267567,-2.06117810568016
2014-08-06,588086.4429025984,601344.0661267567,-2.2046651777160373
2014-08-06,587270.788173677,601344.0661267567,-2.340303787102337
2014-08-06,587130.3968253824,601344.0661267567,-2.363650046956357
2014-08-06,586096.7086204209,601344.0661267567,-2.5355463477911586
2014-08-06,585283.6371437754,601344.0661267567,-2.670755377437449
2014-08-06,584442.9404480534,601344.0661267567,-2.810558319393266
2014-08-06,583682.0903664227,601344.0661267567,-2.937083236572772
2014-08-06,583771.6462829522,601344.0661267567,-2.9221906116057834
2014-08-06,582813.8073601566,601344.0661267567,-3.0814736205768414
2014-08-07,581944.5508962217,601344.0661267567,-3.2260258848959626
2014-08-07,581381.034936497,601344.0661267567,-3.3197352921167336
2014-08-07,580418.9855795921,601344.0661267567,-3.479718471646793
2014-08-07,580118.1964850978,601344.0661267567,-3.529737938277882
2014-08-07,579367.7941320478,601344.0661267567,-3.654525459319418
2014-08-07,578833.154051646,601344.0661267567,-3.743432976748732
2014-08-07,577116.5037272612,601344.0661267567,-4.028901882335795
2014-08-07,575029.3235733418,601344.0661267567,-4.3759877307691
2014-08-07,575150.518070529,601344.0661267567,-4.355833794942017
2014-08-07,574987.9108312684,601344.0661267567,-4.382874427488359
2014-08-07,574539.4138179425,601344.0661267567,-4.457456856847757
2014-08-07,573814.3105972995,601344.0661267567,-4.578037280183998
2014-08-08,575244.1589849782,601344.0661267567,-4.340261858720483
2014-08-08,575554.7379344869,601344.0661267567,-4.2886143964765875
2014-08-08,575499.540916204,601344.0661267567,-4.297793337683819
2014-08-08,575970.9222805377,601344.0661267567,-4.219405374637999
2014-08-08,576052.5343907449,601344.0661267567,-4.205833758186727
2014-08-08,576075.099455198,601344.0661267567,-4.202081319986329
2014-08-08,575763.353390037,601344.0661267567,-4.253922866734936
2014-08-08,576063.2267017855,601344.0661267567,-4.204055689416637
2014-08-08,576404.444407861,601344.0661267567,-4.147313181209431
2014-08-08,575831.3271336565,601344.0661267567,-4.2426192308551745
2014-08-08,575594.1424964819,601344.0661267567,-4.282061648355408
2014-08-08,575159.6458107439,601344.0661267567,-4.354315905146625
2014-08-08,575093.7436513338,601344.0661267567,-4.365275048692273
2014-08-08,573489.0004645751,601344.0661267567,-4.632134452011046
2014-08-11,574710.3157454733,601344.0661267567,-4.429036866170616
2014-08-11,575844.5046698119,601344.0661267567,-4.240427883688431
2014-08-13,577238.6844347337,601344.0661267567,-4.008583945508139
2014-08-13,578718.4779105661,601344.0661267567,-3.7625029480911767
2014-08-13,579147.6916142802,601344.0661267567,-3.6911272203021532
2014-08-13,580297.2544812651,601344.0661267567,-3.4999616411040124
2014-08-13,581396.0366779038,601344.0661267567,-3.317240590289295
2014-08-13,581828.5033343085,601344.0661267567,-3.2453239154994082
2014-08-14,582260.9680977998,601344.0661267567,-3.173407555489939
2014-08-14,583086.6645963701,601344.0661267567,-3.0360990585609584
2014-08-15,582347.7458848167,601344.0661267567,-3.158976917207288
2014-08-18,583137.5302294529,601344.0661267567,-3.0276404013715004
2014-08-26,583248.3629900652,601344.0661267567,-3.00920956171489
2014-08-26,584447.5664514794,601344.0661267567,-2.809789042088207
2014-08-29,584941.3169078936,601344.0661267567,-2.7276812299010142
2014-09-02,586821.4205441362,601344.0661267567,-2.4150309948446895
2014-09-03,586503.4043843395,601344.0661267567,-2.4679152216476696
2014-09-03,586446.8094149804,601344.0661267567,-2.477326633940076
2014-09-04,586895.389204305,601344.0661267567,-2.4027304394163727
2014-09-04,587253.2373220522,601344.0661267567,-2.34322239104531
2014-09-04,587236.4892254652,601344.0661267567,-2.3460075015220614
2014-09-04,587126.4496078122,601344.0661267567,-2.364306446144857
2014-09-09,588279.4101355885,601344.0661267567,-2.1725758558353085
2014-09-10,588223.2776847288,601344.0661267567,-2.1819103540072438
2014-09-10,588474.8313478762,601344.0661267567,-2.140078451554521
2014-09-10,588140.8623331379,601344.0661267567,-2.195615544801225
2014-09-11,589698.5066582167,601344.0661267567,-1.936588406625311
2014-09-11,586800.8954070586,601344.0661267567,-2.4184442050572312
2014-09-11,586573.353219466,601344.0661267567,-2.4562831396056652
2014-09-11,585144.1406258692,601344.0661267567,-2.693952832233119
2014-09-11,582925.8064996831,601344.0661267567,-3.0628488189307728
2014-09-11,580687.2858144604,601344.0661267567,-3.435101712293629
2014-09-12,581303.57788104,601344.0661267567,-3.3326159472724144
2014-09-12,581231.605540893,601344.0661267567,-3.344584526360686
2014-09-12,576428.8202655631,601344.0661267567,-4.143259618685881
2014-09-15,574700.6587273234,601344.0661267567,-4.430642771790015
2014-09-15,573986.733147102,601344.0661267567,-4.549364418919559
2014-09-15,570311.9751773732,601344.0661267567,-5.160455169909723
2014-09-15,571744.753745327,601344.0661267567,-4.92219247660964
2014-09-15,573940.7755029548,601344.0661267567,-4.557006906263471
2014-09-15,574976.9391956206,601344.0661267567,-4.384698946306427
2014-09-16,576041.0713624486,601344.0661267567,-4.2077399927273085
2014-09-16,575101.230397828,601344.0661267567,-4.364030046551915
2014-09-16,575213.2433400069,601344.0661267567,-4.3454029496055115
2014-09-17,576418.6158789911,601344.0661267567,-4.144956548471474
2014-09-17,574939.8146807384,601344.0661267567,-4.390872535932303
2014-09-17,575497.1832782378,601344.0661267567,-4.298185399084101
2014-09-17,572195.8818364259,601344.0661267567,-4.847172514409868
2014-09-17,573589.2720107081,601344.0661267567,-4.615459880533385
2014-09-17,570703.8667609288,601344.0661267567,-5.095285892347915
2014-09-18,571884.6497411777,601344.0661267567,-4.89892859096897
2014-09-18,572896.9230391344,601344.0661267567,-4.730593463879964
2014-09-18,573960.0954652536,601344.0661267567,-4.553794109565705
2014-09-18,571542.926528773,601344.0661267567,-4.955755161921217
2014-09-18,572605.1984579804,601344.0661267567,-4.77910555497499
2014-09-18,574197.0521761288,601344.0661267567,-4.514389594875555
2014-09-18,571452.9854842367,601344.0661267567,-4.970711831422524
2014-09-18,572559.7558687156,601344.0661267567,-4.786662391705336
2014-09-18,571754.5450113228,601344.0661267567,-4.92056424635888
2014-09-18,572484.2992958056,601344.0661267567,-4.7992103783173885
2014-09-18,574453.8096204799,601344.0661267567,-4.471692334053666
2014-09-19,571629.5531934777,601344.0661267567,-4.941349654394951
2014-09-19,571465.6240695007,601344.0661267567,-4.96861010863587
2014-09-19,568722.1511890893,601344.0661267567,-5.42483359780773
2014-09-22,566237.3152148721,601344.0661267567,-5.838047282649077
2014-09-22,565233.6166547474,601344.0661267567,-6.004956481003611
2014-09-22,561990.2665449745,601344.0661267567,-6.5443066288587675
2014-09-22,559436.982055136,601344.0661267567,-6.9689029013861035
2014-09-22,559394.0752431662,601344.0661267567,-6.976038053187997
2014-09-23,559721.6421326635,601344.0661267567,-6.921565595912882
2014-09-23,558784.3784584602,601344.0661267567,-7.077427061419675
2014-09-23,558870.6607788719,601344.0661267567,-7.0630788163347304
2014-09-23,557121.2031920096,601344.0661267567,-7.354003377731083
2014-09-23,555296.7997850126,601344.0661267567,-7.6573909905411535
2014-09-23,555721.0533784789,601344.0661267567,-7.586840100066944
2014-09-23,555280.8893737878,601344.0661267567,-7.660036798843095
2014-09-23,554465.9751909539,601344.0661267567,-7.79555225974765
2014-09-23,553520.7541918963,601344.0661267567,-7.952736981822947
2014-09-23,553569.0137934528,601344.0661267567,-7.944711692429589
2014-09-24,553976.6289215188,601344.0661267567,-7.876927681407167
2014-09-24,555940.3129413949,601344.0661267567,-7.550378517544272
2014-09-24,554870.0269558317,601344.0661267567,-7.728360815175788
2014-09-24,555769.0525103314,601344.0661267567,-7.5788581252614575
2014-09-24,552457.7213645332,601344.0661267567,-8.129513121680798
2014-09-24,548835.459980051,601344.0661267567,-8.731873997678635
2014-09-25,547309.7624642258,601344.0661267567,-8.98558856838227
2014-09-25,545270.1867739133,601344.0661267567,-9.324758073030296
2014-09-25,543602.1095686965,601344.0661267567,-9.602149553079464
2014-09-26,544648.2444143146,601344.0661267567,-9.42818344872322
2014-09-26,545791.4037725371,601344.0661267567,-9.238082735568176
2014-09-26,547348.3149122009,601344.0661267567,-8.97917752183724
2014-09-26,548564.963912987,601344.0661267567,-8.776855911079103
2014-09-26,547346.7388549781,601344.0661267567,-8.97943961093258
2014-09-26,545585.7116997709,601344.0661267567,-9.272288123856299
2014-09-26,542736.6976733395,601344.0661267567,-9.746062488136936
2014-09-26,540892.9264408479,601344.0661267567,-10.05267085701422
2014-09-26,536573.05919579,601344.0661267567,-10.771039506243955
2014-09-26,534759.1453392844,601344.0661267567,-11.072682768176998
2014-09-26,532438.4701596178,601344.0661267567,-11.45859747331644
2014-09-26,531009.2628494847,601344.0661267567,-11.696266287334783
2014-09-26,531446.163384427,601344.0661267567,-11.623612284484745
2014-09-26,529917.5763960899,601344.0661267567,-11.877807357562075
2014-09-26,528012.5411224491,601344.0661267567,-12.194603578053789
2014-09-26,525224.4589776379,601344.0661267567,-12.658245326906345
2014-09-26,524113.7564645581,601344.0661267567,-12.842948656604744
2014-09-29,522386.9978260733,601344.0661267567,-13.130098515687378
2014-09-30,520872.6545585139,601344.0661267567,-13.38192494133306
2014-09-30,521020.69400217326,601344.0661267567,-13.3573068479655
2014-09-30,518587.08610214945,601344.0661267567,-13.762001603781188
2014-10-01,514240.0924213046,601344.0661267567,-14.484881220577565
2014-10-01,513157.22940882057,601344.0661267567,-14.664955004203422
2014-10-01,512158.879124454,601344.0661267567,-14.830974815589762
2014-10-01,511350.20343322394,601344.0661267567,-14.965452851839242
2014-10-01,506109.11159604025,601344.0661267567,-15.837015761063814
2014-10-01,505358.19757833256,601344.0661267567,-15.961888368944411
2014-10-02,503475.1999940372,601344.0661267567,-16.275019850630706
2014-10-02,501833.3065544831,601344.0661267567,-16.548057123639744
2014-10-02,501696.86421094585,601344.0661267567,-16.570746687106467
2014-10-02,501809.9474460786,601344.0661267567,-16.551941606703647
2014-10-02,499190.36018049385,601344.0661267567,-16.9875636429295
2014-10-02,497693.8390351811,601344.0661267567,-17.23642635391488
2014-10-02,495919.21012919897,601344.0661267567,-17.531536758414667
2014-10-02,494023.1017736893,601344.0661267567,-17.846848484648607
2014-10-02,492942.2581233209,601344.0661267567,-18.02658646016903
2014-10-02,483118.8095105006,601344.0661267567,-19.660168491848985
2014-10-02,480011.12895077176,601344.0661267567,-20.176957587274057
2014-10-02,479027.7865376138,601344.0661267567,-20.34048167748279
2014-10-03,481255.0054490129,601344.0661267567,-19.970108202985138
2014-10-03,478056.0726856769,601344.0661267567,-20.502072005993995
2014-10-03,474816.03545408713,601344.0661267567,-21.040871241589482
2014-10-03,475009.86726780457,601344.0661267567,-21.00863814499207
2014-10-03,472103.86501501774,601344.0661267567,-21.49188931790283
2014-10-06,473183.0852095962,601344.0661267567,-21.312421313582163
2014-10-09,471842.29565810924,601344.0661267567,-21.53538677163066
2014-10-09,469406.7062450849,601344.0661267567,-21.940411041465385
2014-10-09,466914.8123986601,601344.0661267567,-22.354798409162385
2014-10-09,462263.06222746643,601344.0661267567,-23.128357247308987
2014-10-10,461557.23917932186,601344.0661267567,-23.24573149075846
2014-10-10,460946.61628708726,601344.0661267567,-23.347274505253903
2014-10-10,458244.4196674522,601344.0661267567,-23.796633993747708
2014-10-14,457703.040632017,601344.0661267567,-23.88666215997245
2014-10-14,455474.5281203872,601344.0661267567,-24.25725075262019
2014-10-14,453165.60082920984,601344.0661267567,-24.64121185263554
2014-10-14,451072.92568347516,601344.0661267567,-24.989211486058974
2014-10-15,448892.20270354685,601344.0661267567,-25.35185295918006
2014-10-15,448146.2613592018,601344.0661267567,-25.475898640573348
2014-10-20,448241.9091637468,601344.0661267567,-25.459992970270314
2014-10-20,447742.9362577521,601344.0661267567,-25.54296924526851
2014-10-20,448494.9418884559,601344.0661267567,-25.41791510853321
2014-10-20,449353.3537652368,601344.0661267567,-25.275166235610936
2014-11-05,449728.8040915407,601344.0661267567,-25.212731042939602
2014-11-10,450466.2093957597,601344.0661267567,-25.0901048550787
2014-11-11,451303.1284430218,601344.0661267567,-24.950930113960407
2014-11-12,451296.0015687551,601344.0661267567,-24.95211527145479
2014-11-14,452106.1235556047,601344.0661267567,-24.8173967247054
2014-11-17,454833.710214049,601344.0661267567,-24.363815021303456
2014-11-18,454819.9867921733,601344.0661267567,-24.366097146071738
2014-11-18,455582.21240896604,601344.0661267567,-24.23934348544244
2014-11-18,455625.16705502215,601344.0661267567,-24.232200379111855
2014-11-19,456570.04853337666,601344.0661267567,-24.075072117343097
2014-11-19,461706.3492396492,601344.0661267567,-23.220935360102718
2014-11-21,461470.3748071643,601344.0661267567,-23.260176527643424
2014-11-21,462478.42449552193,601344.0661267567,-23.092543762120275
2014-11-21,465563.0263245753,601344.0661267567,-22.579592524583134
2014-11-24,465402.80455582554,601344.0661267567,-22.60623646733986
2014-11-24,466261.9961974576,601344.0661267567,-22.463357924084896
2014-11-25,467164.9110355864,601344.0661267567,-22.31320846905752
2014-11-25,468028.6421567084,601344.0661267567,-22.169575036921856
2014-11-25,468609.2705823688,601344.0661267567,-22.073019926733412
2014-11-25,467840.3320022693,601344.0661267567,-22.20088991388606
2014-11-25,467975.6275761767,601344.0661267567,-22.178391051499528
2014-11-26,468627.0633757849,601344.0661267567,-22.070061089286035
2014-11-26,468061.68317600037,601344.0661267567,-22.164080508721923
2014-11-26,469203.6464245545,601344.0661267567,-21.97417870160682
2014-11-28,466783.9209319571,601344.0661267567,-22.3765648942873
2014-11-28,467330.9041264691,601344.0661267567,-22.285604789195528
2014-11-28,467439.55934097175,601344.0661267567,-22.26753606271711
2014-11-28,467481.6528115597,601344.0661267567,-22.260536164828526
2014-11-28,467605.26575801306,601344.0661267567,-22.23998005503774
2014-11-28,461840.6529669963,601344.0661267567,-23.198601435996316
2014-11-28,463263.48689122056,601344.0661267567,-22.96199247876677
2014-12-01,463390.41805396834,601344.0661267567,-22.940884569019637
2014-12-02,463334.4218503015,601344.0661267567,-22.95019641008053
2014-12-04,465127.7224242661,601344.0661267567,-22.651981016434892
2014-12-04,466676.9911718435,601344.0661267567,-22.394346687795682
2014-12-05,468404.6535821198,601344.0661267567,-22.107046536751685
2014-12-05,469602.06697238487,601344.0661267567,-21.90792369548419
2014-12-05,470822.01632548834,601344.0661267567,-21.70505325544457
2014-12-05,471998.0238042367,601344.0661267567,-21.50949009202583
2014-12-08,473051.88792747,601344.0661267567,-21.334238654022762
2014-12-09,474705.35400716495,601344.0661267567,-21.059276918664686
2014-12-09,476445.59384112194,601344.0661267567,-20.769885215647502
2014-12-10,475211.2303394502,601344.0661267567,-20.975152644263247
2014-12-10,474100.00960786437,601344.0661267567,-21.15994215066732
2014-12-10,470730.7293636074,601344.0661267567,-21.720233743125927
2014-12-10,470113.025865222,601344.0661267567,-21.822954220998778
2014-12-11,471234.0102641447,601344.0661267567,-21.636541073839457
2014-12-11,468735.7147131074,601344.0661267567,-22.051993007559993
2014-12-12,464484.58378035744,601344.0661267567,-22.758931210198526
2014-12-12,456898.5511876415,601344.0661267567,-24.02044404786189
2014-12-12,459016.67200643977,601344.0661267567,-23.66821294787931
2014-12-15,456173.8855705131,601344.0661267567,-24.14095170029388
2014-12-15,455822.9712253157,601344.0661267567,-24.199306702856326
2014-12-16,454013.2784732822,601344.0661267567,-24.50024801981148
2014-12-16,452028.6829125669,601344.0661267567,-24.830274650571805
2014-12-18,451361.1562903288,601344.0661267567,-24.941280422448393
2014-12-18,452115.0850936764,601344.0661267567,-24.815906473354055
2014-12-18,451725.2670810915,601344.0661267567,-24.880730928194982
2014-12-22,454037.29131536663,601344.0661267567,-24.4962548246613
2015-01-06,454985.62213269103,601344.0661267567,-24.338552958002406
2015-01-07,455284.4587214376,601344.0661267567,-24.28885818165392
2015-01-08,455701.01055040053,601344.0661267567,-24.21958804955701
2015-01-08,456185.751196461,601344.0661267567,-24.13897851611925
2015-01-08,457251.63861393294,601344.0661267567,-23.961727674627237
2015-01-12,455251.07363657904,601344.0661267567,-24.294409925944606
2015-01-12,453953.9137914493,601344.0661267567,-24.51012001908392
2015-01-13,452895.34224356606,601344.0661267567,-24.686154274265228
2015-01-13,452652.26896894095,601344.0661267567,-24.72657593772168
2015-01-13,452398.4142127216,601344.0661267567,-24.7687904984896
2015-01-13,452165.39834895445,601344.0661267567,-24.807539673361813
2015-01-16,451987.371077143,601344.0661267567,-24.83714456710561
2015-01-16,451326.3010097015,601344.0661267567,-24.947076651693962
2015-01-16,451162.80246135883,601344.0661267567,-24.974265503726002
2015-01-16,450831.05734188925,601344.0661267567,-25.02943277620054
2015-01-16,450440.2064915453,601344.0661267567,-25.09442898591811
2015-01-20,450718.7648462254,601344.0661267567,-25.04810636125595
2015-01-20,451035.76969847706,601344.0661267567,-24.995390308981
2015-01-21,451329.98088726436,601344.0661267567,-24.946464709584586
2015-01-22,451655.98552570696,601344.0661267567,-24.892252045519836
2015-01-23,451980.57791278977,601344.0661267567,-24.838274230593765
2015-01-23,452087.11266270047,601344.0661267567,-24.820558124971093
2015-01-23,451680.49718331126,601344.0661267567,-24.888175900267058
2015-01-23,451932.6080208511,601344.0661267567,-24.846251342972646
2015-01-23,451425.0195004078,601344.0661267567,-24.93066034424752
2015-01-23,451720.47967757593,601344.0661267567,-24.881527045390648
2015-01-23,452137.7868134437,601344.0661267567,-24.812131310174426
2015-01-23,452298.4420399927,601344.0661267567,-24.78541528592166
2015-01-26,452379.74405841966,601344.0661267567,-24.771895235919235
2015-01-27,452770.29911359196,601344.0661267567,-24.70694821520814
2015-01-28,453073.64528187015,601344.0661267567,-24.65650352216709
2015-01-29,453095.25769265386,601344.0661267567,-24.65290950469837
2015-01-29,452776.01224590733,601344.0661267567,-24.705998154729087
2015-02-03,453343.9687490788,601344.0661267567,-24.611550311112758
2015-02-04,453648.709399601,601344.0661267567,-24.560873723833033
2015-02-04,454594.4298540203,601344.0661267567,-24.40360594525318
2015-02-04,454913.4077016102,601344.0661267567,-24.350561795396608
2015-02-04,455021.42983777245,601344.0661267567,-24.332598346142333
2015-02-04,455512.41175070003,601344.0661267567,-24.250950926539446
2015-02-04,456398.7531053864,601344.0661267567,-24.10355754484446
2015-02-04,457952.597652337,601344.0661267567,-23.845162287540454
2015-02-04,458877.58407479484,601344.0661267567,-23.691342457170187
2015-02-04,459360.6536621198,601344.0661267567,-23.61101081102351
2015-02-04,459760.38270928373,601344.0661267567,-23.544538209117157
2015-02-04,460126.1360954489,601344.0661267567,-23.4837155608584
2015-02-05,460490.8675198773,601344.0661267567,-23.423062858857428
2015-02-05,460788.49048273894,601344.0661267567,-23.373569901393225
2015-02-05,461369.42974850093,601344.0661267567,-23.276963100314465
2015-02-05,461695.48128517147,601344.0661267567,-23.22274263734879
2015-02-05,462047.2540321865,601344.0661267567,-23.164244887586197
2015-02-05,462967.62563910405,601344.0661267567,-23.01119247404105
2015-02-05,463248.49596719217,601344.0661267567,-22.96448538172746
2015-02-05,463583.07832870516,601344.0661267567,-22.90884629250055
2015-02-05,463907.7072039377,601344.0661267567,-22.854862409808653
2015-02-06,464217.2666859287,601344.0661267567,-22.803384479048507
2015-02-06,463689.6615836753,601344.0661267567,-22.891122120770273
2015-02-06,464013.5917299292,601344.0661267567,-22.837254432619574
2015-02-06,463924.2029583964,601344.0661267567,-22.8521192623515
2015-02-06,464324.67900545994,601344.0661267567,-22.785522438732205
2015-02-06,464920.27958705596,601344.0661267567,-22.68647754660709
2015-02-09,465458.9731931269,601344.0661267567,-22.596895951574375
2015-02-09,466108.3137770117,601344.0661267567,-22.488914411477506
2015-02-09,466718.3463266615,601344.0661267567,-22.387469567500077
2015-02-10,466453.9108938746,601344.0661267567,-22.43144363287835
2015-02-10,466349.0947254385,601344.0661267567,-22.44887394845645
2015-02-10,466009.77381281083,601344.0661267567,-22.505301031010575
2015-02-10,465566.961279193,601344.0661267567,-22.57893816465188
2015-02-10,465778.95665078086,601344.0661267567,-22.543684574647525
2015-02-10,464855.0037273828,601344.0661267567,-22.69733254017069
2015-02-10,464559.10094394727,601344.0661267567,-22.746539441860342
2015-02-10,464662.5077934378,601344.0661267567,-22.729343487777584
2015-02-10,465492.1431298927,601344.0661267567,-22.59137998515278
2015-02-11,464712.78864260815,601344.0661267567,-22.72098207673146
2015-02-11,466311.3522467722,601344.0661267567,-22.45515030184419
2015-02-12,467457.46044400154,601344.0661267567,-22.264559214014653
2015-02-12,468740.69142301515,601344.0661267567,-22.05116540981885
2015-02-13,469851.3594811925,601344.0661267567,-21.866467809769162
2015-02-13,470619.347867646,601344.0661267567,-21.738755834260676
2015-02-13,471152.1232538264,601344.0661267567,-21.650158404570885
2015-02-13,469208.7843394488,601344.0661267567,-21.97332429641956
2015-02-13,470459.8184183688,601344.0661267567,-21.765284648339566
2015-02-17,472119.4423494781,601344.0661267567,-21.48929889831814
2015-02-18,471743.1272626627,601344.0661267567,-21.551877895603212
2015-02-18,472905.0980893805,601344.0661267567,-21.35864894529494
2015-02-20,474039.7587297994,601344.0661267567,-21.16996151918841
2015-02-20,474930.49331468396,601344.0661267567,-21.021837569014306
2015-02-23,476199.38844385283,601344.0661267567,-20.810827732774996
2015-02-24,477072.76834999863,601344.0661267567,-20.66558976414063
2015-02-26,475784.7840556166,601344.0661267567,-20.879774016872666
2015-03-02,477160.9179584478,601344.0661267567,-20.65093099997971
2015-03-02,478948.00147985196,601344.0661267567,-20.353749465801666
2015-03-04,480179.5471759503,601344.0661267567,-20.14895062176705
2015-03-04,481938.1511542194,601344.0661267567,-19.85650506899121
2015-03-04,481626.9780431426,601344.0661267567,-19.908251336827707
2015-03-04,482181.29606768186,601344.0661267567,-19.816071492415237
2015-03-05,481062.7927001392,601344.0661267567,-20.00207205857146
2015-03-05,478950.7770671634,601344.0661267567,-20.353287901870505
2015-03-05,480919.4906702296,601344.0661267567,-20.025902347748943
2015-03-05,481438.69118171965,601344.0661267567,-19.939562340299595
2015-03-06,482733.131532781,601344.0661267567,-19.724304483113304
2015-03-06,484280.2270957254,601344.0661267567,-19.46703154236422
2015-03-09,485571.17122994055,601344.0661267567,-19.25235508558465
2015-03-09,485363.49756476283,601344.0661267567,-19.286890001097383
2015-03-09,490073.284247489,601344.0661267567,-18.503680030628765
2015-03-09,488564.14604484994,601344.0661267567,-18.754640884430714
2015-03-09,487993.93467598094,601344.0661267567,-18.849463699020326
2015-03-09,487522.83286429395,601344.0661267567,-18.92780517409654
2015-03-10,486490.44504090823,601344.0661267567,-19.099485229083246
2015-03-10,486323.20498528617,601344.0661267567,-19.127296271885953
2015-03-10,485419.9394085717,601344.0661267567,-19.277504052688116
2015-03-10,484261.77007397084,601344.0661267567,-19.47010083709818
2015-03-10,483225.5964893414,601344.0661267567,-19.642410442030908
2015-03-11,482007.2211250236,601344.0661267567,-19.845019136944174
2015-03-11,481868.56817253336,601344.0661267567,-19.8680763117465
2015-03-11,482246.27615939756,601344.0661267567,-19.80526568333255
2015-03-11,483885.40110526694,601344.0661267567,-19.53268879462607
2015-03-11,485039.9012721065,601344.0661267567,-19.34070217134804
2015-03-12,486284.968644157,601344.0661267567,-19.133654751711898
2015-03-12,487428.117567009,601344.0661267567,-18.943555773897916
2015-03-12,488286.0557654945,601344.0661267567,-18.800885670904893
2015-03-12,490002.98964303406,601344.0661267567,-18.51536961208713
2015-03-12,491121.2812149358,601344.0661267567,-18.329404266306863
2015-03-12,493022.229292818,601344.0661267567,-18.013287722557433
2015-03-12,493992.6786197158,601344.0661267567,-17.851907677162053
2015-03-13,493639.4117198737,601344.0661267567,-17.910653895798156
2015-03-13,493877.7364085914,601344.0661267567,-17.871021894396247
2015-03-13,496447.6284259581,601344.0661267567,-17.443663887204234
2015-03-13,496713.6858573718,601344.0661267567,-17.399420092943927
2015-03-13,498319.92330896104,601344.0661267567,-17.132312202126116
2015-03-16,499674.3764935882,601344.0661267567,-16.907074561826253
2015-03-16,500860.1787037577,601344.0661267567,-16.7098825918768
2015-03-16,502124.7078539886,601344.0661267567,-16.499598792391463
2015-03-16,503117.2062785643,601344.0661267567,-16.334552111051725
2015-03-16,504158.97891204484,601344.0661267567,-16.1613114170526
2015-03-16,504737.8422919171,601344.0661267567,-16.065049823652217
2015-03-16,506422.84138042905,601344.0661267567,-15.784844333413497
2015-03-16,507296.5134559878,601344.0661267567,-15.639557778715114
2015-03-16,508392.1552251246,601344.0661267567,-15.45735896262072
2015-03-16,509646.51555841835,601344.0661267567,-15.248766177898815
2015-03-16,510597.2266184516,601344.0661267567,-15.090668490803182
2015-03-16,511519.70194775105,601344.0661267567,-14.937266240533864
2015-03-16,510040.22583273647,601344.0661267567,-15.183294462703554
2015-03-16,511681.3546217217,601344.0661267567,-14.910384346610495
2015-03-17,508125.9767698601,601344.0661267567,-15.501622882439367
2015-03-17,509268.2022859456,601344.0661267567,-15.31167746176821
2015-03-17,509503.23933102185,601344.0661267567,-15.272592176269322
2015-03-17,508086.5796877671,601344.0661267567,-15.508174386696616
2015-03-17,508065.43134230917,601344.0661267567,-15.511691232816696
2015-03-17,505320.6327836697,601344.0661267567,-15.968135174521928
2015-03-17,506636.7988787977,601344.0661267567,-15.749264453205027
2015-03-17,506299.4932855968,601344.0661267567,-15.805356399929218
2015-03-17,506604.7070900189,601344.0661267567,-15.754601129924145
2015-03-17,506575.9799753523,601344.0661267567,-15.759378281023622
2015-03-17,507149.58688143047,601344.0661267567,-15.663990808461906
2015-03-17,507752.5880321048,601344.0661267567,-15.563715244996512
2015-03-17,508606.0726105442,601344.0661267567,-15.421785752960993
2015-03-17,508937.4327963898,601344.0661267567,-15.366682492696057
2015-03-17,509142.6938911971,601344.0661267567,-15.332548773521046
2015-03-17,508087.5216115703,601344.0661267567,-15.508017750278913
2015-03-17,508550.46306013974,601344.0661267567,-15.431033295846493
2015-03-17,509384.63083072874,601344.0661267567,-15.292316075942445
2015-03-17,508498.2233590413,601344.0661267567,-15.439720452507885
2015-03-18,509881.54039209575,601344.0661267567,-15.209682923084117
2015-03-18,510121.1996482313,601344.0661267567,-15.169828990928567
2015-03-18,511366.0229153172,601344.0661267567,-14.962822164519892
2015-03-18,511675.88796171197,601344.0661267567,-14.91129342018712
2015-03-19,512105.16007700114,601344.0661267567,-14.839907978894898
2015-03-19,511685.93546655035,601344.0661267567,-14.909622578915982
2015-03-19,512786.79715819604,601344.0661267567,-14.726555720247811
2015-03-19,513114.9854179701,601344.0661267567,-14.671979932731038
2015-03-19,512844.72192438657,601344.0661267567,-14.716923170522392
2015-03-20,513667.8921205351,601344.0661267567,-14.580034782905877
2015-03-20,514055.3360864947,601344.0661267567,-14.515605118129251
2015-03-23,516173.6758235791,601344.0661267567,-14.163337613316477
2015-03-27,515427.2191805141,601344.0661267567,-14.287468985872106
2015-03-30,517014.01960750675,601344.0661267567,-14.023593358527316
2015-03-30,517521.493939163,601344.0661267567,-13.939203346179665
2015-03-30,518681.94628656236,601344.0661267567,-13.746226910098102
2015-03-30,519688.3302913691,601344.0661267567,-13.578871138004292
2015-03-30,520677.0069126658,601344.0661267567,-13.414460000190173
2015-03-30,523057.0899324393,601344.0661267567,-13.018666118809818
2015-03-30,524462.6801613896,601344.0661267567,-12.784924687219135
2015-03-30,525802.3604432014,601344.0661267567,-12.562143694227787
2015-03-30,528937.0565143039,601344.0661267567,-12.040862077317017
2015-03-30,531028.844513745,601344.0661267567,-11.6930099711319
2015-03-31,531139.7348776832,601344.0661267567,-11.674569552379218
2015-03-31,532118.7393988931,601344.0661267567,-11.511766828222381
2015-03-31,533281.4065355953,601344.0661267567,-11.3184220856375
2015-03-31,534269.3178024748,601344.0661267567,-11.154138221785209
2015-03-31,535296.6185583756,601344.0661267567,-10.983304116359072
2015-03-31,536321.5207248924,601344.0661267567,-10.812868882314422
2015-04-01,538200.846895134,601344.0661267567,-10.500347935305452
2015-04-01,539414.129534947,601344.0661267567,-10.298586130682061
2015-04-02,540218.2479880485,601344.0661267567,-10.164865936470985
2015-04-02,537254.4051759446,601344.0661267567,-10.657735655996772
2015-04-02,535755.5530850807,601344.0661267567,-10.906985989589973
2015-04-02,534314.1516230222,601344.0661267567,-11.146682619730946
2015-04-06,534918.7087548799,601344.0661267567,-11.046148305698106
2015-04-06,535591.2375793344,601344.0661267567,-10.934310696858583
2015-04-06,535317.8303628685,601344.0661267567,-10.979776717372749
2015-04-06,532827.6976918866,601344.0661267567,-11.393871211897459
2015-04-06,533129.5985607404,601344.0661267567,-11.343666863694885
2015-04-06,534057.2807186705,601344.0661267567,-11.189398748287132
2015-04-06,534278.081819288,601344.0661267567,-11.152680817063551
2015-04-06,534640.8877709727,601344.0661267567,-11.092348309914767
2015-04-06,532710.3308912789,601344.0661267567,-11.41338862417752
2015-04-06,533025.8121933066,601344.0661267567,-11.360925929391204
2015-04-07,533230.2625109757,601344.0661267567,-11.326927037710782
2015-04-07,532548.1102923175,601344.0661267567,-11.440364960704182
2015-04-09,533156.3551286084,601344.0661267567,-11.339217402999216
2015-04-10,533843.2852538234,601344.0661267567,-11.224984942098839
2015-04-15,533865.6253293869,601344.0661267567,-11.22126991823448
2015-04-15,533796.0421161219,601344.0661267567,-11.232841199500001
2015-04-15,534164.2916861133,601344.0661267567,-11.171603450474993
2015-04-16,533967.411868768,601344.0661267567,-11.204343412243203
2015-04-16,533436.2146423756,601344.0661267567,-11.292678403193372
2015-04-16,533387.6231096839,601344.0661267567,-11.300758890792546
2015-04-16,533666.6610572432,601344.0661267567,-11.25435651264044
2015-04-16,533844.841640785,601344.0661267567,-11.224726124052854
2015-04-16,533976.0540887783,601344.0661267567,-11.202906261617281
2015-04-16,533798.2967127948,601344.0661267567,-11.232466273263933
2015-04-17,532870.3817514713,601344.0661267567,-11.386773102513978
2015-04-20,532440.7019655625,601344.0661267567,-11.45822633704514
2015-04-20,532794.4546299516,601344.0661267567,-11.399399338606859
2015-04-20,533544.678145669,601344.0661267567,-11.274641557167424
2015-04-21,534192.2543239833,601344.0661267567,-11.16695342739418
2015-04-21,534603.2559005258,601344.0661267567,-11.098606269802728
2015-04-21,535237.2781240357,601344.0661267567,-10.993172083415296
2015-04-21,535000.1830858801,601344.0661267567,-11.032599601122868
2015-04-21,534997.4425286943,601344.0661267567,-11.03305533974909
2015-04-22,535052.8458613042,601344.0661267567,-11.023842089676338
2015-04-22,534757.2700166707,601344.0661267567,-11.072994623355985
2015-04-22,535248.1602569787,601344.0661267567,-10.991362448373394
2015-04-22,536024.9361104902,601344.0661267567,-10.86218916850473
2015-04-22,536781.5253678185,601344.0661267567,-10.736372801478531
2015-04-22,536892.1973225944,601344.0661267567,-10.717968702891735
2015-04-23,536814.4708275418,601344.0661267567,-10.7308941642758
2015-04-23,536796.5800139871,601344.0661267567,-10.733869301898737
2015-04-23,537044.7640861399,601344.0661267567,-10.692597742714447
2015-04-23,536773.3042136328,601344.0661267567,-10.737739931321295
2015-04-23,537158.876349777,601344.0661267567,-10.673621540891734
2015-04-24,537567.1105767824,601344.0661267567,-10.60573457733777
2015-04-24,538979.9092422794,601344.0661267567,-10.370794424922734
2015-04-24,539142.0375945395,601344.0661267567,-10.343833428482814
2015-04-24,539404.0938061068,601344.0661267567,-10.30025501367359
2015-04-24,539283.6351351131,601344.0661267567,-10.320286585909692
2015-04-24,539107.372203567,601344.0661267567,-10.349598080189747
2015-04-27,538781.6078430901,601344.0661267567,-10.403770787434553
2015-04-27,538547.4939608454,601344.0661267567,-10.442702556355563
2015-04-28,538722.1835418014,601344.0661267567,-10.413652701073682
2015-04-28,538722.5425674613,601344.0661267567,-10.413592997206948
2015-04-28,538221.6617588738,601344.0661267567,-10.496886545244028
2015-04-28,538098.5735061315,601344.0661267567,-10.51735540154041
2015-04-28,537671.4193453968,601344.0661267567,-10.588388639381439
2015-04-28,537839.0165690423,601344.0661267567,-10.560518201626056
2015-04-28,537496.1261916665,601344.0661267567,-10.617538865284455
2015-04-29,536972.7457457718,601344.0661267567,-10.704573971370353
2015-04-29,537483.7408878313,601344.0661267567,-10.619598468851335
2015-04-29,537860.3604880964,601344.0661267567,-10.556968832761157
2015-04-29,537708.1251997938,601344.0661267567,-10.582284670544853
2015-04-29,537115.296617232,601344.0661267567,-10.680868595448311
2015-04-30,537342.2657118444,601344.0661267567,-10.643124962909571
2015-04-30,537206.7009427306,601344.0661267567,-10.665668590883978
2015-04-30,536241.0160318599,601344.0661267567,-10.826256341768541
2015-05-01,535941.2763746677,601344.0661267567,-10.876101293116092
2015-05-01,536459.8129959473,601344.0661267567,-10.789871686724604
2015-05-04,537002.259361868,601344.0661267567,-10.699666029684602
2015-05-04,537981.6886722262,601344.0661267567,-10.536792665577659
2015-05-04,538333.0235385366,601344.0661267567,-10.478367732814387
2015-05-04,538913.6201854711,601344.0661267567,-10.381817907242128
2015-05-04,539281.5135068431,601344.0661267567,-10.32063940027829
2015-05-04,540859.7622898445,601344.0661267567,-10.058185861297389
2015-05-04,541432.7761001858,601344.0661267567,-9.962897017086764
2015-05-04,541929.789870686,601344.0661267567,-9.880246534859268
2015-05-04,542333.3988691319,601344.0661267567,-9.81312871975459
2015-05-04,543623.7599444586,601344.0661267567,-9.598549222256947
2015-05-04,543971.1483431753,601344.0661267567,-9.540780563965495
2015-05-04,544556.7940390158,601344.0661267567,-9.443391111099917
2015-05-04,545383.028058739,601344.0661267567,-9.30599322754799
2015-05-04,545910.6892305693,601344.0661267567,-9.21824626178363
2015-05-04,546572.2010574854,601344.0661267567,-9.108240715179186
2015-05-04,547499.3839432875,601344.0661267567,-8.954055625805296
2015-05-04,547820.2256633171,601344.0661267567,-8.900701524866689
2015-05-04,548278.7363192589,601344.0661267567,-8.824453885325644
2015-05-04,548715.7854455971,601344.0661267567,-8.751775172595803
2015-05-05,549158.6045889477,601344.0661267567,-8.678136939794609
2015-05-05,549020.780128093,601344.0661267567,-8.701056341285087
2015-05-05,548941.7501157579,601344.0661267567,-8.714198569966927
2015-05-05,547816.2943586621,601344.0661267567,-8.901355277830506
2015-05-06,547681.5710065074,601344.0661267567,-8.923758983087374
2015-05-06,547029.6867129761,601344.0661267567,-9.03216352721634
2015-05-06,547312.2615426853,601344.0661267567,-8.985172986255439
2015-05-06,547121.6810984976,601344.0661267567,-9.01686539912238
2015-05-06,546866.9283068761,601344.0661267567,-9.059229297923668
2015-05-06,547011.6414424664,601344.0661267567,-9.035164350127243
2015-05-06,547489.8366119165,601344.0661267567,-8.955643291155098
2015-05-07,550648.9329755324,601344.0661267567,-8.430304048354635
2015-05-07,550967.9566849723,601344.0661267567,-8.377252271940721
2015-05-07,551434.0230150303,601344.0661267567,-8.299748167999036
2015-05-07,551777.3800259251,601344.0661267567,-8.242649905916506
2015-05-07,552254.3468295964,601344.0661267567,-8.163333116986758
2015-05-07,552013.664917799,601344.0661267567,-8.20335711079578
2015-05-07,551816.5491569133,601344.0661267567,-8.236136308594348
2015-05-07,551129.4255729341,601344.0661267567,-8.350400940555375
2015-05-07,552248.0941524314,601344.0661267567,-8.164372900617677
2015-05-08,553242.7085823021,601344.0661267567,-7.998974339977172
2015-05-08,553899.0419971523,601344.0661267567,-7.8898299330027095
2015-05-08,554287.1531858549,601344.0661267567,-7.8252893129875405
2015-05-08,554634.9596197266,601344.0661267567,-7.767451137895541
2015-05-08,555148.7092294144,601344.0661267567,-7.682017583525119
2015-05-08,555167.0046810554,601344.0661267567,-7.6789751569557625
2015-05-08,554917.0152088344,601344.0661267567,-7.720546943608815
2015-05-08,555914.9350087848,601344.0661267567,-7.554598719262327
2015-05-08,555717.209807574,601344.0661267567,-7.587479263421389
2015-05-08,556051.0703376998,601344.0661267567,-7.5319602105310555
2015-05-08,556338.1632753026,601344.0661267567,-7.484218334660901
2015-05-08,556639.5444216173,601344.0661267567,-7.434100413275918
2015-05-08,556600.7119139818,601344.0661267567,-7.440558032103952
2015-05-08,554893.2751402308,601344.0661267567,-7.7244947781250115
2015-05-08,555340.3295968054,601344.0661267567,-7.650152237513598
2015-05-11,554919.9593403352,601344.0661267567,-7.720057351765039
2015-05-11,554898.2958137264,601344.0661267567,-7.723659869496423
2015-05-11,555258.4141785465,601344.0661267567,-7.663774292319342
2015-05-11,554703.0964431011,601344.0661267567,-7.756120382806646
2015-05-11,554400.4076703746,601344.0661267567,-7.806455754813568
2015-05-11,554581.5721769988,601344.0661267567,-7.776329157274975
2015-05-12,555559.3569907636,601344.0661267567,-7.613729263330295
2015-05-12,555517.274588771,601344.0661267567,-7.620727320576219
2015-05-12,555436.7396121627,601344.0661267567,-7.634119816011831
2015-05-13,556061.5522335039,601344.0661267567,-7.530217132583755
2015-05-13,554684.2042518295,601344.0661267567,-7.759262043685286
2015-05-13,554965.5616089642,601344.0661267567,-7.712473961290642
2015-05-13,555473.1013558304,601344.0661267567,-7.628073070776287
2015-05-13,554749.4289628244,601344.0661267567,-7.748415555847638
2015-05-13,551347.6387152501,601344.0661267567,-8.314113371656344
2015-05-13,552638.305118431,601344.0661267567,-8.09948309992288
2015-05-13,554336.4012994128,601344.0661267567,-7.817099639831682
2015-05-14,554641.5248873293,601344.0661267567,-7.766359372303679
2015-05-15,554742.2844286023,601344.0661267567,-7.749603650089274
2015-05-15,554676.3874809175,601344.0661267567,-7.760561926955504
2015-05-15,555149.3497785362,601344.0661267567,-7.6819110639537165
2015-05-18,556739.668699402,601344.0661267567,-7.41745033166297
2015-05-18,558661.8690848777,601344.0661267567,-7.097799653498554
2015-05-19,557957.1161546487,601344.0661267567,-7.214995942599442
2015-05-21,558070.2607161031,601344.0661267567,-7.196180663988118
2015-05-22,557593.5125345319,601344.0661267567,-7.275461097341685
2015-05-26,557840.7458164548,601344.0661267567,-7.234347649009966
2015-05-26,555157.4373032441,601344.0661267567,-7.680566155911306
2015-05-29,554328.0356503141,601344.0661267567,-7.8184907983331104
2015-06-01,554713.3743556379,601344.0661267567,-7.754411226083263
2015-06-01,555795.21949635,601344.0661267567,-7.574506708577962
2015-06-03,555194.026284638,601344.0661267567,-7.674481622371379
2015-06-03,556763.8484094789,601344.0661267567,-7.413429387341922
2015-06-03,558332.4760993666,601344.0661267567,-7.152575779857083
2015-06-03,558717.9499950155,601344.0661267567,-7.088473726247112
2015-06-03,561149.6665074264,601344.0661267567,-6.684093497125781
2015-06-03,562234.2069216501,601344.0661267567,-6.5037407714043525
2015-06-04,561090.6079047426,601344.0661267567,-6.693914597226465
2015-06-04,560415.5974722152,601344.0661267567,-6.80616488296972
2015-06-04,559373.2586007754,601344.0661267567,-6.979499739028664
2015-06-04,558998.9701223802,601344.0661267567,-7.041741723190241
2015-06-04,558755.0472648646,601344.0661267567,-7.082304667310855
2015-06-04,559217.0463546108,601344.0661267567,-7.005476921637402
2015-06-04,558239.9498615242,601344.0661267567,-7.167962351880377
2015-06-04,558260.1723491872,601344.0661267567,-7.164599470494802
2015-06-05,558731.605352816,601344.0661267567,-7.086202920136311
2015-06-08,558472.9848098306,601344.0661267567,-7.1292100033609405
2015-06-08,558936.5954403621,601344.0661267567,-7.052114267883301
2015-06-09,559197.0954821447,601344.0661267567,-7.008794635004824
2015-06-09,559591.1130958059,601344.0661267567,-6.943271811074925
2015-06-09,558207.5932661085,601344.0661267567,-7.173343064393935
2015-06-09,557462.4460148653,601344.0661267567,-7.297256692750278
2015-06-09,560520.5171230246,601344.0661267567,-6.78871735887837
2015-06-09,560804.6971135675,601344.0661267567,-6.741459889061908
2015-06-09,558063.8377445735,601344.0661267567,-7.197248766575546
2015-06-09,555778.845553657,601344.0661267567,-7.577229599451145
2015-06-10,556978.6601081504,601344.0661267567,-7.377707458620625
2015-06-10,558007.2240465146,601344.0661267567,-7.206663293341152
2015-06-11,557333.3991365858,601344.0661267567,-7.318716433612233
2015-06-11,557033.2719772444,601344.0661267567,-7.368625824300073
2015-06-12,558552.4361620563,601344.0661267567,-7.115997708320353
2015-06-15,558607.1605501008,601344.0661267567,-7.106897362756616
2015-06-17,559421.235940669,601344.0661267567,-6.971521388098453
2015-06-17,560607.9599964031,601344.0661267567,-6.7741761206249125
2015-06-18,559308.4598715283,601344.0661267567,-6.990275388593882
2015-06-18,559491.7378032908,601344.0661267567,-6.959797340819502
2015-06-18,560115.4804347825,601344.0661267567,-6.856072590443377
2015-06-18,561471.0688690306,601344.0661267567,-6.630646164773389
2015-06-18,562932.776786466,601344.0661267567,-6.387572689907284
2015-06-18,562154.7401504229,601344.0661267567,-6.516955630534673
2015-06-19,560928.7556332558,601344.0661267567,-6.720829683049005
2015-06-22,563051.4108646079,601344.0661267567,-6.367844536787555
2015-06-23,564921.3308823188,601344.0661267567,-6.056887777913222
2015-06-25,566214.3267070478,601344.0661267567,-5.841870137004728
2015-06-25,565426.7353344228,601344.0661267567,-5.972841974425163
2015-06-25,563662.2492886407,601344.0661267567,-6.266265680615052
2015-06-25,564729.0007983682,601344.0661267567,-6.088871145636352
2015-06-26,564263.2613531334,601344.0661267567,-6.166320890544404
2015-06-26,562353.0009234507,601344.0661267567,-6.483986023915824
2015-07-01,563783.4287733076,601344.0661267567,-6.246114241282254
2015-07-01,565722.0727618639,601344.0661267567,-5.9237290881297335
2015-07-02,564266.495736729,601344.0661267567,-6.16578303147539
2015-07-06,562988.645550742,601344.0661267567,-6.37828204127149
2015-07-06,564447.2787496533,601344.0661267567,-6.135719874107152
2015-07-06,561888.4529789725,601344.0661267567,-6.561237629218986
2015-07-06,562411.2229041415,601344.0661267567,-6.474304049157871
2015-07-06,561480.2076248329,601344.0661267567,-6.629126443150265
2015-07-06,556970.8961826465,601344.0661267567,-7.378998554008652
2015-07-06,555609.023650916,601344.0661267567,-7.60546998832451
2015-07-06,553331.3990510895,601344.0661267567,-7.984225633906336
2015-07-06,551168.2397964224,601344.0661267567,-8.343946362274037
2015-07-07,549939.0712165544,601344.0661267567,-8.548349905787003
2015-07-07,549925.9346491905,601344.0661267567,-8.550534440083396
2015-07-07,549834.4827405604,601344.0661267567,-8.565742357444105
2015-07-07,546471.7050803136,601344.0661267567,-9.124952608225557
2015-07-07,546507.780605037,601344.0661267567,-9.11895345952592
2015-07-07,541843.2855520251,601344.0661267567,-9.894631696954258
2015-07-07,542232.1588817561,601344.0661267567,-9.829964337345013
2015-07-07,540508.157596785,601344.0661267567,-10.116655664670379
2015-07-07,540320.6902500108,601344.0661267567,-10.147830387650794
2015-07-07,540724.9430408336,601344.0661267567,-10.08060551364039
2015-07-07,539725.3004974178,601344.0661267567,-10.246840220146176
2015-07-07,539205.861138036,601344.0661267567,-10.333219946602526
2015-07-07,539103.5210866752,601344.0661267567,-10.350238498397665
2015-07-07,538617.3974326398,601344.0661267567,-10.431078017970295
2015-07-07,537215.7051779592,601344.0661267567,-10.664171239245253
2015-07-08,537307.0624300893,601344.0661267567,-10.648979062706687
2015-07-09,537723.169935306,601344.0661267567,-10.57978281904925
2015-07-10,536489.8230091261,601344.0661267567,-10.784881197108218
2015-07-13,536813.957626854,601344.0661267567,-10.730979506547676
2015-07-13,537501.4147962637,601344.0661267567,-10.616659401281215
2015-07-13,537955.4832412993,601344.0661267567,-10.541150475424468
2015-07-13,538270.7414201987,601344.0661267567,-10.488724884708992
2015-07-13,538580.539160542,601344.0661267567,-10.437207332978804
2015-07-13,539016.5004887666,601344.0661267567,-10.364709514711029
2015-07-13,539587.7546855741,601344.0661267567,-10.269713283936367
2015-07-13,539954.783490698,601344.0661267567,-10.20867854096669
2015-07-13,540529.0055942561,601344.0661267567,-10.1131887646633
2015-07-13,540946.6303306901,601344.0661267567,-10.043740214331065
2015-07-13,541274.1234472095,601344.0661267567,-9.989280025070565
2015-07-13,541815.3373532984,601344.0661267567,-9.899279318890008
2015-07-13,542318.8171273331,601344.0661267567,-9.815553578104437
2015-07-13,542440.7226034065,601344.0661267567,-9.795281410648196
2015-07-14,542778.6497695419,601344.0661267567,-9.739086099981545
2015-07-14,542986.4372356392,601344.0661267567,-9.704532260041688
2015-07-14,543311.7282888005,601344.0661267567,-9.650438261034356
2015-07-14,543513.6926675779,601344.0661267567,-9.616852766447492
2015-07-14,543418.2475790246,601344.0661267567,-9.632724726267101
2015-07-14,543763.6682547096,601344.0661267567,-9.575283288803558
2015-07-15,544095.3094309161,601344.0661267567,-9.520133301485545
2015-07-16,544537.5296544227,601344.0661267567,-9.446594665550398
2015-07-17,544012.4097357901,601344.0661267567,-9.533919035775723
2015-07-17,544341.1996604371,601344.0661267567,-9.47924319491066
2015-07-17,543736.8132986813,601344.0661267567,-9.579749110874648
2015-07-17,542513.6142338411,601344.0661267567,-9.783159958963465
2015-07-20,542661.9587686955,601344.0661267567,-9.758491130715123
2015-07-20,542419.1978331814,601344.0661267567,-9.798860854004776
2015-07-20,542284.0202493437,601344.0661267567,-9.82134009533301
2015-07-20,542187.6360278727,601344.0661267567,-9.837368227462399
2015-07-21,541092.6576287253,601344.0661267567,-10.019456729008631
2015-07-22,541897.4233720596,601344.0661267567,-9.885628894218842
2015-07-22,542358.2929381836,601344.0661267567,-9.808988981715423
2015-07-22,542702.9404005145,601344.0661267567,-9.751676125108931
2015-07-28,542807.8839768369,601344.0661267567,-9.734224622344742
2015-07-29,542403.9852020284,601344.0661267567,-9.801390625563167
2015-07-29,541936.8355065457,601344.0661267567,-9.879074886836682
2015-07-29,542352.1191310643,601344.0661267567,-9.810015649719173
2015-07-29,543614.8437919687,601344.0661267567,-9.600031926251582
2015-07-29,544191.0179822406,601344.0661267567,-9.50421752934847
2015-07-30,544837.223855136,601344.0661267567,-9.396757273349353
2015-07-30,545591.4447161265,601344.0661267567,-9.271334756777684
2015-07-30,546252.9370552701,601344.0661267567,-9.16133245087581
2015-07-30,546650.6278051909,601344.0661267567,-9.095198805875816
2015-07-30,546544.2712526518,601344.0661267567,-9.112885278318137
2015-07-30,544735.9038414557,601344.0661267567,-9.41360619884601
2015-07-30,544419.9165528815,601344.0661267567,-9.46615303623471
2015-07-30,546644.9586524431,601344.0661267567,-9.09614155281007
2015-07-31,546410.4902441492,601344.0661267567,-9.135132277338894
2015-07-31,546061.6694231555,601344.0661267567,-9.193139139074553
2015-07-31,545951.70495224,601344.0661267567,-9.211425587234551
2015-07-31,546610.7973747369,601344.0661267567,-9.101822373430169
2015-07-31,547811.8412212429,601344.0661267567,-8.902095808529987
2015-07-31,547949.8596147486,601344.0661267567,-8.87914415717427
2015-07-31,548343.7112747774,601344.0661267567,-8.813648930362508
2015-08-03,549031.5937591332,601344.0661267567,-8.699258097708839
2015-08-03,548803.1948783936,601344.0661267567,-8.737239495315503
2015-08-03,549584.4413275799,601344.0661267567,-8.607322781541583
2015-08-03,549250.8977853751,601344.0661267567,-8.662789121195207
2015-08-03,548848.4830050882,601344.0661267567,-8.72970834480689
2015-08-03,549177.3463867381,601344.0661267567,-8.675020288471995
2015-08-04,550033.0030870779,601344.0661267567,-8.532729585272575
2015-08-05,550468.6455859026,601344.0661267567,-8.460284786468671
2015-08-06,550645.8894345884,601344.0661267567,-8.430810171407217
2015-08-06,550226.2790533606,601344.0661267567,-8.500588922851545
2015-08-06,550362.0416991565,601344.0661267567,-8.478012389142583
2015-08-06,550185.1747589761,601344.0661267567,-8.507424326524724
2015-08-06,550237.2423509231,601344.0661267567,-8.498765790608273
2015-08-06,550164.7370726399,601344.0661267567,-8.510822994190619
2015-08-06,550334.1396820898,601344.0661267567,-8.482652331338478
2015-08-07,550238.7730171452,601344.0661267567,-8.498511249770786
2015-08-10,551744.3206101741,601344.0661267567,-8.248147493339951
2015-08-12,550823.1227055792,601344.0661267567,-8.401337315354553
2015-08-14,552452.0360904313,601344.0661267567,-8.130458549501933
2015-08-14,552040.9559294913,601344.0661267567,-8.19881877521892
2015-08-17,551261.5099332237,601344.0661267567,-8.3284360842061
2015-08-18,550806.1370367587,601344.0661267567,-8.404161932703792
2015-08-18,551834.318693259,601344.0661267567,-8.233181338661714
2015-08-19,551754.0311545557,601344.0661267567,-8.246532686621364
2015-08-24,548217.9144708768,601344.0661267567,-8.834568202869987
2015-08-26,543446.1798263433,601344.0661267567,-9.62807975695717
2015-08-28,543680.8820620545,601344.0661267567,-9.589050148296879
2015-10-28,544094.0047464091,601344.0661267567,-9.520350262885923
2015-11-02,544926.2332560779,601344.0661267567,-9.381955530727163
2015-11-04,545263.2979575004,601344.0661267567,-9.325903642896357
2015-11-09,545007.8722403004,601344.0661267567,-9.368379445284369
2015-11-09,546862.8047356928,601344.0661267567,-9.059915023686269
2015-11-10,547368.3122967568,601344.0661267567,-8.97585207378141
2015-11-12,546404.076573089,601344.0661267567,-9.13619883331267
2015-11-12,545483.6591599699,601344.0661267567,-9.28925886416115
2015-11-12,547209.2049953353,601344.0661267567,-9.002310687141689
2015-11-13,543242.3891186175,601344.0661267567,-9.661968959363108
2015-11-16,542661.3004251084,601344.0661267567,-9.758600609401977
2015-11-16,542600.1824653868,601344.0661267567,-9.768764168529659
2015-11-16,544043.5685712899,601344.0661267567,-9.528737503728609
2015-11-17,545148.5724588034,601344.0661267567,-9.344981822121765
2015-11-17,544175.1035683706,601344.0661267567,-9.506864003266902
2015-11-18,543986.7748574783,601344.0661267567,-9.53818196606069
2015-11-18,543840.459149946,601344.0661267567,-9.562513412195141
2015-11-18,544720.5232482933,601344.0661267567,-9.416163901503898
2015-11-19,545872.1914774443,601344.0661267567,-9.224648212895078
2015-11-19,547039.9244871803,601344.0661267567,-9.030461045262845
2015-11-19,547515.1009930673,601344.0661267567,-8.951441972380401
2015-11-20,546069.20117965,601344.0661267567,-9.19188665203447
2015-11-20,548251.9219518334,601344.0661267567,-8.82891295774956
2015-11-20,549599.5843253176,601344.0661267567,-8.604804589612748
2015-11-20,550934.6890964563,601344.0661267567,-8.382784477277056
2015-11-23,553188.9865421727,601344.0661267567,-8.007908000946903
2015-11-27,553370.2526850166,601344.0661267567,-7.97776450189961
2015-11-27,552546.9830170968,601344.0661267567,-8.114669431089732
2015-12-07,553820.8401487892,601344.0661267567,-7.902834442861222
2015-12-07,554121.7652832521,601344.0661267567,-7.852792353579267
2015-12-07,552578.9261753293,601344.0661267567,-8.10935747076089
2015-12-08,554238.5158318775,601344.0661267567,-7.833377420398444
2015-12-08,556168.3357814504,601344.0661267567,-7.5124596533033365
2015-12-09,554674.8359489429,601344.0661267567,-7.760819937645552
2015-12-09,553762.3727537061,601344.0661267567,-7.912557228596808
2015-12-09,553675.5765947304,601344.0661267567,-7.926990922028714
2015-12-11,551013.9260445699,601344.0661267567,-8.369607836385924
2015-12-11,548553.3969011796,601344.0661267567,-8.77877943746924
2015-12-14,544802.3640808348,601344.0661267567,-9.402554249866592
2015-12-14,539297.1266549441,601344.0661267567,-10.318043025094681
2015-12-14,539609.8523631431,601344.0661267567,-10.26603856944033
2015-12-14,539360.6721573549,601344.0661267567,-10.307475779820269
2015-12-14,540029.6978313129,601344.0661267567,-10.19622072441294
2015-12-14,539094.0998029032,601344.0661267567,-10.351805202769201
2015-12-14,537728.789288443,601344.0661267567,-10.57884835349889
2015-12-14,537015.5116906638,601344.0661267567,-10.697462244939357
2015-12-14,536083.9640507392,601344.0661267567,-10.852373167387572
2015-12-15,537143.1567688293,601344.0661267567,-10.676235615235047
2015-12-16,534497.5863534588,601344.0661267567,-11.116178497254415
2015-12-16,531623.2917376985,601344.0661267567,-11.594156875634965
2015-12-16,533870.8589305624,601344.0661267567,-11.220399600978471
2015-12-17,532685.2929372052,601344.0661267567,-11.417552289454044
2015-12-21,531722.0032871038,601344.0661267567,-11.577741722486259
2015-12-21,531689.1688448907,601344.0661267567,-11.583201898126582
2016-03-21,532708.0644353902,601344.0661267567,-11.413765522531794
2016-03-23,534317.2115417932,601344.0661267567,-11.146173773141548
2016-03-28,534436.1797385932,601344.0661267567,-11.126390058043759
2016-03-29,536320.5480201056,601344.0661267567,-10.813030637429605
2016-03-29,537660.5512013233,601344.0661267567,-10.590195948156184
2016-03-29,539073.8763770959,601344.0661267567,-10.355168240162682
2016-03-29,540066.7341102507,601344.0661267567,-10.190061807908387
2016-03-29,541413.6181110521,601344.0661267567,-9.966082878594824
2016-04-12,541635.7090118654,601344.0661267567,-9.929150461144722
2016-04-13,541812.1015693046,601344.0661267567,-9.89981741083705
2016-04-13,542712.514744026,601344.0661267567,-9.7500839677982
2016-04-13,543415.1945041298,601344.0661267567,-9.633232434759925
2016-04-13,543981.6276078258,601344.0661267567,-9.539037923563638
2016-04-13,544625.1985235243,601344.0661267567,-9.432015845530382
2016-04-13,544800.2997479293,601344.0661267567,-9.402897536351276
2016-04-13,544780.8399840569,601344.0661267567,-9.406133581232831
2016-04-13,545137.1395518649,601344.0661267567,-9.346883047656778
2016-04-14,544489.1985691857,601344.0661267567,-9.454631842261607
2016-04-14,544849.215593804,601344.0661267567,-9.394763117367189
2016-04-14,545420.7532517237,601344.0661267567,-9.299719748667975
2016-04-15,545600.6032601738,601344.0661267567,-9.269811744485194
2016-04-15,546038.569853574,601344.0661267567,-9.196980462350632
2016-04-18,546677.4920123963,601344.0661267567,-9.090731445388082
2016-04-18,547273.3665547451,601344.0661267567,-8.991640995192608
2016-04-18,547613.5323207063,601344.0661267567,-8.935073418471983
2016-04-18,547901.2721635505,601344.0661267567,-8.887223966044937
2016-04-18,547521.7284000829,601344.0661267567,-8.950339873367712
2016-04-18,547732.6048810957,601344.0661267567,-8.915272348319856
2016-04-18,547773.4202432465,601344.0661267567,-8.908484992386727
2016-04-18,548012.2143683225,601344.0661267567,-8.868774926464882
2016-04-19,548313.7314862593,601344.0661267567,-8.818634393794659
2016-04-19,548551.5512929676,601344.0661267567,-8.779086351317051
2016-04-19,548972.5946701309,601344.0661267567,-8.709069301032484
2016-04-21,548800.3743249358,601344.0661267567,-8.737708536853717
2016-04-21,547716.07175653,601344.0661267567,-8.918021710207173
2016-04-22,548540.5997479287,601344.0661267567,-8.780907529184407
2016-04-22,548919.2016438291,601344.0661267567,-8.717948248927597
2016-04-25,548778.6229896903,601344.0661267567,-8.741325656647657
2016-04-27,549122.3556360593,601344.0661267567,-8.684164928583439
2016-04-27,549707.6739989883,601344.0661267567,-8.586829909265951
2016-04-27,550146.0020581683,601344.0661267567,-8.513938517486999
2016-04-27,551427.1979901964,601344.0661267567,-8.300883129698727
2016-04-27,551826.1310056592,601344.0661267567,-8.23454290320704
2016-04-27,552054.0379372637,601344.0661267567,-8.196643313863381
2016-04-28,551207.029509389,601344.0661267567,-8.337495859949072
2016-04-28,550667.272310321,601344.0661267567,-8.427254324274585
2016-04-28,552607.5932707718,601344.0661267567,-8.104590300507233
2016-04-28,553118.8254575299,601344.0661267567,-8.019575378841687
2016-04-29,553688.4688779695,601344.0661267567,-7.924847010753059
2016-04-29,554139.5201607666,601344.0661267567,-7.849839821324514
2016-05-02,554260.4141414781,601344.0661267567,-7.829735859629131
2016-05-02,554515.9399598272,601344.0661267567,-7.7872434110056785
2016-05-03,554756.2303386057,601344.0661267567,-7.747284526847034
2016-05-03,554542.5159129319,601344.0661267567,-7.7828239854884655
2016-05-04,554440.5530175283,601344.0661267567,-7.7997798184545015
2016-05-04,554758.9502014624,601344.0661267567,-7.746832229566677
2016-05-04,554010.5718399327,601344.0661267567,-7.871283172659865
2016-05-05,553524.9153045581,601344.0661267567,-7.952045013132107
2016-05-05,554057.5577396919,601344.0661267567,-7.863469692423525
2016-05-05,553433.4878970039,601344.0661267567,-7.967248856107248
2016-05-05,553965.1646003366,601344.0661267567,-7.878834130947123
2016-05-05,554737.8396695709,601344.0661267567,-7.750342787511888
2016-05-06,556645.4829770032,601344.0661267567,-7.433112866259088
2016-05-06,555275.8078724549,601344.0661267567,-7.660881822785155
2016-05-06,557083.6761225732,601344.0661267567,-7.360243909824149
2016-05-06,558211.6179559283,601344.0661267567,-7.172673782023577
2016-05-06,560493.222688006,601344.0661267567,-6.793256263734347
2016-05-09,560914.3178845539,601344.0661267567,-6.723230596189279
2016-05-09,561243.6396815893,601344.0661267567,-6.668466308057767
2016-05-09,561027.2213298997,601344.0661267567,-6.704455413776151
2016-05-09,562196.1164035515,601344.0661267567,-6.5100750017134486
2016-05-10,562655.074995787,601344.0661267567,-6.433752872987443
2016-05-10,564087.685576005,601344.0661267567,-6.195518115065005
2016-05-10,565208.5054372036,601344.0661267567,-6.009132329566577
2016-05-10,566472.5876819715,601344.0661267567,-5.798922847845097
2016-05-10,564997.8625682248,601344.0661267567,-6.044161006299937
2016-05-10,566283.8413080993,601344.0661267567,-5.830310265548888
2016-05-10,566786.5181284605,601344.0661267567,-5.7467180512614995
2016-05-10,567842.8533759855,601344.0661267567,-5.571055679746163
2016-05-11,568977.3079332991,601344.0661267567,-5.382402524054351
2016-05-11,568855.5040399935,601344.0661267567,-5.4026577988906235
2016-05-11,567547.8134260067,601344.0661267567,-5.620119097280015
2016-05-11,568710.3299727282,601344.0661267567,-5.426799396927903
2016-05-12,568215.6463981278,601344.0661267567,-5.5090623812101995
2016-05-13,568328.2370443463,601344.0661267567,-5.490339215461895
2016-05-13,563290.3833214,601344.0661267567,-6.328104815344663
2016-05-13,562370.4258471249,601344.0661267567,-6.481088361054288
2016-05-13,562841.4857225348,601344.0661267567,-6.402753859735596
2016-05-13,561401.0425355167,601344.0661267567,-6.642291134343796
2016-05-13,560866.8837410458,601344.0661267567,-6.731118616738581
2016-05-16,561475.5778226319,601344.0661267567,-6.629896352169368
2016-05-16,561499.3727109855,601344.0661267567,-6.625939401449488
2016-05-18,562445.467097684,601344.0661267567,-6.468609440119308
2016-05-20,563963.3302465435,601344.0661267567,-6.216197678806688
2016-05-20,565334.3364089387,601344.0661267567,-5.98820737514811
2016-05-23,566908.9957442217,601344.0661267567,-5.726350740322506
2016-05-24,568441.0791444721,601344.0661267567,-5.471574234399943
2016-05-24,569162.0353041325,601344.0661267567,-5.351683443042506
2016-05-24,570786.0248113441,601344.0661267567,-5.081623489234084
2016-05-24,573511.4312232118,601344.0661267567,-4.628404348082167
2016-05-24,572810.0530740564,601344.0661267567,-4.74503943083487
2016-05-24,574525.6908662298,601344.0661267567,-4.459738903430682
2016-05-25,576989.0910355086,601344.0661267567,-4.050089867539228
2016-05-26,577911.7342072375,601344.0661267567,-3.896659706055859
2016-05-26,576583.7993513399,601344.0661267567,-4.117487503434947
2016-05-26,575139.1438234381,601344.0661267567,-4.3577252656875665
2016-05-27,576389.4245437507,601344.0661267567,-4.14981089673642
2016-05-27,577440.4773254482,601344.0661267567,-3.975026968382843
2016-05-31,575834.3145754028,601344.0661267567,-4.242122436770961
2016-05-31,577199.2648934292,601344.0661267567,-4.015139184600854
2016-06-02,574623.3364008962,601344.0661267567,-4.443501022296292
2016-06-08,576008.4835196408,601344.0661267567,-4.213159160329273
2016-06-13,577084.850479915,601344.0661267567,-4.03416563218038
2016-06-14,576905.4995600164,601344.0661267567,-4.063990640856993
2016-06-15,574132.5246149823,601344.0661267567,-4.525120150772141
2016-06-15,573692.2820023193,601344.0661267567,-4.598329921594117
2016-06-15,571350.0939689545,601344.0661267567,-4.987822088441428
2016-06-16,570541.998934371,601344.0661267567,-5.122203564887749
2016-06-20,570515.408516354,601344.0661267567,-5.126625395835258
2016-06-20,569917.7603038646,601344.0661267567,-5.226010796998168
2016-06-21,569712.7191716313,601344.0661267567,-5.260107937684033
2016-06-21,569567.33783307,601344.0661267567,-5.284284003725177
2016-06-22,570382.9119769702,601344.0661267567,-5.148658795156432
2016-06-23,570742.6816346892,601344.0661267567,-5.088831205930129
2016-06-23,571439.1299618717,601344.0661267567,-4.973015923729332
2016-06-23,571786.2307364696,601344.0661267567,-4.915295095646065
2016-06-23,572858.3831024548,601344.0661267567,-4.737002429869729
2016-06-23,573297.3537867612,601344.0661267567,-4.664004173291969
2016-06-27,574792.3305918704,601344.0661267567,-4.415398277047196
2016-06-28,574504.48627051,601344.0661267567,-4.4632651036402216
2016-06-28,574450.8882736884,601344.0661267567,-4.472178136933599
2016-06-28,574142.8906906598,601344.0661267567,-4.523396333034283
2016-06-28,571234.2269333435,601344.0661267567,-5.0070900985770175
2016-06-28,569590.7156445257,601344.0661267567,-5.280396410453271
2016-06-28,567721.9637630376,601344.0661267567,-5.5911589151080054
2016-06-28,566470.1963575848,601344.0661267567,-5.79932051110003
2016-06-28,565400.7420200314,601344.0661267567,-5.977164510533114
2016-06-28,563697.3558651181,601344.0661267567,-6.2604276623398345
2016-06-29,564204.9803210469,601344.0661267567,-6.1760126852039665
2016-07-01,565338.9356027683,601344.0661267567,-5.98744255612209
2016-07-01,565818.3007240056,601344.0661267567,-5.907726941012621
2016-07-01,571480.6410048719,601344.0661267567,-4.966112880141052
2016-07-06,574113.8526057783,601344.0661267567,-4.528225196661146
2016-07-11,574675.1174625913,601344.0661267567,-4.43489013468438
2016-07-11,575167.9914392232,601344.0661267567,-4.352928075957087
2016-07-11,575608.3806087541,601344.0661267567,-4.279693933585403
2016-07-19,576150.5971898655,601344.0661267567,-4.189526488414816
2016-07-21,577929.5986922163,601344.0661267567,-3.8936889467210403
2016-07-22,578151.6668037799,601344.0661267567,-3.856760318989848
2016-07-22,578622.3214663087,601344.0661267567,-3.7784932022025735
2016-07-25,577896.9878987444,601344.0661267567,-3.899111930884161
2016-07-25,577420.0856496312,601344.0661267567,-3.9784179847685714
2016-07-27,577315.2371149824,601344.0661267567,-3.995853682658483
2016-07-27,576369.7062048664,601344.0661267567,-4.153089941129641
2016-07-28,576634.962614404,601344.0661267567,-4.108979352120899
2016-07-28,576720.7353959873,601344.0661267567,-4.0947158403620305
2016-07-28,576387.0333813668,601344.0661267567,-4.150208533051243
2016-07-29,576529.4414927025,601344.0661267567,-4.126526897302684
2016-08-01,576879.5248080894,601344.0661267567,-4.068310090135736
2016-08-01,575594.6531830025,601344.0661267567,-4.281976724174831
2016-08-01,575231.22014647,601344.0661267567,-4.342413511865005
2016-08-01,574440.8316310712,601344.0661267567,-4.4738504977638955
2016-08-03,574912.1153396358,601344.0661267567,-4.395478774301133
2016-08-03,575296.4149273704,601344.0661267567,-4.331572001226962
2016-08-04,575974.0321126548,601344.0661267567,-4.218888227751171
2016-08-04,575665.8951629819,601344.0661267567,-4.270129599709413
2016-08-04,575940.797911494,601344.0661267567,-4.224414880965659
2016-08-05,577736.243078131,601344.0661267567,-3.9258428541056647
2016-08-05,578952.8235269097,601344.0661267567,-3.723532643145297
2016-08-05,582656.0779005848,601344.0661267567,-3.107703106898657
2016-08-05,584148.7634982838,601344.0661267567,-2.859478225041358
2016-08-05,587191.0142553018,601344.0661267567,-2.353569723006399
2016-08-05,591363.5556505378,601344.0661267567,-1.659700500663975
2016-08-05,591871.0408300702,601344.0661267567,-1.5753086843779975
2016-08-05,595003.7711235178,601344.0661267567,-1.0543539647903475
2016-08-05,597357.6475637557,601344.0661267567,-0.6629180842637069
2016-08-05,599300.6198410738,601344.0661267567,-0.3398131620130142
2016-08-05,600836.0923144175,601344.0661267567,-0.08447307306299585
2016-08-05,601151.9373892723,601344.0661267567,-0.03194988498380818
2016-08-08,602301.096666772,602301.096666772,0.0
2016-08-08,604279.3100399419,604279.3100399419,0.0
2016-08-08,605342.9572853054,605342.9572853054,0.0
2016-08-08,606432.4559402327,606432.4559402327,0.0
2016-08-08,607634.7365928943,607634.7365928943,0.0
2016-08-08,608860.0639891706,608860.0639891706,0.0
2016-08-08,608849.3098121334,608860.0639891706,-0.0017662805746694729
2016-08-08,608398.8891692451,608860.0639891706,-0.07574397586596406
2016-08-08,608052.0115944615,608860.0639891706,-0.1327156176765531
2016-08-08,608324.2519957368,608860.0639891706,-0.0880024861415898
2016-08-09,608674.8958854917,608860.0639891706,-0.03041225966860982
2016-08-09,609774.4904363602,609774.4904363602,0.0
2016-08-09,609267.6230572286,609774.4904363602,-0.08312374280676968
2016-08-09,609125.5505914686,609774.4904363602,-0.10642292438755095
2016-08-09,608905.5494949281,609774.4904363602,-0.14250201591908504
2016-08-09,609014.0993852498,609774.4904363602,-0.12470037088076928
2016-08-09,609112.8450433043,609774.4904363602,-0.10850657143471197
2016-08-09,609057.8956560189,609774.4904363602,-0.11751799912596722
2016-08-09,609098.0447538008,609774.4904363602,-0.11093374569922144
2016-08-10,609434.99714665,609774.4904363602,-0.05567522010756974
2016-08-10,612230.8268516844,612230.8268516844,0.0
2016-08-10,613309.1310325777,613309.1310325777,0.0
2016-08-10,614565.989089338,614565.989089338,0.0
2016-08-10,613902.6368406783,614565.989089338,-0.10793832728079535
2016-08-10,614249.985279808,614565.989089338,-0.051419020111769
2016-08-10,613751.8125360329,614565.989089338,-0.1324799236794028
2016-08-10,613907.0705904529,614565.989089338,-0.1072168832286835
2016-08-10,613086.6438181372,614565.989089338,-0.24071382039752084
2016-08-10,613545.663433389,614565.989089338,-0.16602377516218694
2016-08-11,613208.6431395621,614565.989089338,-0.2208625231258241
2016-08-11,614330.297542783,614565.989089338,-0.03835089327092009
2016-08-12,614030.9894097077,614565.989089338,-0.08705325207192703
2016-08-12,613548.8447500806,614565.989089338,-0.16550612258328629
2016-08-12,613840.225739289,614565.989089338,-0.11809364054207874
2016-08-12,614290.4035694055,614565.989089338,-0.04484229925264902
2016-08-15,617153.6465107374,617153.6465107374,0.0
2016-08-15,617970.8642563319,617970.8642563319,0.0
2016-08-15,619231.4435451806,619231.4435451806,0.0
2016-08-16,619132.4392094776,619231.4435451806,-0.015988260404892603
2016-08-16,616969.9744604632,619231.4435451806,-0.3652057899014696
2016-08-16,614567.3363605635,619231.4435451806,-0.7532090356901874
2016-08-16,612379.788540068,619231.4435451806,-1.1064772431267416
2016-08-16,612534.29935369,619231.4435451806,-1.0815252134401607
2016-08-16,610176.905275656,619231.4435451806,-1.4622219791821567
2016-08-16,608935.1653070846,619231.4435451806,-1.6627511967332456
2016-08-16,608072.5630049133,619231.4435451806,-1.802053280172804
2016-08-16,605365.1038461501,619231.4435451806,-2.2392822334156524
2016-08-17,604362.4984193684,619231.4435451806,-2.4011934924824803
2016-08-17,603926.2194196088,619231.4435451806,-2.471648409510244
2016-08-17,602642.3230767712,619231.4435451806,-2.6789854813306166
2016-08-18,603136.2139943583,619231.4435451806,-2.5992267864621033
2016-08-18,597224.708394013,619231.4435451806,-3.5538788252056754
2016-08-18,597400.7359929761,619231.4435451806,-3.525452038937307
2016-08-18,594021.8860370407,619231.4435451806,-4.07110423266168
2016-08-18,591653.7140100944,619231.4435451806,-4.453541534841982
2016-08-18,590281.595854293,619231.4435451806,-4.675125591999332
2016-08-19,589425.9538623801,619231.4435451806,-4.813303651403776
2016-08-19,590765.004922057,619231.4435451806,-4.597059616376956
2016-08-19,592160.5474780028,619231.4435451806,-4.371692740955361
2016-08-22,592175.1648711079,619231.4435451806,-4.369332170726342
2016-08-22,588606.1145155892,619231.4435451806,-4.945699923482149
2016-08-22,589109.7535346495,619231.4435451806,-4.864367002760795
2016-08-22,586326.285540929,619231.4435451806,-5.3138706613258115
2016-08-23,586364.9235623502,619231.4435451806,-5.3076309876425665
2016-08-24,588451.7874960115,619231.4435451806,-4.970622272175262
2016-08-24,589547.9497441914,619231.4435451806,-4.7936024745525465
2016-08-24,588884.0532695067,619231.4435451806,-4.9008154530931405
2016-08-24,588003.8620763494,619231.4435451806,-5.042957975462163
2016-08-25,586797.665289185,619231.4435451806,-5.237747306614146
2016-08-25,587070.628708603,619231.4435451806,-5.193666305517817
2016-08-25,588429.8438867374,619231.4435451806,-4.974165956770554
2016-08-26,587546.5848368142,619231.4435451806,-5.116803908885257
2016-08-26,586659.3429210507,619231.4435451806,-5.260085056025314
2016-08-26,585228.517394904,619231.4435451806,-5.491149796206307
2016-08-26,585790.3868974993,619231.4435451806,-5.40041320515426
2016-08-29,587049.8937373881,619231.4435451806,-5.197014806539695
2016-08-29,587544.6152912392,619231.4435451806,-5.117121971799456
2016-08-29,588775.460563955,619231.4435451806,-4.918352144209784
2016-08-29,592247.7018934572,619231.4435451806,-4.357618130183758
2016-08-29,593556.7727459877,619231.4435451806,-4.146215614020184
2016-08-30,594390.6386295548,619231.4435451806,-4.011554189401138
2016-08-30,596511.1706679086,619231.4435451806,-3.6691083946247085
2016-08-30,596207.2828662066,619231.4435451806,-3.7181833899063146
2016-08-31,595870.1680736487,619231.4435451806,-3.772624228799746
2016-09-01,595927.8191609975,619231.4435451806,-3.7633141254531273
2016-09-01,594381.654668721,619231.4435451806,-4.013005013794407
2016-09-01,594827.6827563042,619231.4435451806,-3.9409757116275848
2016-09-01,598283.4322727263,619231.4435451806,-3.382904968863369
2016-09-02,598486.6598743608,619231.4435451806,-3.3500856403630355
2016-09-02,598701.3041033036,619231.4435451806,-3.315422634926176
2016-09-02,600380.1403833823,619231.4435451806,-3.0443065122585047
2016-09-06,600887.7774745869,619231.4435451806,-2.962327940838062
2016-09-06,602510.6885922424,619231.4435451806,-2.7002432010250774
2016-09-06,603742.0474613091,619231.4435451806,-2.501390432500113
2016-09-06,603859.8044556462,619231.4435451806,-2.48237379573779
2016-09-06,604218.1533535274,619231.4435451806,-2.424503850402064
2016-09-06,604468.0285615686,619231.4435451806,-2.3841513762753306
2016-09-06,604834.4008176154,619231.4435451806,-2.324985734758593
2016-09-06,603697.5867802971,619231.4435451806,-2.5085704104349333
2016-09-06,600819.9331784062,619231.4435451806,-2.973284150650701
2016-09-07,601135.6279863949,619231.4435451806,-2.92230243593329
2016-09-07,599563.5582535702,619231.4435451806,-3.176176774714342
2016-09-07,598420.9174345258,619231.4435451806,-3.3607024203279865
2016-09-07,597962.4633977693,619231.4435451806,-3.4347383953314243
2016-09-07,599127.2827554109,619231.4435451806,-3.246631126266907
2016-09-07,600650.4151095423,619231.4435451806,-3.0006597096005794
2016-09-09,598940.5620059454,619231.4435451806,-3.276784754835333
2016-09-09,596595.673449429,619231.4435451806,-3.6554619975624774
2016-09-09,596523.3587564356,619231.4435451806,-3.6671401340245735
2016-09-09,594027.4867980918,619231.4435451806,-4.0701997629178654
2016-09-12,589461.5469916621,619231.4435451806,-4.807555698896999
2016-09-14,591094.9697284845,619231.4435451806,-4.543773432371443
2016-09-14,592704.9534021044,619231.4435451806,-4.283776352054824
2016-09-14,589947.5164573606,619231.4435451806,-4.729076243313118
2016-09-14,588087.7408333223,619231.4435451806,-5.0294123524407235
2016-09-14,589387.9936602967,619231.4435451806,-4.81943386369825
2016-09-15,589826.4828080583,619231.4435451806,-4.748622028748268
2016-09-15,588818.1237453235,619231.4435451806,-4.911462445404401
2016-09-15,590312.1039416428,619231.4435451806,-4.670198825494201
2016-09-15,592913.1761712381,619231.4435451806,-4.250150351420631
2016-09-15,594889.6086264837,619231.4435451806,-3.9309752714327177
2016-09-15,596553.3576955948,619231.4435451806,-3.662295590119073
2016-09-15,599085.5905488944,619231.4435451806,-3.253364021850797
2016-09-15,600304.5331077247,619231.4435451806,-3.0565163695656086
2016-09-15,601395.5063025547,619231.4435451806,-2.8803345548011583
2016-09-19,602486.5186889332,619231.4435451806,-2.704146410973659
2016-09-19,603560.1949638221,619231.4435451806,-2.530757884586501
2016-09-19,604917.2609470856,619231.4435451806,-2.311604610409394
2016-09-19,602924.317963819,619231.4435451806,-2.633445983944415
2016-09-19,601173.1268379282,619231.4435451806,-2.916246727373241
2016-09-19,602402.6853902168,619231.4435451806,-2.71768469291821
2016-09-20,602882.3261497892,619231.4435451806,-2.6402272632976502
2016-09-20,602226.8885937651,619231.4435451806,-2.7460742067719015
2016-09-20,603120.7414054336,619231.4435451806,-2.6017254626979396
2016-09-20,603240.1870011968,619231.4435451806,-2.582436132834566
2016-09-20,601127.8341725041,619231.4435451806,-2.92356106289289
2016-09-20,600945.3567443062,619231.4435451806,-2.9530294353568705
2016-09-20,601983.671946488,619231.4435451806,-2.785351386542469
2016-09-20,601758.5265854497,619231.4435451806,-2.8217102251294257
2016-09-20,601088.967073574,619231.4435451806,-2.9298377304192766
2016-09-20,600435.8194795962,619231.4435451806,-3.0353148667608014
2016-09-20,599465.4197888105,619231.4435451806,-3.1920252051812823
2016-09-20,599329.1545164669,619231.4435451806,-3.2140307531495034
2016-09-20,600639.3669363885,619231.4435451806,-3.002443884688737
2016-09-20,600313.19863939,619231.4435451806,-3.0551169684603305
2016-09-20,600180.3278938471,619231.4435451806,-3.0765743325731902
2016-09-20,600185.7998316222,619231.4435451806,-3.075690666565582
2016-09-20,600458.4291399991,619231.4435451806,-3.03166362123079
2016-09-20,600733.8538710119,619231.4435451806,-2.9871851416762083
2016-09-20,601049.9121143866,619231.4435451806,-2.9361447355939174
2016-09-20,600898.7704517434,619231.4435451806,-2.9605526793795027
2016-09-20,601609.2345590261,619231.4435451806,-2.845819470223457
2016-09-20,602640.176160963,619231.4435451806,-2.6793321878537726
2016-09-20,603565.1787966471,619231.4435451806,-2.529953042894929
2016-09-20,602988.6606115925,619231.4435451806,-2.6230552571096992
2016-09-20,601818.2435996849,619231.4435451806,-2.812066494201725
2016-09-20,600019.908538927,619231.4435451806,-3.1024805355918446
2016-09-20,598709.4385354595,619231.4435451806,-3.3141090013501255
2016-09-20,598552.7361680927,619231.4435451806,-3.3394149461628784
2016-09-20,598365.9614036586,619231.4435451806,-3.369577297635985
2016-09-21,590991.4949496295,619231.4435451806,-4.560483626909139
2016-09-22,592379.3300285796,619231.4435451806,-4.336361435858165
2016-09-22,593580.8752405227,619231.4435451806,-4.142323289948762
2016-09-22,594691.0261662826,619231.4435451806,-3.9630444536861575
2016-09-27,593516.3470857146,619231.4435451806,-4.152743974408625
2016-09-27,594193.3442446336,619231.4435451806,-4.04341535972409
2016-10-03,592363.6912991346,619231.4435451806,-4.3388869422109115
2016-10-03,592877.3181294111,619231.4435451806,-4.255941084788706
2016-10-04,591035.868454632,619231.4435451806,-4.553317727072331
2016-10-06,589301.0145152063,619231.4435451806,-4.833480169969837
2016-10-06,588330.0033806212,619231.4435451806,-4.990289250759722
2016-10-07,587418.7986238726,619231.4435451806,-5.137440169248593
2016-10-07,583645.9529067262,619231.4435451806,-5.746718938354112
2016-10-07,583707.6724954598,619231.4435451806,-5.736751810654608
2016-10-07,584167.2957250038,619231.4435451806,-5.662527022114701
2016-10-10,580935.1552817195,619231.4435451806,-6.184487022204469
2016-10-10,580302.099467178,619231.4435451806,-6.286719526890794
2016-10-10,579282.5965636845,619231.4435451806,-6.451359568045145
2016-10-10,576957.2038321107,619231.4435451806,-6.8268884201106355
2016-10-10,577415.18618869,619231.4435451806,-6.752928616978343
2016-10-11,574481.7125884015,619231.4435451806,-7.2266567570569515
2016-10-11,572275.6026939548,619231.4435451806,-7.582922563233785
2016-10-11,567981.7120658726,619231.4435451806,-8.276345139370928
2016-10-11,564867.7074918514,619231.4435451806,-8.779227317994339
2016-10-11,563993.2575984873,619231.4435451806,-8.920442674946784
2016-10-11,562015.6383737194,619231.4435451806,-9.239809406946984
2016-10-11,560248.0405997022,619231.4435451806,-9.525259668306052
2016-10-11,559676.6995363755,619231.4435451806,-9.617525826506238
2016-10-11,556920.6049143338,619231.4435451806,-10.062608945390298
2016-10-12,556609.9477217117,619231.4435451806,-10.112777133046198
2016-10-12,556150.1289186215,619231.4435451806,-10.187033504857315
2016-10-12,556258.0070717839,619231.4435451806,-10.169612207168552
2016-10-12,552836.3574952785,619231.4435451806,-10.722176133334191
2016-10-12,552206.4381531846,619231.4435451806,-10.823902127493579
2016-10-13,551437.8440916409,619231.4435451806,-10.948022772456858
2016-10-13,551859.3101133156,619231.4435451806,-10.879960010775742
2016-10-13,552305.2411385194,619231.4435451806,-10.80794638326181
2016-10-13,552895.3487704651,619231.4435451806,-10.712649602373665
2016-10-13,552683.4836828125,619231.4435451806,-10.746863802873499
2016-10-13,552072.299035223,619231.4435451806,-10.845564321711894
2016-10-13,552072.7633623463,619231.4435451806,-10.845489337289155
2016-10-13,551463.1731395365,619231.4435451806,-10.943932371660896
2016-10-13,551376.2178588536,619231.4435451806,-10.957974824057217
2016-10-13,551099.6845644005,619231.4435451806,-11.002632326084242
2016-10-13,550740.1652647202,619231.4435451806,-11.060691280200325
2016-10-13,550437.9521476063,619231.4435451806,-11.109495829818108
2016-10-13,550546.1594169302,619231.4435451806,-11.09202138299345
2016-10-13,550297.6732699152,619231.4435451806,-11.132149536950294
2016-10-13,549150.5612914325,619231.4435451806,-11.31739723237017
2016-10-13,549299.8891276746,619231.4435451806,-11.293282204330374
2016-10-13,548795.8580982701,619231.4435451806,-11.37467843100111
2016-10-13,548452.7574958826,619231.4435451806,-11.430085921360977
2016-10-14,548945.0129865641,619231.4435451806,-11.35059133241322
2016-10-14,549339.2155616992,619231.4435451806,-11.286931358546534
2016-10-14,549230.3675701504,619231.4435451806,-11.304509275928387
2016-10-14,549236.4960629842,619231.4435451806,-11.303519582511216
2016-10-14,549076.9604108118,619231.4435451806,-11.329283075924769
2016-10-14,549376.2125552685,619231.4435451806,-11.280956695283717
2016-10-14,549439.8281475033,619231.4435451806,-11.27068338101683
2016-10-14,549540.7392275908,619231.4435451806,-11.254387199493845
2016-10-14,549647.0710369829,619231.4435451806,-11.237215621645129
2016-10-14,549889.1957391523,619231.4435451806,-11.198114780644044
2016-10-17,549766.4461153427,619231.4435451806,-11.217937679673014
2016-10-17,549085.2986088895,619231.4435451806,-11.327936536086627
2016-10-17,550138.9314528453,619231.4435451806,-11.157784833530359
2016-10-17,550499.1117361914,619231.4435451806,-11.099619136826714
2016-10-18,550814.570901777,619231.4435451806,-11.048675476120543
2016-10-18,550135.3667604731,619231.4435451806,-11.15836049751018
2016-10-18,549504.6516159034,619231.4435451806,-11.26021500621517
2016-10-18,550030.799053812,619231.4435451806,-11.175247189513804
2016-10-18,547857.5375412125,619231.4435451806,-11.52620829383973
2016-10-18,547975.9239481651,619231.4435451806,-11.507090012914773
2016-10-19,547681.6522945423,619231.4435451806,-11.554612091564092
2016-10-19,548028.3684667115,619231.4435451806,-11.498620721005743
2016-10-19,548469.9905244778,619231.4435451806,-11.427302950829546
2016-10-19,548921.8157950677,619231.4435451806,-11.35433745863762
2016-10-19,549282.3711033874,619231.4435451806,-11.296111198960702
2016-10-19,549634.2882568317,619231.4435451806,-11.2392799192974
2016-10-19,550134.339185373,619231.4435451806,-11.158526441134455
2016-10-20,549766.2841934067,619231.4435451806,-11.217963828528609
2016-10-20,549645.5779644892,619231.4435451806,-11.237456738679683
2016-10-20,549102.2408367074,619231.4435451806,-11.325200527120261
2016-10-20,549232.4506217301,619231.4435451806,-11.304172882871901
2016-10-20,549016.4555749553,619231.4435451806,-11.339054032565809
2016-10-20,548084.2615793141,619231.4435451806,-11.489594513892834
2016-10-20,547916.846863296,619231.4435451806,-11.516630401324464
2016-10-20,547900.8426704151,619231.4435451806,-11.519214926552918
2016-10-20,547626.630626147,619231.4435451806,-11.563497568709803
2016-10-20,547951.3280580681,619231.4435451806,-11.511062015685864
2016-10-20,547525.9744623246,619231.4435451806,-11.579752583675793
2016-10-20,546245.7045240185,619231.4435451806,-11.786504025588446
2016-10-20,546337.086811562,619231.4435451806,-11.771746653608057
2016-10-20,545230.7881566174,619231.4435451806,-11.950403384702138
2016-10-21,545750.2881754441,619231.4435451806,-11.866509063081052
2016-10-21,545866.2925595395,619231.4435451806,-11.847775456235881
2016-10-21,545864.85752494,619231.4435451806,-11.848007200701455
2016-10-21,544849.5598698971,619231.4435451806,-12.0119681341499
2016-10-21,544944.1109774888,619231.4435451806,-11.996699027812147
2016-10-21,544701.2431733424,619231.4435451806,-12.035919872728536
2016-10-21,544055.2654490424,619231.4435451806,-12.140239143177997
2016-10-24,544233.8702807844,619231.4435451806,-12.111396158280545
2016-10-24,544809.8644719372,619231.4435451806,-12.018378564106854
2016-10-24,545424.7623132907,619231.4435451806,-11.919078399723537
2016-10-24,545621.9128594034,619231.4435451806,-11.887240458002754
2016-10-24,546071.8143382291,619231.4435451806,-11.81458563991891
2016-10-24,546526.0727841482,619231.4435451806,-11.741227213008553
2016-10-24,547052.4929363857,619231.4435451806,-11.656215355531858
2016-10-24,546695.2435169609,619231.4435451806,-11.71390774553381
2016-10-24,546849.5644249725,619231.4435451806,-11.688986383800605
2016-10-24,547201.215370111,619231.4435451806,-11.632198094251663
2016-10-25,545848.5000155792,619231.4435451806,-11.850648783187518
2016-10-25,544704.0910188367,619231.4435451806,-12.035459972714742
2016-10-25,544742.6335904796,619231.4435451806,-12.029235713264633
2016-10-25,544044.3793286631,619231.4435451806,-12.141997148281387
2016-10-25,543375.5952102632,619231.4435451806,-12.249999434885419
2016-10-25,543182.1428455014,619231.4435451806,-12.281240155423477
2016-10-25,543043.5903561392,619231.4435451806,-12.303615067228499
2016-10-25,541431.7527232609,619231.4435451806,-12.563911544366407
2016-10-26,542343.3058220267,619231.4435451806,-12.416704371948448
2016-10-26,542527.3510262689,619231.4435451806,-12.386982818535634
2016-10-26,542158.4687275218,619231.4435451806,-12.446553808121559
2016-10-26,542902.2241756478,619231.4435451806,-12.326444363441569
2016-10-27,542541.7549117032,619231.4435451806,-12.384656727768698
2016-10-27,541884.9560131656,619231.4435451806,-12.490723515136159
2016-10-27,542509.8733391475,619231.4435451806,-12.389805299096585
2016-10-27,541924.3298076508,619231.4435451806,-12.484365021087521
2016-10-28,542464.8138143228,619231.4435451806,-12.397081984622558
2016-10-31,543284.7950115359,619231.4435451806,-12.264662805047543
2016-10-31,543434.8176957748,619231.4435451806,-12.240435565652193
2016-10-31,543039.4506307221,619231.4435451806,-12.3042835935865
2016-11-01,542421.0385849312,619231.4435451806,-12.404151268627423
2016-11-01,542088.2832144906,619231.4435451806,-12.457888102231268
2016-11-02,540909.6055642627,619231.4435451806,-12.64823335399688
2016-11-02,541247.0805384534,619231.4435451806,-12.59373434918882
2016-11-02,542148.9191897638,619231.4435451806,-12.448095967819285
2016-11-02,545052.2467129447,619231.4435451806,-11.97923613302812
2016-11-02,545616.195671246,619231.4435451806,-11.888163729619041
2016-11-02,546666.3418964079,619231.4435451806,-11.71857508290084
2016-11-03,546452.1144269146,619231.4435451806,-11.753170785642743
2016-11-03,546096.837317748,619231.4435451806,-11.8105446662604
2016-11-03,545965.4272128533,619231.4435451806,-11.8317661507739
2016-11-03,545227.7635406775,619231.4435451806,-11.95089183146489
2016-11-03,545008.7415166582,619231.4435451806,-11.986261809249827
2016-11-03,544777.667040664,619231.4435451806,-12.023578143619297
2016-11-04,544443.8550741835,619231.4435451806,-12.077485607453713
2016-11-04,544593.204911359,619231.4435451806,-12.053367026472037
2016-11-04,543818.6431575768,619231.4435451806,-12.178451397082764
2016-11-04,542151.3515215665,619231.4435451806,-12.447703169322368
2016-11-04,540990.4877634547,619231.4435451806,-12.63517164661185
2016-11-04,539049.8413583996,619231.4435451806,-12.948567619197583
2016-11-04,539761.2540292563,619231.4435451806,-12.833681226028693
2016-11-04,540201.857215741,619231.4435451806,-12.762527993892716
2016-11-07,540353.0291777104,619231.4435451806,-12.738115157053556
2016-11-07,540901.2534046015,619231.4435451806,-12.64958214849824
2016-11-07,540472.5262046314,619231.4435451806,-12.718817521546407
2016-11-07,540673.1630515327,619231.4435451806,-12.686416575342415
2016-11-07,540218.8788258146,619231.4435451806,-12.759779165445606
2016-11-07,540398.0102204717,619231.4435451806,-12.730851145635835
2016-11-07,539980.3810160804,619231.4435451806,-12.798294297747152
2016-11-08,540106.1655329316,619231.4435451806,-12.77798129230107
2016-11-08,540715.5051148767,619231.4435451806,-12.67957873404974
2016-11-08,540602.3149712911,619231.4435451806,-12.697857867767098
2016-11-08,539827.1227702122,619231.4435451806,-12.823044049631635
2016-11-08,539930.2573720405,619231.4435451806,-12.806388790454577
2016-11-08,539354.0647083222,619231.4435451806,-12.89943843606359
2016-11-08,539173.4308462192,619231.4435451806,-12.928609090103512
2016-11-08,539424.4755511963,619231.4435451806,-12.888067753323226
2016-11-08,536584.7756069654,619231.4435451806,-13.346652338106777
2016-11-08,536877.8285402522,619231.4435451806,-13.29932707122288
2016-11-10,541205.4495117851,619231.4435451806,-12.60045736480799
2016-11-17,542240.9347171799,619231.4435451806,-12.43323633361059
2016-11-17,543497.1349905165,619231.4435451806,-12.230371914106197
2016-11-18,544548.0276342164,619231.4435451806,-12.060662727879574
2016-11-22,545690.928540346,619231.4435451806,-11.876095080670583
2016-11-22,546974.7841316526,619231.4435451806,-11.66876458983563
2016-11-23,546980.5853788381,619231.4435451806,-11.667827743484233
2016-11-23,550270.8400307794,619231.4435451806,-11.13648285035282
2016-11-23,550962.0756889246,619231.4435451806,-11.02485485320399
2016-11-23,552351.9742545026,619231.4435451806,-10.800399428650516
2016-11-23,555293.8525595351,619231.4435451806,-10.325314008538474
2016-11-23,556540.4770055695,619231.4435451806,-10.123995994243632
2016-11-25,556691.2459454129,619231.4435451806,-10.099648241652092
2016-11-25,556256.0382375949,619231.4435451806,-10.169930155200667
2016-11-25,558471.2476822668,619231.4435451806,-9.812194858041094
2016-11-29,559552.5920541359,619231.4435451806,-9.637568006782011
2016-11-29,558111.70627834,619231.4435451806,-9.870257381783167
2016-11-29,556283.635292202,619231.4435451806,-10.165473492850138
2016-11-29,556667.09308194,619231.4435451806,-10.10354869982887
2016-11-30,557320.7791519192,619231.4435451806,-9.997984604724659
2016-12-01,556987.1050594898,619231.4435451806,-10.051869803208607
2016-12-01,558209.1964070887,619231.4435451806,-9.85451365142759
2016-12-05,561394.1341877527,619231.4435451806,-9.340176433273761
2016-12-05,562929.6471749074,619231.4435451806,-9.092205661898904
2016-12-05,565313.8633150121,619231.4435451806,-8.707177387744293
2016-12-05,567045.2437955788,619231.4435451806,-8.427575875480255
2016-12-05,568190.1544793264,619231.4435451806,-8.242683668264023
2016-12-05,569975.9037552152,619231.4435451806,-7.954302111658122
2016-12-05,570750.7099861774,619231.4435451806,-7.829178260303564
2016-12-05,572313.0097721977,619231.4435451806,-7.576881675188969
2016-12-05,573863.8716371494,619231.4435451806,-7.3264322057510505
2016-12-05,574879.3874929473,619231.4435451806,-7.162436034951977
2016-12-05,576671.2695351584,619231.4435451806,-6.873064094801075
2016-12-05,579699.7712513427,619231.4435451806,-6.383989816071662
2016-12-05,581031.5848596506,619231.4435451806,-6.1689145607385285
2016-12-05,582070.1509135918,619231.4435451806,-6.001196001746217
2016-12-06,583109.5027791798,619231.4435451806,-5.833350541632376
2016-12-06,584640.2807105544,619231.4435451806,-5.58614443681788
2016-12-06,586964.9922800745,619231.4435451806,-5.210725585958048
2016-12-06,588124.1295332469,619231.4435451806,-5.023535922827227
2016-12-06,589263.5525883886,619231.4435451806,-4.8395299155388445
2016-12-07,590588.4547554883,619231.4435451806,-4.6255707923530895
2016-12-07,591334.7110935311,619231.4435451806,-4.505057477691552
2016-12-07,593527.0795124925,619231.4435451806,-4.1510107893629
2016-12-07,596560.4400425842,619231.4435451806,-3.661151858310353
2016-12-07,598815.8261664849,619231.4435451806,-3.296928408837524
2016-12-07,600448.4892792564,619231.4435451806,-3.0332688143853472
2016-12-07,598827.1563297015,619231.4435451806,-3.2950986950310317
2016-12-07,600492.5281491664,619231.4435451806,-3.0261569549394163
2016-12-08,600904.5155699338,619231.4435451806,-2.959624897328009
2016-12-08,602604.2950598327,619231.4435451806,-2.6851266450804356
2016-12-08,603665.43843959,619231.4435451806,-2.513762062286947
2016-12-08,605285.855316547,619231.4435451806,-2.252080118669898
2016-12-08,606472.4548661697,619231.4435451806,-2.0604555553516493
2016-12-09,607563.5762338602,619231.4435451806,-1.8842498120767777
2016-12-09,606114.5993302346,619231.4435451806,-2.1182458274163842
2016-12-09,605453.7092747431,619231.4435451806,-2.2249732977960845
2016-12-09,605559.2553670836,619231.4435451806,-2.2079286057926835
2016-12-12,607774.5075703108,619231.4435451806,-1.8501864035323063
2016-12-12,601441.1750103651,619231.4435451806,-2.8729594920057546
2016-12-12,599004.501203505,619231.4435451806,-3.2664591813803505
2016-12-12,598977.1609771834,619231.4435451806,-3.2708743684007433
2016-12-12,598090.4044575081,619231.4435451806,-3.4140771286802374
2016-12-13,598391.6508778285,619231.4435451806,-3.3654286914181237
2016-12-19,599784.9862173761,619231.4435451806,-3.14041826049256
2016-12-19,601426.5790859412,619231.4435451806,-2.87531659524656
2016-12-19,602991.4624596778,619231.4435451806,-2.622602785240809
2016-12-19,604292.7552570878,619231.4435451806,-2.412456351145044
2016-12-19,605586.2894554393,619231.4435451806,-2.2035628571477264
2016-12-19,606736.6417158967,619231.4435451806,-2.017791886947726
2016-12-20,610496.8061136343,619231.4435451806,-1.4105610305477079
2016-12-20,611823.8057059372,619231.4435451806,-1.1962631931017111
2016-12-20,616240.3968245259,619231.4435451806,-0.4830256524976464
2016-12-20,617678.9002826869,619231.4435451806,-0.2507209991800752
2016-12-20,619129.1295120645,619231.4435451806,-0.01652274511939129
2016-12-20,619116.7007013736,619231.4435451806,-0.018529880063915802
2016-12-20,620204.4011017618,620204.4011017618,0.0
2016-12-20,621383.337435566,621383.337435566,0.0
2016-12-21,621841.1384099909,621841.1384099909,0.0
2016-12-21,622588.6481344157,622588.6481344157,0.0
2016-12-21,624394.2524675357,624394.2524675357,0.0
2016-12-21,625969.4337298974,625969.4337298974,0.0
2016-12-21,627140.1131574608,627140.1131574608,0.0
2016-12-22,620932.8684152139,627140.1131574608,-0.9897700070555727
2016-12-22,619261.2855420889,627140.1131574608,-1.256310583563917
2016-12-22,619239.8605366149,627140.1131574608,-1.2597268864003186
2016-12-22,617808.5778234747,627140.1131574608,-1.4879506410464964
2016-12-22,616014.7419325729,627140.1131574608,-1.7739849503287268
2016-12-23,614322.1476666735,627140.1131574608,-2.0438758774738086
2016-12-23,614737.0550810677,627140.1131574608,-1.9777172303566177
2016-12-23,614909.0870128089,627140.1131574608,-1.9502860506039728
2016-12-23,613985.2525732771,627140.1131574608,-2.097595147909287
2016-12-23,614194.5506367828,627140.1131574608,-2.0642217343586977
2016-12-23,613161.822747738,627140.1131574608,-2.228894327831522
2016-12-23,609856.226045697,627140.1131574608,-2.7559849464491553
2016-12-23,609258.3434462703,627140.1131574608,-2.8513197188362236
2016-12-23,608959.9002334748,627140.1131574608,-2.8989076830780522
2016-12-23,608352.9532693593,627140.1131574608,-2.995687804677943
2016-12-23,607731.1609329972,627140.1131574608,-3.0948350802734286
2016-12-23,608528.9384628822,627140.1131574608,-2.967626261518657
2016-12-23,607746.2853835501,627140.1131574608,-3.0924234261254084
2016-12-23,607837.909882098,627140.1131574608,-3.0778135332760153
2016-12-23,605686.5922900983,627140.1131574608,-3.420849729951177
2016-12-23,601931.1790555962,627140.1131574608,-4.019665394220316
2016-12-23,600978.0389623456,627140.1131574608,-4.171647395252253
2016-12-23,601142.5100431172,627140.1131574608,-4.145421823434883
2016-12-23,596746.4196609999,627140.1131574608,-4.8463960220050115
2016-12-23,595825.0072396544,627140.1131574608,-4.993318918820915
2016-12-23,594471.3249088957,627140.1131574608,-5.209168982045766
2016-12-27,596642.821505493,627140.1131574608,-4.8629151623587195
2016-12-27,595659.464542569,627140.1131574608,-5.019715364146659
2016-12-27,594916.3896925733,627140.1131574608,-5.138201621747774
2016-12-27,591906.0014127814,627140.1131574608,-5.618220076417421
2016-12-27,591162.2896220889,627140.1131574608,-5.736807896760815
2016-12-27,589902.9333806065,627140.1131574608,-5.937617287686544
2016-12-27,588650.6287130198,627140.1131574608,-6.137302276943844
2016-12-27,587654.4798021077,627140.1131574608,-6.296142206014366
2016-12-27,587618.0714050411,627140.1131574608,-6.301947670583235
2016-12-27,586010.0187608813,627140.1131574608,-6.558358097922003
2016-12-27,587111.7836491569,627140.1131574608,-6.382677278730164
2016-12-27,585670.9717376485,627140.1131574608,-6.6124205021789715
2016-12-27,586677.8733991961,627140.1131574608,-6.4518660040018165
2016-12-27,585946.9401472186,627140.1131574608,-6.568416235224853
2016-12-27,585962.9589004851,627140.1131574608,-6.565861980931379
2016-12-27,586765.8212689883,627140.1131574608,-6.43784236431635
2016-12-28,585321.7610428316,627140.1131574608,-6.668103544531139
2016-12-28,584420.655079882,627140.1131574608,-6.811788495317139
2016-12-28,580973.8499382276,627140.1131574608,-7.361395364554195
2016-12-30,579896.847839191,627140.1131574608,-7.533127657935049
2016-12-30,577399.5302558993,627140.1131574608,-7.93133493744049
2016-12-30,579155.07762292,627140.1131574608,-7.6514058864693935
2017-01-05,586742.7414202561,627140.1131574608,-6.441522538530692
2017-01-05,590635.1172520403,627140.1131574608,-5.820867640187915
2017-01-06,591051.3279418887,627140.1131574608,-5.754501180585624
2017-01-06,592097.201177535,627140.1131574608,-5.587732509007493
2017-01-06,588953.4697148997,627140.1131574608,-6.089013067638578
2017-01-06,585142.3467030422,627140.1131574608,-6.696711878781378
2017-01-09,585583.464005215,627140.1131574608,-6.626373960201761
2017-01-09,586048.3227554808,627140.1131574608,-6.552250372742913
2017-01-10,586870.8810085767,627140.1131574608,-6.421090168533581
2017-01-10,587379.8013186947,627140.1131574608,-6.339940789082195
2017-01-11,586707.3976246044,627140.1131574608,-6.447158248144887
2017-01-11,587096.160693979,627140.1131574608,-6.385168421434983
2017-01-11,587466.1557807963,627140.1131574608,-6.32617122462764
2017-01-11,588000.7968551585,627140.1131574608,-6.240920566418192
2017-01-12,587908.6729203578,627140.1131574608,-6.255610096376166
2017-01-12,587337.8550068251,627140.1131574608,-6.346629296321586
2017-01-12,586891.5083725577,627140.1131574608,-6.417801052824314
2017-01-12,586608.6354306326,627140.1131574608,-6.462906275084918
2017-01-12,585909.947666335,627140.1131574608,-6.574314834295062
2017-01-12,585468.6582125633,627140.1131574608,-6.644680203135849
2017-01-12,585021.00659797,627140.1131574608,-6.716060043972282
2017-01-12,584898.6695444507,627140.1131574608,-6.735567176581517
2017-01-12,584541.8774120657,627140.1131574608,-6.792459109484455
2017-01-13,584660.2512527372,627140.1131574608,-6.773583927019165
2017-01-13,585047.4212181149,627140.1131574608,-6.7118481271149975
2017-01-13,585753.8901351674,627140.1131574608,-6.599198831968553
2017-01-13,586028.1838197114,627140.1131574608,-6.55546160661981
2017-01-17,584642.4158472958,627140.1131574608,-6.776427853769708
2017-01-18,584692.0717373559,627140.1131574608,-6.76851002344466
2017-01-18,583845.7416075518,627140.1131574608,-6.903460748497642
2017-01-18,584277.9498605127,627140.1131574608,-6.834543413456689
2017-01-19,583680.5804838095,627140.1131574608,-6.929796350427299
2017-01-19,583815.382494096,627140.1131574608,-6.908301630593833
2017-01-19,583994.5113254846,627140.1131574608,-6.8797388218003075
2017-01-19,582324.0434446788,627140.1131574608,-7.14610160832269
2017-01-19,582582.3773345782,627140.1131574608,-7.104909236079301
2017-01-19,582069.956702334,627140.1131574608,-7.186616755897214
2017-01-19,582143.5560202125,627140.1131574608,-7.174881050217675
2017-01-19,582083.8830455763,627140.1131574608,-7.184396144753051
2017-01-19,582027.1428090385,627140.1131574608,-7.193443602465825
2017-01-20,581906.2672396075,627140.1131574608,-7.212717695590314
2017-01-20,582141.8759878306,627140.1131574608,-7.175148938102162
2017-01-20,582057.681816246,627140.1131574608,-7.188574035591248
2017-01-20,581942.8012997556,627140.1131574608,-7.206892193540362
2017-01-20,581139.0628403757,627140.1131574608,-7.335051506350589
2017-01-23,581344.1672889215,627140.1131574608,-7.3023467814824565
2017-01-23,581770.0441726112,627140.1131574608,-7.234439008601289
2017-01-25,583012.4221551568,627140.1131574608,-7.036336868986802
2017-01-25,584144.9085552158,627140.1131574608,-6.855757381835641
2017-01-25,584884.512563134,627140.1131574608,-6.737824563889348
2017-01-25,585354.8740569202,627140.1131574608,-6.662823541961716
2017-01-25,585774.2008554542,627140.1131574608,-6.595960206363098
2017-01-25,585960.0212030474,627140.1131574608,-6.566330408540469
2017-01-25,586443.6171284143,627140.1131574608,-6.4892191035511875
2017-01-26,585775.2001620316,627140.1131574608,-6.595800862931478
2017-01-26,585667.1766971246,627140.1131574608,-6.613025636573064
2017-01-26,586018.5604071931,627140.1131574608,-6.5569960982455875
2017-01-27,586104.0806036865,627140.1131574608,-6.543359560779853
2017-01-27,586606.042923136,627140.1131574608,-6.463319660776919
2017-01-27,587043.6433113725,627140.1131574608,-6.393542528194334
2017-01-31,587565.0510273073,627140.1131574608,-6.3104019819279396
2017-01-31,587973.8438386256,627140.1131574608,-6.245218332733479
2017-01-31,588147.5844535882,627140.1131574608,-6.217514696605355
2017-01-31,588593.6674802412,627140.1131574608,-6.1463849733913465
2017-02-01,590574.6858208742,627140.1131574608,-5.830503673651295
2017-02-01,590243.7709340238,627140.1131574608,-5.883269376228402
2017-02-01,590302.0204849099,627140.1131574608,-5.873981252304573
2017-02-02,590593.4874101969,627140.1131574608,-5.827505685015536
2017-02-02,589939.6668285549,627140.1131574608,-5.93175999245414
2017-02-02,590599.328612083,627140.1131574608,-5.826574282006301
2017-02-02,591570.5428224026,627140.1131574608,-5.6717102906998305
2017-02-03,591348.5782120911,627140.1131574608,-5.707103435812795
2017-02-03,591949.2874187402,627140.1131574608,-5.611317949595893
2017-02-03,592394.5997230725,627140.1131574608,-5.54031112113929
2017-02-03,593081.7446645669,627140.1131574608,-5.4307431112036975
2017-02-03,593639.3422078748,627140.1131574608,-5.34183195218048
2017-02-03,594206.3351825943,627140.1131574608,-5.251422654031003
2017-02-06,595442.7680416649,627140.1131574608,-5.054268488138866
2017-02-06,596538.8074204322,627140.1131574608,-4.879500624343781
2017-02-06,597903.8637278554,627140.1131574608,-4.661836935036696
2017-02-06,600359.3176581854,627140.1131574608,-4.270304982477079
2017-02-06,601783.9182909792,627140.1131574608,-4.04314671227468
2017-02-07,601650.7091565382,627140.1131574608,-4.064387441682072
2017-02-07,602003.3717308842,627140.1131574608,-4.008153983329297
2017-02-07,603871.1255921868,627140.1131574608,-3.7103331579480194
2017-02-07,605982.58992534,627140.1131574608,-3.3736517228341616
2017-02-07,606397.2043093593,627140.1131574608,-3.3075398005825574
2017-02-07,607484.5125113735,627140.1131574608,-3.1341641578509964
2017-02-07,610194.8263258736,627140.1131574608,-2.7019937771597498
2017-02-08,611446.8867006443,627140.1131574608,-2.5023477413692916
2017-02-08,612009.6915907743,627140.1131574608,-2.4126062500625864
2017-02-08,612485.4279214961,627140.1131574608,-2.3367481888828334
2017-02-08,612681.4555404827,627140.1131574608,-2.305490800800987
2017-02-08,612948.3330668366,627140.1131574608,-2.26293611154498
2017-02-08,612649.4977080111,627140.1131574608,-2.3105866050401205
2017-02-09,612710.3538187424,627140.1131574608,-2.3008828547210767
2017-02-09,614311.2500335447,627140.1131574608,-2.04561354867362
2017-02-09,614627.1223686439,627140.1131574608,-1.9952464411529691
2017-02-09,615972.5207768579,627140.1131574608,-1.7807172825188153
2017-02-09,617342.0994500873,627140.1131574608,-1.562332483891596
2017-02-09,617166.1902094483,627140.1131574608,-1.590381916059681
2017-02-09,616005.0420713681,627140.1131574608,-1.7755316320034162
2017-02-09,616065.7102234043,627140.1131574608,-1.7658578524502608
2017-02-09,615888.9396913433,627140.1131574608,-1.794044620981301
2017-02-09,615651.6898008992,627140.1131574608,-1.8318750651622067
2017-02-09,615891.9538503408,627140.1131574608,-1.793564001270615
2017-02-09,616089.5746689248,627140.1131574608,-1.762052571139152
2017-02-09,615632.9762225501,627140.1131574608,-1.8348590200961177
2017-02-09,614205.6233105632,627140.1131574608,-2.0624561522267193
2017-02-09,613967.1542399918,627140.1131574608,-2.100480999556408
2017-02-09,613432.3174069513,627140.1131574608,-2.1857628722702613
2017-02-09,613334.8150884015,627140.1131574608,-2.2013100070339573
2017-02-09,612426.9612303622,627140.1131574608,-2.3460709366878736
2017-02-09,613243.8412413799,627140.1131574608,-2.2158161508944847
2017-02-09,612614.4850379267,627140.1131574608,-2.316169515357895
2017-02-09,611839.8613980331,627140.1131574608,-2.439686353723345
2017-02-09,612205.9972663672,627140.1131574608,-2.381304524742464
2017-02-10,613259.4898241722,627140.1131574608,-2.2133209217640135
2017-02-10,613284.61958887,627140.1131574608,-2.2093138802480072
2017-02-10,614346.2574693776,627140.1131574608,-2.040031472978187
2017-02-10,616391.8547672187,627140.1131574608,-1.7138528001546396
2017-02-10,617163.764162283,627140.1131574608,-1.5907687589859103
2017-02-10,618520.3579280352,627140.1131574608,-1.3744544558037846
2017-02-10,620530.0753306994,627140.1131574608,-1.0539969758084566
2017-02-10,621315.4652940945,627140.1131574608,-0.9287634040885938
2017-02-10,622596.2694747935,627140.1131574608,-0.7245340534494721
2017-02-10,623471.9691442436,627140.1131574608,-0.5849002378031902
2017-02-10,624374.5415066284,627140.1131574608,-0.44098146376072306
2017-02-10,626010.0166938534,627140.1131574608,-0.18019840222270228
2017-02-10,626371.9701208089,627140.1131574608,-0.12248348025204812
2017-02-10,625828.3194735532,627140.1131574608,-0.2091707509033531
2017-02-10,626842.7852391596,627140.1131574608,-0.04741012607282668
2017-02-10,627566.682984952,627566.682984952,0.0
2017-02-13,628466.6343195038,628466.6343195038,0.0
2017-02-13,628266.619004062,628466.6343195038,-0.031825924324262365
2017-02-13,628502.6781191124,628502.6781191124,0.0
2017-02-13,628535.8357556972,628535.8357556972,0.0
2017-02-13,630622.7054729611,630622.7054729611,0.0
2017-02-14,631756.3971144806,631756.3971144806,0.0
2017-02-14,633134.1598765859,633134.1598765859,0.0
2017-02-15,632169.4126974031,633134.1598765859,-0.15237642198469947
2017-02-15,633702.3761346298,633702.3761346298,0.0
2017-02-15,634827.085055578,634827.085055578,0.0
2017-02-15,636257.6273565419,636257.6273565419,0.0
2017-02-16,636522.7891122279,636522.7891122279,0.0
2017-02-16,637569.2326566216,637569.2326566216,0.0
2017-02-16,639332.5849202803,639332.5849202803,0.0
2017-02-16,640828.3964604877,640828.3964604877,0.0
2017-02-17,640954.8988283147,640954.8988283147,0.0
2017-02-21,642203.8755919347,642203.8755919347,0.0
2017-02-21,643609.2086595913,643609.2086595913,0.0
2017-02-21,646077.4477807046,646077.4477807046,0.0
2017-02-21,646243.640634003,646243.640634003,0.0
2017-02-21,647802.7584785055,647802.7584785055,0.0
2017-02-21,648857.2209392417,648857.2209392417,0.0
2017-02-21,648803.726411235,648857.2209392417,-0.008244422082443777
2017-02-21,648719.4011361151,648857.2209392417,-0.021240389823684692
2017-02-22,649940.7212206511,649940.7212206511,0.0
2017-02-23,650427.4971323526,650427.4971323526,0.0
2017-02-24,651713.1594354848,651713.1594354848,0.0
2017-02-27,652512.0143156637,652512.0143156637,0.0
2017-02-27,654302.1525688003,654302.1525688003,0.0
2017-02-27,655478.9162204224,655478.9162204224,0.0
2017-02-27,657761.5243498429,657761.5243498429,0.0
2017-03-01,659062.9957904158,659062.9957904158,0.0
2017-03-01,659480.6838927916,659480.6838927916,0.0
2017-03-01,660828.8059137999,660828.8059137999,0.0
2017-03-01,662481.2946965458,662481.2946965458,0.0
2017-03-01,662236.7706473207,662481.2946965458,-0.03691033259092286
2017-03-01,662634.1653678023,662634.1653678023,0.0
2017-03-01,660329.6832796385,662634.1653678023,-0.3477759235195185
2017-03-01,660809.4028456613,662634.1653678023,-0.27538008414162124
2017-03-02,662208.8100785376,662634.1653678023,-0.06419157228764388
2017-03-02,661916.084164747,662634.1653678023,-0.10836766961097456
2017-03-02,665755.0859727135,665755.0859727135,0.0
2017-03-03,667354.5894491035,667354.5894491035,0.0
2017-03-03,663595.2727479236,667354.5894491035,-0.5633162280764601
2017-03-03,663405.0946996246,667354.5894491035,-0.5918135294070817
2017-03-03,662845.6043367997,667354.5894491035,-0.6756505737116286
2017-03-03,661228.9647821233,667354.5894491035,-0.9178965371372929
2017-03-06,660254.4202932769,667354.5894491035,-1.0639275234006706
2017-03-08,654500.7858330134,667354.5894491035,-1.9260830477993447
2017-03-08,651591.1191480916,667354.5894491035,-2.362083148933529
2017-03-08,653032.014610814,667354.5894491035,-2.14617162520941
2017-03-08,650885.6336319911,667354.5894491035,-2.467796892010192
2017-03-08,647944.0614075612,667354.5894491035,-2.9085778907380453
2017-03-08,647957.6357329602,667354.5894491035,-2.9065438408321005
2017-03-09,648777.7056685316,667354.5894491035,-2.783660152229859
2017-03-09,649022.1793953478,667354.5894491035,-2.7470268944863174
2017-03-09,649964.1693983978,667354.5894491035,-2.605874047417781
2017-03-09,649078.0094632565,667354.5894491035,-2.738661016916687
2017-03-09,646021.6718207345,667354.5894491035,-3.19663908297673
2017-03-09,643633.7582119197,667354.5894491035,-3.554456897758828
2017-03-09,644002.929839491,667354.5894491035,-3.499138236074627
2017-03-09,643412.5867935097,667354.5894491035,-3.5875984123159697
2017-03-09,643665.7208991433,667354.5894491035,-3.549667436844212
2017-03-09,645050.8954355889,667354.5894491035,-3.3421054363207574
2017-03-10,646734.1191140992,667354.5894491035,-3.0898821497618414
2017-03-13,648625.3502144676,667354.5894491035,-2.8064899126709677
2017-03-13,649316.4743767416,667354.5894491035,-2.702928152071634
2017-03-13,650794.8925963476,667354.5894491035,-2.4813940166989434
2017-03-13,653127.5243885668,667354.5894491035,-2.1318599265618228
2017-03-13,656685.1514332639,667354.5894491035,-1.5987659610833123
2017-03-14,658425.324305598,667354.5894491035,-1.33800910111017
2017-03-14,657739.5671721017,667354.5894491035,-1.4407666372593453
2017-03-14,656140.3238258689,667354.5894491035,-1.6804058592736821
2017-03-14,654479.5614588328,667354.5894491035,-1.929263422148469
2017-03-15,656710.3105715599,667354.5894491035,-1.5949959805221834
2017-03-15,657516.225723054,667354.5894491035,-1.474233320875328
2017-03-15,659283.0614552024,667354.5894491035,-1.2094811546233675
2017-03-15,661763.4196489567,667354.5894491035,-0.8378109461661435
2017-03-15,663267.5403259608,667354.5894491035,-0.6124254163766887
2017-03-15,664484.540593724,667354.5894491035,-0.4300635525333934
2017-03-15,665991.4186626268,667354.5894491035,-0.20426484031554829
2017-03-15,668016.8683286617,668016.8683286617,0.0
2017-03-15,669399.303100343,669399.303100343,0.0
2017-03-15,669927.6195281259,669927.6195281259,0.0
2017-03-15,670310.2188561675,670310.2188561675,0.0
2017-03-15,672433.5205799101,672433.5205799101,0.0
2017-03-15,673636.9157259935,673636.9157259935,0.0
2017-03-15,675275.4273111898,675275.4273111898,0.0
2017-03-15,677413.8712049089,677413.8712049089,0.0
2017-03-16,675186.3036122582,677413.8712049089,-0.32883406840911267
2017-03-16,675277.0292968089,677413.8712049089,-0.3154411208467407
2017-03-16,673835.4621329788,677413.8712049089,-0.5282456152787695
2017-03-16,675338.9320443053,677413.8712049089,-0.30630302224443795
2017-03-16,676672.2468680019,677413.8712049089,-0.1094787645236639
2017-03-16,677454.6236370504,677454.6236370504,0.0
2017-03-16,679683.1872532356,679683.1872532356,0.0
2017-03-16,677857.645305667,679683.1872532356,-0.26858718617803506
2017-03-16,679006.3250970871,679683.1872532356,-0.0995849491119382
2017-03-16,679614.2907057904,679683.1872532356,-0.01013656785062466
2017-03-16,680305.2843012435,680305.2843012435,0.0
2017-03-16,678017.5093969116,680305.2843012435,-0.33628651094217427
2017-03-16,677466.001037038,680305.2843012435,-0.41735428633657196
2017-03-16,678174.4343396797,680305.2843012435,-0.3132196692772233
2017-03-16,676760.8665285947,680305.2843012435,-0.5210040042962901
2017-03-16,677547.6684358607,680305.2843012435,-0.4053497641452601
2017-03-16,677775.4995258094,680305.2843012435,-0.37186022713794725
2017-03-17,678352.0316785903,680305.2843012435,-0.287114133570104
2017-03-17,679877.4054839858,680305.2843012435,-0.06289511887257908
2017-03-17,681203.8981609447,681203.8981609447,0.0
2017-03-17,677343.6989310029,681203.8981609447,-0.5666730974915516
2017-03-17,676909.7905309305,681203.8981609447,-0.6303703841987761
2017-03-17,677618.2369374918,681203.8981609447,-0.5263712132495344
2017-03-17,676392.5368065843,681203.8981609447,-0.7063026749185748
2017-03-17,676214.9119869855,681203.8981609447,-0.7323778075005222
2017-03-17,677086.8024228401,681203.8981609447,-0.6043852287427485
2017-03-17,677192.5779265981,681203.8981609447,-0.5888574984928842
2017-03-17,679170.8878093836,681203.8981609447,-0.29844373425484966
2017-03-17,679448.4936502572,681203.8981609447,-0.2576914952228758
2017-03-17,681083.3603467303,681203.8981609447,-0.017694821556332476
2017-03-17,681699.6008287831,681699.6008287831,0.0
2017-03-17,680281.7161887926,681699.6008287831,-0.20799258768330045
2017-03-20,679607.0189550165,681699.6008287831,-0.30696539520083843
2017-03-20,679777.6077507193,681699.6008287831,-0.28194135301343026
2017-03-20,677664.3612168282,681699.6008287831,-0.5919380922401907
2017-03-20,678008.9237572146,681699.6008287831,-0.5413934623229321
2017-03-20,678207.0037017746,681699.6008287831,-0.5123366836011529
2017-03-20,676078.8011395104,681699.6008287831,-0.8245273552220397
2017-03-20,676443.6421633456,681699.6008287831,-0.77100803037695
2017-03-20,677298.0633705367,681699.6008287831,-0.6456711215460951
2017-03-20,676288.2491353672,681699.6008287831,-0.793802972282365
2017-03-20,675499.7396935221,681699.6008287831,-0.9094711406202195
2017-03-20,672951.7625134137,681699.6008287831,-1.2832394657022204
2017-03-21,670941.3925567959,681699.6008287831,-1.5781450156209378
2017-03-22,670768.2654987331,681699.6008287831,-1.6035414010452835
2017-03-22,672603.2362179218,681699.6008287831,-1.3343655474936897
2017-03-23,668364.3621463528,681699.6008287831,-1.9561752223733009
2017-03-23,669116.6776681779,681699.6008287831,-1.8458164190366892
2017-03-23,668538.859980001,681699.6008287831,-1.930577754891131
2017-03-24,664795.0893922853,681699.6008287831,-2.4797596207986574
2017-03-24,661187.826273036,681699.6008287831,-3.0089169086808574
2017-03-24,656271.6878727865,681699.6008287831,-3.730075963823705
2017-03-24,654782.7266829902,681699.6008287831,-3.9484949254874806
2017-03-24,649997.8105664726,681699.6008287831,-4.650404697871139
2017-03-24,644935.7388301045,681699.6008287831,-5.392971032106021
2017-03-24,640981.259241956,681699.6008287831,-5.973062260462429
2017-03-27,638707.6351969487,681699.6008287831,-6.306585126288258
2017-03-27,641677.9166544303,681699.6008287831,-5.870868066476206
2017-03-28,643651.2685438306,681699.6008287831,-5.581392777507112
2017-03-28,642229.9002918793,681699.6008287831,-5.789896383820399
2017-03-28,640968.4256373266,681699.6008287831,-5.974944849892421
2017-03-28,641588.9908294153,681699.6008287831,-5.883912789534126
2017-03-28,643569.1070360864,681699.6008287831,-5.593445228123826
2017-03-28,645153.4347066774,681699.6008287831,-5.361036749570383
2017-03-28,646681.6818988981,681699.6008287831,-5.136854838599236
2017-03-29,649049.3816448023,681699.6008287831,-4.789531803199827
2017-03-29,650411.4933264765,681699.6008287831,-4.589720672311932
2017-03-29,651852.4991501237,681699.6008287831,-4.378336387812539
2017-03-29,652158.9593830155,681699.6008287831,-4.333381068413898
2017-03-30,650819.57747198,681699.6008287831,-4.529857919714257
2017-03-30,651689.0962566999,681699.6008287831,-4.402306314335181
2017-03-30,651945.0044726346,681699.6008287831,-4.364766580466533
2017-03-30,652468.0035871642,681699.6008287831,-4.288046700640619
2017-03-30,653677.0915157503,681699.6008287831,-4.110682957561395
2017-03-30,655258.7343228136,681699.6008287831,-3.8786683274896747
2017-03-30,655795.9743647005,681699.6008287831,-3.7998594149959946
2017-03-30,656374.766470735,681699.6008287831,-3.714955139662578
2017-03-30,657117.9568401903,681699.6008287831,-3.6059349248125425
2017-03-30,655533.4962377483,681699.6008287831,-3.838362903428888
2017-03-30,655976.1641119928,681699.6008287831,-3.7734269882976
2017-03-30,655793.4654690411,681699.6008287831,-3.8002274503676303
2017-03-30,655674.1233091913,681699.6008287831,-3.8177340118655008
2017-03-30,656716.9506277064,681699.6008287831,-3.6647593999914116
2017-03-30,656946.1724309996,681699.6008287831,-3.631134354147973
2017-03-30,658175.967305987,681699.6008287831,-3.4507330639767138
2017-03-30,658164.6500949131,681699.6008287831,-3.452393210331528
2017-03-30,659407.2269927828,681699.6008287831,-3.2701168973691868
2017-03-30,660175.0265607227,681699.6008287831,-3.157486705565277
2017-03-31,659456.9397473962,681699.6008287831,-3.2628244250613068
2017-04-03,659585.8638987048,681699.6008287831,-3.243912260355348
2017-04-03,659343.6364253205,681699.6008287831,-3.2794451362862924
2017-04-03,658792.5799986392,681699.6008287831,-3.3602808043740238
2017-04-03,657584.5116156074,681699.6008287831,-3.537494988094102
2017-04-03,658177.0415348999,681699.6008287831,-3.4505754829965403
2017-04-03,657370.9715185661,681699.6008287831,-3.5688196502739937
2017-04-03,656978.5089525676,681699.6008287831,-3.6263908393316675
2017-04-03,657763.5053993304,681699.6008287831,-3.5112379998979275
2017-04-04,657701.780561406,681699.6008287831,-3.520292550883333
2017-04-05,657511.308591745,681699.6008287831,-3.548233299187939
2017-04-05,658501.9973560681,681699.6008287831,-3.4029070054481907
2017-04-05,660005.5559586876,681699.6008287831,-3.182346717486824
2017-04-06,660160.6553685344,681699.6008287831,-3.1595948470649753
2017-04-10,660563.9915358898,681699.6008287831,-3.1004285857285954
2017-04-10,660957.8699399945,681699.6008287831,-3.042649704293742
2017-04-10,661422.3008826623,681699.6008287831,-2.9745213172295384
2017-04-10,661865.0707010938,681699.6008287831,-2.9095704476833095
2017-04-10,662622.2487508974,681699.6008287831,-2.79849834952115
2017-04-11,662902.1005928452,681699.6008287831,-2.7574462729748754
2017-04-11,662862.8312188269,681699.6008287831,-2.7632067830251326
2017-04-11,663298.4995065285,681699.6008287831,-2.699297652497274
2017-04-11,663782.9840368152,681699.6008287831,-2.6282275609646213
2017-04-11,664188.2454765467,681699.6008287831,-2.568778877227861
2017-04-12,663820.955604791,681699.6008287831,-2.6226574289109217
2017-04-12,663759.6787939848,681699.6008287831,-2.6316462578220183
2017-04-12,664216.3038832267,681699.6008287831,-2.564662928407311
2017-04-12,664132.037004688,681699.6008287831,-2.577024220453866
2017-04-12,664292.8538632918,681699.6008287831,-2.5534336450144464
2017-04-13,662782.647950824,681699.6008287831,-2.7749690413432315
2017-04-13,662281.7460558283,681699.6008287831,-2.848447431881635
2017-04-17,662208.8969583191,681699.6008287831,-2.8591338247474374
2017-04-17,662320.7982291487,681699.6008287831,-2.8427187834750702
2017-04-17,662417.7179874927,681699.6008287831,-2.8285014129168182
2017-04-17,662277.4841966785,681699.6008287831,-2.8490726132877278
2017-04-17,662130.5579615145,681699.6008287831,-2.870625542904442
2017-04-17,662186.9010796744,681699.6008287831,-2.8623604481190825
2017-04-17,661944.6588929893,681699.6008287831,-2.897895482376193
2017-04-17,661706.1778740765,681699.6008287831,-2.9328787827364704
2017-04-17,661702.8845507854,681699.6008287831,-2.9333618875068286
2017-04-17,661519.0969742918,681699.6008287831,-2.960322087611117
2017-04-17,660846.259692568,681699.6008287831,-3.059022054708919
2017-04-17,660621.5352661664,681699.6008287831,-3.09198737053547
2017-04-17,660326.9063732704,681699.6008287831,-3.1352071248873576
2017-04-17,660026.4126249506,681699.6008287831,-3.1792872076620093
2017-04-17,660018.3723579292,681699.6008287831,-3.1804666519526648
2017-04-17,659922.6168643299,681699.6008287831,-3.194513233978373
2017-04-17,659839.1195449972,681699.6008287831,-3.2067616377079866
2017-04-17,660198.4684076898,681699.6008287831,-3.1540479699493846
2017-04-17,660538.3207826639,681699.6008287831,-3.1041942844608092
2017-04-17,660652.8502333717,681699.6008287831,-3.087393709754796
2017-04-17,660817.3831668447,681699.6008287831,-3.063258015194762
2017-04-17,659595.0993807565,681699.6008287831,-3.2425574873672884
2017-04-17,660265.250865826,681699.6008287831,-3.144251505633575
2017-04-17,659609.4701988812,681699.6008287831,-3.240449400739797
2017-04-17,659329.8524926411,681699.6008287831,-3.2814671314088786
2017-04-17,659495.7287064736,681699.6008287831,-3.2571343881256403
2017-04-18,659739.5907161634,681699.6008287831,-3.2213617385020656
2017-04-19,660131.0872604289,681699.6008287831,-3.1639322572775535
2017-04-19,660554.4376129083,681699.6008287831,-3.101830071510584
2017-04-19,661603.3001312434,681699.6008287831,-2.9479701430230296
2017-04-19,660521.0776634846,681699.6008287831,-3.1067237151892866
2017-04-19,660694.4364458311,681699.6008287831,-3.081293337624783
2017-04-19,661435.9175771956,681699.6008287831,-2.9725238546350594
2017-04-20,661887.8962121714,681699.6008287831,-2.906222123722154
2017-04-20,662349.2932202447,681699.6008287831,-2.838538791135141
2017-04-20,663085.4372458183,681699.6008287831,-2.7305522198244567
2017-04-21,663470.7521438613,681699.6008287831,-2.674029537755333
2017-04-21,663275.0564750056,681699.6008287831,-2.7027365618782406
2017-04-21,663539.7353679487,681699.6008287831,-2.663910238286252
2017-04-21,664093.4108561636,681699.6008287831,-2.5826903743547196
2017-04-25,664843.773043557,681699.6008287831,-2.4726181099025912
2017-04-25,665028.7522700536,681699.6008287831,-2.445483104062517
2017-04-26,665503.9379501363,681699.6008287831,-2.3757770811302845
2017-04-26,666607.6184406986,681699.6008287831,-2.213875784837822
2017-04-27,666946.8005060868,681699.6008287831,-2.164120428523131
2017-04-27,667587.0676199228,681699.6008287831,-2.070198250329451
2017-04-27,668101.6376489261,681699.6008287831,-1.9947148514279816
2017-04-28,668116.979997796,681699.6008287831,-1.9924642488383308
2017-04-28,668809.1944601005,681699.6008287831,-1.890921800894556
2017-05-02,668984.5365763044,681699.6008287831,-1.8652004837644474
2017-05-02,668772.2046274196,681699.6008287831,-1.8963479200584716
2017-05-02,667229.9251498723,681699.6008287831,-2.122588257543227
2017-05-02,665343.6960835701,681699.6008287831,-2.3992833097346886
2017-05-02,664952.2264257486,681699.6008287831,-2.4567088469281457
2017-05-03,664073.6444473632,681699.6008287831,-2.5855899519364502
2017-05-03,663713.7929539026,681699.6008287831,-2.638377351697738
2017-05-04,666873.13669433,681699.6008287831,-2.1749263335973317
2017-05-04,666992.8970464747,681699.6008287831,-2.1573584265604024
2017-05-04,668172.364972224,681699.6008287831,-1.9843397062449875
2017-05-05,667341.4220038665,681699.6008287831,-2.106232541057747
2017-05-05,666702.0743348895,681699.6008287831,-2.2000198438814094
2017-05-05,666252.2180272244,681699.6008287831,-2.266010245976145
2017-05-05,667904.9292775005,681699.6008287831,-2.023570431097748
2017-05-05,669183.1726529393,681699.6008287831,-1.8360621248166806
2017-05-08,671515.6699819377,681699.6008287831,-1.4939030086660114
2017-05-09,673068.737842458,681699.6008287831,-1.2660800997729955
2017-05-09,673195.2243672606,681699.6008287831,-1.2475255158112541
2017-05-09,673116.3873295806,681699.6008287831,-1.2590902926695837
2017-05-09,673092.6643557659,681699.6008287831,-1.2625702673953807
2017-05-09,673241.8082136511,681699.6008287831,-1.2406920298690818
2017-05-10,675173.2901905674,681699.6008287831,-0.9573587296048456
2017-05-10,675465.157168656,681699.6008287831,-0.9145441265547946
2017-05-10,677885.4324905558,681699.6008287831,-0.5595086653403061
2017-05-10,670985.331157622,681699.6008287831,-1.571699566515089
2017-05-10,670473.1881742589,681699.6008287831,-1.6468269368026003
2017-05-10,670254.7969794633,681699.6008287831,-1.6788632170835476
2017-05-10,669867.0234550649,681699.6008287831,-1.7357465604105806
2017-05-10,669116.4832173402,681699.6008287831,-1.8458449434538136
2017-05-10,669144.3333331846,681699.6008287831,-1.841759549269845
2017-05-11,669686.7693698838,681699.6008287831,-1.7621884249740778
2017-05-11,670297.1841050466,681699.6008287831,-1.6726453572620492
2017-05-11,669551.0702981658,681699.6008287831,-1.7820944175187492
2017-05-11,669669.1384354346,681699.6008287831,-1.7647747451696343
2017-05-11,670536.0222862959,681699.6008287831,-1.6376096639802926
2017-05-11,669802.8709943048,681699.6008287831,-1.7451572246800173
2017-05-11,671888.4882299615,681699.6008287831,-1.4392134874208051
2017-05-11,674999.4025034071,681699.6008287831,-0.9828666933690724
2017-05-12,673997.0386546948,681699.6008287831,-1.1299056306801198
2017-05-12,673510.4867277232,681699.6008287831,-1.2012789931377355
2017-05-12,673160.8650307171,681699.6008287831,-1.252565761764414
2017-05-12,672521.029392204,681699.6008287831,-1.3464246459027063
2017-05-12,672087.6860378555,681699.6008287831,-1.409992726890537
2017-05-15,672445.9488573218,681699.6008287831,-1.3574383731794983
2017-05-15,670164.3158968429,681699.6008287831,-1.6921360842688071
2017-05-15,669267.7037688236,681699.6008287831,-1.8236620712180664
2017-05-15,670868.7568252186,681699.6008287831,-1.5888001093732274
2017-05-16,669311.6037389518,681699.6008287831,-1.8172222889334895
2017-05-17,666431.4187868198,681699.6008287831,-2.239722896038209
2017-05-17,661509.2494614664,681699.6008287831,-2.9617666407270966
2017-05-17,658942.7656660276,681699.6008287831,-3.3382497415413943
2017-05-17,658384.5188303351,681699.6008287831,-3.4201401863962455
2017-05-19,659981.9945682689,681699.6008287831,-3.1858029891921364
2017-05-19,662893.8678788461,681699.6008287831,-2.7586539477320713
2017-05-19,658393.4547987898,681699.6008287831,-3.4188293497104336
2017-05-19,657517.9190594993,681699.6008287831,-3.547263595267581
2017-05-19,655273.8376442528,681699.6008287831,-3.876452788354713
2017-05-19,654643.2278277462,681699.6008287831,-3.9689583165580378
2017-05-22,653190.1266968859,681699.6008287831,-4.1821168880305235
2017-05-22,651519.3853085886,681699.6008287831,-4.427201583146389
2017-05-23,650002.5795305657,681699.6008287831,-4.649705128135839
2017-05-23,648596.6300421113,681699.6008287831,-4.855946922431316
2017-05-24,650681.2518854762,681699.6008287831,-4.550149201436539
2017-05-24,652060.9073805065,681699.6008287831,-4.3477645303361
2017-05-24,653454.0100673421,681699.6008287831,-4.143407261365736
2017-05-30,651857.9833658988,681699.6008287831,-4.377531896249322
2017-06-02,653099.6935902515,681699.6008287831,-4.195382717513843
2017-06-02,650730.6468968381,681699.6008287831,-4.542903339578637
2017-06-02,653040.5846846233,681699.6008287831,-4.204053531690109
2017-06-05,653786.7494524083,681699.6008287831,-4.094596995867315
2017-06-06,655225.3322591446,681699.6008287831,-3.883568148998786
2017-06-07,656888.9998277349,681699.6008287831,-3.639521127910958
2017-06-08,657262.9617884102,681699.6008287831,-3.584663832964524
2017-06-09,656828.0584059167,681699.6008287831,-3.6484607578805415
2017-06-09,657884.6728998059,681699.6008287831,-3.493463675205903
2017-06-09,658845.0962616004,681699.6008287831,-3.3525770793172165
2017-06-12,656892.0082194281,681699.6008287831,-3.6390798203776145
2017-06-12,658599.3722646956,681699.6008287831,-3.3886228679029884
2017-06-12,660139.1475990781,681699.6008287831,-3.1627498686360758
2017-06-12,661649.9293057673,681699.6008287831,-2.9411300077981912
2017-06-12,664566.7876105111,681699.6008287831,-2.5132497066805772
2017-06-12,667056.1341199079,681699.6008287831,-2.1480820424527636
2017-06-13,668755.5527455648,681699.6008287831,-1.898790620895395
2017-06-13,670155.2325937168,681699.6008287831,-1.693468533798629
2017-06-14,672833.4383127205,681699.6008287831,-1.3005967005530716
2017-06-14,673183.7872787548,681699.6008287831,-1.249203247247788
2017-06-15,668107.1856297618,681699.6008287831,-1.993901006029082
2017-06-15,669545.0812600036,681699.6008287831,-1.7829729625780222
2017-06-15,670136.4573277149,681699.6008287831,-1.696222718483365
2017-06-16,668684.9914981081,681699.6008287831,-1.9091414040513361
2017-06-16,667196.2139470244,681699.6008287831,-2.127533427352173
2017-06-16,668646.0734826413,681699.6008287831,-1.9148503725500077
2017-06-16,668109.1093374663,681699.6008287831,-1.9936188131537764
2017-06-16,670923.3726065784,681699.6008287831,-1.58078840138727
2017-06-16,672739.6624113875,681699.6008287831,-1.3143528918753131
2017-06-19,671333.9970798596,681699.6008287831,-1.520553002572017
2017-06-19,672208.5901516229,681699.6008287831,-1.392257038968695
2017-06-19,670870.3888424713,681699.6008287831,-1.5885607052059447
2017-06-19,672563.2155582937,681699.6008287831,-1.3402362652672422
2017-06-19,672667.8301708224,681699.6008287831,-1.3248901197800629
2017-06-19,673036.5874016506,681699.6008287831,-1.2707963179970125
2017-06-19,673464.7160764517,681699.6008287831,-1.207993189715789
2017-06-19,671540.1468878462,681699.6008287831,-1.4903124379984216
2017-06-20,671995.5332777096,681699.6008287831,-1.4235108160949024
2017-06-20,672279.6180739059,681699.6008287831,-1.3818377982655041
2017-06-21,673048.6165605242,681699.6008287831,-1.2690317344679953
2017-06-21,673964.4398354967,681699.6008287831,-1.1346876225073785
2017-06-22,676496.7944787138,681699.6008287831,-0.7632110014064831
2017-06-23,678831.9225392682,681699.6008287831,-0.42066597751099716
2017-06-23,678111.8329771362,681699.6008287831,-0.5262974845936551
2017-06-23,676797.0573730678,681699.6008287831,-0.7191647831031404
2017-06-26,677912.6737228141,681699.6008287831,-0.5555125896164611
2017-06-26,680153.6888127043,681699.6008287831,-0.2267732024779495
2017-06-26,681438.4278775738,681699.6008287831,-0.03831202935894861
2017-06-27,678273.0979430865,681699.6008287831,-0.5026411753110592
2017-06-27,675118.2159468277,681699.6008287831,-0.9654376904363844
2017-06-27,672565.0094508864,681699.6008287831,-1.3399731152535885
2017-06-27,670731.5877590234,681699.6008287831,-1.608921738611147
2017-06-27,669784.6631083346,681699.6008287831,-1.7478281791514578
2017-06-27,666725.0731441615,681699.6008287831,-2.196646098430481
2017-06-27,667983.484787152,681699.6008287831,-2.012046952199412
2017-06-27,665196.3212253266,681699.6008287831,-2.4209020488485646
2017-06-28,667154.5925105867,681699.6008287831,-2.1336389665643285
2017-06-28,669095.7500576657,681699.6008287831,-1.8488863358279977
2017-06-28,671413.6984547597,681699.6008287831,-1.5088614342033158
2017-06-28,671895.4687529155,681699.6008287831,-1.4381894992967788
2017-06-28,673349.3905770611,681699.6008287831,-1.2249105385378203
2017-06-28,674876.6379608656,681699.6008287831,-1.000875291642009
2017-06-28,675357.1582639078,681699.6008287831,-0.9303867212426801
2017-06-28,676471.1481824163,681699.6008287831,-0.7669731124985613
2017-06-28,679526.842265805,681699.6008287831,-0.31872668846168767
2017-06-28,681496.0460205986,681699.6008287831,-0.029859898397627153
2017-06-28,682724.3943067547,682724.3943067547,0.0
2017-06-28,684769.2680834634,684769.2680834634,0.0
2017-06-28,687428.6154060994,687428.6154060994,0.0
2017-06-28,685976.021255249,687428.6154060994,-0.21130836254062463
2017-06-28,687102.7394786725,687428.6154060994,-0.047405057066811314
2017-06-28,685052.4840572444,687428.6154060994,-0.3456549953846882
2017-06-28,685877.7178982033,687428.6154060994,-0.2256085174720098
2017-06-28,687494.0235152486,687494.0235152486,0.0
2017-06-29,688823.72175934,688823.72175934,0.0
2017-06-29,690561.7477353613,690561.7477353613,0.0
2017-06-29,691763.2942011392,691763.2942011392,0.0
2017-06-29,693652.5582229511,693652.5582229511,0.0
2017-06-29,696446.6752370013,696446.6752370013,0.0
2017-06-29,696918.4643621766,696918.4643621766,0.0
2017-06-29,695513.318320703,696918.4643621766,-0.20162273111239826
2017-06-29,693913.0054478,696918.4643621766,-0.4312497183048772
2017-06-29,695268.0627741378,696918.4643621766,-0.2368141572413683
2017-06-29,696968.1876770079,696968.1876770079,0.0
2017-06-30,697316.0257573042,697316.0257573042,0.0
2017-06-30,695181.3245167845,697316.0257573042,-0.3061311029244309
2017-06-30,695175.6838431606,697316.0257573042,-0.3069400150124271
2017-07-03,694121.4783520839,697316.0257573042,-0.4581204629207903
2017-07-03,696540.2697364307,697316.0257573042,-0.11124884445771106
2017-07-03,698158.6455328759,698158.6455328759,0.0
2017-07-03,699430.9746257423,699430.9746257423,0.0
2017-07-05,695661.5570918595,699430.9746257423,-0.5389263087611683
2017-07-05,693552.6276293759,699430.9746257423,-0.8404470504772588
2017-07-05,693604.9158619001,699430.9746257423,-0.832971225925428
2017-07-05,693752.3844629453,699430.9746257423,-0.8118871438079456
2017-07-05,696462.1977337736,699430.9746257423,-0.4244560220623969
2017-07-05,695696.4897837425,699430.9746257423,-0.5339318642555274
2017-07-05,696079.7770470877,699430.9746257423,-0.47913199446847676
2017-07-05,694068.7708914524,699430.9746257423,-0.7666523114963718
2017-07-05,694064.1086561955,699430.9746257423,-0.7673188869593012
2017-07-05,691731.7125525958,699430.9746257423,-1.1007894063122265
2017-07-05,690076.6282351086,699430.9746257423,-1.337422380477092
2017-07-05,691077.0159940192,699430.9746257423,-1.1943935763201197
2017-07-05,692918.111276681,699430.9746257423,-0.9311659885446599
2017-07-05,692881.1489868533,699430.9746257423,-0.9364506114979715
2017-07-05,693559.6303965737,699430.9746257423,-0.8394458412869544
2017-07-05,695575.4208872406,699430.9746257423,-0.5512414917804865
2017-07-05,690711.877367506,699430.9746257423,-1.2465986744298465
2017-07-05,690917.6482596592,699430.9746257423,-1.2171789175677414
2017-07-05,691227.7022812801,699430.9746257423,-1.1728494507769982
2017-07-05,689960.5122194967,699430.9746257423,-1.3540238779549592
2017-07-05,688593.4441516972,699430.9746257423,-1.5494781997385978
2017-07-06,690149.912634384,699430.9746257423,-1.3269446633135578
2017-07-06,689964.3814046531,699430.9746257423,-1.3534706875334894
2017-07-06,686997.8427058684,699430.9746257423,-1.7776067075849347
2017-07-06,686013.3911940638,699430.9746257423,-1.9183570528683085
2017-07-07,685630.3117755983,699430.9746257423,-1.9731272063735168
2017-07-10,686599.0650907109,699430.9746257423,-1.8346212850950199
2017-07-10,686726.3620930801,699430.9746257423,-1.816421204316884
2017-07-10,688522.6554512139,699430.9746257423,-1.5595990984478882
2017-07-10,686127.1100897671,699430.9746257423,-1.9020982796899872
2017-07-10,685692.8456640376,699430.9746257423,-1.9641865259192717
2017-07-10,685744.1453097429,699430.9746257423,-1.956852042951497
2017-07-10,683484.1067887374,699430.9746257423,-2.2799773552405136
2017-07-11,684187.8892334779,699430.9746257423,-2.1793552109156766
2017-07-11,682610.8618826406,699430.9746257423,-2.4048281178999713
2017-07-11,682201.643982174,699430.9746257423,-2.4633353781318488
2017-07-11,681465.8144872931,699430.9746257423,-2.568539397052314
2017-07-11,680648.2943556821,699430.9746257423,-2.685423001191876
2017-07-11,680467.2402682854,699430.9746257423,-2.7113089133068766
2017-07-11,681272.9844810368,699430.9746257423,-2.5961089519121816
2017-07-11,680859.8703603629,699430.9746257423,-2.6551732678577125
2017-07-11,680124.6894723858,699430.9746257423,-2.7602845532666143
2017-07-11,681667.503810151,699430.9746257423,-2.539703195886673
2017-07-11,682101.1380209773,699430.9746257423,-2.477705053602757
2017-07-13,682697.158740051,699430.9746257423,-2.392489965810479
2017-07-13,683215.7467744127,699430.9746257423,-2.3183456895094174
2017-07-13,683656.1202230466,699430.9746257423,-2.2553840157188656
2017-07-13,684098.1874561774,699430.9746257423,-2.1921801758592787
2017-07-13,691436.4640373499,699430.9746257423,-1.1430020800365834
2017-07-14,690117.4423862781,699430.9746257423,-1.331587043946373
2017-07-17,689613.2612465518,699430.9746257423,-1.4036715180427755
2017-07-17,689831.9966167001,699430.9746257423,-1.3723981861367407
2017-07-17,689237.7885163687,699430.9746257423,-1.4573541177280345
2017-07-17,689704.2434524553,699430.9746257423,-1.3906634859132017
2017-07-17,690281.9685714408,699430.9746257423,-1.3080641816295087
2017-07-19,689513.3471525253,699430.9746257423,-1.4179565722727365
2017-07-19,689556.7530007664,699430.9746257423,-1.4117506920907374
2017-07-19,690395.9563461347,699430.9746257423,-1.2917669659171411
2017-07-20,690079.267608946,699430.9746257423,-1.3370450203181712
2017-07-20,689744.9537095651,699430.9746257423,-1.3848430034657921
2017-07-20,690347.7547025353,699430.9746257423,-1.2986585170991725
2017-07-25,691004.197642434,699430.9746257423,-1.2048046610771463
2017-07-25,691431.9220002898,699430.9746257423,-1.1436514703588472
2017-07-25,691894.4323466646,699430.9746257423,-1.0775248098084893
2017-07-26,691833.1600499945,699430.9746257423,-1.086285116242289
2017-07-26,691938.5384794809,699430.9746257423,-1.0712188075843398
2017-07-26,692122.2371514731,699430.9746257423,-1.0449547903108032
2017-07-27,693461.3994160081,699430.9746257423,-0.8534902551218009
2017-07-28,692485.6927879844,699430.9746257423,-0.9929903149448381
2017-07-28,692354.7078850777,699430.9746257423,-1.0117176672724622
2017-07-28,691625.5025164722,699430.9746257423,-1.1159746125694063
2017-07-28,689884.1390592353,699430.9746257423,-1.3649432056702036
2017-07-28,690488.5018763847,699430.9746257423,-1.2785354200452153
2017-07-31,691295.1474918639,699430.9746257423,-1.1632065820693396
2017-07-31,691686.3363586996,699430.9746257423,-1.107276993442672
2017-07-31,691350.7555318295,699430.9746257423,-1.1552561134765846
2017-07-31,691939.2800828271,699430.9746257423,-1.0711127780584686
2017-07-31,691024.4938983981,699430.9746257423,-1.2019028370658567
2017-07-31,689510.6087607857,699430.9746257423,-1.4183480893543372
2017-07-31,689488.6697536452,699430.9746257423,-1.4214847830291066
2017-08-01,689737.767455689,699430.9746257423,-1.3858704463639169
2017-08-01,690398.6834305738,699430.9746257423,-1.2913770654783465
2017-08-02,690247.80845989,699430.9746257423,-1.3129481677253636
2017-08-03,691087.4057328396,699430.9746257423,-1.1929081203999072
2017-08-03,691721.496660678,699430.9746257423,-1.102250006755792
2017-08-03,692764.3068444359,699430.9746257423,-0.9531559257686136
2017-08-03,693304.0964079349,699430.9746257423,-0.875980395504476
2017-08-03,693784.9981547768,699430.9746257423,-0.8072242545430078
2017-08-03,693176.7732361677,699430.9746257423,-0.894184217809501
2017-08-03,693020.4070606942,699430.9746257423,-0.9165404160829933
2017-08-03,693428.7477586523,699430.9746257423,-0.8581585724455089
2017-08-03,692458.3968823238,699430.9746257423,-0.9968929024267853
2017-08-03,692511.3893266002,699430.9746257423,-0.9893163943510861
2017-08-03,692049.1691908203,699430.9746257423,-1.0554015625161455
2017-08-03,691058.891418763,699430.9746257423,-1.19698490783299
2017-08-03,690935.3491475027,699430.9746257423,-1.2146481620699638
2017-08-03,691186.738398248,699430.9746257423,-1.1787061949759536
2017-08-04,693088.2292483979,699430.9746257423,-0.9068436496879997
2017-08-04,693522.7156752562,699430.9746257423,-0.8447236632103009
2017-08-04,697063.709161849,699430.9746257423,-0.3384559091281308
2017-08-04,696907.7605746936,699430.9746257423,-0.36075240339461384
2017-08-04,696878.9665797789,699430.9746257423,-0.36486917773821953
2017-08-04,697368.9907293689,699430.9746257423,-0.29480877615932954
2017-08-07,701494.3926792005,701494.3926792005,0.0
2017-08-07,707684.5146155822,707684.5146155822,0.0
2017-08-07,709501.6076119011,709501.6076119011,0.0
2017-08-07,712643.2798236152,712643.2798236152,0.0
2017-08-07,711379.1277293989,712643.2798236152,-0.17738918334137752
2017-08-07,711360.1089798278,712643.2798236152,-0.18005794485355558
2017-08-07,711140.527197457,712643.2798236152,-0.21087024444124747
2017-08-07,711582.0181873239,712643.2798236152,-0.14891905478347484
2017-08-07,711489.8644610026,712643.2798236152,-0.1618503107049654
2017-08-08,711253.2559478086,712643.2798236152,-0.19505184643720191
2017-08-08,711062.3653226009,712643.2798236152,-0.22183812655969626
2017-08-08,710677.5934615299,712643.2798236152,-0.27583033724415457
2017-08-08,709524.3237791609,712643.2798236152,-0.4376602057099769
2017-08-08,715361.8305492561,715361.8305492561,0.0
2017-08-09,715154.245390698,715361.8305492561,-0.02901820445168461
2017-08-09,714613.1168909583,715361.8305492561,-0.10466223193973323
2017-08-09,714431.738396308,715361.8305492561,-0.13001702260713285
2017-08-09,714389.2847564472,715361.8305492561,-0.13595159138727744
2017-08-09,714569.306396986,715361.8305492561,-0.1107864745399613
2017-08-09,714631.0876134242,715361.8305492561,-0.10215011545567446
2017-08-09,712629.6824267486,715361.8305492561,-0.3819253426492924
2017-08-09,711371.6845092989,715361.8305492561,-0.5577801148397223
2017-08-09,711219.6564734642,715361.8305492561,-0.5790320225236895
2017-08-09,711034.4210594768,715361.8305492561,-0.6049259696252839
2017-08-09,709578.8825247034,715361.8305492561,-0.8083948258900684
2017-08-09,708104.7219304217,715361.8305492561,-1.0144668486522945
2017-08-09,707876.9255349021,715361.8305492561,-1.046310369761691
2017-08-09,707604.0266404764,715361.8305492561,-1.0844587420638838
2017-08-09,702788.9862494639,715361.8305492561,-1.757550342060988
2017-08-10,704440.3412022894,715361.8305492561,-1.5267084265009045
2017-08-10,702406.8766714449,715361.8305492561,-1.8109652101321045
2017-08-10,698637.82806189,715361.8305492561,-2.337838248166717
2017-08-10,693450.7394962192,715361.8305492561,-3.0629382387110984
2017-08-10,682746.6602506749,715361.8305492561,-4.559255037907061
2017-08-10,681833.1261680508,715361.8305492561,-4.68695741782335
2017-08-10,679417.1372154535,715361.8305492561,-5.024687060281663
2017-08-11,679243.4006773259,715361.8305492561,-5.048973586443432
2017-08-11,659725.172000045,715361.8305492561,-7.777415032962155
2017-08-11,661104.1066592393,715361.8305492561,-7.58465458638709
2017-08-11,667385.1832981773,715361.8305492561,-6.7066266611180785
2017-08-14,666632.4643055889,715361.8305492561,-6.811848796329084
2017-08-14,663830.6719869091,715361.8305492561,-7.2035096592700825
2017-08-14,664576.9222622695,715361.8305492561,-7.099191782149431
2017-08-14,663725.1335788099,715361.8305492561,-7.218262809856574
2017-08-14,665184.6791945405,715361.8305492561,-7.014233806155058
2017-08-14,666688.5066381978,715361.8305492561,-6.804014672363325
2017-08-14,667362.0984713514,715361.8305492561,-6.709853675174471
2017-08-15,669009.3351501263,715361.8305492561,-6.479587450666788
2017-08-15,663510.1452893069,715361.8305492561,-7.248315893530043
2017-08-15,662962.4539421813,715361.8305492561,-7.32487733750659
2017-08-15,663008.3585811323,715361.8305492561,-7.318460355639428
2017-08-15,659821.1817742431,715361.8305492561,-7.763993884377187
2017-08-16,658549.5246733647,715361.8305492561,-7.941758065603076
2017-08-16,657830.5452009975,715361.8305492561,-8.042263773576783
2017-08-16,648822.2727395358,715361.8305492561,-9.301524762459174
2017-08-17,648195.3750104897,715361.8305492561,-9.389158418921488
2017-08-17,647817.2746660664,715361.8305492561,-9.44201283863983
2017-08-17,643598.3831103693,715361.8305492561,-10.031769151533657
2017-08-17,641163.0636211948,715361.8305492561,-10.372200998072726
2017-08-18,638086.9380005328,715361.8305492561,-10.802210748285447
2017-08-18,638108.1185914975,715361.8305492561,-10.799249926214681
2017-08-18,638070.1021597346,715361.8305492561,-10.804564220343817
2017-08-21,639919.2282159192,715361.8305492561,-10.546076001205135
2017-08-23,644965.6678972658,715361.8305492561,-9.840637233599676
2017-08-23,643885.940656212,715361.8305492561,-9.991571655167107
2017-08-24,642717.3510725464,715361.8305492561,-10.154928090157265
2017-08-24,642356.8487557875,715361.8305492561,-10.205322492173678
2017-08-24,643665.3895643186,715361.8305492561,-10.02240235964069
2017-08-24,647435.0931050945,715361.8305492561,-9.495437769164631
2017-08-25,644628.816485518,715361.8305492561,-9.887725489830666
2017-08-25,645912.6636970461,715361.8305492561,-9.708257260369448
2017-08-25,648185.5053625657,715361.8305492561,-9.390538091068153
2017-08-25,649417.5524718105,715361.8305492561,-9.218310966747199
2017-08-28,647728.9945599326,715361.8305492561,-9.454353461575499
2017-08-28,649733.4542287115,715361.8305492561,-9.174151250165938
2017-08-29,649214.0884123105,715361.8305492561,-9.246753085240409
2017-08-30,649466.6490345581,715361.8305492561,-9.211447787772451
2017-08-30,648724.9542252636,715361.8305492561,-9.315128859031882
2017-08-30,649161.8098294364,715361.8305492561,-9.254061076894642
2017-08-31,650439.0875734523,715361.8305492561,-9.075511189345397
2017-08-31,651906.5936660076,715361.8305492561,-8.870369395376798
2017-08-31,653455.4507637477,715361.8305492561,-8.653855593326325
2017-08-31,655919.1679264391,715361.8305492561,-8.309454053087624
2017-09-01,657776.0991611262,715361.8305492561,-8.049874752740923
2017-09-08,658676.1455101586,715361.8305492561,-7.924057814990502
2017-09-08,658908.5544244155,715361.8305492561,-7.891569512661261
2017-09-08,657414.482873854,715361.8305492561,-8.100424876025325
2017-09-08,659017.7610867844,715361.8305492561,-7.876303579016869
2017-09-11,660736.3914750738,715361.8305492561,-7.636057270799701
2017-09-11,663116.8078420643,715361.8305492561,-7.303300298686323
2017-09-11,666198.0110304569,715361.8305492561,-6.8725807583347205
2017-09-11,667815.7095852665,715361.8305492561,-6.646443650408846
2017-09-11,665681.7972099289,715361.8305492561,-6.944741977802028
2017-09-11,667382.6236019369,715361.8305492561,-6.706984479515868
2017-09-13,670149.1553690939,715361.8305492561,-6.320252667862894
2017-09-15,671357.4793844551,715361.8305492561,-6.15134178056639
2017-09-15,673572.7941229406,715361.8305492561,-5.841664265792562
2017-09-18,674919.0177183033,715361.8305492561,-5.653476479154716
2017-09-19,674249.0718382263,715361.8305492561,-5.747127810756038
2017-09-19,673233.8892413633,715361.8305492561,-5.889039575335866
2017-09-20,672262.4178288976,715361.8305492561,-6.024840979741212
2017-09-20,674278.2673647389,715361.8305492561,-5.7430465856660495
2017-09-20,676366.511105932,715361.8305492561,-5.451132249170108
2017-09-20,680487.1230852901,715361.8305492561,-4.875114379137215
2017-09-21,680314.0605048403,715361.8305492561,-4.899306693160577
2017-09-21,682580.6875267127,715361.8305492561,-4.582456265156611
2017-09-25,680710.8402633099,715361.8305492561,-4.843841089388441
2017-09-26,681355.3250240481,715361.8305492561,-4.753748952344537
2017-09-26,681416.4921059877,715361.8305492561,-4.745198442752395
2017-09-26,679749.8524005057,715361.8305492561,-4.9781770046924985
2017-09-26,673549.7949581072,715361.8305492561,-5.844879305210558
2017-09-26,670928.4294520391,715361.8305492561,-6.211318412543894
2017-09-26,669494.9435306448,715361.8305492561,-6.411704547249135
2017-09-26,670712.3251534089,715361.8305492561,-6.24152750246196
2017-09-26,672272.9790800053,715361.8305492561,-6.023364628801491
2017-09-27,673761.8333390485,715361.8305492561,-5.815238587480543
2017-09-27,675448.306662189,715361.8305492561,-5.579487496057964
2017-09-27,676856.2595343556,715361.8305492561,-5.382670610946046
2017-09-28,678433.0688863737,715361.8305492561,-5.1622493800834235
2017-09-28,680004.6761252075,715361.8305492561,-4.942555349493741
2017-09-28,683397.4222648324,715361.8305492561,-4.4682854073834655
2017-09-28,684640.63559348,715361.8305492561,-4.294497363968707
2017-09-28,684727.300225815,715361.8305492561,-4.282382567143648
2017-09-28,682968.0878542706,715361.8305492561,-4.528301806389852
2017-09-28,682774.4270433692,715361.8305492561,-4.555373534658152
2017-09-28,684205.627572505,715361.8305492561,-4.355306873562046
2017-09-29,685289.2776008656,715361.8305492561,-4.203824087916562
2017-09-29,684711.2817961649,715361.8305492561,-4.284621773789299
2017-09-29,684983.7705923046,715361.8305492561,-4.24653072887983
2017-09-29,680382.8183654115,715361.8305492561,-4.889695073189413
2017-09-29,682988.0265516503,715361.8305492561,-4.52551458787634
2017-09-29,684462.043054437,715361.8305492561,-4.319462707577523
2017-09-29,689985.9242869549,715361.8305492561,-3.5472826727164737
2017-09-29,691840.2611267752,715361.8305492561,-3.2880660412676734
2017-09-29,694649.6116599854,715361.8305492561,-2.8953486200637513
2017-09-29,696426.1390841675,715361.8305492561,-2.6470089200243825
2017-10-02,698293.3998753397,715361.8305492561,-2.3859856571898987
2017-10-02,700265.4703167366,715361.8305492561,-2.110311116393845
2017-10-02,698747.6924395941,715361.8305492561,-2.3224803728912438
2017-10-02,698784.5409033952,715361.8305492561,-2.3173293483009614
2017-10-02,697884.5281071677,715361.8305492561,-2.4431415957249594
2017-10-02,695827.6599820603,715361.8305492561,-2.730669953720815
2017-10-03,694930.05234339,715361.8305492561,-2.856145985616615
2017-10-03,696449.212325815,715361.8305492561,-2.6437835254531157
2017-10-04,697787.6740182713,715361.8305492561,-2.4566807705537386
2017-10-04,699271.600769516,715361.8305492561,-2.2492435425840362
2017-10-04,698994.7143311905,715361.8305492561,-2.2879493312494614
2017-10-05,699988.4020742272,715361.8305492561,-2.1490423193567776
2017-10-10,700568.7687356945,715361.8305492561,-2.067913212842717
2017-10-10,701624.9169263028,715361.8305492561,-1.9202748925541646
2017-10-10,699857.155262231,715361.8305492561,-2.167389232260342
2017-10-11,700191.7831367892,715361.8305492561,-2.1206118029556107
2017-10-12,700694.2494158795,715361.8305492561,-2.0503723440366923
2017-10-13,700922.4992161699,715361.8305492561,-2.018465441747092
2017-10-16,701072.7078926068,715361.8305492561,-1.997467861218986
2017-10-16,701726.9546164226,715361.8305492561,-1.9060111052283193
2017-10-16,702485.8265258227,715361.8305492561,-1.799928857477215
2017-10-16,702596.9091939883,715361.8305492561,-1.7844006781109392
2017-10-17,702398.0554590556,715361.8305492561,-1.812198322106013
2017-10-17,702338.0668733541,715361.8305492561,-1.8205840904178876
2017-10-17,701778.9156846928,715361.8305492561,-1.898747498749588
2017-10-17,701694.6782857672,715361.8305492561,-1.910522994076325
2017-10-18,702363.517786664,715361.8305492561,-1.8170263225551158
2017-10-18,702802.1340863268,715361.8305492561,-1.7557124138543836
2017-10-18,701462.4439121126,715361.8305492561,-1.9429868974797644
2017-10-19,701656.6176284463,715361.8305492561,-1.915843470469603
2017-10-19,701664.6201678206,715361.8305492561,-1.9147248003040254
2017-10-19,701299.8664940704,715361.8305492561,-1.9657134969570393
2017-10-19,701073.5846855268,715361.8305492561,-1.9973452948641015
2017-10-19,701497.8152792222,715361.8305492561,-1.938042355347508
2017-10-20,701467.2281397468,715361.8305492561,-1.9423181131765086
2017-10-20,701393.1664543397,715361.8305492561,-1.952671151631217
2017-10-20,701891.8851721894,715361.8305492561,-1.8829555620439475
2017-10-20,702398.0339833505,715361.8305492561,-1.8122013241819093
2017-10-20,702931.4709171862,715361.8305492561,-1.7376324960650718
2017-10-23,703421.9529444744,715361.8305492561,-1.6690683084970008
2017-10-23,704092.5384626236,715361.8305492561,-1.5753275622743073
2017-10-23,704694.6053711158,715361.8305492561,-1.4911649912813913
2017-10-23,705190.7167776233,715361.8305492561,-1.4218138761783503
2017-10-23,705321.494720217,715361.8305492561,-1.4035325062465405
2017-10-23,704667.2985419581,715361.8305492561,-1.4949821965042065
2017-10-23,704968.7722018105,715361.8305492561,-1.4528393749308313
2017-10-23,704306.2374977994,715361.8305492561,-1.5454547026877448
2017-10-23,704104.6108243925,715361.8305492561,-1.5736399740841949
2017-10-23,704600.2961876376,715361.8305492561,-1.5043484153125322
2017-10-24,705049.9480638515,715361.8305492561,-1.4414918500036729
2017-10-24,705577.1584473145,715361.8305492561,-1.3677934276181403
2017-10-24,706299.028728623,715361.8305492561,-1.2668836152013707
2017-10-26,706330.4423051671,715361.8305492561,-1.2624923302316335
2017-10-26,705471.3016599931,715361.8305492561,-1.3825910842445936
2017-10-26,705925.5376122466,715361.8305492561,-1.3190937137034942
2017-10-26,706452.2860707352,715361.8305492561,-1.2454598635322918
2017-10-27,706638.553500915,715361.8305492561,-1.2194216515079324
2017-10-27,707578.9356081109,715361.8305492561,-1.087966202385929
2017-10-27,709072.4039732907,715361.8305492561,-0.8791951579435446
2017-10-27,709644.9869523321,715361.8305492561,-0.7991541277138839
2017-10-27,710108.0875550059,715361.8305492561,-0.7344175730226359
2017-10-30,709478.7774510251,715361.8305492561,-0.8223884539260299
2017-10-30,709473.4490067672,715361.8305492561,-0.8231333139437571
2017-10-30,709818.4542317729,715361.8305492561,-0.7749052410619848
2017-10-30,710697.4888700498,715361.8305492561,-0.6520255177194658
2017-10-30,711257.7537756388,715361.8305492561,-0.5737064235683615
2017-10-30,711891.806016929,715361.8305492561,-0.48507264214289825
2017-10-31,712820.3794342352,715361.8305492561,-0.3552679226776147
2017-10-31,713493.922965116,715361.8305492561,-0.261113677634421
2017-10-31,713626.0977945395,715361.8305492561,-0.2426370377328959
2017-10-31,714263.1468062198,715361.8305492561,-0.15358433957717096
2017-10-31,714789.7451331081,715361.8305492561,-0.07997147621207339
2017-10-31,714502.4313514349,715361.8305492561,-0.12013489693199146
2017-10-31,712984.2703029644,715361.8305492561,-0.33235771671885145
2017-10-31,713345.581425015,715361.8305492561,-0.2818502522972161
2017-10-31,712758.4284103736,715361.8305492561,-0.3639280190394749
2017-11-01,712612.9202679273,715361.8305492561,-0.3842685147484175
2017-11-01,711794.9380495605,715361.8305492561,-0.49861375703493516
2017-11-01,711601.3406687285,715361.8305492561,-0.5256766184519925
2017-11-01,712051.2192527124,715361.8305492561,-0.46278836180031097
2017-11-02,712381.6010893561,715361.8305492561,-0.4166044835816468
2017-11-02,713161.9262410739,715361.8305492561,-0.3075232999911523
2017-11-02,713687.1822537646,715361.8305492561,-0.23409807792032605
2017-11-02,715370.3844627041,715370.3844627041,0.0
2017-11-02,715831.6136061593,715831.6136061593,0.0
2017-11-02,715481.5120869621,715831.6136061593,-0.04890836232190306
2017-11-02,715998.7821937633,715998.7821937633,0.0
2017-11-02,716461.5115282178,716461.5115282178,0.0
2017-11-02,716099.4045677753,716461.5115282178,-0.0505410206432614
2017-11-02,716527.3293502372,716527.3293502372,0.0
2017-11-02,717044.3046018572,717044.3046018572,0.0
2017-11-06,716183.0300574149,717044.3046018572,-0.12011455065116693
2017-11-06,716079.3776256712,717044.3046018572,-0.13457006352233306
2017-11-06,714531.1058718825,717044.3046018572,-0.35049420431142686
2017-11-06,715871.0330136201,717044.3046018572,-0.1636260940512744
2017-11-06,716218.6820787629,717044.3046018572,-0.1151424699695127
2017-11-06,716549.6254495805,717044.3046018572,-0.06898864534617417
2017-11-06,716327.6313673203,717044.3046018572,-0.0999482500505783
2017-11-07,717764.5362386099,717764.5362386099,0.0
2017-11-07,720221.3365801799,720221.3365801799,0.0
2017-11-07,719827.5026675425,720221.3365801799,-0.05468234452860774
2017-11-07,719447.4984184231,720221.3365801799,-0.10744449274873731
2017-11-08,722231.0564684828,722231.0564684828,0.0
2017-11-08,720321.9724730765,722231.0564684828,-0.26433147374486976
2017-11-08,719955.0463672935,722231.0564684828,-0.31513600541057507
2017-11-08,719619.1539919596,722231.0564684828,-0.3616436115742092
2017-11-08,719072.6617246127,722231.0564684828,-0.43731084610426973
2017-11-09,718295.6072847365,722231.0564684828,-0.5449016832632002
2017-11-10,718782.7454450866,722231.0564684828,-0.4774526091771141
2017-11-10,714383.0047649132,722231.0564684828,-1.0866400209850398
2017-11-10,717370.060702368,722231.0564684828,-0.6730527194280131
2017-11-10,719049.9245407,722231.0564684828,-0.4404590330603716
2017-11-10,720839.2489199413,722231.0564684828,-0.19270945718495452
2017-11-13,722769.8021272711,722769.8021272711,0.0
2017-11-13,725190.0353423004,725190.0353423004,0.0
2017-11-13,726186.5205674852,726186.5205674852,0.0
2017-11-13,728271.6594173322,728271.6594173322,0.0
2017-11-13,727387.85987737,728271.6594173322,-0.1213557507742787
2017-11-13,725959.8686545739,728271.6594173322,-0.31743522253877415
2017-11-13,726452.290445266,728271.6594173322,-0.24982009783572098
2017-11-13,728259.1097851899,728271.6594173322,-0.0017232075393869505
2017-11-14,728500.309785655,728500.309785655,0.0
2017-11-14,727626.6965419613,728500.309785655,-0.1199194059300757
2017-11-14,728006.9477057479,728500.309785655,-0.06772297462059461
2017-11-14,727782.2204380727,728500.309785655,-0.09857090490374566
2017-11-14,728860.2866068705,728860.2866068705,0.0
2017-11-14,730776.9930559379,730776.9930559379,0.0
2017-11-14,732494.8616378183,732494.8616378183,0.0
2017-11-14,733870.2748268823,733870.2748268823,0.0
2017-11-15,730580.6139924944,733870.2748268823,-0.448261899579445
2017-11-15,732764.2799108796,733870.2748268823,-0.1507071418396981
2017-11-15,730692.0592564559,733870.2748268823,-0.4330759371846966
2017-11-15,727853.495389256,733870.2748268823,-0.8198696205600623
2017-11-15,727266.7292117302,733870.2748268823,-0.8998246477158192
2017-11-15,727322.3084848664,733870.2748268823,-0.8922512011486684
2017-11-16,726298.3466177969,733870.2748268823,-1.031780202689305
2017-11-16,727620.4487213107,733870.2748268823,-0.8516254602417164
2017-11-16,726564.4576193286,733870.2748268823,-0.9955188891220694
2017-11-16,725816.2330992053,733870.2748268823,-1.097474854064216
2017-11-16,725194.215771593,733870.2748268823,-1.1822333391737265
2017-11-16,725680.5254365797,733870.2748268823,-1.1159669046732423
2017-11-16,726213.6021769927,733870.2748268823,-1.043327807724027
2017-11-16,727758.0524363632,733870.2748268823,-0.8328750462009051
2017-11-16,728295.2204148152,733870.2748268823,-0.7596784613441648
2017-11-16,729841.5174166075,733870.2748268823,-0.5489740555611399
2017-11-17,732302.9402884839,733870.2748268823,-0.2135710618294434
2017-11-17,738926.9256327723,738926.9256327723,0.0
2017-11-17,738118.5870294016,738926.9256327723,-0.10939357808331242
2017-11-17,738230.4895304448,738926.9256327723,-0.09424965827724295
2017-11-20,738692.4797986645,738926.9256327723,-0.031727878085786115
2017-11-20,736195.5986987656,738926.9256327723,-0.3696342411217055
2017-11-20,734271.6182239971,738926.9256327723,-0.6300091723939657
2017-11-20,735698.4692942381,738926.9256327723,-0.4369114490948448
2017-11-20,737900.9253251076,738926.9256327723,-0.13885003673211935
2017-11-20,740011.4552632504,740011.4552632504,0.0
2017-11-21,742656.6767356789,742656.6767356789,0.0
2017-11-21,744656.8523243158,744656.8523243158,0.0
2017-11-21,745003.2637219363,745003.2637219363,0.0
2017-11-21,747010.6212515987,747010.6212515987,0.0
2017-11-21,748439.9010409878,748439.9010409878,0.0
2017-11-21,746032.3856269236,748439.9010409878,-0.3216711736928523
2017-11-21,743973.099403405,748439.9010409878,-0.5968150056363989
2017-11-22,744759.324673836,748439.9010409878,-0.49176645473238106
2017-11-22,744498.3908188598,748439.9010409878,-0.5266301564956457
2017-11-22,744760.7405074022,748439.9010409878,-0.4915772834222663
2017-11-24,744394.3363199815,748439.9010409878,-0.5405330094479777
2017-11-27,743059.6406681129,748439.9010409878,-0.7188633803985636
2017-11-28,744440.309388074,748439.9010409878,-0.5343904897842692
2017-11-28,746158.9031990259,748439.9010409878,-0.30476700116994393
2017-11-28,747536.3462375662,748439.9010409878,-0.12072509792234098
2017-11-29,747429.6189755439,748439.9010409878,-0.13498506213241027
2017-11-29,748813.0043023055,748813.0043023055,0.0
2017-11-30,750329.8260043262,750329.8260043262,0.0
2017-11-30,751704.8388660065,751704.8388660065,0.0
2017-12-04,753998.5475168625,753998.5475168625,0.0
2017-12-07,756539.5072275433,756539.5072275433,0.0
2017-12-07,762106.4543330275,762106.4543330275,0.0
2017-12-07,768568.5389376117,768568.5389376117,0.0
2017-12-07,770365.8527708453,770365.8527708453,0.0
2017-12-07,772783.729622755,772783.729622755,0.0
2017-12-07,773979.1275178472,773979.1275178472,0.0
2017-12-07,776219.5559056787,776219.5559056787,0.0
2017-12-07,778589.9216383145,778589.9216383145,0.0
2017-12-07,781350.5833254053,781350.5833254053,0.0
2017-12-07,783599.8447355841,783599.8447355841,0.0
2017-12-07,786375.1422288972,786375.1422288972,0.0
2017-12-07,790790.5952090409,790790.5952090409,0.0
2017-12-07,794813.3025082494,794813.3025082494,0.0
2017-12-07,798185.7545745473,798185.7545745473,0.0
2017-12-07,800037.8628715809,800037.8628715809,0.0
2017-12-07,800278.9429889673,800278.9429889673,0.0
2017-12-07,802003.6030390133,802003.6030390133,0.0
2017-12-08,802828.9696179071,802828.9696179071,0.0
2017-12-08,804910.4490765105,804910.4490765105,0.0
2017-12-08,806969.8666760187,806969.8666760187,0.0
2017-12-08,792357.0825890375,806969.8666760187,-1.8108215300742982
2017-12-08,793259.1796382874,806969.8666760187,-1.6990333349381233
2017-12-08,794716.0068723954,806969.8666760187,-1.5185027731082494
2017-12-11,796221.9260336696,806969.8666760187,-1.3318887217710873
2017-12-11,797744.8770538116,806969.8666760187,-1.1431640762753243
2017-12-11,802052.6642259365,806969.8666760187,-0.6093415198186483
2017-12-11,802410.5265563241,806969.8666760187,-0.5649950894046296
2017-12-11,804001.9721334957,806969.8666760187,-0.36778257343709564
2017-12-11,804812.0055252188,806969.8666760187,-0.2674029402966836
2017-12-11,806937.6931435927,806969.8666760187,-0.003986955864725618
2017-12-12,806042.9632794597,806969.8666760187,-0.11486220673603913
2017-12-12,811924.4442397469,811924.4442397469,0.0
2017-12-13,809289.7718641214,811924.4442397469,-0.3244972354653598
2017-12-13,808965.2002261135,811924.4442397469,-0.3644728317552087
2017-12-13,808266.6462928733,811924.4442397469,-0.45050964690422646
2017-12-13,807002.7534649941,811924.4442397469,-0.606175957586944
2017-12-13,802518.9531644502,811924.4442397469,-1.1584194985167091
2017-12-13,803216.2629157021,811924.4442397469,-1.072535922009198
2017-12-13,802173.4778988718,811924.4442397469,-1.200969672739136
2017-12-14,802958.753423406,811924.4442397469,-1.1042518648069477
2017-12-14,802481.0213093937,811924.4442397469,-1.163091343948345
2017-12-14,801250.3887330344,811924.4442397469,-1.3146611833699966
2017-12-14,800778.9113196194,811924.4442397469,-1.3727303075058574
2017-12-14,797393.463112975,811924.4442397469,-1.7896962247981227
2017-12-14,795781.5857332584,811924.4442397469,-1.9882217638617856
2017-12-15,803145.0816120435,811924.4442397469,-1.0813029081694894
2017-12-15,801721.1817713319,811924.4442397469,-1.2566763497272069
2017-12-15,803549.8639739219,811924.4442397469,-1.0314482246764538
2017-12-15,803549.2419129781,811924.4442397469,-1.0315248402960668
2017-12-15,803030.260677596,811924.4442397469,-1.0954447332201058
2017-12-15,800859.1274825657,811924.4442397469,-1.362850550403407
2017-12-15,800091.3507457038,811924.4442397469,-1.4574131346819015
2017-12-15,797592.9183404711,811924.4442397469,-1.7651304873195741
2017-12-15,798147.2232072752,811924.4442397469,-1.696859988662144
2017-12-15,796461.0036001654,811924.4442397469,-1.9045418264332303
2017-12-15,797009.5864393892,811924.4442397469,-1.8369760765514838
2017-12-18,799135.5637083139,811924.4442397469,-1.5751318515121226
2017-12-18,801669.2620600469,811924.4442397469,-1.263070997856523
2017-12-18,803609.4112045657,811924.4442397469,-1.0241141394587632
2017-12-18,805069.053634954,811924.4442397469,-0.844338491522074
2017-12-18,807029.4509819298,811924.4442397469,-0.602887780081629
2017-12-18,809573.5838636457,811924.4442397469,-0.28954176620491706
2017-12-18,811469.3634860845,811924.4442397469,-0.05604964315226521
2017-12-18,814502.2834803462,814502.2834803462,0.0
2017-12-18,816046.0512170538,816046.0512170538,0.0
2017-12-18,818630.3920331514,818630.3920331514,0.0
2017-12-18,821230.8307326076,821230.8307326076,0.0
2017-12-18,824647.0812171658,824647.0812171658,0.0
2017-12-18,826877.193480366,826877.193480366,0.0
2017-12-18,828810.0237218718,828810.0237218718,0.0
2017-12-18,830959.5612500128,830959.5612500128,0.0
2017-12-18,833020.0575361537,833020.0575361537,0.0
2017-12-18,834757.8475724761,834757.8475724761,0.0
2017-12-18,837217.3836370108,837217.3836370108,0.0
2017-12-18,837619.4473363545,837619.4473363545,0.0
2017-12-18,839427.2890864671,839427.2890864671,0.0
2017-12-18,840659.5756817346,840659.5756817346,0.0
2017-12-18,840711.7438209594,840711.7438209594,0.0
2017-12-18,842857.4871009684,842857.4871009684,0.0
2017-12-19,841999.5982740576,842857.4871009684,-0.1017833785710901
2017-12-19,843545.2815756906,843545.2815756906,0.0
2017-12-19,843397.9809900344,843545.2815756906,-0.017462084001115576
2017-12-19,843766.3896836796,843766.3896836796,0.0
2017-12-19,842934.464255607,843766.3896836796,-0.09859665403174615
2017-12-19,839811.9025781396,843766.3896836796,-0.46867084940684844
2017-12-20,839691.6513456565,843766.3896836796,-0.4829225704937901
2017-12-20,840258.8065421543,843766.3896836796,-0.4157054825139737
2017-12-20,833974.1692216141,843766.3896836796,-1.1605369189612351
2017-12-20,836213.5177885492,843766.3896836796,-0.8951377996890677
2017-12-20,839440.6292347425,843766.3896836796,-0.5126727613028957
2017-12-20,843145.273747955,843766.3896836796,-0.07361231062515167
2017-12-20,846652.9756233937,846652.9756233937,0.0
2017-12-20,851286.536702173,851286.536702173,0.0
2017-12-21,852650.4177163179,852650.4177163179,0.0
2017-12-21,853729.8330689237,853729.8330689237,0.0
2017-12-21,854393.6665847859,854393.6665847859,0.0
2017-12-21,856421.1382720076,856421.1382720076,0.0
2017-12-21,853263.900066359,856421.1382720076,-0.3686548666954832
2017-12-21,853104.5419719771,856421.1382720076,-0.3872623119418024
2017-12-22,853894.8405021852,856421.1382720076,-0.29498311717523684
2017-12-22,855554.4190063043,856421.1382720076,-0.10120246067863285
2017-12-26,855234.6309759144,856421.1382720076,-0.13854250474096907
2017-12-26,855621.7273049759,856421.1382720076,-0.09334320830108073
2017-12-26,853246.7095441757,856421.1382720076,-0.37066211773298097
2017-12-26,855345.5770214086,856421.1382720076,-0.1255878915797354
2017-12-26,853720.0193792799,856421.1382720076,-0.31539610269051427
2017-12-26,853493.5315819778,856421.1382720076,-0.34184194658444944
2017-12-26,854795.0473258215,856421.1382720076,-0.18987048235019616
2017-12-26,856105.8183680656,856421.1382720076,-0.03681832335177519
2017-12-26,853306.9413382463,856421.1382720076,-0.3636291532977249
2017-12-26,853715.2192741398,856421.1382720076,-0.31595658688754896
2017-12-26,854315.9405477116,856421.1382720076,-0.24581337734652947
2017-12-26,855423.6907008613,856421.1382720076,-0.11646694909455901
2017-12-26,853414.4123345682,856421.1382720076,-0.35108030419543385
2017-12-26,853483.4119629462,856421.1382720076,-0.34302356373277065
2017-12-26,852016.3943072662,856421.1382720076,-0.5143198559564707
2017-12-26,851574.5986526064,856421.1382720076,-0.5659061182422503
2017-12-27,850800.2421589702,856421.1382720076,-0.6563238413730178
2017-12-27,851339.8229428162,856421.1382720076,-0.5933197001003397
2018-01-02,848627.0025269542,856421.1382720076,-0.9100821309454789
2018-01-02,847656.3282611178,856421.1382720076,-1.0234228954897644
2018-01-02,849620.1089463341,856421.1382720076,-0.7941220763648877
2018-01-02,850276.7446495978,856421.1382720076,-0.7174500193686563
2018-01-02,849911.032810883,856421.1382720076,-0.760152356148044
2018-01-02,848417.2570398637,856421.1382720076,-0.9345730592653513
2018-01-03,849225.5732291184,856421.1382720076,-0.8401900328391743
2018-01-03,845317.5381447731,856421.1382720076,-1.2965116846179319
2018-01-03,845348.2193693223,856421.1382720076,-1.2929291919425299
2018-01-04,847803.9977620174,856421.1382720076,-1.0061802686674548
2018-01-04,849643.8374804235,856421.1382720076,-0.791351414475659
2018-01-05,852420.1564246969,856421.1382720076,-0.4671745790141767
2018-01-05,853315.6810615915,856421.1382720076,-0.36260865964634414
2018-01-05,853016.6090114742,856421.1382720076,-0.39752980261588133
2018-01-05,856617.9421426125,856617.9421426125,0.0
2018-01-05,855386.7950783039,856617.9421426125,-0.14372183954368664
2018-01-05,854952.1887493895,856617.9421426125,-0.19445698149359142
2018-01-08,855757.1050296418,856617.9421426125,-0.10049253822743906
2018-01-10,856889.0944851965,856889.0944851965,0.0
2018-01-10,857582.9191656403,857582.9191656403,0.0
2018-01-10,858620.382750175,858620.382750175,0.0
2018-01-10,855102.5622250288,858620.382750175,-0.40970615138189126
2018-01-11,854342.6026485324,858620.382750175,-0.49821553128529233
2018-01-11,854685.6138878929,858620.382750175,-0.4582664168394086
2018-01-11,854197.5257411367,858620.382750175,-0.5151120446118144
2018-01-11,854905.3979461227,858620.382750175,-0.4326690675747903
2018-01-11,855873.7756165921,858620.382750175,-0.3198860857210714
2018-01-12,856664.6868011379,858620.382750175,-0.22777189877242
2018-01-12,858459.8871999944,858620.382750175,-0.018692259513626113
2018-01-12,859621.522242008,859621.522242008,0.0
2018-01-16,859588.9281036013,859621.522242008,-0.003791684777932605
2018-01-16,860109.3814239614,860109.3814239614,0.0
2018-01-16,860739.7800620324,860739.7800620324,0.0
2018-01-16,862215.1052880706,862215.1052880706,0.0
2018-01-16,861643.7122948625,862215.1052880706,-0.06627035292048519
2018-01-16,860741.092966871,862215.1052880706,-0.17095644835718396
2018-01-16,860064.6073156011,862215.1052880706,-0.24941548336143465
2018-01-16,859361.0237646603,862215.1052880706,-0.3310173419493403
2018-01-16,857743.1250278153,862215.1052880706,-0.5186617855368202
2018-01-16,858367.3050795898,862215.1052880706,-0.44626917168137825
2018-01-16,858742.9554602191,862215.1052880706,-0.4027011132786291
2018-01-18,857856.6833277021,862215.1052880706,-0.5054912554463249
2018-01-18,857835.8160841375,862215.1052880706,-0.507911445424045
2018-01-18,859601.4633056133,862215.1052880706,-0.30313108253701215
2018-01-19,860122.7784690048,862215.1052880706,-0.24266877328329622
2018-01-19,860799.387184208,862215.1052880706,-0.16419546528236725
2018-01-19,861346.2119345717,862215.1052880706,-0.1007745454898506
2018-01-19,861182.1479169162,862215.1052880706,-0.11980274583676359
2018-01-19,861189.6331665133,862215.1052880706,-0.11893460405274639
2018-01-19,861610.9186596541,862215.1052880706,-0.07007376984130519
2018-01-22,862487.5690205025,862487.5690205025,0.0
2018-01-22,863029.9111597089,863029.9111597089,0.0
2018-01-22,863605.433391615,863605.433391615,0.0
2018-01-22,864378.646329258,864378.646329258,0.0
2018-01-24,865207.0404855517,865207.0404855517,0.0
2018-01-24,865869.5988788222,865869.5988788222,0.0
2018-01-25,864470.8849036888,865869.5988788222,-0.16153864010753002
2018-01-25,865115.010908001,865869.5988788222,-0.0871479922378925
2018-01-26,866587.8143486591,866587.8143486591,0.0
2018-01-26,868016.7899397372,868016.7899397372,0.0
2018-01-26,869279.7754115203,869279.7754115203,0.0
2018-01-26,870015.7260981348,870015.7260981348,0.0
2018-01-26,870999.0271320662,870999.0271320662,0.0
2018-01-26,871673.9681811925,871673.9681811925,0.0
2018-01-29,869122.6294582986,871673.9681811925,-0.2926941512567493
2018-01-29,869118.22662593,871673.9681811925,-0.29319925207760916
2018-01-29,869949.7711939019,871673.9681811925,-0.1978029687967267
2018-02-01,870610.0481937048,871673.9681811925,-0.12205480791260351
2018-02-01,871150.1014606118,871673.9681811925,-0.06009892915281301
2018-02-02,868597.3671785026,871673.9681811925,-0.35295318146410354
2018-02-02,864912.563469716,871673.9681811925,-0.7756804675014743
2018-02-05,862732.5963270748,871673.9681811925,-1.025770205432945
2018-02-05,860943.0419628947,871673.9681811925,-1.2310710896516288
2018-02-05,858617.2432028407,871673.9681811925,-1.4978908921182539
2018-02-05,855891.8681434153,871673.9681811925,-1.8105508038409874
2018-02-05,854010.617983789,871673.9681811925,-2.0263711940669014
2018-02-05,852031.7610591629,871673.9681811925,-2.2533892073219106
2018-02-05,848521.1450022332,871673.9681811925,-2.6561333737279393
2018-02-05,847082.4389631527,871673.9681811925,-2.8211843092379754
2018-02-05,842894.0726424071,871673.9681811925,-3.301681200694407
2018-02-05,838647.1448780157,871673.9681811925,-3.788896365930202
2018-02-05,836904.7373299339,871673.9681811925,-3.988788482901124
2018-02-05,835995.7096589474,871673.9681811925,-4.093073766638946
2018-02-06,834378.8368430998,871673.9681811925,-4.278564314122122
2018-02-06,832634.3605265673,871673.9681811925,-4.47869376391772
2018-02-06,832802.4634003784,871673.9681811925,-4.459408700930031
2018-02-06,833175.8720584627,871673.9681811925,-4.416570590384699
2018-02-07,831523.6619096912,871673.9681811925,-4.606115100038805
2018-02-07,830358.1471051164,871673.9681811925,-4.739825047464068
2018-02-07,827927.1607421727,871673.9681811925,-5.018712160270256
2018-02-07,826491.740284152,871673.9681811925,-5.18338616803211
2018-02-07,825885.0667698808,871673.9681811925,-5.252984840978259
2018-02-07,822964.7556512915,871673.9681811925,-5.588008166807617
2018-02-07,821768.6274571042,871673.9681811925,-5.725230137160031
2018-02-07,820940.7151187275,871673.9681811925,-5.820209724551417
2018-02-07,819211.5955466991,871673.9681811925,-6.018577421092399
2018-02-07,821695.8821056857,871673.9681811925,-5.733575614262013
2018-02-09,820274.0103870113,871673.9681811925,-5.896695286361565
2018-02-09,818984.704542038,871673.9681811925,-6.044606763821828
2018-02-09,816789.5000079336,871673.9681811925,-6.2964445626131464
2018-02-09,815435.6316608215,871673.9681811925,-6.451762766039253
2018-02-09,812438.1119551788,871673.9681811925,-6.795643599362434
2018-02-09,811975.3938143242,871673.9681811925,-6.848727453847626
2018-02-09,811963.3483559538,871673.9681811925,-6.850109330421902
2018-02-09,811239.5624499626,871673.9681811925,-6.933143346855987
2018-02-09,807747.0927968314,871673.9681811925,-7.3338057252930176
2018-02-09,806036.2297993756,871673.9681811925,-7.530078994876321
2018-02-09,804129.2755772973,871673.9681811925,-7.74884820121815
2018-02-09,802579.6056111387,871673.9681811925,-7.926629117332011
2018-02-09,798287.1258386313,871673.9681811925,-8.419070090585349
2018-02-09,797254.0234089387,871673.9681811925,-8.537589453030952
2018-02-09,795000.2247432389,871673.9681811925,-8.796149275621785
2018-02-09,793739.409723449,871673.9681811925,-8.940792234550642
2018-02-09,790280.0531561846,871673.9681811925,-9.337655820425828
2018-02-09,789979.6981991166,871673.9681811925,-9.372113079450633
2018-02-09,787817.9138597432,871673.9681811925,-9.620116853600754
2018-02-09,783054.2350230446,871673.9681811925,-10.166614628065474
2018-02-09,783940.2096607719,871673.9681811925,-10.064974029622926
2018-02-09,782731.2220411854,871673.9681811925,-10.203671256306105
2018-02-09,779974.9793658963,871673.9681811925,-10.519872356247191
2018-02-09,777072.6604288843,871673.9681811925,-10.85283158675718
2018-02-09,775751.1079394823,871673.9681811925,-11.004442457064519
2018-02-12,768267.6946484969,871673.9681811925,-11.86295304292038
2018-02-12,769031.4540921531,871673.9681811925,-11.775333190597632
2018-02-12,764544.9818845639,871673.9681811925,-12.290029323711545
2018-02-12,759587.5264312971,871673.9681811925,-12.858757498950151
2018-02-12,758488.1698118667,871673.9681811925,-12.984877660795094
2018-02-12,754466.5812164262,871673.9681811925,-13.446241512675611
2018-02-12,752025.8675436026,871673.9681811925,-13.726244559906256
2018-02-12,747853.2251095286,871673.9681811925,-14.204937578900555
2018-02-12,732583.017093529,871673.9681811925,-15.956763212498629
2018-02-15,734778.0315295939,871673.9681811925,-15.70494722209514
2018-02-15,737625.6137849622,871673.9681811925,-15.378267481812195
2018-02-23,743138.0907730033,871673.9681811925,-14.745866241295257
2018-02-28,748863.3196320907,871673.9681811925,-14.089057724799861
2018-03-02,746761.646800123,871673.9681811925,-14.330165399077776
2018-03-02,744499.3133673882,871673.9681811925,-14.58970434544041
2018-03-02,747765.990880575,871673.9681811925,-14.214945246002927
2018-03-05,749152.978086116,871673.9681811925,-14.055827587776303
2018-03-05,751460.4911240233,871673.9681811925,-13.791105556129303
2018-03-05,752940.1888433094,871673.9681811925,-13.621351981593449
2018-03-05,754296.0660373684,871673.9681811925,-13.465803319644978
2018-03-05,757234.6790171536,871673.9681811925,-13.128680371495363
2018-03-05,762208.2825396699,871673.9681811925,-12.558099660808994
2018-03-05,763656.8974072007,871673.9681811925,-12.391911966738768
2018-03-05,759087.0633089102,871673.9681811925,-12.916171525370041
2018-03-05,756218.0960068995,871673.9681811925,-13.245304596533911
2018-03-05,755001.3048976125,871673.9681811925,-13.384897053542335
2018-03-05,760430.7243708972,871673.9681811925,-12.762024319988816
2018-03-06,758033.0525039352,871673.9681811925,-13.037089534103776
2018-03-06,760875.8128221848,871673.9681811925,-12.71096297508984
2018-03-06,762837.7464785564,871673.9681811925,-12.485886429501885
2018-03-06,764265.5886270559,871673.9681811925,-12.32208181899152
2018-03-08,764265.2392960397,871673.9681811925,-12.322121894871831
2018-03-09,757554.2740133214,871673.9681811925,-13.092015860699583
2018-03-09,754158.1044445466,871673.9681811925,-13.481630520852974
2018-03-09,755602.1026121383,871673.9681811925,-13.315972462874642
2018-03-16,757866.2445159762,871673.9681811925,-13.056226045465596
2018-03-16,756911.7113986297,871673.9681811925,-13.16573179557285
2018-03-19,758260.1229495689,871673.9681811925,-13.011039605584344
2018-03-19,760447.5846154016,871673.9681811925,-12.760090082519318
2018-03-19,760396.2700044825,871673.9681811925,-12.765976986659197
2018-03-20,757579.2228304851,871673.9681811925,-13.089153687676822
2018-03-20,759952.1668578265,871673.9681811925,-12.816925295644793
2018-03-21,762261.7480460405,871673.9681811925,-12.551966002087694
2018-03-21,764793.0343851645,871673.9681811925,-12.261572296238514
2018-03-22,762326.9643442034,871673.9681811925,-12.544484271470122
2018-03-23,761627.6899935288,871673.9681811925,-12.624706278344282
2018-03-26,760687.2480410086,871673.9681811925,-12.732595464765954
2018-03-26,758786.1455392829,871673.9681811925,-12.950693351260423
2018-03-26,758203.0661230676,871673.9681811925,-13.017585266988036
2018-03-26,758170.9526418442,871673.9681811925,-13.021269383113527
2018-03-26,753822.4110573201,871673.9681811925,-13.520141867925437
2018-03-26,752657.137281576,871673.9681811925,-13.653824164091219
2018-03-26,751081.0355782079,871673.9681811925,-13.834637376473454
2018-03-26,748035.5359159099,871673.9681811925,-14.184022556422404
2018-03-26,743462.2836748698,871673.9681811925,-14.708674250516532
2018-03-26,742780.8127912099,871673.9681811925,-14.786853811744205
2018-03-26,734902.3916163236,871673.9681811925,-15.690680410045074
2018-03-26,734368.4100854724,871673.9681811925,-15.751939728361695
2018-03-26,733550.0483941479,871673.9681811925,-15.845823648404881
2018-03-27,730657.4156513978,871673.9681811925,-16.177671661347816
2018-03-27,725210.3153023899,871673.9681811925,-16.802572776655136
2018-03-27,723752.5336273068,871673.9681811925,-16.969812103318162
2018-03-27,724244.5276473283,871673.9681811925,-16.913369667501467
2018-03-27,721862.344401473,871673.9681811925,-17.186657999241596
2018-03-27,719971.1346651409,871673.9681811925,-17.403620969958528
2018-03-27,717717.3873735373,871673.9681811925,-17.662174898820965
2018-03-27,715724.9325827431,871673.9681811925,-17.890752883655313
2018-03-27,710738.0666162629,871673.9681811925,-18.462855085684552
2018-03-27,709389.8255211619,871673.9681811925,-18.617527720673777
2018-03-27,705440.2876932502,871673.9681811925,-19.07062577936109
2018-03-27,703994.5065158106,871673.9681811925,-19.236488387425013
2018-03-28,700332.7007010811,871673.9681811925,-19.65657731383521
2018-03-28,696051.9982516429,871673.9681811925,-20.14766717147661
2018-03-28,691332.1693937265,871673.9681811925,-20.689134397779657
2018-03-29,688844.8440971874,871673.9681811925,-20.97448481402865
2018-03-29,685662.2727252115,871673.9681811925,-21.339595106196324
2018-04-02,680851.6993594092,871673.9681811925,-21.891472705092603
2018-04-02,677778.5635492876,871673.9681811925,-22.244028353454325
2018-04-04,679083.9886788607,871673.9681811925,-22.094267642772905
2018-04-04,680375.7121346316,871673.9681811925,-21.94607881266867
2018-04-04,680413.9265186606,871673.9681811925,-21.941694790038195
2018-04-04,679844.1334654938,871673.9681811925,-22.007062470382685
2018-04-05,680154.7855939297,871673.9681811925,-21.97142390140212
2018-04-05,679432.5503129918,871673.9681811925,-22.054280027350774
2018-04-05,679944.484144335,871673.9681811925,-21.995550060639555
2018-04-05,680732.8421059046,871673.9681811925,-21.90510822225191
2018-04-05,681969.770132489,871673.9681811925,-21.76320562199813
2018-04-11,682236.4555168364,871673.9681811925,-21.73261099670448
2018-04-16,683078.9163845807,871673.9681811925,-21.635962375947553
2018-04-16,683024.7784583988,871673.9681811925,-21.64217317587483
2018-04-16,683161.5159317891,871673.9681811925,-21.626486407842098
2018-04-17,683636.7404000522,871673.9681811925,-21.571967805060524
2018-04-25,684384.7183760958,871673.9681811925,-21.486158430988667
2018-04-25,684923.2346100451,871673.9681811925,-21.424378883404724
2018-04-27,685348.1276641625,871673.9681811925,-21.375634390666917
2018-04-27,685891.6537867996,871673.9681811925,-21.313280099673094
2018-04-27,686409.0852253131,871673.9681811925,-21.253919437613504
2018-04-27,688432.4228356936,871673.9681811925,-21.02179852036249
2018-04-27,688863.9734658676,871673.9681811925,-20.972290258566577
2018-04-27,689442.8430031594,871673.9681811925,-20.905881307694766
2018-04-27,689941.6056629606,871673.9681811925,-20.848662361390577
2018-04-27,690784.2610331667,871673.9681811925,-20.75199142696261
2018-04-27,691375.7110098943,871673.9681811925,-20.684139225529808
2018-04-27,691168.1508401748,871673.9681811925,-20.707950900226553
2018-04-30,691746.5718306885,871673.9681811925,-20.641593407445086
2018-04-30,693166.7443602581,871673.9681811925,-20.47866866936522
2018-05-01,693236.7653256601,871673.9681811925,-20.47063573871018
2018-05-01,693642.6188435685,871673.9681811925,-20.424075495692346
2018-05-01,694082.8402660337,871673.9681811925,-20.37357250506344
2018-05-01,694540.0564909105,871673.9681811925,-20.32111984024074
2018-05-01,695403.8193487544,871673.9681811925,-20.22202741699834
2018-05-01,695985.7075214448,871673.9681811925,-20.155272162863067
2018-05-02,696834.6885979602,871673.9681811925,-20.057875532069232
2018-05-02,696672.7733556831,871673.9681811925,-20.076450738876765
2018-05-02,695290.4607422885,871673.9681811925,-20.23503211951371
2018-05-02,693975.6652069816,871673.9681811925,-20.385867819936234
2018-05-02,693766.2804074688,871673.9681811925,-20.409888819433295
2018-05-02,693192.8088489197,871673.9681811925,-20.475678504508515
2018-05-02,692503.7024268059,871673.9681811925,-20.554734028393405
2018-05-02,692233.0956201107,871673.9681811925,-20.58577852628747
2018-05-02,691779.7335761619,871673.9681811925,-20.637789032565955
2018-05-03,691347.6912270819,871673.9681811925,-20.687353705236113
2018-05-03,691144.9524169625,871673.9681811925,-20.710612264917835
2018-05-03,691698.146530037,871673.9681811925,-20.64714884473232
2018-05-03,691994.6312904664,871673.9681811925,-20.61313558160276
2018-05-03,692158.087488213,871673.9681811925,-20.594383593621792
2018-05-03,690786.1967342892,871673.9681811925,-20.751769359860326
2018-05-03,689472.5749649026,871673.9681811925,-20.902470403752634
2018-05-03,688174.7676034536,871673.9681811925,-21.05135719042093
2018-05-03,687644.2755248684,871673.9681811925,-21.11221619251917
2018-05-03,688132.3002417706,871673.9681811925,-21.05622912227082
2018-05-03,687343.7375170966,871673.9681811925,-21.146694451448816
2018-05-03,687048.7914313992,871673.9681811925,-21.180531195055238
2018-05-03,687317.4805953681,871673.9681811925,-21.14970669257187
2018-05-03,687613.4144565806,871673.9681811925,-21.115756629587874
2018-05-03,687516.7712614384,871673.9681811925,-21.126843710155846
2018-05-03,687424.8402788057,871673.9681811925,-21.137390197258647
2018-05-03,687121.425035016,871673.9681811925,-21.172198537861355
2018-05-03,686615.791133151,871673.9681811925,-21.230205765370975
2018-05-03,686178.4486534323,871673.9681811925,-21.280378478527854
2018-05-03,685722.6284200383,871673.9681811925,-21.332670992705506
2018-05-03,684444.1686311646,871673.9681811925,-21.479338191169774
2018-05-04,686566.1198455163,871673.9681811925,-21.235904144518216
2018-05-04,687189.2146212702,871673.9681811925,-21.164421595021636
2018-05-04,687574.126699707,871673.9681811925,-21.120263791474976
2018-05-04,687760.549743447,871673.9681811925,-21.098877005756346
2018-05-04,687633.712214266,871673.9681811925,-21.113428034444944
2018-05-04,687900.4585330323,871673.9681811925,-21.08282641864552
2018-05-04,688332.5311422448,871673.9681811925,-21.033258274478722
2018-05-04,688757.5715026718,871673.9681811925,-20.984496882497055
2018-05-07,690129.0931943704,871673.9681811925,-20.827153455738497
2018-05-07,691565.7313186232,871673.9681811925,-20.662339755123988
2018-05-07,692965.2089507746,871673.9681811925,-20.50178917276903
2018-05-07,694366.9158880961,871673.9681811925,-20.34098284052921
2018-05-07,697783.2040255006,871673.9681811925,-19.949060142122512
2018-05-07,699479.2453007672,871673.9681811925,-19.754487247074888
2018-05-07,699659.9644001445,871673.9681811925,-19.733754828077178
2018-05-07,699361.3913278755,871673.9681811925,-19.768007666084024
2018-05-07,699479.8923440947,871673.9681811925,-19.754413017104614
2018-05-07,698705.6627900781,871673.9681811925,-19.843234019254314
2018-05-07,698293.5056845519,871673.9681811925,-19.890517421142086
2018-05-07,700773.8775327657,871673.9681811925,-19.60596471694819
2018-05-08,700890.5075795515,871673.9681811925,-19.592584708935657
2018-05-08,698895.5122739513,871673.9681811925,-19.82145414618212
2018-05-08,698751.1542722284,871673.9681811925,-19.838015154884054
2018-05-08,699285.925819229,871673.9681811925,-19.776665204498762
2018-05-08,700620.7503627324,871673.9681811925,-19.623531740356356
2018-05-09,699632.4210460543,871673.9681811925,-19.736914651026538
2018-05-09,699365.10716809,871673.9681811925,-19.767581378234436
2018-05-09,699618.0990367411,871673.9681811925,-19.738557697605426
2018-05-09,699436.521387691,871673.9681811925,-19.75938861096044
2018-05-09,699488.4403002268,871673.9681811925,-19.753432380255962
2018-05-09,698501.4138884902,871673.9681811925,-19.866665819335953
2018-05-09,698218.5246701194,871673.9681811925,-19.89911937751219
2018-05-10,698686.4510084401,871673.9681811925,-19.845438029278622
2018-05-10,700201.8630171819,871673.9681811925,-19.67158724744287
2018-05-10,703129.8213448199,871673.9681811925,-19.33568662008475
2018-05-10,708129.2430077691,871673.9681811925,-18.76214400605202
2018-05-10,714673.4177164438,871673.9681811925,-18.011384553830506
2018-05-11,715530.4127099648,871673.9681811925,-17.91306855211381
2018-05-11,716907.0557587994,871673.9681811925,-17.75513759408519
2018-05-14,718278.8019870362,871673.9681811925,-17.597768408092513
2018-05-14,720082.9383241922,871673.9681811925,-17.390794653797613
2018-05-16,717871.9767291996,871673.9681811925,-17.644440130856644
2018-05-16,719602.2159129541,871673.9681811925,-17.44594399045168
2018-05-17,723184.738724821,871673.9681811925,-17.03495055223508
2018-05-18,724770.2502740518,871673.9681811925,-16.85305782546947
2018-05-18,726968.7316901297,871673.9681811925,-16.60084409690474
2018-05-21,728318.9716052838,871673.9681811925,-16.445942153696382
2018-05-21,729698.703245129,871673.9681811925,-16.28765686697111
2018-05-21,731195.94159235,871673.9681811925,-16.1158910001591
2018-05-21,732597.9388386776,871673.9681811925,-15.955051363149755
2018-05-21,734362.4278975481,871673.9681811925,-15.752626015682722
2018-05-22,734313.1747424798,871673.9681811925,-15.758276425912479
2018-05-22,735842.6961160636,871673.9681811925,-15.582806992452714
2018-05-23,735093.4027627512,871673.9681811925,-15.668767268962503
2018-05-24,736746.0002795804,871673.9681811925,-15.479178319750517
2018-05-24,738807.344155183,871673.9681811925,-15.242697255631587
2018-05-25,740234.4224062071,871673.9681811925,-15.078980280808786
2018-05-25,741278.0664100733,871673.9681811925,-14.959251570079488
2018-05-25,740160.23749235,871673.9681811925,-15.087490907093956
2018-05-29,739358.9060244405,871673.9681811925,-15.179421089382355
2018-05-29,740213.8200352188,871673.9681811925,-15.081343821735812
2018-05-29,740531.0882248153,871673.9681811925,-15.044946246360416
2018-05-29,743516.9827788973,871673.9681811925,-14.702399071260967
2018-05-30,746164.4023013755,871673.9681811925,-14.398682358462686
2018-05-31,747546.8111077258,871673.9681811925,-14.240089942397443
2018-05-31,752790.7317352399,871673.9681811925,-13.638497968914995
2018-05-31,752653.6479552381,871673.9681811925,-13.654224465862901
2018-05-31,753996.6130991139,871673.9681811925,-13.500157097454737
2018-06-01,757125.2253985847,871673.9681811925,-13.141237086799965
2018-06-01,758896.4915800589,871673.9681811925,-12.938034255680655
2018-06-01,758756.7722168725,871673.9681811925,-12.954063111455474
2018-06-01,761877.367205172,871673.9681811925,-12.596062861108345
2018-06-04,763785.3156793038,871673.9681811925,-12.377179592388856
2018-06-04,766462.6556073689,871673.9681811925,-12.070030357032943
2018-06-04,765302.309919011,871673.9681811925,-12.203147294180795
2018-06-04,769066.8445035326,871673.9681811925,-11.77127313917114
2018-06-04,770498.2717055304,871673.9681811925,-11.607057244897677
2018-06-05,772301.0716926857,871673.9681811925,-11.40023679907009
2018-06-05,774034.6081705994,871673.9681811925,-11.201362387169173
2018-06-05,776741.5051887726,871673.9681811925,-10.890822309458551
2018-06-06,778351.344950143,871673.9681811925,-10.706138606590898
2018-06-08,778547.2885134752,871673.9681811925,-10.683659609800268
2018-06-08,779476.060231266,871673.9681811925,-10.577109253624243
2018-06-11,780970.2249041449,871673.9681811925,-10.405696004241955
2018-06-12,784415.3890100388,871673.9681811925,-10.010460602973463
2018-06-14,782084.5823502272,871673.9681811925,-10.277854920676335
2018-06-14,782610.1275329256,871673.9681811925,-10.21756343534094
2018-06-14,780469.4103419743,871673.9681811925,-10.463150348463742
2018-06-14,779581.5403282731,871673.9681811925,-10.56500838783526
2018-06-15,783876.2742983516,871673.9681811925,-10.072308808996192
2018-06-18,785730.9869489219,871673.9681811925,-9.859532849374466
2018-06-18,787355.2682278593,871673.9681811925,-9.673192389726859
2018-06-18,790192.0548449949,871673.9681811925,-9.34775114441185
2018-06-18,791891.924661303,871673.9681811925,-9.152739032273749
2018-06-18,793648.8164679562,871673.9681811925,-8.951185255198245
2018-06-19,791488.6467533775,871673.9681811925,-9.199003796697884
2018-06-19,792981.9315039917,871673.9681811925,-9.02769149357496
2018-06-19,795496.3038501056,871673.9681811925,-8.739238191320183
2018-06-19,797162.9823828188,871673.9681811925,-8.548033842727456
2018-06-20,800918.5571346655,871673.9681811925,-8.117187575781687
2018-06-20,802174.8404465292,871673.9681811925,-7.973064502508663
2018-06-20,804540.3676914414,871673.9681811925,-7.701686977050599
2018-06-20,806003.4449136182,871673.9681811925,-7.533840135733366
2018-06-20,813184.5909823797,871673.9681811925,-6.710006187388489
2018-06-21,807157.911441614,871673.9681811925,-7.401397666399934
2018-06-21,806594.122739223,871673.9681811925,-7.46607651686136
2018-06-21,806019.7476016302,871673.9681811925,-7.531969862144029
2018-06-21,805329.9752269407,871673.9681811925,-7.611101785302034
2018-06-21,807261.4242472353,871673.9681811925,-7.389522491804869
2018-06-22,809492.8160672006,871673.9681811925,-7.1335332227182535
2018-06-22,811734.4189271992,871673.9681811925,-6.876372524816968
2018-06-22,807840.7239606365,871673.9681811925,-7.323064190358745
2018-06-22,807909.8368479203,871673.9681811925,-7.315135436053051
2018-06-22,808494.1100360451,871673.9681811925,-7.248106568672292
2018-06-22,806574.390904701,871673.9681811925,-7.46834018828465
2018-06-22,805654.5023906007,871673.9681811925,-7.5738714474112285
2018-06-22,804953.5295418116,871673.9681811925,-7.65428830903345
2018-06-22,803539.0972773804,871673.9681811925,-7.816554513607903
2018-06-22,803580.1119392017,871673.9681811925,-7.811849238089938
2018-06-25,803328.7775709013,871673.9681811925,-7.840682767307842
2018-06-25,800463.2242950919,871673.9681811925,-8.169424175266665
2018-06-25,798907.6952026603,871673.9681811925,-8.34787726084835
2018-06-25,795266.4727148681,871673.9681811925,-8.765604831099163
2018-06-26,794570.2643064704,871673.9681811925,-8.845475107579992
2018-06-26,785580.4936526458,871673.9681811925,-9.876797710064304
2018-06-27,787362.988818804,871673.9681811925,-9.672306669695452
2018-06-28,785038.2841453027,871673.9681811925,-9.939000956591729
2018-06-28,783638.207937052,871673.9681811925,-10.099620208669666
2018-06-28,780718.8872713983,871673.9681811925,-10.434529907962975
2018-06-28,782542.2199419208,871673.9681811925,-10.225353915897156
2018-06-29,784241.0148002096,871673.9681811925,-10.030465124869774
2018-06-29,783264.442066268,871673.9681811925,-10.142499299296171
2018-06-29,782991.0638661045,871673.9681811925,-10.173861736416313
2018-06-29,781820.1559283804,871673.9681811925,-10.308190393742999
2018-07-02,782302.1500784718,871673.9681811925,-10.252895160928253
2018-07-02,778009.5622467314,871673.9681811925,-10.745348530930476
2018-07-02,776032.6007599991,871673.9681811925,-10.972149096152965
2018-07-02,771980.5662945544,871673.9681811925,-11.437005752810911
2018-07-02,770384.0111284305,871673.9681811925,-11.62016542310085
2018-07-02,769620.462462524,871673.9681811925,-11.707761094622363
2018-07-02,773615.7669811746,871673.9681811925,-11.249412599142211
2018-07-02,768187.5735860831,871673.9681811925,-11.872144674807812
2018-07-02,766278.6326275828,871673.9681811925,-12.091141803112963
2018-07-02,764263.5491724951,871673.9681811925,-12.322315788874203
2018-07-02,765641.9848324796,871673.9681811925,-12.164179179281435
2018-07-02,764132.9699280674,871673.9681811925,-12.337296073842468
2018-07-02,762062.4551672676,871673.9681811925,-12.574829238348928
2018-07-03,757981.1380663313,871673.9681811925,-13.043045251436054
2018-07-03,756770.3244135889,871673.9681811925,-13.18195196391582
2018-07-03,754447.4830457495,871673.9681811925,-13.44843248904681
2018-07-03,752200.5250757948,871673.9681811925,-13.706207534760647
2018-07-03,750963.9319409844,871673.9681811925,-13.848071715629853
2018-07-03,751199.3654060058,871673.9681811925,-13.821062366536571
2018-07-03,750661.5871235004,871673.9681811925,-13.882757255008169
2018-07-03,748762.6133347842,871673.9681811925,-14.100610931730738
2018-07-03,750447.2949349124,871673.9681811925,-13.907341238975846
2018-07-03,746839.1287440936,871673.9681811925,-14.321276531588456
2018-07-03,747122.4642275111,871673.9681811925,-14.288771777086184
2018-07-03,747640.6006631134,871673.9681811925,-14.229330236496937
2018-07-03,747060.4312205586,871673.9681811925,-14.295888314830444
2018-07-03,747071.156885016,871673.9681811925,-14.29465784737943
2018-07-03,744858.6077910893,871673.9681811925,-14.548485445161582
2018-07-03,744126.8841869658,871673.9681811925,-14.632430088552775
2018-07-03,743552.7433645247,871673.9681811925,-14.698296552781262
2018-07-03,743037.0222699917,871673.9681811925,-14.757461001113828
2018-07-03,742415.6364233746,871673.9681811925,-14.828747499196776
2018-07-03,737985.1290398745,871673.9681811925,-15.337023247381005
2018-07-03,733912.4677722581,871673.9681811925,-15.804246247755138
2018-07-03,733065.8912027475,871673.9681811925,-15.901367029195596
2018-07-03,729443.9127898299,871673.9681811925,-16.31688688468412
2018-07-03,727896.4916715852,871673.9681811925,-16.494409808934506
2018-07-03,725912.014886901,871673.9681811925,-16.722072542608313
2018-07-05,725459.7401931271,871673.9681811925,-16.773958306125795
2018-07-05,727016.9315566492,871673.9681811925,-16.595314521825195
2018-07-05,727668.9393268919,871673.9681811925,-16.520515021777808
2018-07-05,730339.6325591112,871673.9681811925,-16.214128307282717
2018-07-05,731762.4094010375,871673.9681811925,-16.050904797821378
2018-07-05,734353.1136382759,871673.9681811925,-15.75369456420111
2018-07-05,734818.5502518776,871673.9681811925,-15.700298841649833
2018-07-05,733008.7309114096,871673.9681811925,-15.907924560270793
2018-07-05,734256.1987698876,871673.9681811925,-15.76481281161081
2018-07-05,735288.0720825592,871673.9681811925,-15.646434455672894
2018-07-05,736085.2610831871,871673.9681811925,-15.554979504655918
2018-07-05,734014.4223112497,871673.9681811925,-15.792549840300834
2018-07-05,731919.5422427392,871673.9681811925,-16.032878236579727
2018-07-05,730967.4307228716,871673.9681811925,-16.142106176683786
2018-07-05,731710.3469995972,871673.9681811925,-16.05687748983018
2018-07-05,733570.1791433996,871673.9681811925,-15.843514212768792
2018-07-05,732480.7923999352,871673.9681811925,-15.968490612573119
2018-07-05,733523.8757222261,871673.9681811925,-15.8488262242391
2018-07-05,732677.431395997,871673.9681811925,-15.945931834493276
2018-07-05,733891.3528190523,871673.9681811925,-15.80666859303291
2018-07-06,734332.9637450807,871673.9681811925,-15.756006196064703
2018-07-06,734810.9091224349,871673.9681811925,-15.701175445715302
2018-07-09,736247.5488216919,871673.9681811925,-15.536361564413486
2018-07-09,738303.3053308019,871673.9681811925,-15.300521492993266
2018-07-09,739090.5467422787,871673.9681811925,-15.210207747233543
2018-07-09,740190.7251696569,871673.9681811925,-15.083993306107836
2018-07-09,742847.1935804309,871673.9681811925,-14.779238488625223
2018-07-10,743518.6479848622,871673.9681811925,-14.702208035847988
2018-07-10,743377.3659862762,871673.9681811925,-14.718416159956686
2018-07-12,743628.5539024193,871673.9681811925,-14.689599431992765
2018-07-13,743782.0033742067,871673.9681811925,-14.671995433549675
2018-07-13,744266.2493924169,871673.9681811925,-14.616441862388129
2018-07-13,745733.1280674172,871673.9681811925,-14.448158911589335
2018-07-16,746291.2910953951,871673.9681811925,-14.38412544857993
2018-07-16,747178.8353454919,871673.9681811925,-14.28230478139301
2018-07-17,747469.4084494177,871673.9681811925,-14.248969714093468
2018-07-18,747591.4671814146,871673.9681811925,-14.234966917583252
2018-07-18,748237.889119345,871673.9681811925,-14.160808234230668
2018-07-18,749087.1325761789,871673.9681811925,-14.063381502696412
2018-07-18,750644.1620274462,871673.9681811925,-13.884756293259887
2018-07-18,751211.5127073129,871673.9681811925,-13.81966880635804
2018-07-19,752187.5205834403,871673.9681811925,-13.707699433432532
2018-07-20,752678.0683932609,871673.9681811925,-13.65142290944224
2018-07-20,753341.2878626251,871673.9681811925,-13.575337183176032
2018-07-20,753900.4439647336,871673.9681811925,-13.511189792922396
2018-07-23,753691.653374837,871673.9681811925,-13.53514262362724
2018-07-23,752628.557888331,871673.9681811925,-13.6571028433094
2018-07-23,753309.5572892936,871673.9681811925,-13.578977371421836
2018-07-24,752974.2545568689,871673.9681811925,-13.617443901875227
2018-07-24,752276.4473655547,871673.9681811925,-13.697497593597854
2018-07-24,753351.9984100971,871673.9681811925,-13.57410844997268
2018-07-25,752468.5539818943,871673.9681811925,-13.675458778243488
2018-07-25,752668.9966413768,871673.9681811925,-13.652463637078412
2018-07-25,752161.3045959695,871673.9681811925,-13.710706978504176
2018-07-25,752879.161051882,871673.9681811925,-13.628353199210947
2018-07-26,753057.0593428093,871673.9681811925,-13.607944388414579
2018-07-26,753662.5087082424,871673.9681811925,-13.53848615201726
2018-07-26,753492.8858513642,871673.9681811925,-13.557945590186801
2018-07-26,753940.056345135,871673.9681811925,-13.50664538964235
2018-07-27,754466.562044024,871673.9681811925,-13.446243712167957
2018-07-27,754414.4737165584,871673.9681811925,-13.452219378456842
2018-07-30,754864.4050270086,871673.9681811925,-13.400602452074493
2018-07-31,755590.450060961,871673.9681811925,-13.317309264431493
2018-07-31,760538.4853296282,871673.9681811925,-12.749661789654693
2018-07-31,760656.5383511642,871673.9681811925,-12.736118535428309
2018-08-01,757606.5354573319,871673.9681811925,-13.086020334170371
2018-08-01,756677.8477101085,871673.9681811925,-13.192561057092403
2018-08-01,757121.9565604643,871673.9681811925,-13.141612093768131
2018-08-02,757150.3507825723,871673.9681811925,-13.138354657714697
2018-08-02,756904.3062492562,871673.9681811925,-13.166581327581808
2018-08-02,755876.6436501521,871673.9681811925,-13.284476622912056
2018-08-02,756580.7828721644,871673.9681811925,-13.203696509278343
2018-08-02,757406.9004597893,871673.9681811925,-13.108922818910065
2018-08-02,757995.3546091934,871673.9681811925,-13.041414304157476
2018-08-02,756918.5307595258,871673.9681811925,-13.164949466267965
2018-08-02,757248.3613710628,871673.9681811925,-13.127110707330928
2018-08-02,757379.950455033,871673.9681811925,-13.112014571760339
2018-08-02,757017.8430396296,871673.9681811925,-13.153556183489195
2018-08-02,757243.8486451397,871673.9681811925,-13.127628415337341
2018-08-02,757672.8308745875,871673.9681811925,-13.078414805076283
2018-08-02,756281.5783993215,871673.9681811925,-13.238021782690737
2018-08-02,756179.3774788418,871673.9681811925,-13.249746455470971
2018-08-02,756502.963977664,871673.9681811925,-13.212624032336393
2018-08-02,753965.405631138,871673.9681811925,-13.503737274116547
2018-08-03,754439.7588469293,871673.9681811925,-13.449318622980154
2018-08-03,754194.6587640373,871673.9681811925,-13.477436943801804
2018-08-03,752632.8653168482,871673.9681811925,-13.656608687389369
2018-08-03,753450.6792278427,871673.9681811925,-13.562787609687463
2018-08-03,754087.7347308558,871673.9681811925,-13.489703460536795
2018-08-03,756329.7639507132,871673.9681811925,-13.232493849868307
2018-08-03,757048.6456377469,871673.9681811925,-13.150022454223247
2018-08-03,759295.2720823681,871673.9681811925,-12.892285441689882
2018-08-06,760952.5115919804,871673.9681811925,-12.702163954745613
2018-08-06,763511.5972333187,871673.9681811925,-12.408581063119506
2018-08-06,766439.5143587829,871673.9681811925,-12.072685162548622
2018-08-06,767203.2246168841,871673.9681811925,-11.985070952880898
2018-08-06,764103.1906661236,871673.9681811925,-12.340712404148386
2018-08-06,764077.0028114396,871673.9681811925,-12.343716721776309
2018-08-06,763159.0229235719,871673.9681811925,-12.44902901988051
2018-08-06,762932.2259310499,871673.9681811925,-12.475047577368832
2018-08-06,762420.2267563116,871673.9681811925,-12.533785040391459
2018-08-06,764893.5142342262,871673.9681811925,-12.250045067856169
2018-08-06,764356.6582644213,871673.9681811925,-12.31163414696164
2018-08-07,764862.9266409802,871673.9681811925,-12.253554131377916
2018-08-07,764277.102522735,871673.9681811925,-12.320760924241942
2018-08-07,764438.3086924274,871673.9681811925,-12.302267063512257
2018-08-07,764564.3117019996,871673.9681811925,-12.28781177240896
2018-08-08,765136.2820516829,871673.9681811925,-12.222194308705555
2018-08-08,762529.6234941414,871673.9681811925,-12.521234850547195
2018-08-09,762584.0980188908,871673.9681811925,-12.514985435428935
2018-08-09,758388.2183467458,871673.9681811925,-12.996344272024688
2018-08-09,757567.066183571,871673.9681811925,-13.090548320000126
2018-08-09,757739.1491803569,871673.9681811925,-13.070806650170871
2018-08-09,758192.0050079547,871673.9681811925,-13.018854217939507
2018-08-09,758431.7672575848,871673.9681811925,-12.991348262917073
2018-08-09,757346.3138489638,871673.9681811925,-13.115873423498146
2018-08-09,758895.2836345393,871673.9681811925,-12.93817283335576
2018-08-10,757921.0525432487,871673.9681811925,-13.049938370340119
2018-08-10,759909.3235380481,871673.9681811925,-12.82184035808125
2018-08-13,758283.81048897,871673.9681811925,-13.008322128607194
2018-08-14,759959.079467605,871673.9681811925,-12.81613226866099
2018-08-14,761363.3078317146,871673.9681811925,-12.655036673820677
2018-08-15,760873.9066222899,871673.9681811925,-12.711181657758408
2018-08-16,761245.3991260102,871673.9681811925,-12.668563371876191
2018-08-17,762523.4935909096,871673.9681811925,-12.521938084033051
2018-08-17,760490.2892998093,871673.9681811925,-12.755190924581083
2018-08-17,761006.7652323972,871673.9681811925,-12.69593987987389
2018-08-20,764359.161741832,871673.9681811925,-12.311346943545898
2018-08-21,763865.8325253344,871673.9681811925,-12.367942555495508
2018-08-23,763740.7473612913,871673.9681811925,-12.382292549714577
2018-08-23,761127.3427628286,871673.9681811925,-12.682107009462158
2018-08-27,763518.3137852233,871673.9681811925,-12.407810528246406
2018-08-29,763960.6202054007,871673.9681811925,-12.35706834294284
2018-08-29,765404.818735359,871673.9681811925,-12.191387299034682
2018-08-30,770819.3196848052,871673.9681811925,-11.570226045275556
2018-08-31,781820.8910736584,871673.9681811925,-10.308106056559057
2018-08-31,779345.9879179146,871673.9681811925,-10.592031382550813
2018-08-31,780786.9408546601,871673.9681811925,-10.426722678913357
2018-09-04,780008.7037799673,871673.9681811925,-10.516003431018033
2018-09-04,779183.2466914569,871673.9681811925,-10.610701347744028
2018-09-04,777221.6740327295,871673.9681811925,-10.835736479035187
2018-09-04,777866.0562790286,871673.9681811925,-10.761811792762439
2018-09-05,779741.5401492709,871673.9681811925,-10.546652921590045
2018-09-05,779615.4684772788,871673.9681811925,-10.561116089769213
2018-09-05,778701.2019397768,871673.9681811925,-10.666002385663736
2018-09-05,778485.1208904588,871673.9681811925,-10.690791590940663
2018-09-05,778450.160021422,871673.9681811925,-10.694802364499703
2018-09-05,775016.7010962961,871673.9681811925,-11.088694926450362
2018-09-05,775246.846967371,871673.9681811925,-11.062292179611992
2018-09-05,773821.9218594236,871673.9681811925,-11.225762142001773
2018-09-06,771732.3587985352,871673.9681811925,-11.465480561636177
2018-09-06,770286.2668776462,871673.9681811925,-11.63137881874558
2018-09-06,770485.2219012278,871673.9681811925,-11.608554341837458
2018-09-06,769987.0128078702,871673.9681811925,-11.665709782007045
2018-09-06,771407.294941414,871673.9681811925,-11.502772469962798
2018-09-06,773394.3782795204,871673.9681811925,-11.27481070780847
2018-09-07,775164.8064819839,871673.9681811925,-11.071704011143254
2018-09-10,776092.9554516684,871673.9681811925,-10.96522509774618
2018-09-10,778200.8702304404,871673.9681811925,-10.723401336142933
2018-09-10,783624.0953545255,871673.9681811925,-10.101239229432208
2018-09-10,786146.185089605,871673.9681811925,-9.811900574482804
2018-09-10,788018.1191392698,871673.9681811925,-9.597148945089685
2018-09-10,788659.0145903458,871673.9681811925,-9.523624270214599
2018-09-10,787301.8384092305,871673.9681811925,-9.679321954286452
2018-09-10,787677.2329803439,871673.9681811925,-9.636256016238917
2018-09-10,789685.4313989074,871673.9681811925,-9.40587189420831
2018-09-11,791584.5684025929,871673.9681811925,-9.18799949317193
2018-09-12,793866.1924347485,871673.9681811925,-8.926247494667676
2018-09-12,791783.0693070247,871673.9681811925,-9.16522711362663
2018-09-12,794014.8088728643,871673.9681811925,-8.909197950510022
2018-09-13,795629.7676913685,871673.9681811925,-8.7239269802327
2018-09-13,800992.0695955153,871673.9681811925,-8.108754094510804
2018-09-13,803389.6428609244,871673.9681811925,-7.833700192142722
2018-09-13,803503.4190663025,871673.9681811925,-7.820647581931644
2018-09-13,803848.9317517901,871673.9681811925,-7.781009747362767
2018-09-13,802539.1527036515,871673.9681811925,-7.931269947385901
2018-09-13,800973.4089181338,871673.9681811925,-8.110894880867013
2018-09-13,799853.5220706286,871673.9681811925,-8.239370307274658
2018-09-14,801021.513969563,871673.9681811925,-8.105376183144571
2018-09-14,796947.2775593111,871673.9681811925,-8.57277988670509
2018-09-14,797492.5245384725,871673.9681811925,-8.510228175966372
2018-09-14,799806.6226409449,871673.9681811925,-8.244750693909532
2018-09-14,801303.6005303334,871673.9681811925,-8.07301470728692
2018-09-14,801798.1943207129,871673.9681811925,-8.016274021154972
2018-09-14,803803.5719185459,871673.9681811925,-7.786213508734566
2018-09-14,805242.8698599022,871673.9681811925,-7.621094669134536
2018-09-17,802311.7016303769,871673.9681811925,-7.957363542190526
2018-09-17,804412.4983448971,871673.9681811925,-7.716356377676522
2018-09-17,804025.4828937723,871673.9681811925,-7.760755483907983
2018-09-17,805780.3252087309,871673.9681811925,-7.559436828193143
2018-09-17,805576.6660753711,871673.9681811925,-7.5828009690065645
2018-09-17,804814.0602762453,871673.9681811925,-7.670288473161009
2018-09-17,804713.3090163645,871673.9681811925,-7.681846838278998
2018-09-17,802076.3566732573,871673.9681811925,-7.984362737498678
2018-09-18,800749.4739758866,871673.9681811925,-8.136585098817939
2018-09-18,796353.7070396154,871673.9681811925,-8.640875360628016
2018-09-18,798197.7639062532,871673.9681811925,-8.429321851638234
2018-09-19,795764.6758740257,871673.9681811925,-8.70845007171165
2018-09-19,795994.7506600689,871673.9681811925,-8.682055479875517
2018-09-19,791016.0036939183,871673.9681811925,-9.25322625563461
2018-09-20,792714.8146400427,871673.9681811925,-9.058335618981888
2018-09-20,789497.2072696298,871673.9681811925,-9.427465303688047
2018-09-20,790251.6896992935,871673.9681811925,-9.34090972703845
2018-09-20,791868.3396234427,871673.9681811925,-9.155444750090416
2018-09-21,793446.1180061556,871673.9681811925,-8.974439186048507
2018-09-21,794263.9439920562,871673.9681811925,-8.88061672309174
2018-09-21,793759.631433417,871673.9681811925,-8.938472363738148
2018-09-21,789744.6624360292,871673.9681811925,-9.39907680346523
2018-09-21,790267.1577531826,871673.9681811925,-9.339135204171674
2018-09-21,789292.453967321,871673.9681811925,-9.450954969524469
2018-09-21,788556.8368104876,871673.9681811925,-9.535346288261259
2018-09-21,784967.530874566,871673.9681811925,-9.94711789862734
2018-09-21,783451.6594031695,871673.9681811925,-10.121021390842369
2018-09-24,782852.8280242453,871673.9681811925,-10.189720399965434
2018-09-24,781411.8706814534,871673.9681811925,-10.355029609072437
2018-09-24,783112.3378164729,871673.9681811925,-10.15994897146115
2018-09-24,784941.1081938742,871673.9681811925,-9.950149155915753
2018-09-24,787591.5237687629,871673.9681811925,-9.646088730614883
2018-09-24,789216.3731292338,871673.9681811925,-9.459683099635534
2018-09-25,787621.4460293665,871673.9681811925,-9.642655995246413
2018-09-25,789573.3990645829,871673.9681811925,-9.418724444406445
2018-09-26,790798.1295719529,871673.9681811925,-9.278221165419525
2018-09-26,789762.2020789684,871673.9681811925,-9.39706462418955
2018-09-26,791111.2173783829,871673.9681811925,-9.24230317109381
2018-09-26,777419.6296174206,871673.9681811925,-10.813026659547956
2018-09-26,777990.5407955175,871673.9681811925,-10.747530705907383
2018-09-26,781608.9585861391,871673.9681811925,-10.332419331390636
2018-09-26,782174.9547249364,871673.9681811925,-10.26748723986813
2018-09-27,779867.4357949835,871673.9681811925,-10.532209947461162
2018-09-27,781278.5685677814,871673.9681811925,-10.370322266480821
2018-09-27,786199.841839567,871673.9681811925,-9.805744975953933
2018-09-28,786079.8493452127,871673.9681811925,-9.819510729978301
2018-09-28,787905.2532719334,871673.9681811925,-9.610097119688946
2018-09-28,788466.5028358063,871673.9681811925,-9.545709563749421
2018-09-28,788537.23518028,871673.9681811925,-9.537595022412217
2018-09-28,790038.6033812327,871673.9681811925,-9.365355371377856
2018-09-28,787569.0496582503,871673.9681811925,-9.648667000855022
2018-09-28,787026.8877924506,871673.9681811925,-9.710864781859192
2018-09-28,788365.720988079,871673.9681811925,-9.557271437959988
2018-10-01,789933.4596332349,871673.9681811925,-9.377417650605627
2018-10-01,791798.7435181589,871673.9681811925,-9.163428940031185
2018-10-01,793235.1237553888,871673.9681811925,-8.998644824678173
2018-10-01,777293.4637938194,871673.9681811925,-10.827500628968476
2018-10-01,777847.5753751002,871673.9681811925,-10.76393195518589
2018-10-01,776830.0345246593,871673.9681811925,-10.880666065367492
2018-10-01,776535.8929780022,871673.9681811925,-10.91441051081317
2018-10-01,775434.7188079087,871673.9681811925,-11.04073918532793
2018-10-01,769159.0463603924,871673.9681811925,-11.760695576891504
2018-10-01,764190.1278589729,871673.9681811925,-12.33073881356031
2018-10-01,764782.7895768047,871673.9681811925,-12.262747599016128
2018-10-02,767181.7466183695,871673.9681811925,-11.987534947367216
2018-10-02,768811.1014743545,871673.9681811925,-11.800612437866928
2018-10-02,763983.4247429243,871673.9681811925,-12.354452165523762
2018-10-02,758079.0264038711,871673.9681811925,-13.031815325900464
2018-10-02,754668.8392867442,871673.9681811925,-13.423038104325578
2018-10-02,750702.888499388,871673.9681811925,-13.878019087138622
2018-10-02,750837.2849687244,871673.9681811925,-13.862600883286923
2018-10-03,750547.0581309109,871673.9681811925,-13.895896226317422
2018-10-03,750493.1338402809,871673.9681811925,-13.902082517591264
2018-10-03,748608.6521708486,871673.9681811925,-14.118273632414214
2018-10-03,749436.9050824273,871673.9681811925,-14.023254973854643
2018-10-03,751577.4709569664,871673.9681811925,-13.777685420021857
2018-10-03,753699.5072427766,871673.9681811925,-13.534241613820102
2018-10-03,756036.8825522342,871673.9681811925,-13.26609372885633
2018-10-04,757444.7894823067,871673.9681811925,-13.104576122335379
2018-10-04,755424.6127367123,871673.9681811925,-13.336334419512658
2018-10-04,752462.8401621651,871673.9681811925,-13.67611427788415
2018-10-05,750670.920346228,871673.9681811925,-13.881686530968182
2018-10-05,748554.3962763089,871673.9681811925,-14.124497965882934
2018-10-05,741796.8165132726,871673.9681811925,-14.899739628443593
2018-10-05,741736.33881889,871673.9681811925,-14.906677737942116
2018-10-05,736852.2678768488,871673.9681811925,-15.466987110520053
2018-10-05,737165.1698333598,871673.9681811925,-15.43109043723017
2018-10-05,734935.0476664429,871673.9681811925,-15.686934049443362
2018-10-05,735308.3764927763,871673.9681811925,-15.644105097339589
2018-10-05,734106.6761733405,871673.9681811925,-15.78196631188787
2018-10-05,732652.5833844482,871673.9681811925,-15.948782442915208
2018-10-05,731541.5982163321,871673.9681811925,-16.076236652708143
2018-10-05,731318.4732450712,871673.9681811925,-16.101833949335738
2018-10-05,729963.3050040784,871673.9681811925,-16.257301278917748
2018-10-05,729656.6028176299,871673.9681811925,-16.292486703473728
2018-10-05,729085.3727726602,871673.9681811925,-16.35801923809348
2018-10-05,721037.0751964553,871673.9681811925,-17.28133436163654
2018-10-05,718510.6929211135,871673.9681811925,-17.571165464498698
2018-10-08,718054.6876107535,871673.9681811925,-17.62347921103761
2018-10-08,718923.1112393492,871673.9681811925,-17.52385209582069
2018-10-08,716210.2211037516,871673.9681811925,-17.835079714704193
2018-10-08,714197.2278118146,871673.9681811925,-18.066013913202422
2018-10-08,712118.2231822966,871673.9681811925,-18.304521050665297
2018-10-08,711059.6969141008,871673.9681811925,-18.425957081433143
2018-10-08,705406.1623401215,871673.9681811925,-19.074540701037595
2018-10-09,702722.3996103895,871673.9681811925,-19.38242677171283
2018-10-09,703260.3476546244,871673.9681811925,-19.32071240787134
2018-10-09,703430.1037569975,871673.9681811925,-19.301237683539796
2018-10-09,701585.3869086175,871673.9681811925,-19.512866906817987
2018-10-09,701049.0760935347,871673.9681811925,-19.57439344479661
2018-10-09,686468.3788547927,871673.9681811925,-21.24711716616294
2018-10-09,685354.2176189895,871673.9681811925,-21.374935740133658
2018-10-10,683313.2997929476,871673.9681811925,-21.609073491235762
2018-10-10,679680.8609733677,871673.9681811925,-22.025793383325603
2018-10-10,677496.950337676,871673.9681811925,-22.276335525848065
2018-10-10,674310.3562048153,871673.9681811925,-22.64190731635475
2018-10-10,671200.2082362368,871673.9681811925,-22.998709065874472
2018-10-10,669307.8039932252,871673.9681811925,-23.21580907253869
2018-10-10,666769.2904738224,871673.9681811925,-23.50703189346331
2018-10-11,665603.9693994205,871673.9681811925,-23.640719615815893
2018-10-11,664098.2968143721,871673.9681811925,-23.813453073508818
2018-10-11,662672.8098614706,871673.9681811925,-23.976987491758777
2018-10-11,662015.2602779228,871673.9681811925,-24.052422758561544
2018-10-11,659317.9755336738,871673.9681811925,-24.36186009897876
2018-10-11,654946.1346950186,871673.9681811925,-24.86340551598568
2018-10-12,653231.218087348,871673.9681811925,-25.060143822998437
2018-10-12,653599.5592011537,871673.9681811925,-25.017887070215718
2018-10-12,651443.1365100911,871673.9681811925,-25.2652757464615
2018-10-12,649752.3296343453,871673.9681811925,-25.45924814181408
2018-10-12,648387.1672184265,871673.9681811925,-25.61586202105694
2018-10-12,647462.8988276992,871673.9681811925,-25.721895747480566
2018-10-12,645902.8721550605,871673.9681811925,-25.900864803524975
2018-10-12,645436.109383035,871673.9681811925,-25.954412665347608
2018-10-15,644470.6206139914,871673.9681811925,-26.065175267454237
2018-10-15,641643.7354815243,871673.9681811925,-26.389480596700864
2018-10-15,639999.0449742441,871673.9681811925,-26.578162439605034
2018-10-15,638053.4457332942,871673.9681811925,-26.80136507177833
2018-10-15,636843.038338825,871673.9681811925,-26.940225177580828
2018-10-15,635454.0858991924,871673.9681811925,-27.099568290984887
2018-10-15,634068.745000045,871673.9681811925,-27.258497081991223
2018-10-15,632284.977417001,871673.9681811925,-27.463134096305875
2018-10-16,631978.4215923514,871673.9681811925,-27.49830272997395
2018-10-16,630926.6209721703,871673.9681811925,-27.618967182346644
2018-10-16,629918.0339679358,871673.9681811925,-27.734674091242738
2018-10-16,629419.7179552282,871673.9681811925,-27.791841797391797
2018-10-16,630611.1937499697,871673.9681811925,-27.65515355864267
2018-10-16,630023.380443085,871673.9681811925,-27.722588554792804
2018-10-16,630319.0366317944,871673.9681811925,-27.688670346896068
2018-10-16,628721.3222148351,871673.9681811925,-27.871963008519664
2018-10-16,627560.615292774,871673.9681811925,-28.0051213870454
2018-10-16,626316.396516096,871673.9681811925,-28.147860395217716
2018-10-16,626155.8414000088,871673.9681811925,-28.166279565910884
2018-10-30,623037.4135284256,871673.9681811925,-28.524031200744027
2018-12-03,624633.0565029673,871673.9681811925,-28.340976178707393
2019-02-13,617866.1968562593,871673.9681811925,-29.11728244615594
2019-02-15,619791.1890834568,871673.9681811925,-28.896443887535895
2019-02-19,620191.8016149404,871673.9681811925,-28.850484899874534
2019-02-20,621683.9466120542,871673.9681811925,-28.679303351316044
2019-02-20,623045.6689655524,871673.9681811925,-28.523084122199972
2019-02-21,624473.7997968137,871673.9681811925,-28.359246393485726
2019-02-21,624576.579917305,871673.9681811925,-28.34745527384202
2019-02-22,625984.1004618988,871673.9681811925,-28.185981994155735
2019-02-22,626590.6422295043,871673.9681811925,-28.11639843542321
2019-02-25,627201.2182711625,871673.9681811925,-28.046352057540414
2019-02-25,628258.656155925,871673.9681811925,-27.92504088807083
2019-02-25,629700.6808305901,871673.9681811925,-27.75960923273828
2019-02-28,628105.5530022834,871673.9681811925,-27.94260515627549
2019-02-28,632929.7550925245,871673.9681811925,-27.389164045683756
2019-03-01,635128.0179253017,871673.9681811925,-27.13697539338707
2019-03-01,638128.7889339234,871673.9681811925,-26.792721564758576
2019-03-01,649350.9638959082,871673.9681811925,-25.50529353872716
2019-03-04,649426.9517621369,871673.9681811925,-25.496576074514337
2019-03-05,649361.6660990134,871673.9681811925,-25.504065762804522
2019-03-05,650554.8057217365,871673.9681811925,-25.367186646727134
2019-03-06,631652.702702041,871673.9681811925,-27.535669784882106
2019-03-06,628888.1643931686,871673.9681811925,-27.85282257477679
2019-03-06,628371.8293006193,871673.9681811925,-27.91205746206231
2019-03-06,629079.3783157709,871673.9681811925,-27.830886170848018
2019-03-07,627272.3703035833,871673.9681811925,-28.038189368849668
2019-03-07,625045.3354586827,871673.9681811925,-28.293678797947507
2019-03-08,623610.3694170922,871673.9681811925,-28.458300674242004
2019-03-08,624352.5047310006,871673.9681811925,-28.37316158084256
2019-03-11,625048.751611341,871673.9681811925,-28.293286890791506
2019-03-11,626855.8009756446,871673.9681811925,-28.08597894880098
2019-03-11,628814.6340598832,871673.9681811925,-27.86125810640554
2019-03-11,631628.7848644251,871673.9681811925,-27.53841368208324
2019-03-11,633374.2958559705,871673.9681811925,-27.338165532515635
2019-03-11,635138.2599054389,871673.9681811925,-27.135800415068218
2019-03-11,636433.84343488,871673.9681811925,-26.987168750393813
2019-03-11,637571.2262037665,871673.9681811925,-26.85668616052598
2019-03-11,635906.3727712707,871673.9681811925,-27.047681130350497
2019-03-11,637522.2040949248,871673.9681811925,-26.862310064718507
2019-03-11,634591.5476205035,871673.9681811925,-27.19852022831171
2019-03-11,636597.7085384997,871673.9681811925,-26.96836985199817
2019-03-11,636867.4806026488,871673.9681811925,-26.93742111726516
2019-03-11,636727.5533160787,871673.9681811925,-26.953473826383227
2019-03-11,635273.0290547682,871673.9681811925,-27.12033945669975
2019-03-11,636335.9359199662,871673.9681811925,-26.998400875992118
2019-03-11,636513.6439067665,871673.9681811925,-26.978013897226287
2019-03-11,634403.2309422975,871673.9681811925,-27.22012425517039
2019-03-11,634590.2534100489,871673.9681811925,-27.198668702454775
2019-03-11,634801.366998522,871673.9681811925,-27.174449373189553
2019-03-11,635305.9949449776,871673.9681811925,-27.11655755068755
2019-03-11,635305.9971113929,871673.9681811925,-27.1165573021525
2019-03-11,635777.8860535152,871673.9681811925,-27.062421356908317
2019-03-12,636147.117630522,871673.9681811925,-27.02006244859112
2019-03-12,637404.1103052471,871673.9681811925,-26.875857995939185
2019-03-13,639098.5553174135,871673.9681811925,-26.681468227055525
2019-03-13,638589.6624077433,871673.9681811925,-26.739849333781944
2019-03-13,637678.0749941788,871673.9681811925,-26.844428275776338
2019-03-13,638573.8303842213,871673.9681811925,-26.741665611897375
2019-03-13,638263.0762218124,871673.9681811925,-26.777315886398206
2019-03-13,639992.8655712027,871673.9681811925,-26.578871351797773
2019-03-14,639318.538167904,871673.9681811925,-26.656231400154585
2019-03-14,640547.5295278064,871673.9681811925,-26.515239308528077
2019-03-14,639934.6390536724,871673.9681811925,-26.585551202252844
2019-03-14,638307.629252727,871673.9681811925,-26.77220468283576
2019-03-15,637439.500538547,871673.9681811925,-26.871797964942296
2019-03-15,638779.3626280823,871673.9681811925,-26.71808658448993
2019-03-15,639045.2415457107,871673.9681811925,-26.687584478503766
2019-03-15,640260.1841967767,871673.9681811925,-26.548204079935587
2019-03-15,641462.5296126882,871673.9681811925,-26.41026885876336
2019-03-18,643101.880881328,871673.9681811925,-26.222199542885953
2019-03-18,643235.5209480487,871673.9681811925,-26.206868114898086
2019-03-18,642294.2086457924,871673.9681811925,-26.314857149401476
2019-03-18,642886.189996739,871673.9681811925,-26.246943987765846
2019-03-18,644515.5451397626,871673.9681811925,-26.060021445335984
2019-03-18,645112.2722464277,871673.9681811925,-25.99156384209813
2019-03-19,645910.8499068124,871673.9681811925,-25.899949581544846
2019-03-19,644834.7391824079,871673.9681811925,-26.02340293264697
2019-03-20,646663.4057378636,871673.9681811925,-25.81361502774126
2019-03-20,648791.8618621792,871673.9681811925,-25.56943472615938
2019-03-20,650637.4989468092,871673.9681811925,-25.357699931729183
2019-03-21,650023.4131611186,871673.9681811925,-25.428148953738173
2019-03-21,651464.8203678572,871673.9681811925,-25.262788135432878
2019-03-22,653149.8934068686,871673.9681811925,-25.069473536107704
2019-03-25,655656.1055583915,871673.9681811925,-24.781956386002562
2019-03-25,656889.1815073548,871673.9681811925,-24.64049570299786
2019-03-25,658798.6075487586,871673.9681811925,-24.421442925112576
2019-03-26,660409.8706551796,871673.9681811925,-24.23659593354955
2019-03-26,659291.9855479159,871673.9681811925,-24.36484171672881
2019-03-26,657717.5624303453,871673.9681811925,-24.54546235873969
2019-03-26,655874.257018866,871673.9681811925,-24.7569296594468
2019-03-26,654369.5276441576,871673.9681811925,-24.929554910358913
2019-03-27,655580.3636824607,871673.9681811925,-24.790645629767504
2019-03-28,654435.7842860164,871673.9681811925,-24.921953829647858
2019-03-28,656150.3756809164,871673.9681811925,-24.72525283162705
2019-03-28,657539.4345442978,871673.9681811925,-24.56589750909978
2019-03-29,656088.3139652656,871673.9681811925,-24.732372662884625
2019-03-29,658225.4768384837,871673.9681811925,-24.487193507462855
2019-04-01,661751.5072750377,871673.9681811925,-24.082680975797917
2019-04-01,663905.661809423,871673.9681811925,-23.83555250655154
2019-04-01,666234.265049432,871673.9681811925,-23.568410969117785
2019-04-01,668168.0875966665,871673.9681811925,-23.34655938035582
2019-04-01,676476.1033829792,871673.9681811925,-22.393448918235688
2019-04-02,677811.4831623387,871673.9681811925,-22.240251756440674
2019-04-02,679547.1231635077,871673.9681811925,-22.041136024581608
2019-04-02,680837.5776097267,871673.9681811925,-21.89309277752771
2019-04-04,682375.1581641277,871673.9681811925,-21.716698780399483
2019-04-05,679164.9906134262,871673.9681811925,-22.084974955653376
2019-04-05,679491.2717350237,871673.9681811925,-22.047543400564226
2019-04-05,681222.5628394824,871673.9681811925,-21.848926581930623
2019-04-05,682004.6088231798,871673.9681811925,-21.759208864957937
2019-04-10,682103.0412872132,871673.9681811925,-21.74791651625573
2019-04-10,682382.5541808696,871673.9681811925,-21.71585029610239
2019-04-11,682522.841654188,871673.9681811925,-21.699756265714957
2019-04-11,682752.6627806058,871673.9681811925,-21.673390774165703
2019-04-12,683251.071396195,871673.9681811925,-21.616212444448106
2019-04-12,683965.1215274141,871673.9681811925,-21.534295333546076
2019-04-15,684401.9083723793,871673.9681811925,-21.484186363804035
2019-04-15,684213.5877450398,871673.9681811925,-21.50579084371438
2019-04-15,683700.5254921075,871673.9681811925,-21.564650264972865
2019-04-15,683779.79886945,871673.9681811925,-21.555555881036184
2019-04-16,682917.2611103926,871673.9681811925,-21.65450775874995
2019-04-22,682595.2289543934,871673.9681811925,-21.691451864889906
2019-04-22,682342.6387141236,871673.9681811925,-21.720429469991135
2019-04-22,682953.6720216868,871673.9681811925,-21.650330633744122
2019-04-22,683393.9265983023,871673.9681811925,-21.599823839611663
2019-04-22,683887.7278292364,871673.9681811925,-21.54317407731987
2019-04-22,684603.5667597487,871673.9681811925,-21.461051752156717
2019-04-23,685559.1149850958,871673.9681811925,-21.351429547040176
2019-04-23,686088.0102962009,871673.9681811925,-21.29075372896927
2019-04-23,686635.5104045153,871673.9681811925,-21.227943535215655
2019-04-24,684651.562202848,871673.9681811925,-21.45554562889833
2019-04-24,683541.2820014451,871673.9681811925,-21.58291896364637
2019-04-24,683937.2308529589,871673.9681811925,-21.53749500171024
2019-04-24,684473.2803314342,871673.9681811925,-21.475998444735637
2019-04-24,684970.7719826193,871673.9681811925,-21.418925310818015
2019-04-24,685731.7362608251,871673.9681811925,-21.331626124885737
2019-04-24,686175.9543766065,871673.9681811925,-21.280664626436
2019-04-25,686174.4628566777,871673.9681811925,-21.2808357362756
2019-04-25,685321.923703938,871673.9681811925,-21.378640555951307
2019-04-25,685740.5191561646,871673.9681811925,-21.33061853539011
2019-04-25,686091.804516928,871673.9681811925,-21.29031844916677
2019-04-25,685638.6275342938,871673.9681811925,-21.342307724879543
2019-04-25,686124.0702111045,871673.9681811925,-21.286616870898488
2019-04-26,686786.312167093,871673.9681811925,-21.2106432867188
2019-04-26,687107.9794789684,871673.9681811925,-21.17374103615067
2019-04-26,687714.9645990877,871673.9681811925,-21.104106615223106
2019-04-26,687932.0939364149,871673.9681811925,-21.07919714846683
2019-04-26,687900.6871673479,871673.9681811925,-21.08280018930704
2019-04-26,688080.0681399427,871673.9681811925,-21.062221282612246
2019-04-26,688597.9506485865,871673.9681811925,-21.002808872978814
2019-04-26,687848.406862603,871673.9681811925,-21.088797879573498
2019-04-29,688327.052032332,871673.9681811925,-21.03388684778856
2019-04-29,688725.8806907386,871673.9681811925,-20.98813250924399
2019-04-30,687374.7885186259,871673.9681811925,-21.143132224898203
2019-05-01,686344.5396841114,871673.9681811925,-21.261324217790246
2019-05-01,685746.8843863276,871673.9681811925,-21.329888304776905
2019-05-02,685591.5382357019,871673.9681811925,-21.34770989361589
2019-05-02,685533.5895687779,871673.9681811925,-21.354357868551386
2019-05-02,686307.2335523494,871673.9681811925,-21.26560404409272
2019-05-03,686743.0486033023,871673.9681811925,-21.21560656030158
2019-05-03,686770.6384942007,871673.9681811925,-21.212441398566177
2019-05-06,685191.8362261615,871673.9681811925,-21.393564424567916
2019-05-06,684577.6184922536,871673.9681811925,-21.464028583912892
2019-05-06,684289.0642832271,871673.9681811925,-21.497132039970964
2019-05-06,685858.0551584484,871673.9681811925,-21.317134594539027
2019-05-07,684267.6613099327,871673.9681811925,-21.499587427429535
2019-05-08,682652.2904760594,871673.9681811925,-21.684905664848497
2019-05-08,681802.8603663779,871673.9681811925,-21.78235380953199
2019-05-08,681207.3261154599,871673.9681811925,-21.85067456622048
2019-05-08,680852.0839287876,871673.9681811925,-21.891428586604214
2019-05-08,680270.1923491433,871673.9681811925,-21.95818423159135
2019-05-09,678644.858134227,871673.9681811925,-22.144645485941723
2019-05-09,677713.7021996474,871673.9681811925,-22.25146936374118
2019-05-09,677123.4561944066,871673.9681811925,-22.319183443407045
2019-05-10,674443.0846635579,871673.9681811925,-22.626680469668074
2019-05-10,664530.1288190957,871673.9681811925,-23.76391253192024
2019-05-15,663618.3585409048,871673.9681811925,-23.868512452472338
2019-05-15,661627.526724338,871673.9681811925,-24.096904246794345
2019-05-17,662980.1434649504,871673.9681811925,-23.941729629909233
2019-05-21,664463.9814533493,871673.9681811925,-23.77150107627982
2019-05-21,666291.868020656,871673.9681811925,-23.561802653012606
2019-05-22,667558.8186633923,871673.9681811925,-23.41645580442197
2019-05-23,666667.1111807121,871673.9681811925,-23.518754085112953
2019-05-28,664892.1532979654,871673.9681811925,-23.722380434819172
2019-05-28,663737.7105758486,871673.9681811925,-23.85482017309949
2019-05-28,661334.2283915753,871673.9681811925,-24.130551957230697
2019-05-29,658593.0986971881,871673.9681811925,-24.445019268914532
2019-05-30,655193.5866034459,871673.9681811925,-24.83501738952326
2019-05-31,657303.0341616209,871673.9681811925,-24.59301778471959
2019-05-31,650960.7130230671,871673.9681811925,-25.320620233578705
2019-05-31,650594.9313055387,871673.9681811925,-25.362583367833086
2019-05-31,649746.936192089,871673.9681811925,-25.45986688717681
2019-05-31,651645.9291519494,871673.9681811925,-25.242011011106225
2019-06-03,652934.3995322535,871673.9681811925,-25.094195379650273
2019-06-03,654134.4031257783,871673.9681811925,-24.956528816539677
2019-06-04,656410.6032588531,871673.9681811925,-24.69539905745966
2019-06-04,659090.4406864829,871673.9681811925,-24.38796330447721
2019-06-04,661028.326339112,871673.9681811925,-24.165645588981747
2019-06-04,662473.9854694994,871673.9681811925,-23.999796982374413
2019-06-04,664715.1296099494,871673.9681811925,-23.742688909601934
2019-06-04,666162.7659571675,871673.9681811925,-23.57661347313586
2019-06-04,667654.1895790128,871673.9681811925,-23.40551468204115
2019-06-04,670319.5967408074,871673.9681811925,-23.099734395019826
2019-06-04,672217.2102934619,871673.9681811925,-22.88203676701632
2019-06-04,674061.7177886793,871673.9681811925,-22.670431561108188
2019-06-04,676922.2952405604,871673.9681811925,-22.34226098858898
2019-06-04,678400.3100045068,871673.9681811925,-22.17270048570619
2019-06-04,680773.8511305011,871673.9681811925,-21.900403593446477
2019-06-04,682785.1380621237,871673.9681811925,-21.669665151661963
2019-06-05,684555.7838274338,871673.9681811925,-21.466533495797012
2019-06-05,687169.1199029838,871673.9681811925,-21.166726897120807
2019-06-05,688697.6180446551,871673.9681811925,-20.991374850660062
2019-06-05,690487.4553570735,871673.9681811925,-20.78604150611233
2019-06-05,692717.575122105,871673.9681811925,-20.53019816944773
2019-06-06,694588.753096427,871673.9681811925,-20.315533278373106
2019-06-06,692488.5185470487,871673.9681811925,-20.556475950294416
2019-06-06,693912.1853604531,871673.9681811925,-20.393150341709937
2019-06-06,695058.3458745982,871673.9681811925,-20.261660753172986
2019-06-06,695494.5856844905,871673.9681811925,-20.211614540275
2019-06-06,694966.1014393979,871673.9681811925,-20.272243200116176
2019-06-06,695479.4637689547,871673.9681811925,-20.213349353529473
2019-06-06,697605.8262852087,871673.9681811925,-19.96940923441696
2019-06-07,697787.1767504982,871673.9681811925,-19.94860438399015
2019-06-07,698737.5312664297,871673.9681811925,-19.839578010526868
2019-06-13,700253.6359832576,871673.9681811925,-19.66564775997788
2019-06-14,702327.1635172534,871673.9681811925,-19.427768964730344
2019-06-17,702876.5899820725,871673.9681811925,-19.36473777590575
2019-06-18,704213.5294893463,871673.9681811925,-19.211361679328785
2019-06-20,706105.9893141866,871673.9681811925,-18.994255296217556
2019-06-20,707800.767527755,871673.9681811925,-18.799827301871844
2019-06-20,707053.391701191,871673.9681811925,-18.885567596276125
2019-06-20,708470.8141489488,871673.9681811925,-18.722958352510897
2019-06-21,706249.5439773423,871673.9681811925,-18.97778644795595
2019-06-21,706703.999664722,871673.9681811925,-18.92565047694285
2019-06-26,705637.920718526,871673.9681811925,-19.04795296446814
2019-06-26,706705.414137372,871673.9681811925,-18.925488206105165
2019-06-27,708391.7522870145,871673.9681811925,-18.73202847102083
2019-06-27,710439.9022618375,871673.9681811925,-18.497061034847807
2019-06-27,711299.6825929502,871673.9681811925,-18.398425494210212
2019-06-27,711206.4692983879,871673.9681811925,-18.409119090435965
2019-06-27,712121.1786894761,871673.9681811925,-18.304181989584276
2019-06-27,711328.0908389878,871673.9681811925,-18.395166449306423
2019-06-27,709519.8628825747,871673.9681811925,-18.602609601496244
2019-06-28,710882.9424452113,871673.9681811925,-18.446234670915167
2019-06-28,713402.8005118298,871673.9681811925,-18.15715203697162
2019-06-28,717411.5250566689,871673.9681811925,-17.697263972033348
2019-06-28,718753.94544278,871673.9681811925,-17.543259099212356
2019-06-28,725812.366966262,871673.9681811925,-16.733504330670876
2019-06-28,728236.7700789934,871673.9681811925,-16.455372460128718
2019-06-28,729973.6053671786,871673.9681811925,-16.256119602800744
2019-06-28,734779.2674341386,871673.9681811925,-15.70480543691056
2019-06-28,737048.5807129953,871673.9681811925,-15.444465750090297
2019-07-01,738896.9157811096,871673.9681811925,-15.232421438158966
2019-07-01,740744.231499534,871673.9681811925,-15.020494067851125
2019-07-01,742961.2732400869,871673.9681811925,-14.766151065595492
2019-07-01,749516.8960402313,871673.9681811925,-14.014078267801239
2019-07-01,750964.9858946311,871673.9681811925,-13.847950804178419
2019-07-01,752395.3582044994,871673.9681811925,-13.683855929020822
2019-07-01,754089.6300696123,871673.9681811925,-13.489486023877484
2019-07-01,755603.0017804101,871673.9681811925,-13.315869308678849
2019-07-01,757687.9146468819,871673.9681811925,-13.076684367682837
2019-07-01,761134.3627000481,871673.9681811925,-12.681301669681941
2019-07-01,763698.9570161263,871673.9681811925,-12.387086813016056
2019-07-01,766434.263655386,871673.9681811925,-12.07328753265356
2019-07-01,767825.1967265859,871673.9681811925,-11.91371719764607
2019-07-01,769256.0580827469,871673.9681811925,-11.749566218221199
2019-07-02,771139.9331974369,871673.9681811925,-11.533444688445478
2019-07-02,772618.9939932697,871673.9681811925,-11.363764182909785
2019-07-02,774849.221223116,871673.9681811925,-11.107908517689012
2019-07-02,778429.820447399,871673.9681811925,-10.697135756887839
2019-07-02,781158.2655950823,871673.9681811925,-10.384123639137398
2019-07-02,782735.4150987461,871673.9681811925,-10.20319022122719
2019-07-02,784610.801408824,871673.9681811925,-9.98804254233171
2019-07-02,786951.8348545319,871673.9681811925,-9.719474989420545
2019-07-02,788774.504736411,871673.9681811925,-9.510375033655864
2019-07-02,790519.5499043128,871673.9681811925,-9.310180324211581
2019-07-02,792551.3815085839,871673.9681811925,-9.07708496075698
2019-07-02,790786.0405210834,871673.9681811925,-9.279608043003433
2019-07-02,791092.3180222322,871673.9681811925,-9.244471339106237
2019-07-02,789661.7238679862,871673.9681811925,-9.408591664648476
2019-07-02,790757.8634843703,871673.9681811925,-9.282840563159095
2019-07-02,790050.5508647971,871673.9681811925,-9.363984734648929
2019-07-02,792326.8306940376,871673.9681811925,-9.102845832681933
2019-07-03,793681.7699468044,871673.9681811925,-8.947404773039649
2019-07-03,794361.7167563366,871673.9681811925,-8.86940005632762
2019-07-03,795935.7085203005,871673.9681811925,-8.688828899975658
2019-07-03,798384.9011230808,871673.9681811925,-8.407853134702926
2019-07-03,800750.8305695254,871673.9681811925,-8.136429467964168
2019-07-03,801477.7266731393,871673.9681811925,-8.053038644084157
2019-07-03,802373.5507516065,871673.9681811925,-7.9502681001459905
2019-07-03,804076.0528885403,871673.9681811925,-7.754954003467591
2019-07-03,801492.0406181669,871673.9681811925,-8.051396522654567
2019-07-03,796670.283133141,871673.9681811925,-8.604557183754363
2019-07-05,797732.7157165634,871673.9681811925,-8.482673013502126
2019-07-05,797608.6205833695,871673.9681811925,-8.496909429607658
2019-07-05,797435.6997289517,871673.9681811925,-8.51674721996621
2019-07-05,799321.2868913717,871673.9681811925,-8.30042928100625
2019-07-11,799973.1266120485,871673.9681811925,-8.225649059906281
2019-07-12,800560.601201274,871673.9681811925,-8.158252922053125
2019-07-12,801564.912401393,871673.9681811925,-8.043036541068998
2019-07-15,802230.5227911407,871673.9681811925,-7.966676524130957
2019-07-15,803150.4825015463,871673.9681811925,-7.86113709723662
2019-07-15,803719.9569140472,871673.9681811925,-7.79580597192044
2019-07-15,804479.3939469943,871673.9681811925,-7.7086819943016405
2019-07-15,805265.1527866636,871673.9681811925,-7.618538331837012
2019-07-15,805892.325861438,871673.9681811925,-7.546587912566953
2019-07-15,806045.1305639069,871673.9681811925,-7.529057883215755
2019-07-15,807030.0953879142,871673.9681811925,-7.416060953175209
2019-07-15,807695.8780934741,871673.9681811925,-7.339681167858335
2019-07-16,806493.4595841308,871673.9681811925,-7.477624774440074
2019-07-16,807191.9116808666,871673.9681811925,-7.397497098011558
2019-07-17,807314.14747929,871673.9681811925,-7.383473988123527
2019-07-17,807798.4457301267,871673.9681811925,-7.3279144247414525
2019-07-18,807422.4568327187,871673.9681811925,-7.371048544966763
2019-07-19,805801.4240798882,871673.9681811925,-7.557016327876803
2019-07-19,804611.8936895571,871673.9681811925,-7.693481386345062
2019-07-19,804259.5918536513,871673.9681811925,-7.73389808441864
2019-07-19,804273.8437084084,871673.9681811925,-7.7322630860961805
2019-07-19,804156.8526424755,871673.9681811925,-7.745684510872351
2019-07-19,804175.8768193492,871673.9681811925,-7.743502023202859
2019-07-19,803870.8039528144,871673.9681811925,-7.77850052925798
2019-07-19,803737.5160508347,871673.9681811925,-7.793791556275555
2019-07-19,803601.8106418635,871673.9681811925,-7.809359924028275
2019-07-22,803243.8164708151,871673.9681811925,-7.8504296569922385
2019-07-22,803196.3300584645,871673.9681811925,-7.855877383330749
2019-07-22,802208.2742958437,871673.9681811925,-7.969228911389173
2019-07-22,802954.3925275122,871673.9681811925,-7.883632890525395
2019-07-22,803120.256761365,871673.9681811925,-7.864604648326204
2019-07-23,803076.4771174426,871673.9681811925,-7.869627127546696
2019-07-23,803639.33971837,871673.9681811925,-7.805054521105115
2019-07-24,804293.6435625795,871673.9681811925,-7.729991611336824
2019-07-24,807153.9920922297,871673.9681811925,-7.401847301186271
2019-07-24,807797.5937390784,871673.9681811925,-7.3280121666816065
2019-07-24,808388.5969570208,871673.9681811925,-7.260211218217401
2019-07-25,809055.9220892527,871673.9681811925,-7.183654482948095
2019-07-25,809722.0030067776,871673.9681811925,-7.107240486220087
2019-07-25,810316.7136252254,871673.9681811925,-7.039014218124843
2019-07-25,811040.1428400828,871673.9681811925,-6.956021121936956
2019-07-25,812665.174634225,871673.9681811925,-6.769594561839841
2019-07-25,814262.5384519759,871673.9681811925,-6.5863421215858375
2019-07-25,813865.2968903943,871673.9681811925,-6.631914385537977
2019-07-25,811227.8454695651,871673.9681811925,-6.9344875398484564
2019-07-25,811714.1009075026,871673.9681811925,-6.8787034444541595
2019-07-25,810252.337856387,871673.9681811925,-7.0463995217117645
2019-07-25,810204.1321590556,871673.9681811925,-7.051929765712517
2019-07-25,809846.1957582295,871673.9681811925,-7.09299287117303
2019-07-25,810828.32414783,871673.9681811925,-6.980321341971599
2019-07-26,811327.164770419,871673.9681811925,-6.923093451636654
2019-07-26,816656.4495612121,871673.9681811925,-6.311708348337882
2019-07-26,817630.2069234847,871673.9681811925,-6.199997158395569
2019-07-26,822269.5058973122,871673.9681811925,-5.667768464735287
2019-07-26,822910.6241485741,871673.9681811925,-5.594218229823532
2019-07-26,823465.2388978092,871673.9681811925,-5.530591831711364
2019-07-26,823734.8036322905,871673.9681811925,-5.4996668822094605
2019-07-26,824334.8312016447,871673.9681811925,-5.430830643976227
2019-07-29,824350.7600211711,871673.9681811925,-5.429003261249682
2019-07-29,825860.597805446,871673.9681811925,-5.2557919644358835
2019-07-29,826351.9350872787,871673.9681811925,-5.199424870801331
2019-07-30,827132.5211039174,871673.9681811925,-5.109874643866435
2019-07-30,829665.0555734198,871673.9681811925,-4.819337750263119
2019-07-30,829492.7289441635,871673.9681811925,-4.8391073700460545
2019-07-30,829002.2360974654,871673.9681811925,-4.895377588568422
2019-07-30,829387.9952564323,871673.9681811925,-4.851122606425058
2019-07-30,829746.417984285,871673.9681811925,-4.810003708656367
2019-07-30,828677.8133199645,871673.9681811925,-4.932595951091955
2019-07-30,828853.0106415498,871673.9681811925,-4.912497000339652
2019-07-31,823372.7180134268,871673.9681811925,-5.5412059934002205
2019-07-31,823662.3380187419,871673.9681811925,-5.507980267281603
2019-07-31,823211.0659972184,871673.9681811925,-5.5597510024413515
2019-07-31,821748.8278858329,871673.9681811925,-5.727501579464612
2019-07-31,821596.5522973147,871673.9681811925,-5.744970907915002
2019-07-31,821571.5990248005,871673.9681811925,-5.747833592063565
2019-07-31,820862.1629545206,871673.9681811925,-5.829221369624504
2019-08-01,819113.263685822,871673.9681811925,-6.029858228420199
2019-08-02,818683.7700985747,871673.9681811925,-6.079130502564567
2019-08-05,817701.10416077,871673.9681811925,-6.191863700259473
2019-08-05,815140.0808048008,871673.9681811925,-6.485668889981137
2019-08-06,812858.4963734025,871673.9681811925,-6.747416345415534
2019-08-06,813187.0647343604,871673.9681811925,-6.709722394127361
2019-08-07,811639.0430232909,871673.9681811925,-6.887314219463107
2019-08-07,811483.3849413396,871673.9681811925,-6.905171593622865
2019-08-19,813958.7188530199,871673.9681811925,-6.6211968505379915
2019-08-19,816671.1368312413,871673.9681811925,-6.310023398394975
2019-08-19,818666.0931417204,871673.9681811925,-6.081158434738701
2019-08-19,822607.77063506,871673.9681811925,-5.628962127722189
2019-08-19,824672.337925902,871673.9681811925,-5.392111267629416
2019-08-19,826201.7005559633,871673.9681811925,-5.216660045511076
2019-08-19,828567.0126014326,871673.9681811925,-4.945307208118824
2019-08-22,830217.992997846,871673.9681811925,-4.75590377785943
2019-08-23,821552.8061630762,871673.9681811925,-5.749989542844507
2019-08-23,819624.7817903223,871673.9681811925,-5.97117595463754
2019-08-23,815274.698849908,871673.9681811925,-6.47022526655987
2019-08-27,814530.9274003137,871673.9681811925,-6.555552060377773
2019-08-28,816631.7645757736,871673.9681811925,-6.314540254112239
2019-08-28,818530.0918088775,871673.9681811925,-6.096760751408389
2019-08-28,819986.6935760905,871673.9681811925,-5.9296567858910665
2019-08-29,821730.5291618911,871673.9681811925,-5.729600841873465
2019-08-29,823648.1911155743,871673.9681811925,-5.509603225369604
2019-08-29,825852.760334018,871673.9681811925,-5.256691093205821
2019-08-30,828312.3463578732,871673.9681811925,-4.974522976038432
2019-08-30,830054.8627073808,871673.9681811925,-4.7746183771729305
2019-08-30,833373.991079082,871673.9681811925,-4.393842021234848
2019-08-30,835257.8817121881,871673.9681811925,-4.177718711158606
2019-08-30,837094.9144520412,871673.9681811925,-3.9669710225834716
2019-09-03,836516.1701851533,871673.9681811925,-4.033365602210012
2019-09-03,834420.1183813147,871673.9681811925,-4.273828422065943
2019-09-03,829155.2463797784,871673.9681811925,-4.8778239747290355
2019-09-03,827867.1311993621,871673.9681811925,-5.025598857017193
2019-09-09,870996.9831009702,871673.9681811925,-0.0776649418170583
2019-09-11,873464.5585010932,873464.5585010932,0.0
2019-09-12,876331.020495921,876331.020495921,0.0
2019-09-13,878073.0111743612,878073.0111743612,0.0
2019-09-13,880220.4035442362,880220.4035442362,0.0
2019-09-13,876758.9650615848,880220.4035442362,-0.39324679008959296
2019-09-13,880273.9482196937,880273.9482196937,0.0
2019-09-13,882309.2100797488,882309.2100797488,0.0
2019-09-16,877545.2850765552,882309.2100797488,-0.5399382607332136
2019-09-16,876671.1396830659,882309.2100797488,-0.6390129823277289
2019-09-16,878231.1498606609,882309.2100797488,-0.46220306582986587
2019-09-16,880049.1846194927,882309.2100797488,-0.2561489140583441
2019-09-16,881767.8902099816,882309.2100797488,-0.06135262599358427
2019-09-16,883929.5577699669,883929.5577699669,0.0
2019-09-17,884849.8485681512,884849.8485681512,0.0
2019-09-17,886567.8034940761,886567.8034940761,0.0
2019-09-17,888484.5664099157,888484.5664099157,0.0
2019-09-17,892921.8121686557,892921.8121686557,0.0
2019-09-17,897595.2123421362,897595.2123421362,0.0
2019-09-17,899603.4049683572,899603.4049683572,0.0
2019-09-17,902191.946838535,902191.946838535,0.0
2019-09-17,904135.9968290824,904135.9968290824,0.0
2019-09-18,905199.2426716796,905199.2426716796,0.0
2019-09-18,905082.4442232603,905199.2426716796,-0.012903065194198158
2019-09-18,906792.5876472178,906792.5876472178,0.0
2019-09-18,908797.4424681684,908797.4424681684,0.0
2019-09-18,909624.392861712,909624.392861712,0.0
2019-09-18,911523.7296139753,911523.7296139753,0.0
2019-09-18,913436.1649349477,913436.1649349477,0.0
2019-09-19,915772.0716226209,915772.0716226209,0.0
2019-09-19,915504.6159685197,915772.0716226209,-0.029205482716602088
2019-09-19,917661.73772679,917661.73772679,0.0
2019-09-19,919496.6778396558,919496.6778396558,0.0
2019-09-19,921130.1480621024,921130.1480621024,0.0
2019-09-20,920034.6474523353,921130.1480621024,-0.11893005696011405
2019-09-20,921921.3751049647,921921.3751049647,0.0
2019-09-20,922515.0171171105,922515.0171171105,0.0
2019-09-20,921873.6955335798,922515.0171171105,-0.06951882317698198
2019-09-20,920010.1550434803,922515.0171171105,-0.2715253439947229
2019-09-20,920347.5676122748,922515.0171171105,-0.23495005117739048
2019-09-20,920872.2771809102,922515.0171171105,-0.17807189104996204
2019-09-23,936809.4471195862,936809.4471195862,0.0
2019-09-23,937094.2913383495,937094.2913383495,0.0
2019-09-23,939395.7438349031,939395.7438349031,0.0
2019-09-23,938677.9750935043,939395.7438349031,-0.07640749344559127
2019-09-23,940032.0856403509,940032.0856403509,0.0
2019-09-24,942493.7539168388,942493.7539168388,0.0
2019-09-24,943753.8488970095,943753.8488970095,0.0
2019-09-24,960183.776976766,960183.776976766,0.0
2019-09-25,961955.0204071985,961955.0204071985,0.0
2019-09-25,964425.4521065962,964425.4521065962,0.0
2019-09-25,966312.356011869,966312.356011869,0.0
2019-09-25,967971.3570340248,967971.3570340248,0.0
2019-09-25,970916.6779739868,970916.6779739868,0.0
2019-09-25,972159.8593328896,972159.8593328896,0.0
2019-09-25,975508.7297791721,975508.7297791721,0.0
2019-09-25,978076.5445259921,978076.5445259921,0.0
2019-09-25,980948.4909338885,980948.4909338885,0.0
2019-09-25,980733.2476455243,980948.4909338885,-0.021942363982764043
2019-09-25,983530.5589978648,983530.5589978648,0.0
2019-09-25,985272.9648698618,985272.9648698618,0.0
2019-09-25,989619.0383110504,989619.0383110504,0.0
2019-09-25,992771.4216696613,992771.4216696613,0.0
2019-09-25,993440.2592102811,993440.2592102811,0.0
2019-09-25,996188.8639865573,996188.8639865573,0.0
2019-09-26,996126.2692396758,996188.8639865573,-0.006283421662737892
2019-09-26,991438.9231620593,996188.8639865573,-0.4768112750718491
2019-09-27,992537.9269766235,996188.8639865573,-0.3664904459304552
2019-09-27,991464.0326600313,996188.8639865573,-0.47429071909297765
2019-09-27,993206.797011329,996188.8639865573,-0.29934755175787753
2019-09-30,995205.8831032962,996188.8639865573,-0.09867414892869686
2019-09-30,994579.3188999307,996188.8639865573,-0.1615702749562538
2019-09-30,995145.34585303,996188.8639865573,-0.10475103379005929
2019-09-30,993016.1281857244,996188.8639865573,-0.3184873788024786
2019-09-30,993000.239418577,996188.8639865573,-0.3200823341088185
2019-09-30,991270.5450390021,996188.8639865573,-0.4937135040712152
2019-09-30,990938.8490338994,996188.8639865573,-0.5270100020641088
2019-09-30,991160.0305982259,996188.8639865573,-0.5048072278390097
2019-09-30,991150.0856069054,996188.8639865573,-0.5058055316426369
2019-09-30,979519.7161734971,996188.8639865573,-1.6732919244201812
2019-09-30,979006.1814729075,996188.8639865573,-1.7248418582885976
2019-10-01,977768.4918159425,996188.8639865573,-1.8490843289394026
2019-10-01,977697.4832391557,996188.8639865573,-1.856212352485316
2019-10-01,972337.718096922,996188.8639865573,-2.3942393608163406
2019-10-01,973529.1921073438,996188.8639865573,-2.274636135615275
2019-10-01,970749.8195847673,996188.8639865573,-2.5536366969600346
2019-10-01,967060.4670431837,996188.8639865573,-2.923983392748171
2019-10-01,965869.3217395351,996188.8639865573,-3.043553621518038
2019-10-01,963820.6771999121,996188.8639865573,-3.249201828769086
2019-10-01,958961.7376722035,996188.8639865573,-3.7369546739739743
2019-10-01,956983.4470511487,996188.8639865573,-3.935540573954624
2019-10-01,954334.7165898748,996188.8639865573,-4.201426949222283
2019-10-01,951638.8394458712,996188.8639865573,-4.472046029746355
2019-10-01,949459.9953372848,996188.8639865573,-4.690764004555581
2019-10-01,949120.6236924506,996188.8639865573,-4.724831003003654
2019-10-01,948851.2944697768,996188.8639865573,-4.751866962991802
2019-10-01,946910.9372523216,996188.8639865573,-4.946645010368303
2019-10-01,938083.9720422822,996188.8639865573,-5.832718477874813
2019-10-01,937816.3293411961,996188.8639865573,-5.859585140488875
2019-10-01,936264.5622905814,996188.8639865573,-6.0153555076062935
2019-10-01,934465.7523686826,996188.8639865573,-6.195924673447022
2019-10-01,933380.7030381183,996188.8639865573,-6.304844715598685
2019-10-01,934156.2737886022,996188.8639865573,-6.226990929181097
2019-10-01,929415.8596534847,996188.8639865573,-6.702845890673773
2019-10-01,927154.6759677603,996188.8639865573,-6.929829323983353
2019-10-02,924324.0956546549,996188.8639865573,-7.213970255029091
2019-10-02,919637.3062018575,996188.8639865573,-7.684442233007418
2019-10-03,914011.1141028899,996188.8639865573,-8.24921386440798
2019-10-03,910473.7782471509,996188.8639865573,-8.604300734339775
2019-10-03,907840.711092999,996188.8639865573,-8.86861478655824
2019-10-03,904729.4117086128,996188.8639865573,-9.180935019885817
2019-10-03,899224.6359364436,996188.8639865573,-9.733518568164019
2019-10-04,896119.6360498879,996188.8639865573,-10.045206441699376
2019-10-04,891987.7926648839,996188.8639865573,-10.459971506274494
2019-10-07,894526.3261871623,996188.8639865573,-10.205146983129385
2019-10-07,895400.0524181179,996188.8639865573,-10.11744009716209
2019-10-07,896182.4601611601,996188.8639865573,-10.038899995849256
2019-10-07,895896.603089851,996188.8639865573,-10.067595063786994
2019-10-07,896444.2128641575,996188.8639865573,-10.012624586390258
2019-10-07,893335.6043040252,996188.8639865573,-10.32467470785942
2019-10-07,890491.2000553062,996188.8639865573,-10.610203321112156
2019-10-07,884509.3336606844,996188.8639865573,-11.210678452974552
2019-10-07,884574.4759438735,996188.8639865573,-11.204139303065926
2019-10-07,883235.2739924508,996188.8639865573,-11.338571838886844
2019-10-08,882152.9437327159,996188.8639865573,-11.447218933716192
2019-10-08,880058.3799360702,996188.8639865573,-11.657476634074705
2019-10-09,878524.152190315,996188.8639865573,-11.81148636066566
2019-10-09,879117.0919429002,996188.8639865573,-11.751965543477198
2019-10-09,879720.492771386,996188.8639865573,-11.691394616587777
2019-10-10,880405.8910330216,996188.8639865573,-11.622592576491412
2019-10-10,879283.7465698849,996188.8639865573,-11.735236323445786
2019-10-10,877391.7141931006,996188.8639865573,-11.925163399041955
2019-10-10,876995.4437806911,996188.8639865573,-11.964942042102031
2019-10-10,876832.684601597,996188.8639865573,-11.981280227056516
2019-10-10,874121.653090966,996188.8639865573,-12.253420541874124
2019-10-10,874498.1002296129,996188.8639865573,-12.215631810012539
2019-10-11,874525.8802863507,996188.8639865573,-12.21284317647706
2019-10-11,874352.6396271025,996188.8639865573,-12.230233519363944
2019-10-11,875224.3129475103,996188.8639865573,-12.142732709836775
2019-10-11,875818.0638881504,996188.8639865573,-12.083130463505288
2019-10-11,876533.309881567,996188.8639865573,-12.011332231335299
2019-10-11,877421.013571131,996188.8639865573,-11.922222252127982
2019-10-11,877949.2568701532,996188.8639865573,-11.869195831323772
2019-10-11,878362.6741366732,996188.8639865573,-11.82769594295265
2019-10-14,878449.8970012221,996188.8639865573,-11.818940287503956
2019-10-15,879490.395421278,996188.8639865573,-11.714492380317768
2019-10-15,878283.7258765451,996188.8639865573,-11.835620972330334
2019-10-15,878885.7550699341,996188.8639865573,-11.775187733699278
2019-10-16,881082.4939501276,996188.8639865573,-11.554673435697328
2019-10-17,881619.6782626304,996188.8639865573,-11.500749492966927
2019-10-17,880632.6041595266,996188.8639865573,-11.59983452982968
2019-10-21,880114.9031077161,996188.8639865573,-11.651802692747983
2019-10-22,880169.0401848186,996188.8639865573,-11.646368273727699
2019-10-24,878768.9848219211,996188.8639865573,-11.786909431485144
2019-10-24,878591.7716122583,996188.8639865573,-11.804698549198593
2019-10-24,879290.3253274411,996188.8639865573,-11.734575930844143
2019-10-25,880357.1237034362,996188.8639865573,-11.627487966446909
2019-10-25,880968.5923605695,996188.8639865573,-11.566107170170357
2019-10-25,881496.7474711878,996188.8639865573,-11.513089601944914
2019-10-25,884030.9728606432,996188.8639865573,-11.258697540251529
2019-10-28,885123.1955954678,996188.8639865573,-11.149057413332846
2019-10-28,885747.6404344192,996188.8639865573,-11.086374034555408
2019-10-28,886378.5826307458,996188.8639865573,-11.023038434335811
2019-10-28,887379.9726181091,996188.8639865573,-10.922516332195874
2019-10-28,885980.6132412049,996188.8639865573,-11.062987625089496
2019-10-28,885125.2268980183,996188.8639865573,-11.148853505959066
2019-10-28,885606.3636831763,996188.8639865573,-11.100555758157242
2019-10-29,884781.286693628,996188.8639865573,-11.183379108164045
2019-10-29,884992.2971357455,996188.8639865573,-11.162197337342683
2019-10-29,885822.3890027101,996188.8639865573,-11.078870581044411
2019-10-29,886549.9708200552,996188.8639865573,-11.00583404714526
2019-10-30,887331.1180370317,996188.8639865573,-10.927420480680514
2019-10-30,886863.8322812115,996188.8639865573,-10.974327826537628
2019-10-30,887591.7405826198,996188.8639865573,-10.901258519328618
2019-10-31,886577.3628320881,996188.8639865573,-11.003084366535171
2019-10-31,887180.1420355402,996188.8639865573,-10.942575839965235
2019-10-31,886795.7118823007,996188.8639865573,-10.981165927361022
2019-10-31,886808.3960027721,996188.8639865573,-10.979892662729181
2019-11-01,886432.2240745168,996188.8639865573,-11.017653768263928
2019-11-01,888279.5432187011,996188.8639865573,-10.832215121942212
2019-11-01,888828.2780713849,996188.8639865573,-10.777131706284683
2019-11-04,889456.2586207229,996188.8639865573,-10.714093403806077
2019-11-04,888240.961738498,996188.8639865573,-10.83608803014245
2019-11-04,888961.6967482774,996188.8639865573,-10.763738796394222
2019-11-04,890003.1206151731,996188.8639865573,-10.659197990474334
2019-11-05,890325.4491953714,996188.8639865573,-10.62684181868294
2019-11-05,890538.7623529317,996188.8639865573,-10.605428895363694
2019-11-05,889837.5599315458,996188.8639865573,-10.675817397658314
2019-11-05,889134.2021433391,996188.8639865573,-10.746422261217212
2019-11-05,887274.8680746042,996188.8639865573,-10.9330669965633
2019-11-05,886928.0111788819,996188.8639865573,-10.96788538374485
2019-11-06,888912.1392237913,996188.8639865573,-10.768713508145945
2019-11-06,888893.1989575456,996188.8639865573,-10.770614780779123
2019-11-06,889028.9959179135,996188.8639865573,-10.756983132677327
2019-11-06,888531.4287701605,996188.8639865573,-10.806930202529303
2019-11-06,887491.5038166309,996188.8639865573,-10.911320543670843
2019-11-06,888128.009407119,996188.8639865573,-10.847426475638311
2019-11-06,887861.6960809916,996188.8639865573,-10.874159692175347
2019-11-06,888052.9328678765,996188.8639865573,-10.854962851716847
2019-11-06,887114.1638278497,996188.8639865573,-10.949198902125005
2019-11-07,886872.5374682464,996188.8639865573,-10.97345397747651
2019-11-08,889189.7320133635,996188.8639865573,-10.740848030061667
2019-11-11,889727.2249350599,996188.8639865573,-10.686893108346778
2019-11-11,892654.356364195,996188.8639865573,-10.393060127979854
2019-11-12,895516.6611554751,996188.8639865573,-10.105734612231196
2019-11-12,893116.674537727,996188.8639865573,-10.346651440807632
2019-11-13,893732.1399853812,996188.8639865573,-10.284869436420315
2019-11-13,891184.8459502539,996188.8639865573,-10.540573362374024
2019-11-13,890687.8112563214,996188.8639865573,-10.590466983142226
2019-11-13,892538.4896050597,996188.8639865573,-10.404691131228736
2019-11-14,892480.238722386,996188.8639865573,-10.410538504631472
2019-11-14,893759.3881108607,996188.8639865573,-10.282134199512475
2019-11-14,896427.4371466171,996188.8639865573,-10.014308576057967
2019-11-14,899515.772785699,996188.8639865573,-9.704293502538377
2019-11-15,900139.8409276657,996188.8639865573,-9.641647937572984
2019-11-15,901719.963823899,996188.8639865573,-9.483031137751514
2019-11-15,903668.0787728447,996188.8639865573,-9.287474349337947
2019-11-15,901206.3767929791,996188.8639865573,-9.534586324673066
2019-11-15,896660.5440758622,996188.8639865573,-9.990908703034671
2019-11-15,894009.776301395,996188.8639865573,-10.256999589039888
2019-11-15,889534.6795040222,996188.8639865573,-10.70622131387069
2019-11-18,889629.2493572207,996188.8639865573,-10.69672814880759
2019-11-18,890007.8134444248,996188.8639865573,-10.658726912205815
2019-11-18,890226.38579356,996188.8639865573,-10.63678605771157
2019-11-18,892074.6789704136,996188.8639865573,-10.45124963548565
2019-11-19,891430.5071119877,996188.8639865573,-10.51591326320862
2019-11-19,891973.4054535787,996188.8639865573,-10.46141573154395
2019-11-19,892386.550080648,996188.8639865573,-10.419943211422009
2019-11-19,894308.6810021052,996188.8639865573,-10.226994766509144
2019-11-19,896718.018753495,996188.8639865573,-9.985139247090064
2019-11-20,898458.8078120548,996188.8639865573,-9.810394364719716
2019-11-20,900429.9769058654,996188.8639865573,-9.612523341957791
2019-11-21,900653.8969859506,996188.8639865573,-9.590045668478368
2019-11-21,899250.647577231,996188.8639865573,-9.730907452769356
2019-11-21,898985.272353852,996188.8639865573,-9.757546500140055
2019-11-21,902568.7439646972,996188.8639865573,-9.397828404466429
2019-11-22,902593.7311869859,996188.8639865573,-9.395320122835109
2019-11-22,900570.6819815849,996188.8639865573,-9.598399004615128
2019-11-22,901473.0006321118,996188.8639865573,-9.507821938042028
2019-11-22,897233.0579704635,996188.8639865573,-9.933438285998461
2019-11-22,898957.9784481027,996188.8639865573,-9.760286332589105
2019-11-22,899476.9714356159,996188.8639865573,-9.708188481842583
2019-11-22,902907.3631133087,996188.8639865573,-9.363836943524339
2019-11-25,905188.0652613406,996188.8639865573,-9.13489419677399
2019-11-25,908940.1748621635,996188.8639865573,-8.758247785991232
2019-11-25,913090.5398202902,996188.8639865573,-8.341623478275352
2019-11-25,914789.055533603,996188.8639865573,-8.171122103012468
2019-11-25,916615.5034786833,996188.8639865573,-7.987778561329895
2019-11-25,919677.2446259053,996188.8639865573,-7.680433111294498
2019-11-25,918303.6276975594,996188.8639865573,-7.818320311001681
2019-11-25,920757.2762425414,996188.8639865573,-7.5720167601706745
2019-11-25,919909.303873888,996188.8639865573,-7.657138407210572
2019-11-25,918945.417857194,996188.8639865573,-7.7538957643282505
2019-11-25,910124.9941297077,996188.8639865573,-8.63931258099378
2019-11-25,907915.3630275908,996188.8639865573,-8.86112103338647
2019-11-25,910450.6104507352,996188.8639865573,-8.606626377323076
2019-11-25,912212.459384478,996188.8639865573,-8.429767450523567
2019-11-26,915015.3026297519,996188.8639865573,-8.148410837676344
2019-11-26,913212.0025810566,996188.8639865573,-8.329430733991872
2019-11-26,913664.3581040578,996188.8639865573,-8.284022123300215
2019-11-26,916473.9440672955,996188.8639865573,-8.001988659083977
2019-11-26,916070.0646940535,996188.8639865573,-8.04253110919989
2019-11-26,915267.331603929,996188.8639865573,-8.123111521122189
2019-11-26,916287.1711316097,996188.8639865573,-8.020737406679727
2019-11-26,915952.3073792482,996188.8639865573,-8.054351891288745
2019-11-27,916022.4990357535,996188.8639865573,-8.047305872301498
2019-11-27,914015.33032016,996188.8639865573,-8.248790629675838
2019-11-27,916632.0407836705,996188.8639865573,-7.986118504127386
2019-11-27,918269.6477574423,996188.8639865573,-7.821731304774601
2019-11-27,920049.8228791143,996188.8639865573,-7.64303274810252
2019-11-27,922431.4238742393,996188.8639865573,-7.403961515606072
2019-11-27,923186.7881365435,996188.8639865573,-7.328136108435657
2019-11-29,922589.2305032406,996188.8639865573,-7.388120480366051
2019-12-02,923164.659206328,996188.8639865573,-7.330357467358193
2019-12-02,924949.8100940647,996188.8639865573,-7.1511594304926875
2019-12-03,924280.7258131467,996188.8639865573,-7.218323831251039
2019-12-03,922003.882154223,996188.8639865573,-7.446879252942078
2019-12-04,917329.5515637493,996188.8639865573,-7.916100578280723
2019-12-04,915474.5370199993,996188.8639865573,-8.102311708600586
2019-12-04,912811.5966114358,996188.8639865573,-8.369624514919963
2019-12-05,912774.7379890035,996188.8639865573,-8.373324478226591
2019-12-05,914388.0240662063,996188.8639865573,-8.211378673015851
2019-12-05,916935.2666893477,996188.8639865573,-7.955679907929499
2019-12-09,918961.0196650518,996188.8639865573,-7.75232961473334
2019-12-09,921863.0320725598,996188.8639865573,-7.461018146354273
2019-12-09,923989.3981986066,996188.8639865573,-7.247568046386539
2019-12-09,925807.146608171,996188.8639865573,-7.065097786451068
2019-12-09,927593.0248988235,996188.8639865573,-6.885826731010268
2019-12-10,930746.8051607527,996188.8639865573,-6.569242157949649
2019-12-10,932713.0332605385,996188.8639865573,-6.371867124874367
2019-12-11,934577.0830995019,996188.8639865573,-6.184749008385506
2019-12-11,937480.7898140148,996188.8639865573,-5.893267461112149
2019-12-11,938071.7513251054,996188.8639865573,-5.83394522489223
2019-12-11,936465.9690147458,996188.8639865573,-5.995137782690318
2019-12-11,938284.2961084617,996188.8639865573,-5.8126094329515645
2019-12-12,939364.1795626534,996188.8639865573,-5.704207954754926
2019-12-12,942458.6449281174,996188.8639865573,-5.39357756353769
2019-12-12,946535.8604897585,996188.8639865573,-4.984296180354494
2019-12-12,948323.6747046859,996188.8639865573,-4.804830791856485
2019-12-12,951301.5377266494,996188.8639865573,-4.505905243738363
2019-12-12,953286.1794257802,996188.8639865573,-4.306681806207792
2019-12-13,960235.7220538361,996188.8639865573,-3.6090688455242965
2019-12-13,958825.0162937503,996188.8639865573,-3.750679117540435
2019-12-13,959562.8768774832,996188.8639865573,-3.6766107746380476
2019-12-13,956705.4709784803,996188.8639865573,-3.963444526981767
2019-12-13,952350.1827464049,996188.8639865573,-4.400639559924253
2019-12-13,948270.4446756915,996188.8639865573,-4.810174159055087
2019-12-13,948566.7415111064,996188.8639865573,-4.780431120749166
2019-12-13,948252.7870222352,996188.8639865573,-4.811946679718052
2019-12-13,947315.2063134196,996188.8639865573,-4.906063442383274
2019-12-13,949047.9226011956,996188.8639865573,-4.732128925504415
2019-12-13,949436.2428792607,996188.8639865573,-4.693148337374664
2019-12-13,947939.9857097963,996188.8639865573,-4.843346479871122
2019-12-13,945397.5746420502,996188.8639865573,-5.098560241001905
2019-12-16,947473.6623003555,996188.8639865573,-4.890157222923866
2019-12-16,949958.3204885419,996188.8639865573,-4.640740844362554
2019-12-16,951030.0546566616,996188.8639865573,-4.533157412458803
2019-12-16,952755.8142518774,996188.8639865573,-4.359921226269206
2019-12-17,954164.8570220041,996188.8639865573,-4.218477889461766
2019-12-17,956371.1346758818,996188.8639865573,-3.997006064827164
2019-12-17,956892.7252856765,996188.8639865573,-3.9446474580758886
2019-12-17,955970.6542797468,996188.8639865573,-4.037207316880149
2019-12-18,956545.4006598683,996188.8639865573,-3.979512797206298
2019-12-18,953921.3848954152,996188.8639865573,-4.24291824764993
2019-12-18,953254.5790564395,996188.8639865573,-4.309853932546796
2019-12-18,955094.9764763204,996188.8639865573,-4.125110106710795
2019-12-18,957421.5534968204,996188.8639865573,-3.8915623222887277
2019-12-19,959207.6705982958,996188.8639865573,-3.712267294403386
2019-12-19,958085.078510608,996188.8639865573,-3.8249559750613296
2019-12-19,958442.2884532074,996188.8639865573,-3.7890983224100117
2019-12-19,956163.3125552703,996188.8639865573,-4.017867783736557
2019-12-19,957195.8351381008,996188.8639865573,-3.914220511601979
2019-12-20,951354.1111538913,996188.8639865573,-4.500627787912217
2019-12-20,954266.8375113958,996188.8639865573,-4.208240825680144
2019-12-23,955038.5689732764,996188.8639865573,-4.130772436925797
2019-12-23,956973.2142966771,996188.8639865573,-3.9365677641633803
2019-12-23,954226.5490333996,996188.8639865573,-4.212285086708622
2019-12-23,952902.4831609199,996188.8639865573,-4.345198224000786
2019-12-23,954511.6062843415,996188.8639865573,-4.1836703067961825
2019-12-23,950081.6563206234,996188.8639865573,-4.6283600763636095
2019-12-23,949889.4959610429,996188.8639865573,-4.647649627424381
2019-12-23,951785.7566916223,996188.8639865573,-4.457298098800491
2019-12-24,952876.9729943682,996188.8639865573,-4.347759000122052
2019-12-24,949504.3665945728,996188.8639865573,-4.686309903642381
2019-12-24,948157.3177498729,996188.8639865573,-4.821530130789794
2019-12-24,950589.0662248798,996188.8639865573,-4.577424965301846
2019-12-26,952490.469659222,996188.8639865573,-4.386557198849089
2019-12-26,947731.135632102,996188.8639865573,-4.8643113877560085
2019-12-26,946486.3669335878,996188.8639865573,-4.989264470802217
2019-12-26,945820.3009582331,996188.8639865573,-5.056125886286153
2019-12-26,946371.5376900169,996188.8639865573,-5.000791325570638
2019-12-27,947686.8045453327,996188.8639865573,-4.86876145624924
2019-12-27,948299.9103865204,996188.8639865573,-4.807216315227062
2019-12-27,949804.8306169581,996188.8639865573,-4.656148552391885
2019-12-27,949218.8780445637,996188.8639865573,-4.71496797846432
2019-12-27,950098.4368018133,996188.8639865573,-4.626675608508508
2019-12-30,948753.2012076476,996188.8639865573,-4.76171381690429
2019-12-31,948336.7691060258,996188.8639865573,-4.803516342175981
2019-12-31,950178.5609048735,996188.8639865573,-4.618632544993464
2019-12-31,949259.0702242705,996188.8639865573,-4.710933384105783
2019-12-31,947316.6620051936,996188.8639865573,-4.905917316299491
2019-12-31,942874.5894613372,996188.8639865573,-5.351823981636035
2019-12-31,939682.8251995088,996188.8639865573,-5.672221486287468
2019-12-31,936960.8194735472,996188.8639865573,-5.945463421061633
2019-12-31,937028.1305942063,996188.8639865573,-5.938706557670312
2019-12-31,935222.6258866001,996188.8639865573,-6.119947763316888
2020-01-02,933895.9526642543,996188.8639865573,-6.253122633093756
2020-01-02,934946.1327519494,996188.8639865573,-6.147702855212242
2020-01-02,935536.4216467651,996188.8639865573,-6.088448137943722
2020-01-06,931050.247313439,996188.8639865573,-6.53878185432088
2020-01-06,927867.3791961721,996188.8639865573,-6.858286341103605
2020-01-06,929570.3582804338,996188.8639865573,-6.687336921186714
2020-01-07,927061.5980476224,996188.8639865573,-6.939172724969127
2020-01-07,927260.4360523801,996188.8639865573,-6.9192128547129945
2020-01-07,924705.96134311,996188.8639865573,-7.175637595203231
2020-01-08,925288.5340093622,996188.8639865573,-7.117157452801225
2020-01-08,926544.1237897285,996188.8639865573,-6.991118121730845
2020-01-08,928065.808741883,996188.8639865573,-6.838367473017002
2020-01-09,928380.2517370039,996188.8639865573,-6.806802876534509
2020-01-09,928567.4992325887,996188.8639865573,-6.7880064913957066
2020-01-10,929126.8804154665,996188.8639865573,-6.731854369734832
2020-01-10,929719.1290077703,996188.8639865573,-6.672402932992831
2020-01-10,930373.2279423183,996188.8639865573,-6.606742799839928
2020-01-10,930921.8712827776,996188.8639865573,-6.5516685704148205
2020-01-10,931220.0511079578,996188.8639865573,-6.521736512753891
2020-01-10,927218.8189491552,996188.8639865573,-6.923390486558668
2020-01-10,923380.5052098013,996188.8639865573,-7.308690290452652
2020-01-13,924722.6594604462,996188.8639865573,-7.173961395243573
2020-01-13,925566.4059450134,996188.8639865573,-7.089263953315678
2020-01-13,925705.9962165777,996188.8639865573,-7.075251522880981
2020-01-13,927010.7090354972,996188.8639865573,-6.944281094874164
2020-01-13,927697.668003412,996188.8639865573,-6.875322387067921
2020-01-13,927669.7188996776,996188.8639865573,-6.878127989975637
2020-01-13,928392.2492757076,996188.8639865573,-6.805598532746153
2020-01-14,926826.2288969805,996188.8639865573,-6.962799685593836
2020-01-14,927509.9941602455,996188.8639865573,-6.894161570073382
2020-01-14,928641.483202884,996188.8639865573,-6.780579790197781
2020-01-14,928822.7226227669,996188.8639865573,-6.762386511148506
2020-01-15,929590.5951627902,996188.8639865573,-6.685305490893932
2020-01-15,930670.7022034518,996188.8639865573,-6.576881568512463
2020-01-15,931352.8562552809,996188.8639865573,-6.508405190539386
2020-01-15,931947.7725074503,996188.8639865573,-6.448685967239834
2020-01-15,931208.7799170435,996188.8639865573,-6.522867943883247
2020-01-15,930863.7338108667,996188.8639865573,-6.55750455935353
2020-01-15,930831.3227188693,996188.8639865573,-6.560758068117692
2020-01-15,929840.6279614442,996188.8639865573,-6.660206555572223
2020-01-15,929746.9814585458,996188.8639865573,-6.6696070323576855
2020-01-15,928383.9530231426,996188.8639865573,-6.806431331913551
2020-01-16,929136.1397629916,996188.8639865573,-6.7309248926186145
2020-01-16,929914.6326756229,996188.8639865573,-6.652777772049931
2020-01-16,930723.2765847382,996188.8639865573,-6.571604016916875
2020-01-16,930936.1435146078,996188.8639865573,-6.5502358870807535
2020-01-16,932123.3732312405,996188.8639865573,-6.431058715005
2020-01-16,933393.7532699298,996188.8639865573,-6.303534699769031
2020-01-16,933445.0089599416,996188.8639865573,-6.29838952179478
2020-01-16,933347.3224671878,996188.8639865573,-6.3081955431513
2020-01-16,933799.9291740222,996188.8639865573,-6.262761717980523
2020-01-16,934154.6684487115,996188.8639865573,-6.227152077327672
2020-01-16,934550.2511892597,996188.8639865573,-6.187442464537468
2020-01-16,934563.8390828823,996188.8639865573,-6.186078476832547
2020-01-16,935034.7477579069,996188.8639865573,-6.138807453028872
2020-01-16,935316.7920656248,996188.8639865573,-6.110495120105449
2020-01-17,936349.6798037147,996188.8639865573,-6.0068111927468895
2020-01-17,936961.1136272186,996188.8639865573,-5.945433893159634
2020-01-17,937132.2659530594,996188.8639865573,-5.928253182550617
2020-01-17,936306.1681795053,996188.8639865573,-6.011179001481002
2020-01-17,936226.8639221645,996188.8639865573,-6.019139766774379
2020-01-17,936602.6542803114,996188.8639865573,-5.981416964228379
2020-01-17,937005.5330590247,996188.8639865573,-5.940974956364425
2020-01-17,937281.9974075541,996188.8639865573,-5.913222754093964
2020-01-17,936894.931645741,996188.8639865573,-5.9520774106561865
2020-01-17,937499.0164126311,996188.8639865573,-5.891437828270902
2020-01-17,936532.6993639495,996188.8639865573,-5.988439218631225
2020-01-17,936919.9595402023,996188.8639865573,-5.949565046247581
2020-01-17,937118.2042056291,996188.8639865573,-5.929664736919342
2020-01-17,937766.301911686,996188.8639865573,-5.864607022515336
2020-01-17,938205.3091603101,996188.8639865573,-5.820538345932535
2020-01-17,937815.231630762,996188.8639865573,-5.859695331485161
2020-01-17,937893.1803086523,996188.8639865573,-5.851870642743067
2020-01-21,936485.168977849,996188.8639865573,-5.993210441018746
2020-01-21,936900.1209862279,996188.8639865573,-5.9515564913130286
2020-01-21,936374.416475241,996188.8639865573,-6.004328062045425
2020-01-21,935830.1876517683,996188.8639865573,-6.0589591509028855
2020-01-21,935502.5460886246,996188.8639865573,-6.0918486535853935
2020-01-21,935725.9248048879,996188.8639865573,-6.069425323598617
2020-01-22,933878.6305254409,996188.8639865573,-6.254861473934049
2020-01-23,933386.5060023611,996188.8639865573,-6.3042621991248975
2020-01-23,932732.0597952825,996188.8639865573,-6.369957192387476
2020-01-23,932377.2719452018,996188.8639865573,-6.405571709163037
2020-01-23,932931.8876743712,996188.8639865573,-6.34989795600041
2020-01-24,933515.3813743335,996188.8639865573,-6.2913253578660315
2020-01-24,934406.9051259456,996188.8639865573,-6.201831911006533
2020-01-24,933154.0514700634,996188.8639865573,-6.327596582864889
2020-01-24,933841.1607750385,996188.8639865573,-6.25862278383792
2020-01-24,933228.7719825895,996188.8639865573,-6.320095945663716
2020-01-24,932552.2967449455,996188.8639865573,-6.388002269665064
2020-01-24,929553.2986105168,996188.8639865573,-6.689049414724206
2020-01-27,931057.6950736109,996188.8639865573,-6.538034229001918
2020-01-29,931206.8621276071,996188.8639865573,-6.523060456518727
2020-01-30,929658.9575799617,996188.8639865573,-6.678443095655139
2020-01-30,929155.4489787236,996188.8639865573,-6.728986583887199
2020-01-30,928038.2868648897,996188.8639865573,-6.841130189805787
2020-01-31,925967.9772245619,996188.8639865573,-7.048953195580297
2020-01-31,925295.8701696178,996188.8639865573,-7.1164210301688495
2020-01-31,923679.727421921,996188.8639865573,-7.2786535953100975
2020-01-31,922304.4369529645,996188.8639865573,-7.416708789327505
2020-01-31,920981.8072597788,996188.8639865573,-7.549477759248808
2020-01-31,920746.8765934742,996188.8639865573,-7.57306070368813
2020-02-03,921618.609640745,996188.8639865573,-7.485553898624852
2020-02-03,922404.3881907234,996188.8639865573,-7.406675427043282
2020-02-03,922404.389652908,996188.8639865573,-7.406675280265433
2020-02-03,919595.04937642,996188.8639865573,-7.688684081813922
2020-02-03,920232.5907283279,996188.8639865573,-7.624686041386471
2020-02-03,919296.8379725177,996188.8639865573,-7.71861930942818
2020-02-03,918061.3078798765,996188.8639865573,-7.8426449974585495
2020-02-03,915878.5657235495,996188.8639865573,-8.061754268324325
2020-02-03,913331.5364612108,996188.8639865573,-8.317431615704612
2020-02-03,913635.1756992306,996188.8639865573,-8.28695152814323
2020-02-03,912074.0056305529,996188.8639865573,-8.443665794394938
2020-02-03,909973.400064781,996188.8639865573,-8.654529983075559
2020-02-04,910789.4310934468,996188.8639865573,-8.572614689885045
2020-02-04,911094.0355378356,996188.8639865573,-8.542037712426191
2020-02-04,911781.7968224803,996188.8639865573,-8.472998466003338
2020-02-04,910732.1999514521,996188.8639865573,-8.578359699096016
2020-02-04,910967.8129796409,996188.8639865573,-8.554708257415978
2020-02-05,911725.4539904876,996188.8639865573,-8.478654304371895
2020-02-05,912376.4773108956,996188.8639865573,-8.41330290927572
2020-02-05,912959.4932996266,996188.8639865573,-8.35477826502323
2020-02-05,913919.2205834241,996188.8639865573,-8.258438372208445
2020-02-05,914802.5555030179,996188.8639865573,-8.169766941365623
2020-02-05,915406.136353117,996188.8639865573,-8.109177943443713
2020-02-05,916194.7572110777,996188.8639865573,-8.030014153677497
2020-02-05,917394.6594504295,996188.8639865573,-7.90956488118212
2020-02-06,922743.9109199124,996188.8639865573,-7.372593262359136
2020-02-06,928211.7291241783,996188.8639865573,-6.823719609788405
2020-02-06,936935.3855372308,996188.8639865573,-5.948016544995846
2020-02-06,937597.8127689346,996188.8639865573,-5.8815203959571
2020-02-06,941878.056402215,996188.8639865573,-5.45185853282889
2020-02-06,942695.3425679272,996188.8639865573,-5.369817245753913
2020-02-06,942975.1924900246,996188.8639865573,-5.341725190902236
2020-02-06,943664.0433185031,996188.8639865573,-5.2725765732674414
2020-02-06,943363.0234700424,996188.8639865573,-5.302793719768764
2020-02-07,942781.1021887735,996188.8639865573,-5.36120847447102
2020-02-07,942495.4455773727,996188.8639865573,-5.389883419727648
2020-02-07,942248.3273474458,996188.8639865573,-5.414689783145323
2020-02-07,940272.3519597158,996188.8639865573,-5.6130432740508995
2020-02-07,940193.5460889908,996188.8639865573,-5.620954010014129
2020-02-10,940046.4626944301,996188.8639865573,-5.635718619404764
2020-02-10,940267.9761951293,996188.8639865573,-5.613482524552956
2020-02-11,940764.204821952,996188.8639865573,-5.563669818874146
2020-02-11,943324.5301019229,996188.8639865573,-5.306657783051446
2020-02-11,945510.4823236158,996188.8639865573,-5.087226277569129
2020-02-11,948059.3257246733,996188.8639865573,-4.83136682227894
2020-02-12,952124.3407470455,996188.8639865573,-4.423310160602888
2020-02-12,954570.6788764836,996188.8639865573,-4.177740448083886
2020-02-12,957071.4972255918,996188.8639865573,-3.9267018710112187
2020-02-12,959613.4838394694,996188.8639865573,-3.6715307176512986
2020-02-12,955434.4713018152,996188.8639865573,-4.09103074307123
2020-02-12,955366.8896080791,996188.8639865573,-4.097814767283838
2020-02-12,947585.5418219873,996188.8639865573,-4.878926468829304
2020-02-12,948382.6516685399,996188.8639865573,-4.798910532557669
2020-02-13,948877.9128848002,996188.8639865573,-4.749194938038932
2020-02-13,946265.9470229755,996188.8639865573,-5.011390788268788
2020-02-13,948444.5908140389,996188.8639865573,-4.792692921847673
2020-02-14,950484.278167293,996188.8639865573,-4.587943859998924
2020-02-18,946891.2548962916,996188.8639865573,-4.948620775882406
2020-02-19,948732.623820404,996188.8639865573,-4.763779427953299
2020-02-20,950798.1069653762,996188.8639865573,-4.556440918194572
2020-02-20,950634.9187269323,996188.8639865573,-4.572822173229975
2020-02-20,950323.5602429966,996188.8639865573,-4.604077138547466
2020-02-21,949827.2172158863,996188.8639865573,-4.653901328021331
2020-02-21,946147.4351541046,996188.8639865573,-5.023287314435188
2020-02-26,944055.2828604752,996188.8639865573,-5.233302941919415
2020-02-27,928657.1920393659,996188.8639865573,-6.779002896794352
2020-02-27,921010.7176779013,996188.8639865573,-7.546575657130669
2020-02-27,914143.9938819511,996188.8639865573,-8.235875050467678
2020-02-27,896657.8284015062,996188.8639865573,-9.991181309410244
2020-02-28,885024.4433959174,996188.8639865573,-11.158970413078215
2020-02-28,875410.0220664925,996188.8639865573,-12.12409075089748
2020-02-28,865278.4951055949,996188.8639865573,-13.141119481810328
2020-02-28,855471.4455385071,996188.8639865573,-14.12557633749549
2020-02-28,843305.1464384495,996188.8639865573,-15.34686072842618
2020-02-28,828263.4125331616,996188.8639865573,-16.856788659671444
2020-02-28,820931.5869219729,996188.8639865573,-17.59277616929367
2020-02-28,810856.764938605,996188.8639865573,-18.60411270873765
2020-02-28,800490.1024189487,996188.8639865573,-19.644744951721268
2020-02-28,779916.9396018982,996188.8639865573,-21.709931941939228
2020-02-28,768943.3805159656,996188.8639865573,-22.811486022961425
2020-02-28,760633.7899519018,996188.8639865573,-23.64562409300674
2020-03-02,749563.4464440988,996188.8639865573,-24.756893643190384
2020-03-02,744347.9911119026,996188.8639865573,-25.28043446167785
2020-03-02,738133.5866137733,996188.8639865573,-25.904252366373203
2020-03-03,735907.2034145821,996188.8639865573,-26.12774243735047
2020-03-03,734996.5576728387,996188.8639865573,-26.219155398754108
2020-03-03,735025.2968939791,996188.8639865573,-26.21627048182928
2020-05-29,737151.0739039473,996188.8639865573,-26.002879518848506
2020-06-01,745375.5156824909,996188.8639865573,-25.177288902865207
2020-06-01,749076.9223748253,996188.8639865573,-24.805732180425835
2020-06-08,750336.4133959005,996188.8639865573,-24.679301232780535
2020-06-08,752534.0117871759,996188.8639865573,-24.458700654845842
2020-06-08,754260.8365228954,996188.8639865573,-24.285357547113332
2020-06-09,753293.9582030018,996188.8639865573,-24.382415279321297
2020-06-09,754042.2325080796,996188.8639865573,-24.307301580290027
2020-06-10,757587.9194228784,996188.8639865573,-23.95137640957394
2020-06-10,759292.2282100533,996188.8639865573,-23.780293510659114
2020-06-10,763864.4390593662,996188.8639865573,-23.321323227552774
2020-06-10,766489.1183878763,996188.8639865573,-23.057851166842656
2020-06-11,760757.875006087,996188.8639865573,-23.6331681161663
2020-06-12,761534.7504386277,996188.8639865573,-23.555183362408687
2020-06-16,762201.3068526876,996188.8639865573,-23.488272715426298
2020-06-16,757648.8351058807,996188.8639865573,-23.945261536661334
2020-06-17,757587.7482408368,996188.8639865573,-23.951393593267497
2020-06-17,757367.3809786325,996188.8639865573,-23.973514625751484
2020-06-26,759680.7062102868,996188.8639865573,-23.741297089972488
2020-06-29,760138.5240639395,996188.8639865573,-23.695340156482935
2020-06-30,760461.0594627983,996188.8639865573,-23.662963223702526
2020-06-30,758514.6224765901,996188.8639865573,-23.858351573901395
2020-06-30,759593.7580923139,996188.8639865573,-23.750025165653337
2020-06-30,761350.8364297604,996188.8639865573,-23.573645123578277
2020-06-30,762189.0265574121,996188.8639865573,-23.489505443046475
2020-07-01,762902.6119891233,996188.8639865573,-23.41787390233084
2020-07-01,765188.8430083765,996188.8639865573,-23.188376153269058
2020-07-01,765993.6986654805,996188.8639865573,-23.107582672614893
2020-07-01,767089.9946653538,996188.8639865573,-22.99753366087568
2020-07-01,767968.2388990128,996188.8639865573,-22.909373246178365
2020-07-01,770167.7533376112,996188.8639865573,-22.688580330486015
2020-07-01,770969.1575717111,996188.8639865573,-22.60813331254879
2020-07-01,766394.4565116605,996188.8639865573,-23.06735356941289
2020-07-01,767034.5354778751,996188.8639865573,-23.00310079673551
2020-07-02,767166.5132688142,996188.8639865573,-22.98985252668249
2020-07-02,764408.91743707,996188.8639865573,-23.266667087799824
2020-07-02,766361.6941656244,996188.8639865573,-23.07064233796075
2020-07-02,767307.5251042413,996188.8639865573,-22.9756973960115
2020-07-02,769559.4463205861,996188.8639865573,-22.749643753197923
2020-07-07,768006.2709792682,996188.8639865573,-22.905555488157738
2020-07-07,768661.6838010025,996188.8639865573,-22.83976346363024
2020-07-07,769039.6382779349,996188.8639865573,-22.80182342127523
2020-07-10,771141.0493734705,996188.8639865573,-22.590878371445406
2020-07-10,772448.0023784348,996188.8639865573,-22.45968306780247
2020-07-10,774417.8628100399,996188.8639865573,-22.26194341191813
2020-07-15,775333.5905692246,996188.8639865573,-22.170020304534646
2020-07-15,776008.9332141083,996188.8639865573,-22.102227673107187
2020-07-16,777381.7376474196,996188.8639865573,-21.96442203374102
2020-07-16,777989.750238208,996188.8639865573,-21.903388166291904
2020-07-17,778816.6515394645,996188.8639865573,-21.82038168718438
2020-07-20,779678.0706262769,996188.8639865573,-21.733910223995643
2020-07-22,780865.4047214568,996188.8639865573,-21.6147225741329
2020-07-24,782542.675043492,996188.8639865573,-21.446353865881832
2020-07-30,781817.7661100947,996188.8639865573,-21.51912208881662
2020-07-31,782590.8916684213,996188.8639865573,-21.44151375707592
2020-07-31,783267.0207489759,996188.8639865573,-21.373642181213405
2020-08-03,783377.1536644542,996188.8639865573,-21.362586755936153
2020-08-03,784814.1344003538,996188.8639865573,-21.21833893427822
2020-08-03,784950.3445575825,996188.8639865573,-21.204665808412944
2020-08-04,785131.1373482768,996188.8639865573,-21.186517363150184
2020-08-04,784701.4685094523,996188.8639865573,-21.22964862614233
2020-08-04,784234.9245112778,996188.8639865573,-21.276481512459434
2020-08-04,784555.1583562022,996188.8639865573,-21.244335615581722
2020-08-04,783594.8693356826,996188.8639865573,-21.340731896973256
2020-08-05,783744.9512093827,996188.8639865573,-21.3256662925356
2020-08-05,786224.0343431438,996188.8639865573,-21.0768095522745
2020-08-05,787880.6935644675,996188.8639865573,-20.910509839317054
2020-08-06,786855.0783039487,996188.8639865573,-21.013463736674872
2020-08-06,787369.4164816436,996188.8639865573,-20.961833147708386
2020-08-06,787715.360798838,996188.8639865573,-20.927106367506287
2020-08-06,787564.8906570284,996188.8639865573,-20.94221094729524
2020-08-06,789199.3133575544,996188.8639865573,-20.778143393479663
2020-08-07,791126.8067554957,996188.8639865573,-20.584656649386993
2020-08-07,792526.9680783775,996188.8639865573,-20.44410485509383
2020-08-10,795237.4066684614,996188.8639865573,-20.172024059165512
2020-08-10,796042.1907613607,996188.8639865573,-20.091237762310246
2020-08-12,797809.9809335631,996188.8639865573,-19.913782438715476
2020-08-13,795925.301640622,996188.8639865573,-20.10297139284602
2020-08-13,797240.5612812696,996188.8639865573,-19.97094224775156
2020-08-14,798100.9553681925,996188.8639865573,-19.884573676687662
2020-08-14,795975.6097662136,996188.8639865573,-20.097921333825056
2020-08-14,800378.428194639,996188.8639865573,-19.655955097542687
2020-08-14,801077.157188364,996188.8639865573,-19.58581488427743
2020-08-14,802856.6259268671,996188.8639865573,-19.40718723616439
2020-08-14,803422.2939670845,996188.8639865573,-19.35040402359628
2020-08-17,808523.0740445448,996188.8639865573,-18.83837460208197
2020-08-17,811886.1410540912,996188.8639865573,-18.50078128708666
2020-08-17,813320.9187162792,996188.8639865573,-18.356754615633385
2020-08-17,817335.4067255406,996188.8639865573,-17.953769985470363
2020-08-17,818789.6484294458,996188.8639865573,-17.80778946345513
2020-08-17,820489.3119221329,996188.8639865573,-17.63717287114699
2020-08-17,822924.2359194553,996188.8639865573,-17.392748938562725
2020-08-17,824746.5586264324,996188.8639865573,-17.209819498889555
2020-08-17,826600.1603106664,996188.8639865573,-17.023750195041266
2020-08-17,828487.4399430628,996188.8639865573,-16.834300212149078
2020-08-17,832180.0836085556,996188.8639865573,-16.46362314487937
2020-08-17,835770.3074534155,996188.8639865573,-16.10322724259108
2020-08-17,837518.6299274834,996188.8639865573,-15.92772613659884
2020-08-17,839306.7686873212,996188.8639865573,-15.748228169448108
2020-08-18,829591.2014538863,996188.8639865573,-16.723501793222123
2020-08-18,829908.9141469307,996188.8639865573,-16.691608976053608
2020-08-18,827472.9962767827,996188.8639865573,-16.936132676147974
2020-08-18,829803.960552838,996188.8639865573,-16.702144487730845
2020-08-18,832760.0971641347,996188.8639865573,-16.405399892587834
2020-08-18,834248.8593272739,996188.8639865573,-16.25595411810071
2020-08-19,834836.2391721774,996188.8639865573,-16.19699141874339
2020-08-19,834375.7404045217,996188.8639865573,-16.2432174692749
2020-08-20,835193.0269435178,996188.8639865573,-16.161176144728717
2020-08-20,835624.4422446818,996188.8639865573,-16.11786956735568
2020-08-20,832766.1532670123,996188.8639865573,-16.404791965406897
2020-08-20,834434.6467950455,996188.8639865573,-16.237304294308455
2020-08-20,836534.9400424833,996188.8639865573,-16.026471456945384
2020-08-24,838505.1878731122,996188.8639865573,-15.828692912950789
2020-08-26,838072.0241277424,996188.8639865573,-15.87217500364957
2020-08-26,839072.5416102782,996188.8639865573,-15.771740485787975
2020-08-26,835470.7539033154,996188.8639865573,-16.13329719829218
2020-08-26,833252.0477628461,996188.8639865573,-16.35601662637236
2020-08-26,835479.0876047268,996188.8639865573,-16.132460639913276
2020-08-27,833861.4148619653,996188.8639865573,-16.294846789893693
2020-08-27,830860.053896341,996188.8639865573,-16.596131122024598
2020-08-27,830894.4695143981,996188.8639865573,-16.592676393779655
2020-08-27,826053.6981195166,996188.8639865573,-17.078605475089567
2020-08-27,823702.4883147192,996188.8639865573,-17.314625961745918
2020-08-28,822966.2718915967,996188.8639865573,-17.388529259578043
2020-08-28,821557.1884469218,996188.8639865573,-17.529976679401233
2020-08-28,821031.877380424,996188.8639865573,-17.58270875516402
2020-08-28,823522.0575975782,996188.8639865573,-17.332738061134275
2020-08-28,826003.7450558015,996188.8639865573,-17.083619892086283
2020-08-31,824496.9476110223,996188.8639865573,-17.234876094524573
2020-09-01,823517.6895209973,996188.8639865573,-17.333176539894552
2020-09-01,825273.4259984574,996188.8639865573,-17.156931197175712
2020-09-01,823955.2326954053,996188.8639865573,-17.289254830846637
2020-09-01,826820.5879873404,996188.8639865573,-17.001623097997452
2020-09-01,823801.8352939981,996188.8639865573,-17.30465325648184
2020-09-01,822042.6251465441,996188.8639865573,-17.481247295127687
2020-09-01,820994.5337540433,996188.8639865573,-17.586457404414247
2020-09-02,822854.1588073355,996188.8639865573,-17.399783459289985
2020-09-02,823200.7365237933,996188.8639865573,-17.36499309684096
2020-09-02,825240.7215633806,996188.8639865573,-17.160214152472555
2020-09-02,828935.1937774705,996188.8639865573,-16.789353530792308
2020-09-02,832285.9267883439,996188.8639865573,-16.45299833430231
2020-09-03,824093.4501150701,996188.8639865573,-17.27538021081608
2020-09-03,825151.2884347993,996188.8639865573,-17.169191679908806
2020-09-03,826076.9407283976,996188.8639865573,-17.076272322238616
2020-09-03,826940.1960936016,996188.8639865573,-16.98961652870269
2020-09-08,821635.7159967084,996188.8639865573,-17.52209388200955
2020-09-09,820514.4488691875,996188.8639865573,-17.63464955975862
2020-09-09,821125.6796933175,996188.8639865573,-17.573292637770557
2020-09-09,819007.235017799,996188.8639865573,-17.7859475621632
2020-09-09,820310.9917074725,996188.8639865573,-17.655073112868905
2020-09-09,823211.7228921766,996188.8639865573,-17.363890256929725
2020-09-09,818059.602415456,996188.8639865573,-17.881073359750495
2020-09-09,818466.6458436511,996188.8639865573,-17.84021329366159
2020-09-09,819440.1456317559,996188.8639865573,-17.742490881446603
2020-09-09,816777.4647598695,996188.8639865573,-18.00977763480689
2020-09-09,818674.3402369755,996188.8639865573,-17.81936439634576
2020-09-09,818915.6262425034,996188.8639865573,-17.7951434866116
2020-09-09,816707.0464911532,996188.8639865573,-18.01684640171064
2020-09-10,813509.2379334004,996188.8639865573,-18.33785064833068
2020-09-11,808966.1969670802,996188.8639865573,-18.793892783567948
2020-09-11,810699.9334218868,996188.8639865573,-18.61985585969907
2020-09-11,812355.1911286581,996188.8639865573,-18.45369683437657
2020-09-11,821154.7905951849,996188.8639865573,-17.57037041057853
2020-09-11,822061.1410857727,996188.8639865573,-17.479388617531704
2020-09-14,822968.29623036,996188.8639865573,-17.388326051247123
2020-09-14,824176.7736421418,996188.8639865573,-17.267015980891014
2020-09-14,825187.7930429393,996188.8639865573,-17.16552725346723
2020-09-15,826438.230001506,996188.8639865573,-17.04000517590025
2020-09-17,826462.5424241315,996188.8639865573,-17.037564632394457
2020-09-17,825333.7200639229,996188.8639865573,-17.15087872383002
2020-09-17,821716.1610918394,996188.8639865573,-17.51401859648496
2020-09-17,819671.690115172,996188.8639865573,-17.719247850753664
2020-09-17,816257.7583588917,996188.8639865573,-18.06194709983163
2020-09-17,815467.5998572903,996188.8639865573,-18.14126524222075
2020-09-17,814564.2944809316,996188.8639865573,-18.23194135887034
2020-09-17,813195.961295181,996188.8639865573,-18.369298162907963
2020-09-17,810888.4072339517,996188.8639865573,-18.600936373758348
2020-09-18,808927.5459888199,996188.8639865573,-18.797772668161883
2020-09-18,808892.3756031148,996188.8639865573,-18.801303161924316
2020-09-18,808399.530866898,996188.8639865573,-18.85077618396198
2020-09-18,808079.4853034593,996188.8639865573,-18.882903180659966
2020-09-18,806475.3227017266,996188.8639865573,-19.043933147940788
2020-09-18,806814.1505139521,996188.8639865573,-19.009920740808507
2020-09-18,804536.1041150467,996188.8639865573,-19.238596896631925
2020-09-18,800211.2437905254,996188.8639865573,-19.672737497964697
2020-09-21,797612.2068168662,996188.8639865573,-19.933635513152133
2020-09-21,794155.4218993153,996188.8639865573,-20.28063647276108
2020-09-21,789095.0110057114,996188.8639865573,-20.788613531785124
2020-09-22,790840.177111881,996188.8639865573,-20.613429270119543
2020-09-24,790196.7746905076,996188.8639865573,-20.67801565977247
2020-09-24,789835.42557673,996188.8639865573,-20.71428881307108
2020-09-25,788682.0525599265,996188.8639865573,-20.830067362550935
2020-09-25,787065.7904543284,996188.8639865573,-20.992311909145258
2020-09-28,788024.0855990628,996188.8639865573,-20.89611577813256
2020-09-28,789452.3080719811,996188.8639865573,-20.752747133435733
2020-09-28,791611.3703426069,996188.8639865573,-20.536014910392637
2020-09-28,792393.9588217876,996188.8639865573,-20.457456666321434
2020-09-28,793388.518893901,996188.8639865573,-20.357620168638316
2020-09-28,795726.8635313504,996188.8639865573,-20.122891120564866
2020-09-28,797039.683109054,996188.8639865573,-19.99110691526368
2020-09-28,800052.1124245999,996188.8639865573,-19.6887115137039
2020-09-29,801545.7372898292,996188.8639865573,-19.53877760867589
2020-09-29,802626.5495236885,996188.8639865573,-19.430282897187737
2020-09-29,804274.833626231,996188.8639865573,-19.264823900191292
2020-09-29,805408.6941983693,996188.8639865573,-19.151004060085786
2020-09-30,805922.5115284754,996188.8639865573,-19.099425755139677
2020-09-30,804036.9322396778,996188.8639865573,-19.288705053168766
2020-10-01,802754.0867413891,996188.8639865573,-19.417480383295917
2020-10-01,803568.5652528981,996188.8639865573,-19.335720935770112
2020-10-01,803812.975260466,996188.8639865573,-19.311186430677395
2020-10-01,803923.4435104739,996188.8639865573,-19.300097343657704
2020-10-02,805058.7497648665,996188.8639865573,-19.186132382249752
2020-10-09,805661.7678201,996188.8639865573,-19.125599879123765
2020-10-12,806647.5723252164,996188.8639865573,-19.026642287771917
2020-10-15,806951.2197465592,996188.8639865573,-18.99616137874753
2020-10-16,806953.844111695,996188.8639865573,-18.995897938226296
2020-10-21,807330.1850099576,996188.8639865573,-18.958119871047682
2020-10-22,807479.3746223111,996188.8639865573,-18.94314383409858
2020-10-22,808472.5872243344,996188.8639865573,-18.843442598928313
2020-10-22,811022.329737304,996188.8639865573,-18.587492888472198
2020-10-23,812364.0292495567,996188.8639865573,-18.452809641072356
2020-10-26,812549.7641548305,996188.8639865573,-18.434165093638804
2020-10-26,814289.2850463764,996188.8639865573,-18.25954751313457
2020-10-26,815592.7459410137,996188.8639865573,-18.128702756506687
2020-10-26,814753.827450038,996188.8639865573,-18.21291555202203
2020-10-26,817327.9220457637,996188.8639865573,-17.954521316874228
2020-10-27,815920.0994705843,996188.8639865573,-18.09584216737496
2020-10-27,814367.379130641,996188.8639865573,-18.251708228126695
2020-10-27,814766.8149141254,996188.8639865573,-18.21161183697794
2020-10-27,816388.1772765305,996188.8639865573,-18.048855313489337
2020-10-27,815317.961904111,996188.8639865573,-18.156286284774918
2020-10-27,814408.3074237037,996188.8639865573,-18.247599740816476
2020-10-27,812980.6140543228,996188.8639865573,-18.390915272739562
2020-10-27,813519.8560365101,996188.8639865573,-18.33678477583466
2020-10-27,815642.4331986893,996188.8639865573,-18.123715021803775
2020-10-27,816262.509056884,996188.8639865573,-18.061470212550105
2020-10-28,813149.670552671,996188.8639865573,-18.37394494668396
2020-10-28,811882.0545596699,996188.8639865573,-18.50119149990563
2020-10-28,810103.9000674754,996188.8639865573,-18.67968722059445
2020-10-28,808071.8707546272,996188.8639865573,-18.88366754865357
2020-10-28,806788.2215502402,996188.8639865573,-19.012523556865716
2020-10-28,805105.5927681929,996188.8639865573,-19.1814301611128
2020-10-28,804567.3714157433,996188.8639865573,-19.235458204579956
2020-10-28,803145.4467312702,996188.8639865573,-19.37819466107705
2020-10-29,802523.7314354442,996188.8639865573,-19.44060404129618
2020-10-29,801388.9349560383,996188.8639865573,-19.554517830180014
2020-10-29,800661.2590497298,996188.8639865573,-19.627563808971267
2020-10-29,798905.0594231825,996188.8639865573,-19.803855643786537
2020-10-29,798431.0810581746,996188.8639865573,-19.851434810964854
2020-10-29,797960.2480264833,996188.8639865573,-19.898698241496195
2020-10-30,795637.4914390557,996188.8639865573,-20.131862521021713
2020-10-30,793607.26791248,996188.8639865573,-20.335661579610967
2020-10-30,793557.765597304,996188.8639865573,-20.340630749310172
2020-10-30,792686.1974769954,996188.8639865573,-20.428120998580848
2020-10-30,791178.4118176603,996188.8639865573,-20.579476400537587
2020-10-30,789455.7133123807,996188.8639865573,-20.752405306647386
2020-10-30,789464.0988050409,996188.8639865573,-20.751563549329735
2020-10-30,787491.0166702027,996188.8639865573,-20.949626608069654
2020-10-30,785681.6967726517,996188.8639865573,-21.13125079229416
2020-10-30,784664.2276416864,996188.8639865573,-21.233386960218542
2020-10-30,783047.1821139139,996188.8639865573,-21.395710148745405
2020-10-30,781945.1867162016,996188.8639865573,-21.506331280696468
2020-10-30,778438.6008263247,996188.8639865573,-21.858331389977376
2020-10-30,777505.9171353375,996188.8639865573,-21.951956577399642
2020-10-30,773483.2914920462,996188.8639865573,-22.355758084193596
2020-10-30,772077.1997974894,996188.8639865573,-22.496905184446238
2020-10-30,771690.0446164857,996188.8639865573,-22.535768817136773
2020-10-30,770364.6477043885,996188.8639865573,-22.66881556760869
2020-10-30,766937.5551059273,996188.8639865573,-23.012835935869646
2020-10-30,764176.2404733084,996188.8639865573,-23.290023799782183
2020-10-30,760907.3140198619,996188.8639865573,-23.61816704366115
2020-10-30,760422.8551548428,996188.8639865573,-23.66679827038259
2020-10-30,757761.3315303625,996188.8639865573,-23.93396885627224
2020-10-30,756399.5604686104,996188.8639865573,-24.07066693742751
2020-11-02,755910.1153690802,996188.8639865573,-24.119798695191946
2020-11-02,755144.099173586,996188.8639865573,-24.196693370808852
2020-11-02,752536.5772620091,996188.8639865573,-24.458443125884617
2020-11-03,753196.2069741267,996188.8639865573,-24.39222779905614
2020-11-03,753758.3929110134,996188.8639865573,-24.335794128975053
2020-11-04,752373.7366872084,996188.8639865573,-24.474789481549454
2020-11-05,757402.186786615,996188.8639865573,-23.9700207292384
2020-11-05,757634.3267275924,996188.8639865573,-23.946717924984156
2020-11-05,760282.2621318985,996188.8639865573,-23.680911359579518
2020-11-09,762783.6473899033,996188.8639865573,-23.429815874733933
2020-11-09,765237.4171272179,996188.8639865573,-23.183500158304916
2020-11-10,766346.8098671903,996188.8639865573,-23.072136462114532
2020-11-12,769160.4917166919,996188.8639865573,-22.789691842302005
2020-11-12,770980.5594775904,996188.8639865573,-22.606988759915104
2020-11-12,771886.0494505176,996188.8639865573,-22.516093347843977
2020-11-16,772678.3261310793,996188.8639865573,-22.43656257720364
2020-11-19,773225.743648125,996188.8639865573,-22.38161139908517
2020-11-20,770864.1008425686,996188.8639865573,-22.618679177187566
2020-11-20,771852.9550585486,996188.8639865573,-22.51941544801649
2020-11-23,773843.8970018277,996188.8639865573,-22.31955957577638
2020-11-24,775642.3544948533,996188.8639865573,-22.139025787652265
2020-11-25,781965.0137814048,996188.8639865573,-21.504340988903415
2020-11-25,785032.944916982,996188.8639865573,-21.196374171918542
2020-11-25,787245.8751145164,996188.8639865573,-20.97423454784378
2020-11-25,790375.7624416894,996188.8639865573,-20.66004840901787
2020-11-25,792472.8768976966,996188.8639865573,-20.449534666913287
2020-11-25,796064.0527737951,996188.8639865573,-20.08904319728099
2020-11-25,798398.6012979259,996188.8639865573,-19.854695212824666
2020-11-25,800321.6042221861,996188.8639865573,-19.66165923402796
2020-11-25,802752.778375632,996188.8639865573,-19.417611720415255
2020-11-25,807744.6900222346,996188.8639865573,-18.916510791960196
2020-11-25,809171.5254022161,996188.8639865573,-18.77328138721945
2020-11-25,812426.5864225884,996188.8639865573,-18.446529991169285
2020-11-25,817055.6711642203,996188.8639865573,-17.981850560493143
2020-11-27,817373.2445421973,996188.8639865573,-17.949971728129356
2020-11-30,825901.8104693207,996188.8639865573,-17.093852348015652
2020-11-30,827403.4955568882,996188.8639865573,-16.943109337141394
2020-11-30,826540.2733920071,996188.8639865573,-17.029761797943515
2020-11-30,821769.8728810989,996188.8639865573,-17.50862686895204
2020-11-30,823643.409235961,996188.8639865573,-17.32055647160142
2020-12-01,825097.8309932381,996188.8639865573,-17.174557875365682
2020-12-01,826950.9366171679,996188.8639865573,-16.988538367326413
2020-12-01,829583.7144215249,996188.8639865573,-16.72425336078447
2020-12-01,831246.7062642203,996188.8639865573,-16.557317963008547
2020-12-01,831381.6548508247,996188.8639865573,-16.54377147684684
2020-12-01,834136.5830363199,996188.8639865573,-16.26722470092018
2020-12-01,834870.6077881688,996188.8639865573,-16.193541408686674
2020-12-01,831037.2553256903,996188.8639865573,-16.578343186849324
2020-12-01,832713.971794933,996188.8639865573,-16.410030075765867
2020-12-01,829743.9464089724,996188.8639865573,-16.708168861826486
2020-12-02,827485.2640900356,996188.8639865573,-16.93490120150533
2020-12-03,829671.492804977,996188.8639865573,-16.715441940919685
2020-12-03,830256.6601178013,996188.8639865573,-16.6567013412223
2020-12-03,829836.5746508953,996188.8639865573,-16.698870600696335
2020-12-03,831861.2905414845,996188.8639865573,-16.495624412771022
2020-12-03,829072.8001984794,996188.8639865573,-16.7755402443781
2020-12-04,830603.594125555,996188.8639865573,-16.621875213336732
2020-12-04,832489.978855898,996188.8639865573,-16.432515063014026
2020-12-04,834097.5329482649,996188.8639865573,-16.271144649181682
2020-12-04,841653.2667699944,996188.8639865573,-15.512680657575418
2020-12-04,846202.3444529573,996188.8639865573,-15.056032541197329
2020-12-04,850817.9530005319,996188.8639865573,-14.59270588553649
2020-12-04,852812.4446677588,996188.8639865573,-14.39249368287792
2020-12-04,859196.7424575286,996188.8639865573,-13.751621452664356
2020-12-04,870348.1845486057,996188.8639865573,-12.63221101813579
2020-12-04,872186.7292225718,996188.8639865573,-12.447653175699305
2020-12-04,873139.7197606536,996188.8639865573,-12.351989534743907
2020-12-04,877452.0570141895,996188.8639865573,-11.919106031481402
2020-12-07,881338.9221364113,996188.8639865573,-11.528932514918761
2020-12-07,879631.1973262547,996188.8639865573,-11.700358323005256
2020-12-07,878873.2531357785,996188.8639865573,-11.776442710000214
2020-12-07,879891.4041601961,996188.8639865573,-11.674238091857509
2020-12-07,884624.6293889649,996188.8639865573,-11.19910477127136
2020-12-07,887813.1004738995,996188.8639865573,-10.879037844185364
2020-12-07,892024.7147541693,996188.8639865573,-10.456265172001924
2020-12-07,893663.0137406745,996188.8639865573,-10.291808506631366
2020-12-07,895639.8218992492,996188.8639865573,-10.093371420046807
2020-12-08,898258.7468789538,996188.8639865573,-9.830476995667867
2020-12-09,900046.7831232548,996188.8639865573,-9.650989319290355
2020-12-09,896282.4790524867,996188.8639865573,-10.028859842325922
2020-12-10,896321.5564179438,996188.8639865573,-10.024937155888662
2020-12-10,898402.0201459532,996188.8639865573,-9.816094856680081
2020-12-10,895610.6842190548,996188.8639865573,-10.096296335316172
2020-12-14,895689.1289994125,996188.8639865573,-10.088421846532604
2020-12-14,886671.8875934884,996188.8639865573,-10.993595727902731
2020-12-15,888117.9973070716,996188.8639865573,-10.848431515988526
2020-12-15,889766.3751894447,996188.8639865573,-10.682963105131506
2020-12-15,892679.9890970495,996188.8639865573,-10.390487048337919
2020-12-15,894990.3448670645,996188.8639865573,-10.158567594754645
2020-12-15,897130.0798770012,996188.8639865573,-9.943775491842159
2020-12-16,896696.5948730554,996188.8639865573,-9.987289831302968
2020-12-16,895527.2499285698,996188.8639865573,-10.104671683957504
2020-12-16,892291.1815530414,996188.8639865573,-10.429516549476094
2020-12-17,896265.6316604932,996188.8639865573,-10.030551026859554
2020-12-17,898235.3577474501,996188.8639865573,-9.832824856836487
2020-12-17,902379.3122799228,996188.8639865573,-9.416844044133025
2020-12-17,904542.8230474177,996188.8639865573,-9.199665269534306
2020-12-17,909833.6058709789,996188.8639865573,-8.668562883748892
2020-12-17,914667.416061611,996188.8639865573,-8.183332586023203
2020-12-17,916111.6581914265,996188.8639865573,-8.038355846970337
2020-12-17,917852.388843255,996188.8639865573,-7.863616827617884
2020-12-17,918899.3047034548,996188.8639865573,-7.758524721286732
2020-12-17,920100.3354052523,996188.8639865573,-7.6379621708290655
2020-12-17,923031.6627572359,996188.8639865573,-7.343707992936229
2020-12-17,925258.9518737535,996188.8639865573,-7.1201269836480545
2020-12-17,927191.9554693479,996188.8639865573,-6.926087111744758
2020-12-17,929257.7084329239,996188.8639865573,-6.718721516900699
2020-12-17,931131.3002874431,996188.8639865573,-6.530645548351778
2020-12-17,933696.1179632868,996188.8639865573,-6.273182554278564
2020-12-17,928579.6738905159,996188.8639865573,-6.7867843679242075
2020-12-17,935610.2937220996,996188.8639865573,-6.0810326690497085
2020-12-18,938288.3982500876,996188.8639865573,-5.812197649425946
2020-12-18,939931.0544945078,996188.8639865573,-5.6473035913006004
2020-12-18,943288.5069586365,996188.8639865573,-5.310273878812877
2020-12-18,945400.0875728847,996188.8639865573,-5.098307986542395
2020-12-18,942818.3316342204,996188.8639865573,-5.3574712869965495
2020-12-18,947041.6774517283,996188.8639865573,-4.9335209729359395
2020-12-21,946150.2438329961,996188.8639865573,-5.023005372025165
2020-12-21,943276.6766797419,996188.8639865573,-5.311461432631455
2020-12-21,940602.532621188,996188.8639865573,-5.579898890148551
2020-12-21,949730.1615387414,996188.8639865573,-4.663644026484804
2020-12-21,952028.3281547638,996188.8639865573,-4.432948151525359
2020-12-21,953802.6105148486,996188.8639865573,-4.254841125415421
2020-12-21,955707.4805246241,996188.8639865573,-4.06362537520591
2020-12-22,957431.3326431941,996188.8639865573,-3.890580666427348
2020-12-23,958577.0915532534,996188.8639865573,-3.7755664405631753
2020-12-23,958369.4564272115,996188.8639865573,-3.7964093884767784
2020-12-23,955033.2364875394,996188.8639865573,-4.131307725557283
2020-12-23,954126.0008644495,996188.8639865573,-4.222378370480902
2020-12-23,950662.207297159,996188.8639865573,-4.570082876374402
2020-12-23,950536.062431121,996188.8639865573,-4.582745622425707
2020-12-23,951067.0378213795,996188.8639865573,-4.52944494727726
2020-12-23,951007.1563522662,996188.8639865573,-4.535456003140066
2020-12-23,946102.0983481989,996188.8639865573,-5.027838339601666
2020-12-23,945584.1599455904,996188.8639865573,-5.07983032840345
2020-12-23,946403.3216978337,996188.8639865573,-4.997600765129156
2020-12-23,946002.3168009483,996188.8639865573,-5.037854667916286
2020-12-23,945946.0732261263,996188.8639865573,-5.04350054259481
2020-12-23,946156.9929422189,996188.8639865573,-5.022327879085143
2020-12-23,942644.5614528363,996188.8639865573,-5.374914784677177
2020-12-23,944126.801675774,996188.8639865573,-5.226123699319514
2020-12-23,945910.9113876971,996188.8639865573,-5.047030178359703
2020-12-23,944163.0549584305,996188.8639865573,-5.222484501576292
2020-12-23,941331.0358604172,996188.8639865573,-5.506769861551115
2020-12-23,941118.0750042056,996188.8639865573,-5.528147419954988
2020-12-23,943123.7351242566,996188.8639865573,-5.32681409928076
2020-12-23,942343.7922617423,996188.8639865573,-5.405106769547431
2020-12-23,942974.4407546375,996188.8639865573,-5.341800652033585
2020-12-23,943706.4106259531,996188.8639865573,-5.268323633992403
2020-12-23,945008.8851229605,996188.8639865573,-5.137577894495258
2020-12-23,947416.6583634218,996188.8639865573,-4.895879424706527
2020-12-23,950071.8228875147,996188.8639865573,-4.629347181667043
2020-12-24,951593.2178024697,996188.8639865573,-4.476625647633157
2020-12-24,949662.7817629982,996188.8639865573,-4.670407781650024
2020-12-24,950251.7863034824,996188.8639865573,-4.611281991172194
2020-12-24,949176.276463083,996188.8639865573,-4.719244434769023
2020-12-28,951833.4518366291,996188.8639865573,-4.452510337490263
2020-12-28,950743.1592522229,996188.8639865573,-4.561956710946303
2020-12-28,950263.6057057427,996188.8639865573,-4.610095529178125
2020-12-28,951732.8582301731,996188.8639865573,-4.462608182396237
2020-12-28,952850.2044645897,996188.8639865573,-4.350446093980072
2020-12-28,955169.1243152721,996188.8639865573,-4.117666955955732
2020-12-28,957071.0227780832,996188.8639865573,-3.9267494972722345
2020-12-28,959011.56236359,996188.8639865573,-3.731953143321729
2020-12-28,960959.7599373449,996188.8639865573,-3.5363880608173313
2020-12-28,962738.8696597919,996188.8639865573,-3.35779645165927
2020-12-29,964136.6688934912,996188.8639865573,-3.217481769952682
2020-12-30,963912.9922809249,996188.8639865573,-3.239935003536434
2020-12-31,965574.9736049119,996188.8639865573,-3.0731010442271436
2020-12-31,967211.5611520575,996188.8639865573,-2.9088161775406958
2020-12-31,968422.5047973312,996188.8639865573,-2.7872585403244234
2021-01-04,964377.4534527134,996188.8639865573,-3.193311196688219
2021-01-04,962608.1401930131,996188.8639865573,-3.3709194117228525
2021-01-04,960206.8688099505,996188.8639865573,-3.6119652083455085
2021-01-04,958481.9539818391,996188.8639865573,-3.7851165946407375
2021-01-04,961551.6530394251,996188.8639865573,-3.476972309098167
2021-01-04,967284.3608693903,996188.8639865573,-2.901508354700608
2021-01-04,969377.9228998439,996188.8639865573,-2.691351214208639
2021-01-05,971748.9467964745,996188.8639865573,-2.453341738059484
2021-01-05,976539.4662498401,996188.8639865573,-1.9724570758685371
2021-01-06,984765.2654581255,996188.8639865573,-1.1467301975969484
2021-01-06,989884.1016726631,996188.8639865573,-0.6328882546090483
2021-01-06,990844.7551129345,996188.8639865573,-0.5364553918256765
2021-01-06,992705.6662853325,996188.8639865573,-0.3496523427581526
2021-01-06,999069.8484574374,999069.8484574374,0.0
2021-01-07,1000351.4721866803,1000351.4721866803,0.0
2021-01-07,1001754.1044887486,1001754.1044887486,0.0
2021-01-07,1002088.2363971655,1002088.2363971655,0.0
2021-01-07,1003226.4853071157,1003226.4853071157,0.0
2021-01-07,1005570.2384157166,1005570.2384157166,0.0
2021-01-07,1006626.3265343498,1006626.3265343498,0.0
2021-01-07,1007572.9944756917,1007572.9944756917,0.0
2021-01-07,1011652.0617876693,1011652.0617876693,0.0
2021-01-07,1013362.4986770413,1013362.4986770413,0.0
2021-01-07,1014365.7554555768,1014365.7554555768,0.0
2021-01-07,1015511.1479158291,1015511.1479158291,0.0
2021-01-07,1018229.5368767554,1018229.5368767554,0.0
2021-01-07,1025090.4648288646,1025090.4648288646,0.0
2021-01-07,1027467.5652392248,1027467.5652392248,0.0
2021-01-07,1030747.645809383,1030747.645809383,0.0
2021-01-07,1032378.5371642666,1032378.5371642666,0.0
2021-01-07,1033560.6533970094,1033560.6533970094,0.0
2021-01-07,1036412.905580462,1036412.905580462,0.0
2021-01-07,1037101.9117302413,1037101.9117302413,0.0
2021-01-07,1038163.2333435521,1038163.2333435521,0.0
2021-01-08,1039402.2217787147,1039402.2217787147,0.0
2021-01-08,1040391.6088493519,1040391.6088493519,0.0
2021-01-08,1041946.0112735975,1041946.0112735975,0.0
2021-01-08,1042897.627332628,1042897.627332628,0.0
2021-01-08,1043110.4769736612,1043110.4769736612,0.0
2021-01-11,1044087.91596144,1044087.91596144,0.0
2021-01-11,1044746.2050059785,1044746.2050059785,0.0
2021-01-11,1045470.5715060373,1045470.5715060373,0.0
2021-01-11,1046126.3892544816,1046126.3892544816,0.0
2021-01-12,1044685.8471322337,1046126.3892544816,-0.1377024934123472
2021-01-12,1041268.7588730032,1046126.3892544816,-0.46434450286071416
2021-01-12,1041214.6896279703,1046126.3892544816,-0.4695130222278034
2021-01-12,1042028.4828819586,1046126.3892544816,-0.391721919513321
2021-01-12,1042965.6222449385,1046126.3892544816,-0.3021400704551243
2021-01-13,1043047.5971908055,1046126.3892544816,-0.2943040243799089
2021-01-13,1036184.9125502127,1046126.3892544816,-0.9503131558848934
2021-01-13,1036454.1278403928,1046126.3892544816,-0.9245786659661452
2021-01-14,1034947.8987048931,1046126.3892544816,-1.0685602298547203
2021-01-14,1033536.7198789282,1046126.3892544816,-1.2034558639253405
2021-01-14,1033876.944026139,1046126.3892544816,-1.170933584523395
2021-01-14,1035066.8301457118,1046126.3892544816,-1.057191484926733
2021-01-19,1036122.7635448772,1046126.3892544816,-0.9562540255516851
2021-01-19,1036845.4887011286,1046126.3892544816,-0.8871681900661177
2021-01-19,1038355.8006106863,1046126.3892544816,-0.7427963507672364
2021-01-19,1038568.0551809387,1046126.3892544816,-0.7225067784523997
2021-01-19,1039487.7276713696,1046126.3892544816,-0.6345946007387412
2021-01-19,1038906.9710069526,1046126.3892544816,-0.6901095624472265
2021-01-19,1039728.6232524854,1046126.3892544816,-0.611567212882908
2021-01-20,1040909.7837320183,1046126.3892544816,-0.498659203710646
2021-01-20,1042573.3573564854,1046126.3892544816,-0.3396369630373495
2021-01-20,1043219.0972851536,1046126.3892544816,-0.2779102027432787
2021-01-20,1044348.9953264123,1046126.3892544816,-0.16990240819142724
2021-01-20,1045125.5170753789,1046126.3892544816,-0.09567411637670309
2021-01-20,1046507.8260500234,1046507.8260500234,0.0
2021-01-21,1046330.5905926644,1046507.8260500234,-0.016935894118246787
2021-01-21,1047688.2986093343,1047688.2986093343,0.0
2021-01-22,1045951.9209288431,1047688.2986093343,-0.1657341866656332
2021-01-22,1046798.2116937257,1047688.2986093343,-0.08495722599842748
2021-01-22,1047633.993008595,1047688.2986093343,-0.005183373796519481
2021-01-22,1049145.798828943,1049145.798828943,0.0
2021-01-22,1049905.7793204794,1049905.7793204794,0.0
2021-01-22,1048178.2537143867,1049905.7793204794,-0.16454101311936178
2021-01-22,1047398.7221140267,1049905.7793204794,-0.23878878046326468
2021-01-22,1047102.9801550172,1049905.7793204794,-0.2669572089865219
2021-01-22,1047427.0782863803,1049905.7793204794,-0.23608795026381918
2021-01-22,1046181.9610906221,1049905.7793204794,-0.35468118217878386
2021-01-22,1045493.5081265545,1049905.7793204794,-0.42025401524892436
2021-01-22,1045450.6505103582,1049905.7793204794,-0.42433605927997303
2021-01-25,1045431.389911438,1049905.7793204794,-0.4261705666519236
2021-01-25,1046274.8458274686,1049905.7793204794,-0.34583422289196575
2021-01-25,1047013.8766461486,1049905.7793204794,-0.2754440190054432
2021-01-25,1047724.4054736362,1049905.7793204794,-0.20776853407312135
2021-01-25,1048118.8323591589,1049905.7793204794,-0.17020069767374935
2021-01-25,1049038.2967237658,1049905.7793204794,-0.08262480441578639
2021-01-25,1048375.8261667346,1049905.7793204794,-0.14572290046207984
2021-01-25,1047106.0562204652,1049905.7793204794,-0.2666642240817253
2021-01-25,1047291.2388791,1049905.7793204794,-0.24902619767190928
2021-01-25,1046584.1957143676,1049905.7793204794,-0.3163696849313102
2021-01-25,1046057.7890481036,1049905.7793204794,-0.36650815227117367
2021-01-26,1046798.5921794449,1049905.7793204794,-0.29594914155492646
2021-01-27,1047070.4188571825,1049905.7793204794,-0.27005856326764693
2021-01-27,1044872.2348035375,1049905.7793204794,-0.47942821309162575
2021-01-27,1043783.8122558749,1049905.7793204794,-0.5830968059406983
2021-01-27,1042796.5666896587,1049905.7793204794,-0.6771286310493426
2021-01-27,1040257.2198092646,1049905.7793204794,-0.9189928945299713
2021-01-27,1038094.1287981222,1049905.7793204794,-1.1250200498945673
2021-01-27,1035913.6826018678,1049905.7793204794,-1.332700228364065
2021-01-27,1032848.4826515756,1049905.7793204794,-1.6246502309896433
2021-01-28,1031979.5876818147,1049905.7793204794,-1.7074095591955778
2021-01-28,1029306.5131265952,1049905.7793204794,-1.9620109346589616
2021-01-28,1028689.3618849727,1049905.7793204794,-2.0207925180903765
2021-01-28,1027726.9233955514,1049905.7793204794,-2.112461552434028
2021-01-28,1026729.1839722944,1049905.7793204794,-2.207492882188466
2021-01-28,1025015.9072730211,1049905.7793204794,-2.3706767347797197
2021-01-28,1024906.4706292711,1049905.7793204794,-2.3811002076194225
2021-01-28,1022904.656504711,1049905.7793204794,-2.5717662810889594
2021-01-28,1021732.628939071,1049905.7793204794,-2.683397971162959
2021-01-28,1020779.4163162084,1049905.7793204794,-2.7741882726964437
2021-01-28,1020968.1857993965,1049905.7793204794,-2.7562086132921277
2021-01-28,1019784.5479702876,1049905.7793204794,-2.86894614197541
2021-01-28,1018441.8519356993,1049905.7793204794,-2.9968334306288056
2021-01-28,1015778.0051509297,1049905.7793204794,-3.2505558919427884
2021-01-28,1015031.7339320981,1049905.7793204794,-3.321635719631187
2021-01-28,1013589.2242088055,1049905.7793204794,-3.4590299269691336
2021-01-28,1011351.8775985361,1049905.7793204794,-3.672129678807575
2021-01-28,1009817.7946720858,1049905.7793204794,-3.8182459262524824
2021-01-29,1007857.7233373774,1049905.7793204794,-4.004936139156822
2021-01-29,1004700.1562978543,1049905.7793204794,-4.30568379687205
2021-01-29,1001755.3585940719,1049905.7793204794,-4.586165889816454
2021-01-29,999675.5868103317,1049905.7793204794,-4.784257168548754
2021-02-01,999028.1078864896,1049905.7793204794,-4.84592736187421
2021-02-01,999448.6187457716,1049905.7793204794,-4.80587511456168
2021-02-01,1000054.0886844516,1049905.7793204794,-4.748206136010868
2021-02-02,1001280.9278401984,1049905.7793204794,-4.63135382603113
2021-02-02,1002376.750714964,1049905.7793204794,-4.526980376875069
2021-02-02,1002713.4269540486,1049905.7793204794,-4.49491309562794
2021-02-02,1002133.270991277,1049905.7793204794,-4.550171002975311
2021-02-02,1001819.6503846996,1049905.7793204794,-4.580042312644676
2021-02-02,1000672.3667926019,1049905.7793204794,-4.689317222326594
2021-02-03,1001209.9129831122,1049905.7793204794,-4.638117752707694
2021-02-03,999653.7590813095,1049905.7793204794,-4.786336186442746
2021-02-03,999505.1769608199,1049905.7793204794,-4.800488134495251
2021-02-03,999173.6080246512,1049905.7793204794,-4.832068962289463
2021-02-03,999119.3027227221,1049905.7793204794,-4.837241359946353
2021-02-03,999031.253287271,1049905.7793204794,-4.845627773011726
2021-02-03,999123.050986174,1049905.7793204794,-4.836884350438853
2021-02-03,999223.8058642168,1049905.7793204794,-4.827287786630246
2021-02-03,999293.1806223106,1049905.7793204794,-4.820680073875417
2021-02-03,999304.5526946295,1049905.7793204794,-4.81959692217334
2021-02-03,999101.740028574,1049905.7793204794,-4.838914147590156
2021-02-03,998736.7671234633,1049905.7793204794,-4.873676591258853
2021-02-03,996775.4062661752,1049905.7793204794,-5.060489626858825
2021-02-03,998359.4838655955,1049905.7793204794,-4.909611554690713
2021-02-04,998884.3138436195,1049905.7793204794,-4.859623261611339
2021-02-04,998755.2421317975,1049905.7793204794,-4.871916908752286
2021-02-05,1004140.2881221987,1049905.7793204794,-4.359009360621015
2021-02-05,1004688.6425067422,1049905.7793204794,-4.306780446813302
2021-02-05,1006234.203743439,1049905.7793204794,-4.159570928860441
2021-02-08,1007806.9648306369,1049905.7793204794,-4.00977071648179
2021-02-08,1010391.4964371839,1049905.7793204794,-3.763602759560948
2021-02-09,1011727.0455391131,1049905.7793204794,-3.6363961922446335
2021-02-10,1013716.2860593864,1049905.7793204794,-3.446927712362485
2021-02-11,1017110.7740882101,1049905.7793204794,-3.1236141259737513
2021-02-11,1019844.0168616892,1049905.7793204794,-2.863281929760097
2021-02-16,1021083.2569220023,1049905.7793204794,-2.745248475261428
2021-02-16,1015729.962723835,1049905.7793204794,-3.2551317718018127
2021-02-17,1015208.2422781285,1049905.7793204794,-3.3048238923694484
2021-02-19,1015940.0786824627,1049905.7793204794,-3.2351189322912375
2021-02-19,1018344.5567510566,1049905.7793204794,-3.006100470258376
2021-02-19,1017684.8821580727,1049905.7793204794,-3.0689322601177347
2021-02-19,1022490.3562840972,1049905.7793204794,-2.6112269859230617
2021-02-22,1027046.1101793536,1049905.7793204794,-2.177306725173091
2021-02-22,1029570.4848207207,1049905.7793204794,-1.9368685171844708
2021-02-22,1036620.1913949451,1049905.7793204794,-1.2654076382104436
2021-02-22,1039591.435062577,1049905.7793204794,-0.9824066560123147
2021-02-22,1041645.0091262378,1049905.7793204794,-0.7868106221482164
2021-02-22,1044310.4098928944,1049905.7793204794,-0.5329401492776203
2021-02-22,1053991.8018070622,1053991.8018070622,0.0
2021-02-22,1055955.8068726806,1055955.8068726806,0.0
2021-02-23,1058924.4867860926,1058924.4867860926,0.0
2021-02-23,1060655.8152253923,1060655.8152253923,0.0
2021-02-23,1063076.5307077186,1063076.5307077186,0.0
2021-02-23,1068384.0548850226,1068384.0548850226,0.0
2021-02-23,1070216.3746074773,1070216.3746074773,0.0
2021-02-23,1073875.0617930926,1073875.0617930926,0.0
2021-02-24,1078154.0214481887,1078154.0214481887,0.0
2021-02-24,1080896.8330812368,1080896.8330812368,0.0
2021-02-24,1084888.0642757772,1084888.0642757772,0.0
2021-02-24,1089690.341358654,1089690.341358654,0.0
2021-02-24,1093101.4365913442,1093101.4365913442,0.0
2021-02-24,1096201.0775635657,1096201.0775635657,0.0
2021-02-24,1096972.7084387362,1096972.7084387362,0.0
2021-02-24,1101610.96925691,1101610.96925691,0.0
2021-02-24,1104999.9607316486,1104999.9607316486,0.0
2021-02-24,1107353.4289633413,1107353.4289633413,0.0
2021-02-24,1104105.8026217371,1107353.4289633413,-0.2932782124171915
2021-02-24,1098413.0720077462,1107353.4289633413,-0.8073625566829803
2021-02-24,1098857.071599165,1107353.4289633413,-0.7672669937122285
2021-02-24,1098256.123315232,1107353.4289633413,-0.8215358719415986
2021-02-24,1101687.0473012836,1107353.4289633413,-0.5117048914872956
2021-02-25,1096766.998348657,1107353.4289633413,-0.9560119053042373
2021-02-25,1083516.4986280822,1107353.4289633413,-2.1526036504509873
2021-02-25,1066629.9852080129,1107353.4289633413,-3.677547085707951
2021-02-25,1063638.7892914454,1107353.4289633413,-3.9476682447102487
2021-02-25,1064186.9112765752,1107353.4289633413,-3.8981698667946354
2021-02-26,1057497.6797676748,1107353.4289633413,-4.502243628065469
2021-02-26,1052877.297487817,1107353.4289633413,-4.9194891216007335
2021-02-26,1055756.8418740535,1107353.4289633413,-4.659450699275878
2021-03-01,1059338.8733165606,1107353.4289633413,-4.335973898751539
2021-03-01,1062787.8865917602,1107353.4289633413,-4.024509357712605
2021-03-01,1064077.0348275919,1107353.4289633413,-3.9080923040318765
2021-03-01,1066510.8722707194,1107353.4289633413,-3.6883036277638137
2021-03-01,1068068.8377398239,1107353.4289633413,-3.5476109249324357
2021-03-01,1072723.0059293392,1107353.4289633413,-3.127314381138608
2021-03-01,1076002.4172250445,1107353.4289633413,-2.831165815564987
2021-03-01,1077010.8137145645,1107353.4289633413,-2.7401021620696335
2021-03-01,1080273.746203057,1107353.4289633413,-2.4454417218570557
2021-03-01,1082845.2187261502,1107353.4289633413,-2.213223853935652
2021-03-01,1085050.0610544698,1107353.4289633413,-2.014114674278021
2021-03-01,1086889.111655562,1107353.4289633413,-1.8480384647327264
2021-03-01,1066232.944281846,1107353.4289633413,-3.7134020273898045
2021-03-01,1056900.6171928963,1107353.4289633413,-4.556161605755519
2021-03-01,1057539.1190994298,1107353.4289633413,-4.498501432423936
2021-03-01,1058952.7883864448,1107353.4289633413,-4.370839454771652
2021-03-02,1055621.7871924778,1107353.4289633413,-4.671646867007264
2021-03-02,1054855.5822010476,1107353.4289633413,-4.740839319153962
2021-03-02,1049442.2953941019,1107353.4289633413,-5.229688377219677
2021-03-02,1043221.5040973695,1107353.4289633413,-5.791459455361912
2021-03-03,1046025.5764439777,1107353.4289633413,-5.538236566149999
2021-03-03,1047495.6937644368,1107353.4289633413,-5.405477025970009
2021-03-03,1044836.4919118603,1107353.4289633413,-5.645617326530227
2021-03-03,1042459.2327111111,1107353.4289633413,-5.8602966817000315
2021-03-04,1041281.1085375997,1107353.4289633413,-5.966687662456223
2021-03-04,1035684.5643176523,1107353.4289633413,-6.472085855442058
2021-03-05,1030760.0063961192,1107353.4289633413,-6.916800053522717
2021-03-05,1027512.1145277052,1107353.4289633413,-7.2101022444460385
2021-03-05,1030333.8665144877,1107353.4289633413,-6.95528278816603
2021-03-05,1024821.2298649783,1107353.4289633413,-7.453103674011845
2021-03-05,1020322.3874768795,1107353.4289633413,-7.859373458385065
2021-03-05,1022445.1082016788,1107353.4289633413,-7.667680303401428
2021-03-08,1026764.3311371382,1107353.4289633413,-7.27763112646405
2021-03-08,1028806.4358501338,1107353.4289633413,-7.093218033084521
2021-03-08,1030798.4206656459,1107353.4289633413,-6.913331037351199
2021-03-08,1032868.1366067728,1107353.4289633413,-6.726424500829746
2021-03-08,1028695.664197511,1107353.4289633413,-7.103221312049072
2021-03-08,1029193.583812343,1107353.4289633413,-7.058256479520578
2021-03-08,1021615.5819367644,1107353.4289633413,-7.742591008802051
2021-03-09,1020128.9265419912,1107353.4289633413,-7.876844026482682
2021-03-09,1020044.3467327176,1107353.4289633413,-7.884482040423071
2021-03-09,1019212.3986199818,1107353.4289633413,-7.959611451772308
2021-03-09,1020924.8076226384,1107353.4289633413,-7.804971663077233
2021-03-09,1021879.6217388527,1107353.4289633413,-7.718746787509896
2021-03-10,1025238.00458131,1107353.4289633413,-7.415466664414846
2021-03-10,1026738.2531314574,1107353.4289633413,-7.279986111331459
2021-03-10,1033639.7625481595,1107353.4289633413,-6.656742507601167
2021-03-11,1035002.32692396,1107353.4289633413,-6.533695579659097
2021-03-11,1041847.2450512116,1107353.4289633413,-5.9155624752482066
2021-03-11,1044113.7437676245,1107353.4289633413,-5.710885390486323
2021-03-11,1044634.9734940582,1107353.4289633413,-5.663815528886516
2021-03-11,1044345.1493875526,1107353.4289633413,-5.6899882122345
2021-03-12,1046126.7844050033,1107353.4289633413,-5.529096940229448
2021-03-12,1050200.4336070754,1107353.4289633413,-5.161224398769434
2021-03-15,1053262.996959337,1107353.4289633413,-4.8846583745752685
2021-03-15,1055221.7697877805,1107353.4289633413,-4.707770600788614
2021-03-22,1061685.137716939,1107353.4289633413,-4.124093541585461
2021-03-22,1064496.1380275572,1107353.4289633413,-3.87024501977705
2021-03-24,1050374.365838197,1107353.4289633413,-5.1455173781766925
2021-03-24,1053124.8261007697,1107353.4289633413,-4.89713594993228
2021-03-25,1058761.210154905,1107353.4289633413,-4.3881400045806815
2021-03-25,1062310.835925334,1107353.4289633413,-4.067589611401159
2021-03-25,1064866.1308513656,1107353.4289633413,-3.8368326679360645
2021-03-25,1070432.3342242115,1107353.4289633413,-3.3341744174390446
2021-03-25,1072816.6958784931,1107353.4289633413,-3.118853672325738
2021-03-25,1076734.2011980352,1107353.4289633413,-2.765081767432697
2021-03-25,1079243.770736996,1107353.4289633413,-2.5384540735707395
2021-03-25,1071103.5321301392,1107353.4289633413,-3.2735616186367675
2021-03-25,1073926.479396818,1107353.4289633413,-3.0186342221215
2021-03-26,1075321.2073464112,1107353.4289633413,-2.892682749618371
2021-03-26,1080031.5366590375,1107353.4289633413,-2.4673145528507057
2021-03-26,1087360.1917626818,1107353.4289633413,-1.8054973848210605
2021-03-26,1094607.645689203,1107353.4289633413,-1.1510131219867559
2021-03-26,1098708.427386957,1107353.4289633413,-0.7806903695125946
2021-03-26,1100873.7749472822,1107353.4289633413,-0.5851477808783335
2021-03-26,1104193.9682626196,1107353.4289633413,-0.2853163785007168
2021-03-26,1107253.1296312143,1107353.4289633413,-0.009057571819764099
2021-03-26,1110909.8310823478,1110909.8310823478,0.0
2021-03-26,1113002.522741544,1113002.522741544,0.0
2021-03-26,1115366.1385976428,1115366.1385976428,0.0
2021-03-26,1118123.8838328384,1118123.8838328384,0.0
2021-03-26,1121341.805235789,1121341.805235789,0.0
2021-03-26,1123388.9658521814,1123388.9658521814,0.0
2021-03-26,1130347.3122218223,1130347.3122218223,0.0
2021-03-26,1137449.7958368473,1137449.7958368473,0.0
2021-03-26,1141172.188453613,1141172.188453613,0.0
2021-03-26,1142386.7616424528,1142386.7616424528,0.0
2021-03-26,1145245.6905440683,1145245.6905440683,0.0
2021-03-26,1133908.653919171,1145245.6905440683,-0.9899217887046945
2021-03-26,1136940.9369019114,1145245.6905440683,-0.7251503944286085
2021-03-29,1139899.0874683156,1145245.6905440683,-0.4668520580254477
2021-03-29,1142735.6198113328,1145245.6905440683,-0.21917312184279963
2021-03-29,1142587.7691149868,1145245.6905440683,-0.23208307623658436
2021-03-29,1135102.231468262,1145245.6905440683,-0.8857015712486643
2021-03-29,1132328.994805914,1145245.6905440683,-1.1278536863140842
2021-03-29,1129317.0921458823,1145245.6905440683,-1.390845521594487
2021-03-29,1130017.8694579294,1145245.6905440683,-1.3296553928882036
2021-03-29,1129360.025244036,1145245.6905440683,-1.3870967104434684
2021-03-29,1122243.3002330465,1145245.6905440683,-2.0085114051024413
2021-03-29,1111541.643885019,1145245.6905440683,-2.9429533712576266
2021-03-29,1104821.2029064905,1145245.6905440683,-3.5297655316540397
2021-03-29,1104207.3554689102,1145245.6905440683,-3.583365160331859
2021-03-30,1106928.0795904547,1145245.6905440683,-3.345798309479796
2021-03-30,1106267.5437770272,1145245.6905440683,-3.403474650799511
2021-03-30,1105126.0052052618,1145245.6905440683,-3.5031509544250774
2021-03-30,1100909.2717042416,1145245.6905440683,-3.8713456165693096
2021-03-30,1101103.1509001588,1145245.6905440683,-3.8544165682857874
2021-03-30,1102171.444394957,1145245.6905440683,-3.761135842270505
2021-03-30,1095483.3242278646,1145245.6905440683,-4.345125829948618
2021-03-30,1093514.7382649851,1145245.6905440683,-4.517017850947558
2021-03-30,1093158.791811723,1145245.6905440683,-4.548098208306774
2021-03-30,1087875.6632542545,1145245.6905440683,-5.00940782956007
2021-03-30,1090246.8486892034,1145245.6905440683,-4.802361825848638
2021-03-30,1092373.1071355217,1145245.6905440683,-4.616702236480682
2021-03-30,1087847.4126010716,1145245.6905440683,-5.0118746062016335
2021-03-30,1086171.95130329,1145245.6905440683,-5.158171711845901
2021-03-30,1084081.5810925006,1145245.6905440683,-5.340697629912993
2021-03-30,1083555.8941419555,1145245.6905440683,-5.386599304539276
2021-03-30,1082508.7125565324,1145245.6905440683,-5.478036591234125
2021-03-30,1079516.8399697656,1145245.6905440683,-5.739279450427542
2021-03-30,1080654.3977077228,1145245.6905440683,-5.639950743290753
2021-03-30,1082294.5859890918,1145245.6905440683,-5.496733589547111
2021-04-05,1086242.194198285,1145245.6905440683,-5.152038277284653
2021-04-07,1089006.6000683336,1145245.6905440683,-4.910657244998448
2021-04-12,1090406.5260730663,1145245.6905440683,-4.788419194570363
2021-04-12,1091492.3507435243,1145245.6905440683,-4.693607689980274
2021-04-13,1091492.3521581872,1145245.6905440683,-4.693607566455432
2021-04-13,1090996.6519556765,1145245.6905440683,-4.736890872963681
2021-04-14,1091392.0938483686,1145245.6905440683,-4.702361872247314
2021-04-14,1092456.3173266198,1145245.6905440683,-4.609436529935346
2021-04-15,1092106.5493110588,1145245.6905440683,-4.639977401509791
2021-04-15,1092787.2766953292,1145245.6905440683,-4.580537982536993
2021-04-15,1094651.7413454396,1145245.6905440683,-4.417737575121829
2021-04-19,1094794.4535656662,1145245.6905440683,-4.405276299658846
2021-04-20,1094825.3542330004,1145245.6905440683,-4.402578130384834
2021-04-20,1092379.8894635944,1145245.6905440683,-4.616110020493431
2021-04-21,1092184.4872907654,1145245.6905440683,-4.633172051325976
2021-04-23,1093634.7400928854,1145245.6905440683,-4.506539590353249
2021-04-23,1094992.448614839,1145245.6905440683,-4.3879878653248365
2021-04-23,1097108.0035478978,1145245.6905440683,-4.203262880063922
2021-04-23,1098645.879262734,1145245.6905440683,-4.068979404689691
2021-04-23,1099689.8157135379,1145245.6905440683,-3.9778254750636433
2021-04-23,1100750.7950036572,1145245.6905440683,-3.8851834071755436
2021-04-23,1100425.4003241078,1145245.6905440683,-3.9135960597824093
2021-04-23,1101690.832692635,1145245.6905440683,-3.8031016585394752
2021-04-23,1104644.053600707,1145245.6905440683,-3.545233767618262
2021-04-23,1103234.1855909564,1145245.6905440683,-3.668339929151247
2021-04-23,1101174.7224233954,1145245.6905440683,-3.848167121217135
2021-04-23,1100125.963825336,1145245.6905440683,-3.939742108725814
2021-04-23,1100993.865851686,1145245.6905440683,-3.863959066404316
2021-04-26,1102775.7322145195,1145245.6905440683,-3.7083709356175576
2021-04-26,1103435.8934357113,1145245.6905440683,-3.6507273027584692
2021-04-27,1104437.508833379,1145245.6905440683,-3.5632687420375895
2021-04-27,1105111.9543298443,1145245.6905440683,-3.5043778418548603
2021-04-27,1106313.3827040624,1145245.6905440683,-3.3994721099112377
2021-04-28,1107236.3342786657,1145245.6905440683,-3.3188822782075382
2021-04-28,1108941.4211342642,1145245.6905440683,-3.1699983426750276
2021-04-29,1109971.3481868957,1145245.6905440683,-3.080067678789078
2021-04-29,1110707.8324597795,1145245.6905440683,-3.015759707236366
2021-04-30,1111722.0113589114,1145245.6905440683,-2.9272041328730913
2021-04-30,1111680.4955429703,1145245.6905440683,-2.930829190472865
2021-04-30,1111843.8545129688,1145245.6905440683,-2.9165650922669215
2021-04-30,1113673.4000438182,1145245.6905440683,-2.7568137353349247
2021-04-30,1114873.5066739493,1145245.6905440683,-2.652023414791478
2021-04-30,1115727.967703828,1145245.6905440683,-2.5774140067898936
2021-04-30,1117009.9737136227,1145245.6905440683,-2.465472436489312
2021-04-30,1118299.268660146,1145245.6905440683,-2.3528944143960016
2021-05-03,1118958.0500705726,1145245.6905440683,-2.295371263174744
2021-05-03,1120162.1819141132,1145245.6905440683,-2.190229471026324
2021-05-03,1117561.1799599193,1145245.6905440683,-2.417342480546427
2021-05-03,1116686.3722496652,1145245.6905440683,-2.493728509978986
2021-05-03,1117266.9764399023,1145245.6905440683,-2.4430315988243763
2021-05-03,1118475.584294261,1145245.6905440683,-2.3374989725645516
2021-05-04,1118053.5613437216,1145245.6905440683,-2.374348965018038
2021-05-04,1119241.7902255326,1145245.6905440683,-2.2705957798611887
2021-05-05,1120159.1287130185,1145245.6905440683,-2.190496068938016
2021-05-05,1120453.571893069,1145245.6905440683,-2.1647860241431225
2021-05-05,1120298.7834677608,1145245.6905440683,-2.178301763742601
2021-05-05,1119715.048866869,1145245.6905440683,-2.2292720145552902
2021-05-06,1121379.192387898,1145245.6905440683,-2.0839631489756734
2021-05-06,1122126.468418093,1145245.6905440683,-2.018712868065213
2021-05-06,1125935.7240072517,1145245.6905440683,-1.6860981618401156
2021-05-06,1127756.386941956,1145245.6905440683,-1.5271224110700532
2021-05-06,1129209.640168288,1145245.6905440683,-1.4002279605315193
2021-05-06,1129759.921603454,1145245.6905440683,-1.3521787567921366
2021-05-06,1129766.411141998,1145245.6905440683,-1.3516121064569782
2021-05-06,1130316.1035603348,1145245.6905440683,-1.3036143341994175
2021-05-07,1130890.2009814605,1145245.6905440683,-1.2534855779101877
2021-05-07,1131661.6106653807,1145245.6905440683,-1.1861280064921509
2021-05-07,1135477.9482899585,1145245.6905440683,-0.8528949145811227
2021-05-07,1138230.2689717095,1145245.6905440683,-0.6125691308234495
2021-05-07,1139056.0873217438,1145245.6905440683,-0.5404607302546615
2021-05-07,1143830.1754365605,1145245.6905440683,-0.12359925203781845
2021-05-07,1144801.6547438037,1145245.6905440683,-0.03877209964036065
2021-05-07,1147477.920804344,1147477.920804344,0.0
2021-05-10,1150770.8122848945,1150770.8122848945,0.0
2021-05-10,1153793.3170394462,1153793.3170394462,0.0
2021-05-10,1162141.9061781294,1162141.9061781294,0.0
2021-05-10,1162320.7558963937,1162320.7558963937,0.0
2021-05-11,1164621.1714309538,1164621.1714309538,0.0
2021-05-11,1162887.4549883201,1164621.1714309538,-0.14886526925347404
2021-05-11,1161831.4338504148,1164621.1714309538,-0.2395403457341625
2021-05-11,1159225.6716927113,1164621.1714309538,-0.4632836728885069
2021-05-11,1153374.8962910029,1164621.1714309538,-0.9656595136539355
2021-05-11,1150297.9832324951,1164621.1714309538,-1.2298581332554632
2021-05-11,1148900.3893270367,1164621.1714309538,-1.349862297677552
2021-05-11,1148336.83785764,1164621.1714309538,-1.3982515493261496
2021-05-11,1148089.387295676,1164621.1714309538,-1.4194988499964736
2021-05-11,1146427.5555138106,1164621.1714309538,-1.56219175500553
2021-05-11,1142551.685350903,1164621.1714309538,-1.894992691308731
2021-05-11,1145152.12573331,1164621.1714309538,-1.6717063174905658
2021-05-11,1141514.10616059,1164621.1714309538,-1.9840842530771179
2021-05-11,1138246.4016789326,1164621.1714309538,-2.2646651459731637
2021-05-11,1136392.734661683,1164621.1714309538,-2.4238299510378054
2021-05-11,1133890.7614394838,1164621.1714309538,-2.638661458791094
2021-05-11,1133880.1592208645,1164621.1714309538,-2.6395718165004847
2021-05-11,1133848.6084980993,1164621.1714309538,-2.6422809139769203
2021-05-11,1131935.2740778876,1164621.1714309538,-2.8065690505098257
2021-05-11,1130319.4131606875,1164621.1714309538,-2.9453146749960024
2021-05-11,1121452.752050534,1164621.1714309538,-3.706649032266814
2021-05-11,1122612.9479566205,1164621.1714309538,-3.6070290069274953
2021-05-12,1116526.2945903556,1164621.1714309538,-4.129658469243237
2021-05-12,1110402.213112937,1164621.1714309538,-4.655501689995782
2021-05-12,1100563.5595097991,1164621.1714309538,-5.500296018356593
2021-05-12,1089687.3480583476,1164621.1714309538,-6.43418007595861
2021-05-13,1088733.103588007,1164621.1714309538,-6.516116116084704
2021-05-13,1087078.347456333,1164621.1714309538,-6.65820147158625
2021-05-13,1086923.0643326915,1164621.1714309538,-6.671534830746355
2021-05-13,1082583.3025674822,1164621.1714309538,-7.044167741058044
2021-05-13,1066969.8808400885,1164621.1714309538,-8.384811558155219
2021-05-13,1049224.1445979525,1164621.1714309538,-9.90854620058251
2021-05-13,1043640.6536862198,1164621.1714309538,-10.387971703801922
2021-05-13,1029453.0080672698,1164621.1714309538,-11.606191496382015
2021-05-13,1032850.7318063346,1164621.1714309538,-11.314446521929074
2021-05-14,1019175.7619274794,1164621.1714309538,-12.48864549875627
2021-05-14,1022287.782360775,1164621.1714309538,-12.221432390353653
2021-05-14,1025216.5533278431,1164621.1714309538,-11.969953966389447
2021-05-14,1026412.6879359672,1164621.1714309538,-11.867248070475286
2021-05-14,1025399.3929578519,1164621.1714309538,-11.954254472468678
2021-05-14,1026375.4475073082,1164621.1714309538,-11.870445713586417
2021-05-14,1026371.3441514061,1164621.1714309538,-11.870798047547261
2021-05-14,1027393.4139602714,1164621.1714309538,-11.783038196194951
2021-05-14,1026866.5108163896,1164621.1714309538,-11.828280645568805
2021-05-14,1025836.0363011343,1164621.1714309538,-11.916762165614433
2021-05-17,1025506.4839758329,1164621.1714309538,-11.945059120313996
2021-05-17,1014660.7069316682,1164621.1714309538,-12.876329932679417
2021-05-17,1016495.8972627759,1164621.1714309538,-12.718751625146776
2021-05-17,1012291.7797321876,1164621.1714309538,-13.07973746618406
2021-05-17,1019426.0521519482,1164621.1714309538,-12.467154370945046
2021-05-18,1012060.9636113389,1164621.1714309538,-13.099556453380142
2021-05-18,1010069.4109314814,1164621.1714309538,-13.27056078755436
2021-05-18,1004745.570109867,1164621.1714309538,-13.727691479680884
2021-05-18,1008154.2261421647,1164621.1714309538,-13.43500780571766
2021-05-18,1007621.4196768339,1164621.1714309538,-13.480757142789743
2021-05-19,1009600.1119405801,1164621.1714309538,-13.310857066070806
2021-05-19,1011520.3890243337,1164621.1714309538,-13.145972798906557
2021-05-19,1010319.9928557862,1164621.1714309538,-13.249044612986028
2021-05-19,1013187.59106933,1164621.1714309538,-13.002818777161629
2021-05-19,1012088.6849995106,1164621.1714309538,-13.097176161071209
2021-05-20,1010518.2467957704,1164621.1714309538,-13.23202157194509
2021-05-20,1006130.4359156581,1164621.1714309538,-13.608780211384985
2021-05-20,1006641.0269404068,1164621.1714309538,-13.56493839936286
2021-05-20,1009892.5917583905,1164621.1714309538,-13.285743335959657
2021-05-24,1007501.5077641195,1164621.1714309538,-13.491053358903265
2021-05-24,1007207.6712719075,1164621.1714309538,-13.516283579632551
2021-05-24,1006618.3738425355,1164621.1714309538,-13.566883503781957
2021-05-24,1008710.922472891,1164621.1714309538,-13.387207169392084
2021-05-26,1012000.846760855,1164621.1714309538,-13.104718376583884
2021-05-26,1014581.0737953171,1164621.1714309538,-12.883167618469834
2021-05-26,1017020.5136763217,1164621.1714309538,-12.673705525486643
2021-05-26,1022176.4723558761,1164621.1714309538,-12.230990005106799
2021-05-26,1037492.2191574738,1164621.1714309538,-10.9159059951897
2021-05-26,1045299.4065536289,1164621.1714309538,-10.24554316926215
2021-05-26,1049629.9199156356,1164621.1714309538,-9.873704371527955
2021-05-26,1060542.6164835754,1164621.1714309538,-8.93668752556666
2021-05-26,1062561.264865681,1164621.1714309538,-8.763356623499567
2021-05-26,1065731.6549037388,1164621.1714309538,-8.49113161885172
2021-05-27,1068307.9599727339,1164621.1714309538,-8.26991761963946
2021-05-27,1071274.9652491813,1164621.1714309538,-8.015156213164092
2021-05-27,1074469.4919223024,1164621.1714309538,-7.740858720426941
2021-05-27,1076098.4363163426,1164621.1714309538,-7.600989685413719
2021-05-27,1080547.3444847283,1164621.1714309538,-7.218984937645015
2021-05-28,1081087.6108986759,1164621.1714309538,-7.172595053346094
2021-05-28,1083810.8711508373,1164621.1714309538,-6.9387627721747505
2021-05-28,1086190.7270399404,1164621.1714309538,-6.734416848583215
2021-05-28,1086199.5797812354,1164621.1714309538,-6.7336567094485185
2021-05-28,1084080.6938186588,1164621.1714309538,-6.915594494417099
2021-06-01,1075012.0043968197,1164621.1714309538,-7.694275978516902
2021-06-01,1077797.7926428118,1164621.1714309538,-7.455074741725958
2021-06-01,1080626.751955142,1164621.1714309538,-7.212166628622163
2021-06-01,1081855.4883245234,1164621.1714309538,-7.106661387989134
2021-06-01,1084434.462553898,1164621.1714309538,-6.885218201772117
2021-06-01,1084406.7440352724,1164621.1714309538,-6.887598247687962
2021-06-01,1088258.7342462344,1164621.1714309538,-6.556847759421538
2021-06-01,1085807.5519889505,1164621.1714309538,-6.767318109558847
2021-06-01,1087014.633399002,1164621.1714309538,-6.663672268347801
2021-06-01,1088612.218775729,1164621.1714309538,-6.526495870054783
2021-06-01,1091189.491085714,1164621.1714309538,-6.305198818858439
2021-06-01,1091906.3246579613,1164621.1714309538,-6.243648025361654
2021-06-01,1090188.2771117094,1164621.1714309538,-6.391167887476214
2021-06-01,1091117.7992877217,1164621.1714309538,-6.311354622973191
2021-06-01,1091864.6616067188,1164621.1714309538,-6.247225416213246
2021-06-01,1092387.344318323,1164621.1714309538,-6.20234535354342
2021-06-01,1090836.9149755633,1164621.1714309538,-6.335472706951806
2021-06-01,1088564.0501600432,1164621.1714309538,-6.5306318600975
2021-06-01,1088873.8952657594,1164621.1714309538,-6.504027062476009
2021-06-01,1092047.4447859589,1164621.1714309538,-6.231530769428191
2021-06-01,1096708.835055418,1164621.1714309538,-5.831281281971953
2021-06-02,1091119.4209689526,1164621.1714309538,-6.311215377588458
2021-06-02,1086782.8171963084,1164621.1714309538,-6.6835771274024225
2021-06-02,1085152.539118052,1164621.1714309538,-6.823560678985406
2021-06-03,1086228.3204408372,1164621.1714309538,-6.731188897570563
2021-06-03,1086663.4643467625,1164621.1714309538,-6.693825339651495
2021-06-03,1087976.0322182996,1164621.1714309538,-6.581121921258
2021-06-03,1087887.519250471,1164621.1714309538,-6.588722072277056
2021-06-03,1090825.8295535631,1164621.1714309538,-6.336424554837803
2021-06-03,1092909.664598635,1164621.1714309538,-6.157496410975246
2021-06-04,1092077.9743886853,1164621.1714309538,-6.2289093502512625
2021-06-04,1087494.2344467207,1164621.1714309538,-6.622491405464345
2021-06-04,1092365.1930960675,1164621.1714309538,-6.20424736449762
2021-06-07,1092186.980246407,1164621.1714309538,-6.219549580705967
2021-06-07,1090813.958101235,1164621.1714309538,-6.337443895085025
2021-06-07,1090007.9473881568,1164621.1714309538,-6.406651868703432
2021-06-07,1085642.6073636436,1164621.1714309538,-6.781481051926123
2021-06-07,1086268.804870012,1164621.1714309538,-6.72771270890356
2021-06-07,1087123.544764285,1164621.1714309538,-6.65432061237978
2021-06-07,1080666.6347767776,1164621.1714309538,-7.208742096884811
2021-06-08,1084105.253450774,1164621.1714309538,-6.913485685757465
2021-06-08,1086472.2522819848,1164621.1714309538,-6.710243731268298
2021-06-08,1090646.556757979,1164621.1714309538,-6.351817783123684
2021-06-09,1090335.9652044396,1164621.1714309538,-6.378486674361328
2021-06-09,1090061.7050852648,1164621.1714309538,-6.402035973129258
2021-06-09,1095982.0087574648,1164621.1714309538,-5.893690099172161
2021-06-10,1101240.3050890544,1164621.1714309538,-5.442187373600996
2021-06-10,1104240.877574037,1164621.1714309538,-5.184543724439449
2021-06-10,1107568.846232351,1164621.1714309538,-4.898788258202749
2021-06-11,1110868.78365787,1164621.1714309538,-4.615439689031151
2021-06-11,1113526.5872520339,1164621.1714309538,-4.387227832733
2021-06-11,1115967.699209326,1164621.1714309538,-4.17762216720206
2021-06-14,1113668.3567757963,1164621.1714309538,-4.375054816541974
2021-06-14,1107015.4697208733,1164621.1714309538,-4.946303838809763
2021-06-15,1105606.2652229003,1164621.1714309538,-5.067304944795283
2021-06-15,1107712.7682708648,1164621.1714309538,-4.886430416696475
2021-06-15,1106508.6700065278,1164621.1714309538,-4.989820110605062
2021-06-15,1105500.289417571,1164621.1714309538,-5.0764045394041615
2021-06-15,1107789.246066681,1164621.1714309538,-4.879863663687659
2021-06-16,1107316.1756810683,1164621.1714309538,-4.920483772373432
2021-06-16,1113070.6470082449,1164621.1714309538,-4.426377064687008
2021-06-16,1109153.576252456,1164621.1714309538,-4.7627156829328
2021-06-16,1106356.616750638,1164621.1714309538,-5.002876137716691
2021-06-16,1105513.1330468412,1164621.1714309538,-5.075301723348144
2021-06-16,1105328.4478314773,1164621.1714309538,-5.09115968814343
2021-06-16,1106698.2144870558,1164621.1714309538,-4.97354490582795
2021-06-16,1107744.3527698647,1164621.1714309538,-4.883718419029366
2021-06-16,1108070.3405424883,1164621.1714309538,-4.8557275340428765
2021-06-16,1109212.782531981,1164621.1714309538,-4.757631945750512
2021-06-16,1103224.536735178,1164621.1714309538,-5.271811658750684
2021-06-16,1103624.0896933817,1164621.1714309538,-5.2375041115409084
2021-06-16,1104541.2215194853,1164621.1714309538,-5.158754742338148
2021-06-16,1102584.8027280623,1164621.1714309538,-5.326742311121504
2021-06-18,1093566.4781268924,1164621.1714309538,-6.10109922840897
2021-06-18,1092405.4253082548,1164621.1714309538,-6.200792832399613
2021-06-18,1084497.1657267897,1164621.1714309538,-6.879834204432054
2021-06-18,1078711.9454623996,1164621.1714309538,-7.376581164414063
2021-06-18,1077382.706214026,1164621.1714309538,-7.490716067761245
2021-06-18,1072974.6687885118,1164621.1714309538,-7.869211456102694
2021-06-18,1053279.0568733125,1164621.1714309538,-9.560371843561526
2021-06-21,1055635.1357078187,1164621.1714309538,-9.358067532743329
2021-06-21,1058758.7286362785,1164621.1714309538,-9.08986075399982
2021-06-21,1062181.3619956982,1164621.1714309538,-8.795976919206202
2021-06-21,1066905.0593203702,1164621.1714309538,-8.390377446987433
2021-06-21,1069851.8810227008,1164621.1714309538,-8.13734909969147
2021-06-21,1072625.9339038068,1164621.1714309538,-7.899155518022541
2021-06-21,1077069.8125258102,1164621.1714309538,-7.517582631403689
2021-06-21,1066394.3376456148,1164621.1714309538,-8.434230477250306
2021-06-21,1069019.7443773157,1164621.1714309538,-8.20880037207068
2021-06-21,1060284.2040571768,1164621.1714309538,-8.958876064873488
2021-06-21,1057268.2619217036,1164621.1714309538,-9.217839426476093
2021-06-21,1049228.640452267,1164621.1714309538,-9.90816016481185
2021-06-21,1047228.0898959343,1164621.1714309538,-10.079937100128465
2021-06-21,1043680.363083445,1164621.1714309538,-10.384562063122251
2021-06-21,1043996.2716520621,1164621.1714309538,-10.357436627283837
2021-06-21,1036809.5143448944,1164621.1714309538,-10.97452632850723
2021-06-21,1035848.0671553666,1164621.1714309538,-11.057080828898671
2021-06-21,1032426.8229786179,1164621.1714309538,-11.350845381757106
2021-06-22,1022381.993931268,1164621.1714309538,-12.213342929780206
2021-06-22,1021490.5708058564,1164621.1714309538,-12.289884825744222
2021-06-22,1017428.9395896345,1164621.1714309538,-12.638636103486443
2021-06-22,1015369.2357930033,1164621.1714309538,-12.815492221781152
2021-06-23,1017750.4012866722,1164621.1714309538,-12.611033849214975
2021-06-23,1014146.8135146771,1164621.1714309538,-12.920455304053155
2021-06-23,1013559.2650160204,1164621.1714309538,-12.970905056562362
2021-06-23,1011053.6970235569,1164621.1714309538,-13.186045228656685
2021-06-23,1008281.6058375333,1164621.1714309538,-13.424070369709002
2021-06-23,999147.7808427359,1164621.1714309538,-14.20834470876938
2021-06-23,995007.1219499797,1164621.1714309538,-14.563881684597204
2021-06-23,992096.0624412404,1164621.1714309538,-14.81383931718622
2021-06-23,987610.1649072542,1164621.1714309538,-15.19902015057898
2021-06-23,983914.0854990003,1164621.1714309538,-15.516383384128355
2021-06-23,979191.8441901838,1164621.1714309538,-15.921857835791837
2021-06-24,986715.2288590322,1164621.1714309538,-15.275863683066234
2021-06-24,990722.5229364486,1164621.1714309538,-14.931778054561583
2021-06-24,992715.253077924,1164621.1714309538,-14.760672617844595
2021-06-24,997689.8735500977,1164621.1714309538,-14.333527671985383
2021-06-24,999998.089798847,1164621.1714309538,-14.1353330740018
2021-06-24,994768.6974855128,1164621.1714309538,-14.584353960931828
2021-06-24,993856.8616510984,1164621.1714309538,-14.662648590703508
2021-06-24,993130.491552938,1164621.1714309538,-14.72501823638562
2021-06-24,993120.2057688575,1164621.1714309538,-14.725901423496829
2021-06-24,988685.0916576046,1164621.1714309538,-15.10672174688178
2021-06-24,990528.9090251862,1164621.1714309538,-14.948402680320747
2021-06-24,990244.954158414,1164621.1714309538,-14.972784416952175
2021-06-25,989945.8096856996,1164621.1714309538,-14.99847040652996
2021-06-25,988324.8083418277,1164621.1714309538,-15.137657412883298
2021-06-25,988953.693115445,1164621.1714309538,-15.083658328112707
2021-06-25,989225.1695430288,1164621.1714309538,-15.06034805055264
2021-06-25,991206.6516566001,1164621.1714309538,-14.89020842385011
2021-06-25,990702.1985373239,1164621.1714309538,-14.933523205656488
2021-06-25,988436.8210108688,1164621.1714309538,-15.12803946399238
2021-06-28,981354.7218864689,1164621.1714309538,-15.736142708045392
2021-06-28,981902.3881470825,1164621.1714309538,-15.689117437163471
2021-06-28,982184.2267435841,1164621.1714309538,-15.664917413721055
2021-06-28,980839.5110035473,1164621.1714309538,-15.780381203408528
2021-06-30,980210.8429216858,1164621.1714309538,-15.834361681978148
2021-06-30,982425.9723524897,1164621.1714309538,-15.644159967880661
2021-07-02,984390.6587744559,1164621.1714309538,-15.475462500398407
2021-07-06,985306.6303083779,1164621.1714309538,-15.396812759487672
2021-07-06,983936.9082684673,1164621.1714309538,-15.51442371088637
2021-07-06,980494.9287933018,1164621.1714309538,-15.809968696637949
2021-07-06,978877.2535021163,1164621.1714309538,-15.948870112039653
2021-07-06,978401.4476305906,1164621.1714309538,-15.989725102760888
2021-07-06,979981.1858356951,1164621.1714309538,-15.85408114884208
2021-07-06,975897.2149281404,1164621.1714309538,-16.204750620403964
2021-07-06,974928.4696042989,1164621.1714309538,-16.287931773864464
2021-07-06,973378.3477354808,1164621.1714309538,-16.421032726074834
2021-07-07,973196.6063661325,1164621.1714309538,-16.436637918029653
2021-07-09,970994.0922803923,1164621.1714309538,-16.625756417655932
2021-07-09,971530.9143674934,1164621.1714309538,-16.579662279899406
2021-07-12,972330.7295382647,1164621.1714309538,-16.5109862854738
2021-07-12,973026.7381113414,1164621.1714309538,-16.45122362701023
2021-07-12,973980.8254415422,1164621.1714309538,-16.369301079695678
2021-07-12,974324.4009678122,1164621.1714309538,-16.339800025215638
2021-07-12,973754.8505238689,1164621.1714309538,-16.388704377799527
2021-07-12,973545.0744174208,1164621.1714309538,-16.406716767716016
2021-07-12,973114.7300684338,1164621.1714309538,-16.44366821248996
2021-07-12,974698.3001200081,1164621.1714309538,-16.30769523772182
2021-07-14,968212.855776673,1164621.1714309538,-16.864566819866127
2021-07-14,966512.9267438648,1164621.1714309538,-17.010530938886863
2021-07-14,967442.04771895,1164621.1714309538,-16.930752123433628
2021-07-15,965873.5252508573,1164621.1714309538,-17.065433039989987
2021-07-15,965016.8630190389,1164621.1714309538,-17.138990197702128
2021-07-19,964340.6082291952,1164621.1714309538,-17.19705670090787
2021-07-19,962942.5516934348,1164621.1714309538,-17.317100589002624
2021-07-19,964126.591751324,1164621.1714309538,-17.215433189599747
2021-07-20,964366.8563110094,1164621.1714309538,-17.194802913800263
2021-07-20,965115.7486439463,1164621.1714309538,-17.13049940023656
2021-07-21,966657.1167809482,1164621.1714309538,-16.998150085728724
2021-07-21,966634.1696767756,1164621.1714309538,-17.00012043494919
2021-07-22,966824.995248839,1164621.1714309538,-16.98373522946396
2021-07-22,966408.3746861673,1164621.1714309538,-17.019508283646015
2021-07-22,967001.7880742061,1164621.1714309538,-16.96855494340151
2021-07-22,967639.8604525732,1164621.1714309538,-16.913766966502287
2021-07-23,968065.7722464172,1164621.1714309538,-16.87719612232634
2021-07-23,968894.4155915378,1164621.1714309538,-16.80604480158378
2021-07-23,969116.6022948439,1164621.1714309538,-16.78696677786616
2021-07-26,968913.0364892707,1164621.1714309538,-16.8044459213479
2021-07-26,967768.9696734552,1164621.1714309538,-16.902681025077797
2021-07-26,968407.9929471833,1164621.1714309538,-16.847811399709148
2021-07-27,969334.1307622556,1164621.1714309538,-16.7682887327861
2021-07-29,968909.0702732868,1164621.1714309538,-16.804786479812854
2021-07-29,969621.4459164698,1164621.1714309538,-16.74361846564154
2021-07-30,970919.8379500867,1164621.1714309538,-16.632132253174564
2021-08-05,983405.1781612381,1164621.1714309538,-15.560080626652024
2021-08-06,987505.4465537991,1164621.1714309538,-15.208011774295246
2021-08-09,986641.3669591333,1164621.1714309538,-15.282205822614333
2021-08-09,986657.383089643,1164621.1714309538,-15.280830600275728
2021-08-09,983857.2014892849,1164621.1714309538,-15.521267720006046
2021-08-10,982312.1040791275,1164621.1714309538,-15.653937247922913
2021-08-10,981628.5559538369,1164621.1714309538,-15.712629992143833
2021-08-10,982352.126584193,1164621.1714309538,-15.650500722291472
2021-08-10,985458.2372343198,1164621.1714309538,-15.383795056421565
2021-08-11,987258.3923457066,1164621.1714309538,-15.229225042107386
2021-08-13,984158.7659828975,1164621.1714309538,-15.495373935742956
2021-08-13,982951.5253748291,1164621.1714309538,-15.599033446464805
2021-08-13,983889.2753889606,1164621.1714309538,-15.518513700032639
2021-08-13,980954.0521129576,1164621.1714309538,-15.770546150412754
2021-08-13,983087.5645516034,1164621.1714309538,-15.587352465549168
2021-08-16,985602.611094505,1164621.1714309538,-15.371398419323876
2021-08-16,988936.6894732408,1164621.1714309538,-15.085118342976022
2021-08-17,991104.7735400056,1164621.1714309538,-14.898956171108502
2021-08-17,993084.5660266697,1164621.1714309538,-14.728961623934714
2021-08-19,987802.8185809813,1164621.1714309538,-15.182477975453443
2021-08-19,987116.5395635895,1164621.1714309538,-15.241405207262963
2021-08-19,990404.0027085638,1164621.1714309538,-14.959127740081504
2021-08-20,991076.6621933824,1164621.1714309538,-14.901369947133938
2021-08-20,990541.7075747742,1164621.1714309538,-14.947303735024034
2021-08-20,990920.5236533011,1164621.1714309538,-14.914776756482038
2021-08-20,994712.1000459049,1164621.1714309538,-14.58921369051569
2021-08-20,1000773.3217325332,1164621.1714309538,-14.068767915072595
2021-08-20,1006910.9209771621,1164621.1714309538,-13.541763993523775
2021-08-20,1008643.3271176494,1164621.1714309538,-13.393011233142586
2021-08-20,1014433.9926925505,1164621.1714309538,-12.895796712494104
2021-08-23,1018204.8615628585,1164621.1714309538,-12.572011694428983
2021-08-23,1019202.139206934,1164621.1714309538,-12.48638061811511
2021-08-23,1024420.195610821,1164621.1714309538,-12.03833308713337
2021-08-23,1026693.2184414724,1164621.1714309538,-11.843160366045144
2021-08-23,1027684.2684924583,1164621.1714309538,-11.758064020959111
2021-08-23,1027828.2006326268,1164621.1714309538,-11.745705312075977
2021-08-23,1027800.3236653603,1164621.1714309538,-11.748098963157572
2021-08-23,1028615.9630182931,1164621.1714309538,-11.678064228005827
2021-08-24,1032757.3804173867,1164621.1714309538,-11.322462123159578
2021-08-24,1036175.052694002,1164621.1714309538,-11.02900427090225
2021-08-24,1038573.9783439417,1164621.1714309538,-10.823020925520323
2021-08-25,1042089.311837483,1164621.1714309538,-10.521177409381767
2021-08-25,1044485.5210514739,1164621.1714309538,-10.31542731031335
2021-08-25,1051044.991203184,1164621.1714309538,-9.752199514647351
2021-08-26,1053042.8630654912,1164621.1714309538,-9.580652584940378
2021-08-26,1053218.1768560922,1164621.1714309538,-9.565599295948081
2021-08-26,1045814.818144337,1164621.1714309538,-10.201287440158849
2021-08-26,1045199.4692128729,1164621.1714309538,-10.254124272131262
2021-08-26,1042948.2456048235,1164621.1714309538,-10.44742520665604
2021-08-26,1044273.5197105462,1164621.1714309538,-10.333630769612238
2021-08-26,1043394.9596923322,1164621.1714309538,-10.409068177051308
2021-08-26,1040607.8969412246,1164621.1714309538,-10.648378849008543
2021-08-26,1039771.0181396267,1164621.1714309538,-10.72023730582928
2021-08-30,1043829.2011475551,1164621.1714309538,-10.371782107909237
2021-08-30,1046211.2141039158,1164621.1714309538,-10.167250968102294
2021-09-01,1044314.665415609,1164621.1714309538,-10.330097800602905
2021-09-02,1046382.2692565455,1164621.1714309538,-10.152563346339464
2021-09-07,1046121.5863841667,1164621.1714309538,-10.174946837106546
2021-09-07,1049232.3982214166,1164621.1714309538,-9.907837504599076
2021-09-09,1047264.2824176895,1164621.1714309538,-10.076829435366486
2021-09-10,1051074.5399358768,1164621.1714309538,-9.749662317710039
2021-09-10,1061038.902214272,1164621.1714309538,-8.894074035199939
2021-09-10,1064042.8546572223,1164621.1714309538,-8.636140166518896
2021-09-10,1064714.0239287864,1164621.1714309538,-8.5785103304805
2021-09-10,1067495.5798031443,1164621.1714309538,-8.339672505564414
2021-09-13,1070826.1873831416,1164621.1714309538,-8.053690448763488
2021-09-13,1073024.0107956736,1164621.1714309538,-7.864974712999253
2021-09-13,1077061.7411819973,1164621.1714309538,-7.51827567597568
2021-09-13,1081507.8839016908,1164621.1714309538,-7.136508382991424
2021-09-13,1079018.7074793784,1164621.1714309538,-7.3502410956858
2021-09-13,1078264.069607926,1164621.1714309538,-7.415037948942826
2021-09-13,1076372.0675984868,1164621.1714309538,-7.577494381631114
2021-09-13,1072119.760802342,1164621.1714309538,-7.942617985808767
2021-09-13,1075069.8842680554,1164621.1714309538,-7.6893061331581265
2021-09-13,1075704.763837476,1164621.1714309538,-7.63479230625933
2021-09-13,1076465.217548909,1164621.1714309538,-7.569496076885576
2021-09-13,1075125.3533180472,1164621.1714309538,-7.684543292557894
2021-09-13,1071587.9688618784,1164621.1714309538,-7.988280210874649
2021-09-13,1069327.0323715126,1164621.1714309538,-8.182415140397508
2021-09-13,1064829.383772961,1164621.1714309538,-8.568604976962586
2021-09-13,1060716.1398947928,1164621.1714309538,-8.921787967197464
2021-09-13,1057886.1470226867,1164621.1714309538,-9.164784826736687
2021-09-13,1058827.6060057094,1164621.1714309538,-9.083946610317698
2021-09-13,1055253.1995558643,1164621.1714309538,-9.39086241586271
2021-09-13,1052003.583618527,1164621.1714309538,-9.66989013895867
2021-09-15,1060946.4266225356,1164621.1714309538,-8.902014436250932
2021-09-15,1063454.901496171,1164621.1714309538,-8.686624665296199
2021-09-15,1067220.1206124385,1164621.1714309538,-8.36332476240664
2021-09-15,1070617.1965214156,1164621.1714309538,-8.071635413774661
2021-09-15,1067941.902956559,1164621.1714309538,-8.301349043449573
2021-09-15,1064738.9055794363,1164621.1714309538,-8.576373871753807
2021-09-15,1064378.6737423106,1164621.1714309538,-8.60730511754965
2021-09-15,1062144.7377535892,1164621.1714309538,-8.799121653563386
2021-09-16,1065316.3124953713,1164621.1714309538,-8.52679492453052
2021-09-16,1067874.5477930678,1164621.1714309538,-8.307132483176035
2021-09-16,1074282.118595332,1164621.1714309538,-7.756947499470883
2021-09-16,1076117.9085448952,1164621.1714309538,-7.599317705800919
2021-09-16,1075710.3002152285,1164621.1714309538,-7.6343169261195705
2021-09-16,1074268.7460748502,1164621.1714309538,-7.758095728681353
2021-09-16,1074752.738466808,1164621.1714309538,-7.716537803767174
2021-09-16,1068104.9501012668,1164621.1714309538,-8.28734902793316
2021-09-16,1066150.0785712425,1164621.1714309538,-8.455203741378083
2021-09-16,1065128.9915589632,1164621.1714309538,-8.542879205067681
2021-09-16,1064804.1802411631,1164621.1714309538,-8.570769073959639
2021-09-16,1056070.8508128473,1164621.1714309538,-9.320654928909823
2021-09-16,1055803.9068091875,1164621.1714309538,-9.343576030655877
2021-09-16,1054650.2039159634,1164621.1714309538,-9.442638534543432
2021-09-16,1054658.7620589193,1164621.1714309538,-9.44190369104532
2021-09-16,1053835.0304396476,1164621.1714309538,-9.512633267278217
2021-09-17,1054799.8944471474,1164621.1714309538,-9.42978538238924
2021-09-17,1055598.638082494,1164621.1714309538,-9.361201395171728
2021-09-17,1058305.0626324618,1164621.1714309538,-9.128814708723084
2021-09-17,1060352.9522092734,1164621.1714309538,-8.952973016415932
2021-09-17,1062691.367646915,1164621.1714309538,-8.752185370183433
2021-09-17,1065610.3253732524,1164621.1714309538,-8.501549558475581
2021-09-17,1065777.4713199749,1164621.1714309538,-8.487197600017097
2021-09-17,1063230.6652494392,1164621.1714309538,-8.70587867271359
2021-09-17,1062528.187620912,1164621.1714309538,-8.766196795529792
2021-09-17,1062189.73114724,1164621.1714309538,-8.795258303423918
2021-09-17,1062959.0804725022,1164621.1714309538,-8.72919825367255
2021-09-17,1004338.3309320358,1164621.1714309538,-13.762659002839584
2021-09-20,1006439.0025723305,1164621.1714309538,-13.582285187574517
2021-09-20,1004834.9620716459,1164621.1714309538,-13.72001585399489
2021-09-20,1007224.4110427076,1164621.1714309538,-13.51484622204274
2021-09-20,1007786.16746725,1164621.1714309538,-13.466611101617085
2021-09-20,1004240.1330414168,1164621.1714309538,-13.771090748116752
2021-09-20,1000470.7820843477,1164621.1714309538,-14.094745430818229
2021-09-20,988572.7513534562,1164621.1714309538,-15.116367828105801
2021-09-20,984535.9292490886,1164621.1714309538,-15.462988875652753
2021-09-20,980631.9790602034,1164621.1714309538,-15.798200898639461
2021-09-20,974207.2872769686,1164621.1714309538,-16.349855972481276
2021-09-20,968271.7541518601,1164621.1714309538,-16.859509520837737
2021-09-21,965725.8825298052,1164621.1714309538,-17.078110357273406
2021-09-21,962292.8128358728,1164621.1714309538,-17.37289030616565
2021-09-21,959022.9978189354,1164621.1714309538,-17.653652419816716
2021-09-21,960074.9039147622,1164621.1714309538,-17.563330680728434
2021-09-22,963015.5570495863,1164621.1714309538,-17.310831996438587
2021-09-22,965157.660060948,1164621.1714309538,-17.126900683501034
2021-09-22,965478.458140617,1164621.1714309538,-17.099355410622742
2021-09-22,953544.795684251,1164621.1714309538,-18.124037319994464
2021-09-22,954081.1047933962,1164621.1714309538,-18.077987229003398
2021-09-22,954919.5727167984,1164621.1714309538,-18.00599232250758
2021-09-22,950086.6346942836,1164621.1714309538,-18.420971728778945
2021-09-22,949035.9990346392,1164621.1714309538,-18.5111843820792
2021-09-22,949382.2284381447,1164621.1714309538,-18.481455452878983
2021-09-23,950076.7516956993,1164621.1714309538,-18.421820330781618
2021-09-23,950807.597563997,1164621.1714309538,-18.35906637385331
2021-09-23,949023.5271561441,1164621.1714309538,-18.51225527781775
2021-09-23,949549.5311939544,1164621.1714309538,-18.467090030034733
2021-09-23,943328.688228979,1164621.1714309538,-19.001241659558342
2021-09-23,939656.6451945291,1164621.1714309538,-19.316541013934508
2021-09-23,940830.2898279761,1164621.1714309538,-19.215766215893954
2021-09-23,941752.5183295803,1164621.1714309538,-19.136579221510964
2021-09-24,945496.7501986059,1164621.1714309538,-18.815081385057834
2021-09-24,950187.4750339255,1164621.1714309538,-18.412313090063147
2021-09-24,953506.4856739729,1164621.1714309538,-18.1273268025505
2021-09-24,955587.7931545574,1164621.1714309538,-17.94861568758535
2021-09-24,958393.0565335291,1164621.1714309538,-17.707742221793467
2021-09-24,960959.9864629117,1164621.1714309538,-17.48733321735912
2021-09-24,962806.5708356566,1164621.1714309538,-17.32877656236752
2021-09-24,966495.546889754,1164621.1714309538,-17.012023257121932
2021-09-24,970758.2593187059,1164621.1714309538,-16.646006175042416
2021-09-24,973720.5933457757,1164621.1714309538,-16.391645864605152
2021-09-24,975364.2275697371,1164621.1714309538,-16.250515489829134
2021-09-24,978527.9039196462,1164621.1714309538,-15.978866954879193
2021-09-24,983030.1154428693,1164621.1714309538,-15.592285323558572
2021-09-24,988750.4243328008,1164621.1714309538,-15.101111967770864
2021-09-24,996537.5320469569,1164621.1714309538,-14.432473280343583
2021-09-24,998866.8957807482,1164621.1714309538,-14.232462857131953
2021-09-24,996685.298358105,1164621.1714309538,-14.419785351017472
2021-09-24,990423.910349417,1164621.1714309538,-14.957418373865128
2021-09-24,987441.0461725428,1164621.1714309538,-15.213541502144615
2021-09-24,985320.1551088775,1164621.1714309538,-15.39565145477921
2021-09-24,988391.264195773,1164621.1714309538,-15.131951192218967
2021-09-27,990271.9649390321,1164621.1714309538,-14.97046514084071
2021-09-27,992388.7857616178,1164621.1714309538,-14.788704678768328
2021-09-27,995180.8282511197,1164621.1714309538,-14.548966422415718
2021-09-27,997264.5254211609,1164621.1714309538,-14.370050117169358
2021-09-27,1000020.1812904779,1164621.1714309538,-14.133436191807588
2021-09-27,1006162.739576059,1164621.1714309538,-13.606006463045754
2021-09-27,1007907.6642446752,1164621.1714309538,-13.456178801363098
2021-09-27,1007576.0403621797,1164621.1714309538,-13.484653629970927
2021-09-27,1004292.6892653693,1164621.1714309538,-13.766578016831954
2021-09-27,1001993.4456301313,1164621.1714309538,-13.964002182873259
2021-09-27,1004742.4652730124,1164621.1714309538,-13.727958075972518
2021-09-27,1005206.0268280734,1164621.1714309538,-13.688154441414557
2021-09-27,1005617.288615671,1164621.1714309538,-13.652841517548314
2021-09-27,1005504.0803905128,1164621.1714309538,-13.662562122663116
2021-09-28,1002643.1394834102,1164621.1714309538,-13.9082163299954
2021-09-28,1000645.8054870132,1164621.1714309538,-14.079717075936921
2021-09-28,998252.4185376535,1164621.1714309538,-14.28522484172989
2021-09-30,995332.961934859,1164621.1714309538,-14.535903489380386
2021-09-30,985630.2438468701,1164621.1714309538,-15.369025737713491
2021-09-30,980478.0634950786,1164621.1714309538,-15.811416832618724
2021-09-30,975169.0609431203,1164621.1714309538,-16.267273439229715
2021-09-30,974138.6715767155,1164621.1714309538,-16.35574764798368
2021-09-30,970992.7837771117,1164621.1714309538,-16.625868772068912
2021-09-30,965802.5650598032,1164621.1714309538,-17.071526024798686
2021-09-30,960998.9317247687,1164621.1714309538,-17.483989189033654
2021-10-01,956778.1408140291,1164621.1714309538,-17.84640668703891
2021-10-01,960766.9620935755,1164621.1714309538,-17.503907222200457
2021-10-01,963553.3889737345,1164621.1714309538,-17.264651149194734
2021-10-04,966761.7219712774,1164621.1714309538,-16.989168178745132
2021-10-04,970647.5939152694,1164621.1714309538,-16.655508441199967
2021-10-05,968138.8395027881,1164621.1714309538,-16.870922214710433
2021-10-05,972696.4916755881,1164621.1714309538,-16.47958018138641
2021-10-06,973592.4739049854,1164621.1714309538,-16.4026468187294
2021-10-06,975986.9707768331,1164621.1714309538,-16.19704374962963
2021-10-07,976311.1216389516,1164621.1714309538,-16.16921059065312
2021-10-07,979986.7003508591,1164621.1714309538,-15.853607645929783
2021-10-07,980384.372454125,1164621.1714309538,-15.819461598011278
2021-10-07,982249.3866698747,1164621.1714309538,-15.659322467665726
2021-10-07,984967.9324190828,1164621.1714309538,-15.425894996493453
2021-10-07,986025.5203419328,1164621.1714309538,-15.335085388288366
2021-10-07,984188.7440929048,1164621.1714309538,-15.49279987039512
2021-10-07,978716.3600750236,1164621.1714309538,-15.962685198957145
2021-10-07,971143.983788205,1164621.1714309538,-16.612886008677492
2021-10-07,967664.8220623191,1164621.1714309538,-16.91162364210133
2021-10-08,969086.3125870102,1164621.1714309538,-16.789567598508672
2021-10-08,962962.054266342,1164621.1714309538,-17.315426003876958
2021-10-08,954760.7047709126,1164621.1714309538,-18.019633491823654
2021-10-08,952624.4663752131,1164621.1714309538,-18.20306124052882
2021-10-08,949467.8566897049,1164621.1714309538,-18.47410299753464
2021-10-08,945306.7229380114,1164621.1714309538,-18.831398043663743
2021-10-08,944603.0032008585,1164621.1714309538,-18.891822819927103
2021-10-08,943919.135102504,1164621.1714309538,-18.950543038581053
2021-10-11,939825.3948687146,1164621.1714309538,-19.302051351688526
2021-10-11,939221.7427268015,1164621.1714309538,-19.353883840803537
2021-10-11,938023.8581446289,1164621.1714309538,-19.45673999794353
2021-10-11,936626.748448823,1164621.1714309538,-19.57670258578566
2021-10-11,934042.0263512378,1164621.1714309538,-19.798639311734874
2021-10-11,930206.4022060594,1164621.1714309538,-20.127984530529545
2021-10-11,924693.2051998497,1164621.1714309538,-20.601374259434763
2021-10-11,921346.6005429131,1164621.1714309538,-20.8887299025427
2021-10-11,916081.9110850786,1164621.1714309538,-21.34078157281809
2021-10-11,914054.4588082689,1164621.1714309538,-21.51486841981561
2021-10-11,914135.6050601423,1164621.1714309538,-21.50790081061667
2021-10-12,912240.8205057257,1164621.1714309538,-21.670596166059035
2021-10-13,911163.8756841915,1164621.1714309538,-21.76306785109727
2021-10-13,911852.144847099,1164621.1714309538,-21.703969735779495
2021-10-13,911880.6296947191,1164621.1714309538,-21.701523889154092
2021-10-13,912709.0299580572,1164621.1714309538,-21.630393440587692
2021-10-14,914220.6403819328,1164621.1714309538,-21.500599267086766
2021-10-15,915929.8457876146,1164621.1714309538,-21.353838633877455
2021-10-18,916851.2309255768,1164621.1714309538,-21.274724054771006
2021-10-18,919070.0968351596,1164621.1714309538,-21.08420150855484
2021-10-18,918553.9042114711,1164621.1714309538,-21.128524300922958
2021-10-18,916457.0285521236,1164621.1714309538,-21.30857217492572
2021-10-18,916478.1739036617,1164621.1714309538,-21.306756532890628
2021-10-18,916156.8005339355,1164621.1714309538,-21.33435120295242
2021-10-19,918202.118760601,1164621.1714309538,-21.158730299190857
2021-10-19,918847.7974851881,1164621.1714309538,-21.103289204659344
2021-10-20,920274.9572544991,1164621.1714309538,-20.980746372335815
2021-10-21,920869.9053572804,1164621.1714309538,-20.92966125406939
2021-10-21,921953.4657748938,1164621.1714309538,-20.836621521992218
2021-10-21,924493.3311849363,1164621.1714309538,-20.618536407935615
2021-10-22,925092.5686570723,1164621.1714309538,-20.567082983694696
2021-10-22,924129.2534008747,1164621.1714309538,-20.649797885314932
2021-10-26,923228.9975540242,1164621.1714309538,-20.727098201412083
2021-10-26,923399.036167677,1164621.1714309538,-20.712497864596646
2021-10-26,924030.6836311033,1164621.1714309538,-20.658261561932655
2021-10-27,923643.3757653006,1164621.1714309538,-20.691517686353507
2021-10-28,926481.3237068576,1164621.1714309538,-20.447837766120724
2021-10-28,928117.167302639,1164621.1714309538,-20.307376332316338
2021-11-01,929355.3346026441,1164621.1714309538,-20.20106130641965
2021-11-01,930660.809453463,1164621.1714309538,-20.088966929051015
2021-11-01,931473.0994481227,1164621.1714309538,-20.019219785981164
2021-11-01,932837.304407808,1164621.1714309538,-19.90208255774332
2021-11-01,933695.1045640776,1164621.1714309538,-19.828427692340554
2021-11-01,935874.5026443684,1164621.1714309538,-19.64129404461431
2021-11-01,938542.7392147786,1164621.1714309538,-19.412186362574513
2021-11-01,939711.2828756854,1164621.1714309538,-19.31184955867879
2021-11-01,940262.5505981734,1164621.1714309538,-19.264515048881865
2021-11-02,940312.8095746054,1164621.1714309538,-19.260199570367057
2021-11-02,942673.5571611747,1164621.1714309538,-19.057494377942238
2021-11-02,943228.9560396963,1164621.1714309538,-19.00980514713088
2021-11-03,944799.5367573347,1164621.1714309538,-18.874947499325234
2021-11-03,945925.2029350173,1164621.1714309538,-18.778292363277906
2021-11-03,947280.9198455486,1164621.1714309538,-18.661883959945726
2021-11-03,947523.3670398078,1164621.1714309538,-18.64106627259754
2021-11-03,949779.9869921135,1164621.1714309538,-18.447301981885484
2021-11-03,950348.3825629719,1164621.1714309538,-18.398496792283787
2021-11-03,951516.5966897038,1164621.1714309538,-18.29818828378428
2021-11-03,952614.8111448388,1164621.1714309538,-18.203890285252648
2021-11-03,952824.0574106935,1164621.1714309538,-18.185923390009144
2021-11-03,953875.7487475158,1164621.1714309538,-18.095620091166467
2021-11-04,954289.3869830808,1164621.1714309538,-18.060103113997254
2021-11-04,954602.5503261965,1164621.1714309538,-18.033213396482424
2021-11-04,955272.0766292826,1164621.1714309538,-17.97572463365464
2021-11-04,959179.9753664496,1164621.1714309538,-17.640173569237238
2021-11-05,960924.4214089026,1164621.1714309538,-17.490387004709163
2021-11-05,961622.3767011727,1164621.1714309538,-17.43045719153116
2021-11-05,962262.329663321,1164621.1714309538,-17.375507738623476
2021-11-05,963130.4911062836,1164621.1714309538,-17.30096320309044
2021-11-05,963600.9053528323,1164621.1714309538,-17.260571163336376
2021-11-05,962765.6010805661,1164621.1714309538,-17.33229442346223
2021-11-05,959620.4006437205,1164621.1714309538,-17.602356527260422
2021-11-05,959378.5098745435,1164621.1714309538,-17.623126437262982
2021-11-08,960217.377968898,1164621.1714309538,-17.551097170155998
2021-11-08,960229.0411362298,1164621.1714309538,-17.550095714264774
2021-11-08,960647.4619131386,1164621.1714309538,-17.514168084991578
2021-11-08,960685.256940716,1164621.1714309538,-17.510922821338085
2021-11-08,965208.2441016108,1164621.1714309538,-17.122557293401
2021-11-09,965296.9352832269,1164621.1714309538,-17.114941840085216
2021-11-09,965079.3162722186,1164621.1714309538,-17.133627659675884
2021-11-09,962048.4788014286,1164621.1714309538,-17.393870006727337
2021-11-09,962320.35240423,1164621.1714309538,-17.370525625784353
2021-11-09,961104.5840924826,1164621.1714309538,-17.474917366340957
2021-11-09,960756.0034795002,1164621.1714309538,-17.504848181745423
2021-11-10,958720.3752822526,1164621.1714309538,-17.679637052769166
2021-11-11,961004.036389529,1164621.1714309538,-17.48355087785698
2021-11-11,963475.8440996392,1164621.1714309538,-17.27130952669958
2021-11-12,963573.220624995,1164621.1714309538,-17.262948307811886
2021-11-12,965692.1308780267,1164621.1714309538,-17.08100843714748
2021-11-12,967582.435425981,1164621.1714309538,-16.918697756702645
2021-11-15,967931.2216997811,1164621.1714309538,-16.888749282266822
2021-11-15,971950.3036113826,1164621.1714309538,-16.54365149337266
2021-11-15,979916.7250263593,1164621.1714309538,-15.859616065338283
2021-11-16,981724.4461876671,1164621.1714309538,-15.704396393426718
2021-11-16,984051.7525347986,1164621.1714309538,-15.50456262737282
2021-11-16,985902.9040134489,1164621.1714309538,-15.345613818604747
2021-11-16,985394.3305026508,1164621.1714309538,-15.389282397132575
2021-11-16,987306.942605583,1164621.1714309538,-15.225056282250756
2021-11-16,983144.8105454885,1164621.1714309538,-15.582437047961943
2021-11-16,980383.6702734301,1164621.1714309538,-15.819521890637938
2021-11-17,975843.8286673551,1164621.1714309538,-16.209334622661082
2021-11-17,972044.3297217656,1164621.1714309538,-16.5355779573002
2021-11-18,971752.8246436914,1164621.1714309538,-16.56060799154868
2021-11-19,951277.7229190926,1164621.1714309538,-18.318699139715022
2021-11-19,951515.7506784021,1164621.1714309538,-18.29826092640167
2021-11-22,951292.3640471125,1164621.1714309538,-18.31744198173275
2021-11-22,950258.5981013235,1164621.1714309538,-18.406206119904724
2021-11-22,956434.59856027,1164621.1714309538,-17.875904884580436
2021-11-23,959162.8536557736,1164621.1714309538,-17.641643722029922
2021-11-23,961402.072691416,1164621.1714309538,-17.44937355808544
2021-11-23,952072.9608201057,1164621.1714309538,-18.2504161717834
2021-11-23,945561.9956334175,1164621.1714309538,-18.809479096827797
2021-11-23,942638.7036704654,1164621.1714309538,-19.06048706702984
2021-11-23,941866.2000601903,1164621.1714309538,-19.12681795893059
2021-11-23,941604.3429623162,1164621.1714309538,-19.14930227437132
2021-11-23,936458.3184606155,1164621.1714309538,-19.591164798249185
2021-11-23,937154.6476903707,1164621.1714309538,-19.531374606654122
2021-11-24,940587.6417904717,1164621.1714309538,-19.23660114861343
2021-11-24,943410.0792070914,1164621.1714309538,-18.99425303698227
2021-11-24,946035.0096617455,1164621.1714309538,-18.768863827250755
2021-11-24,949831.6456329168,1164621.1714309538,-18.442866321426052
2021-11-24,951720.460831603,1164621.1714309538,-18.28068352370433
2021-11-24,953491.6998486691,1164621.1714309538,-18.128596384940593
2021-11-24,957013.9625994124,1164621.1714309538,-17.826157889303804
2021-11-24,961633.4861092065,1164621.1714309538,-17.429503284088437
2021-11-24,963841.0104548668,1164621.1714309538,-17.239954579341127
2021-11-24,965589.3865364438,1164621.1714309538,-17.089830562668062
2021-11-24,964074.9117256033,1164621.1714309538,-17.219870686271495
2021-11-24,956487.2416228945,1164621.1714309538,-17.87138469690775
2021-11-24,953223.5399628488,1164621.1714309538,-18.15162188820281
2021-11-24,951206.6407281483,1164621.1714309538,-18.324802600023666
2021-11-24,954825.9472389404,1164621.1714309538,-18.01403145833601
2021-11-26,950939.9722215119,1164621.1714309538,-18.347700046264382
2021-11-26,950901.9227035192,1164621.1714309538,-18.350967161694363
2021-11-26,946477.8784199259,1164621.1714309538,-18.730836976198727
2021-11-26,946941.8273468284,1164621.1714309538,-18.691000080023084
2021-11-26,936403.1580074694,1164621.1714309538,-19.59590114123343
2021-11-26,932919.5122680364,1164621.1714309538,-19.89502379372245
2021-11-26,925960.16334511,1164621.1714309538,-20.492587112477466
2021-11-26,923656.611281865,1164621.1714309538,-20.69038122096123
2021-11-26,921645.3592530383,1164621.1714309538,-20.86307703640442
2021-11-26,914608.6009883459,1164621.1714309538,-21.467287095203748
2021-11-29,908096.6397754654,1164621.1714309538,-22.026435543868768
2021-11-29,906193.0429743864,1164621.1714309538,-22.189887561381045
2021-11-29,901890.3461666846,1164621.1714309538,-22.559337895382363
2021-11-29,900366.619408611,1164621.1714309538,-22.690172435870878
2021-11-30,902726.4191650103,1164621.1714309538,-22.487548628723367
2021-11-30,896565.5289566278,1164621.1714309538,-23.016552424937437
2021-11-30,894159.1873339517,1164621.1714309538,-23.223172541564672
2021-11-30,889749.8629006281,1164621.1714309538,-23.601778438614087
2021-11-30,884858.80296648,1164621.1714309538,-24.021748473002052
2021-11-30,884857.9909184221,1164621.1714309538,-24.021818199371264
2021-11-30,881729.0543743755,1164621.1714309538,-24.290483806763763
2021-11-30,875470.5316792513,1164621.1714309538,-24.827870799946652
2021-11-30,870153.4029072395,1164621.1714309538,-25.284425163068764
2021-11-30,864179.5866645843,1164621.1714309538,-25.797365884841422
2021-11-30,858770.9671766582,1164621.1714309538,-26.26177608281856
2021-11-30,856383.2996321836,1164621.1714309538,-26.466792752877964
2021-11-30,846763.7577112877,1164621.1714309538,-27.292773093684968
2021-11-30,844063.5607493875,1164621.1714309538,-27.524625049336997
2021-12-01,836614.7304938788,1164621.1714309538,-28.164217599964974
2021-12-01,831029.515470121,1164621.1714309538,-28.643791143771953
2021-12-01,827744.760953273,1164621.1714309538,-28.92583603505725
2021-12-01,822460.5453649511,1164621.1714309538,-29.379564313225963
2021-12-01,815538.6159727625,1164621.1714309538,-29.973914610300138
2021-12-01,811377.9883847259,1164621.1714309538,-30.331166194772415
2021-12-01,810502.9800086579,1164621.1714309538,-30.40629864105903
2021-12-01,807778.382182878,1164621.1714309538,-30.640245772763002
2021-12-01,800489.7557650289,1164621.1714309538,-31.266082447953586
2021-12-01,793977.14591948,1164621.1714309538,-31.82528659135302
2021-12-02,795784.3771689959,1164621.1714309538,-31.670108985634638
2021-12-02,799175.0458975811,1164621.1714309538,-31.37896978846384
2021-12-02,801405.6354639711,1164621.1714309538,-31.18744059243787
2021-12-02,802464.2353140274,1164621.1714309538,-31.096544095274275
2021-12-02,801026.004105763,1164621.1714309538,-31.22003757483186
2021-12-02,798626.1393487974,1164621.1714309538,-31.426101556479814
2021-12-02,796761.7175341822,1164621.1714309538,-31.586189820402094
2021-12-02,792500.1302305878,1164621.1714309538,-31.952110293783004
2021-12-03,792516.7189716143,1164621.1714309538,-31.950685904339178
2021-12-06,794887.5774304309,1164621.1714309538,-31.747112543578126
2021-12-07,795672.3438967572,1164621.1714309538,-31.679728703615638
2021-12-07,796424.4156250518,1164621.1714309538,-31.615152191807034
2021-12-07,799373.0302089384,1164621.1714309538,-31.361969899039366
2021-12-07,801457.083036602,1164621.1714309538,-31.183023055311377
2021-12-08,804807.2420765783,1164621.1714309538,-30.895362215704626
2021-12-08,801210.422282181,1164621.1714309538,-31.20420253929053
2021-12-08,802275.572813782,1164621.1714309538,-31.112743568963523
2021-12-08,802934.6110997555,1164621.1714309538,-31.056155357952065
2021-12-08,804077.3530562411,1164621.1714309538,-30.958034013044568
2021-12-08,805793.0641200233,1164621.1714309538,-30.81071477260227
2021-12-08,807458.6305464333,1164621.1714309538,-30.667701192970746
2021-12-08,808272.2474843821,1164621.1714309538,-30.5978401121397
2021-12-08,810652.7319490867,1164621.1714309538,-30.393440216010415
2021-12-14,810040.2709360186,1164621.1714309538,-30.446029077357974
2021-12-16,811513.5002829385,1164621.1714309538,-30.319530488541336
2021-12-16,813068.5409603916,1164621.1714309538,-30.18600718365907
2021-12-16,815036.3429912877,1164621.1714309538,-30.01704219494276
2021-12-16,817099.4393425072,1164621.1714309538,-29.83989477552186
2021-12-20,820762.3001880948,1164621.1714309538,-29.525383848240054
2021-12-21,822572.4305517052,1164621.1714309538,-29.369957310580062
2021-12-21,825111.8974098989,1164621.1714309538,-29.151906418110578
2021-12-21,827850.6689096132,1164621.1714309538,-28.916742266290367
2021-12-21,829750.5449568018,1164621.1714309538,-28.753609730681873
2021-12-21,832738.2634441358,1164621.1714309538,-28.497069787855402
2021-12-21,836454.4009797827,1164621.1714309538,-28.177984266588354
2021-12-21,837981.8755313458,1164621.1714309538,-28.046827922445445
2021-12-21,839453.3871009478,1164621.1714309538,-27.920476830287814
2021-12-21,841406.1634255429,1164621.1714309538,-27.75280202130287
2021-12-22,843192.1077119019,1164621.1714309538,-27.599452217077292
2021-12-22,845359.7519616423,1164621.1714309538,-27.413327810024217
2021-12-22,847705.7783187487,1164621.1714309538,-27.211886653478533
2021-12-22,848413.0423665451,1164621.1714309538,-27.151157545580958
2021-12-22,851290.9780912923,1164621.1714309538,-26.90404408110468
2021-12-22,853226.0006588281,1164621.1714309538,-26.737893695468273
2021-12-22,852908.921277708,1164621.1714309538,-26.76511966292432
2021-12-22,851749.8975083855,1164621.1714309538,-26.86463904293855
2021-12-22,846073.7200834332,1164621.1714309538,-27.352023057946457
2021-12-22,848424.5412772333,1164621.1714309538,-27.150170193558658
2021-12-22,849248.0426997261,1164621.1714309538,-27.07946038313327
2021-12-22,847545.671436065,1164621.1714309538,-27.225634203893318
2021-12-22,845234.6934614369,1164621.1714309538,-27.424065937002602
2021-12-22,838515.3115336739,1164621.1714309538,-28.001024530285513
2021-12-23,838529.0664972347,1164621.1714309538,-27.999843462664707
2021-12-23,840567.0086402337,1164621.1714309538,-27.824855905080213
2021-12-23,842346.3371520902,1164621.1714309538,-27.672074163213868
2021-12-23,844010.360682378,1164621.1714309538,-27.52919306409703
2021-12-23,846111.4750948346,1164621.1714309538,-27.348781230275144
2021-12-23,843786.5948237114,1164621.1714309538,-27.548406681722724
2021-12-23,838094.5270427545,1164621.1714309538,-28.037155119462632
2021-12-23,838994.3184771952,1164621.1714309538,-27.95989468005853
2021-12-23,840469.0844977886,1164621.1714309538,-27.833264145016706
2021-12-23,838711.6183691407,1164621.1714309538,-27.984168677044796
2021-12-23,838625.0624521937,1164621.1714309538,-27.991600786220744
2021-12-23,838219.39409016,1164621.1714309538,-28.026433431546536
2021-12-23,837134.1157956672,1164621.1714309538,-28.11962066883155
2021-12-23,838506.6612862292,1164621.1714309538,-28.00176728231999
2021-12-23,838978.6955319551,1164621.1714309538,-27.961236141610435
2021-12-23,838228.0223315622,1164621.1714309538,-28.02569256905718
2021-12-23,837205.2749511923,1164621.1714309538,-28.113510599972187
2021-12-23,835893.643070071,1164621.1714309538,-28.22613364970687
2021-12-27,838818.7736325497,1164621.1714309538,-27.974967808467298
2021-12-27,840279.27068081,1164621.1714309538,-27.849562476322614
2021-12-27,838073.9370127234,1164621.1714309538,-28.0389230789104
2021-12-27,837809.797303266,1164621.1714309538,-28.061603390408845
2021-12-27,838454.3804604965,1164621.1714309538,-28.006256366583195
2021-12-31,840163.8134811172,1164621.1714309538,-27.859476189255627
2022-01-07,840755.6069951205,1164621.1714309538,-27.80866193922133
2022-01-10,841721.7953806238,1164621.1714309538,-27.725700336838976
2022-01-11,842269.8952512247,1164621.1714309538,-27.678637834108795
2022-01-11,843132.2395579903,1164621.1714309538,-27.604592785991898
2022-01-11,843920.0942856856,1164621.1714309538,-27.536943772989055
2022-01-12,844543.2180147339,1164621.1714309538,-27.483439359336444
2022-01-12,845561.6925681198,1164621.1714309538,-27.39598821398807
2022-01-12,844740.9658479276,1164621.1714309538,-27.466459775069502
2022-01-12,844678.4878782706,1164621.1714309538,-27.4718244353719
2022-01-13,845772.8297055345,1164621.1714309538,-27.377858959377733
2022-01-13,843550.9768262564,1164621.1714309538,-27.568637981241828
2022-01-13,842624.8672659501,1164621.1714309538,-27.648158222074166
2022-01-13,841409.5441827666,1164621.1714309538,-27.752511733155387
2022-01-13,838370.0513460252,1164621.1714309538,-28.013497271741024
2022-01-13,836740.2778061985,1164621.1714309538,-28.153437501217038
2022-01-13,834338.69432931,1164621.1714309538,-28.359649060460608
2022-01-13,834139.7781774481,1164621.1714309538,-28.37672896221248
2022-01-13,834262.8120932771,1164621.1714309538,-28.366164675829303
2022-01-13,834182.4646340848,1164621.1714309538,-28.37306369682972
2022-01-13,833051.5102233203,1164621.1714309538,-28.470172906116627
2022-01-13,831796.2695448741,1164621.1714309538,-28.57795393476682
2022-01-14,830573.563763954,1164621.1714309538,-28.68294135994112
2022-01-14,831342.2669672812,1164621.1714309538,-28.616936789340468
2022-01-14,831941.7913374425,1164621.1714309538,-28.565458730649105
2022-01-14,830410.1199318725,1164621.1714309538,-28.696975436951817
2022-01-14,828580.601529437,1164621.1714309538,-28.85406672528788
2022-01-14,827805.3540650009,1164621.1714309538,-28.920633217762305
2022-01-14,826577.098842665,1164621.1714309538,-29.026097144785613
2022-01-14,823966.4515397426,1164621.1714309538,-29.250259934108307
2022-01-14,823760.0223673248,1164621.1714309538,-29.267984940100106
2022-01-14,821896.5663905729,1164621.1714309538,-29.427990272517533
2022-01-14,820356.338811793,1164621.1714309538,-29.56024165318645
2022-01-14,819320.3186823193,1164621.1714309538,-29.649199346459433
2022-01-14,818237.2141077534,1164621.1714309538,-29.742199937650394
2022-01-18,814788.9844227792,1164621.1714309538,-30.038281596610567
2022-01-18,812573.4894347017,1164621.1714309538,-30.22851469922155
2022-01-18,812302.7417670947,1164621.1714309538,-30.251762401929405
2022-01-18,811622.0121790705,1164621.1714309538,-30.310213132924428
2022-01-18,810129.8120493452,1164621.1714309538,-30.438340644799545
2022-01-18,809222.6301911032,1164621.1714309538,-30.51623566169395
2022-01-18,809505.0940145898,1164621.1714309538,-30.49198195324217
2022-01-18,807887.4205829444,1164621.1714309538,-30.630883208974772
2022-01-18,806684.7157213326,1164621.1714309538,-30.73415325859392
2022-01-18,805376.6017831758,1164621.1714309538,-30.846474240750677
2022-01-18,804735.9965924177,1164621.1714309538,-30.901479697157676
2022-01-18,803596.148777243,1164621.1714309538,-30.99935253711079
2022-01-18,801209.1535640453,1164621.1714309538,-31.204311477558765
2022-01-19,800339.4348410665,1164621.1714309538,-31.278989728677132
2022-01-19,798348.551925864,1164621.1714309538,-31.449936553622475
2022-01-19,796848.5734814389,1164621.1714309538,-31.578731949174323
2022-01-19,794451.2660805644,1164621.1714309538,-31.784576343873848
2022-01-19,793304.7344633788,1164621.1714309538,-31.883023087356694
2022-01-19,791900.0724691519,1164621.1714309538,-32.00363415202599
2022-01-21,789890.5997915603,1164621.1714309538,-32.17617718377618
2022-01-21,788748.3456916341,1164621.1714309538,-32.27425663896269
2022-01-24,787654.8097531915,1164621.1714309538,-32.36815291744945
2022-01-24,786570.3241009403,1164621.1714309538,-32.46127209464239
2022-01-24,787098.266988858,1164621.1714309538,-32.415940367822664
2022-01-25,788200.1436831721,1164621.1714309538,-32.32132791174305
2022-01-25,788758.2373710608,1164621.1714309538,-32.27340729158096
2022-01-26,789242.3313957796,1164621.1714309538,-32.23184063998694
2022-01-27,787221.0395773993,1164621.1714309538,-32.40539852026288
2022-01-27,785485.776579627,1164621.1714309538,-32.55439658421188
2022-01-27,784576.4463768404,1164621.1714309538,-32.63247606834743
2022-01-27,783043.3847651298,1164621.1714309538,-32.76411214446537
2022-01-27,783102.1357021022,1164621.1714309538,-32.759067505194366
2022-01-27,781768.1096619208,1164621.1714309538,-32.873613425610905
2022-01-27,781481.3991749842,1164621.1714309538,-32.8982317731019
2022-01-27,779023.532608631,1164621.1714309538,-33.10927607030743
2022-01-27,777380.9859868716,1164621.1714309538,-33.25031305830423
2022-01-27,776100.8846947355,1164621.1714309538,-33.3602287393461
2022-01-27,774297.6392774951,1164621.1714309538,-33.51506410224997
2022-01-27,771744.6844198408,1164621.1714309538,-33.73427313951292
2022-01-27,769098.9443027794,1164621.1714309538,-33.96144916738906
2022-01-28,767965.3268807095,1164621.1714309538,-34.05878703569151
2022-01-28,765717.7070311964,1164621.1714309538,-34.25177853409879
2022-01-28,764377.8712649412,1164621.1714309538,-34.3668233056625
2022-01-28,763215.617731427,1164621.1714309538,-34.46662000883304
2022-01-28,760578.6861588378,1164621.1714309538,-34.6930396925272
2022-01-28,760560.1038450063,1164621.1714309538,-34.694635259762904
2022-01-28,758539.8430238838,1164621.1714309538,-34.86810461363359
2022-01-28,756701.3184409377,1164621.1714309538,-35.025969216136666
2022-01-28,755573.7556121723,1164621.1714309538,-35.12278720780858
2022-01-28,754897.1571488987,1164621.1714309538,-35.18088322047529
2022-01-28,755622.0803668017,1164621.1714309538,-35.11863781092187
2022-01-28,754688.8848569378,1164621.1714309538,-35.19876648561505
2022-01-28,754542.2248111416,1164621.1714309538,-35.21135942565374
2022-01-28,754394.2365293363,1164621.1714309538,-35.22406641445281
2022-01-28,754155.3330433815,1164621.1714309538,-35.24457982188652
2022-01-28,753013.1573645477,1164621.1714309538,-35.34265254345918
2022-01-28,752331.6384733224,1164621.1714309538,-35.40117104784013
2022-01-28,751928.1487103165,1164621.1714309538,-35.435816628128705
2022-01-28,750413.3303153764,1164621.1714309538,-35.56588625352276
2022-01-28,750193.571088076,1164621.1714309538,-35.58475584242354
2022-01-28,749614.9303759936,1164621.1714309538,-35.63444072934445
2022-01-28,747735.1882724637,1164621.1714309538,-35.79584446728442
2022-01-28,747126.8731819016,1164621.1714309538,-35.848077339696886
2022-01-28,745334.0271244223,1164621.1714309538,-36.00201976333294
2022-01-28,743418.4889623962,1164621.1714309538,-36.16649712378418
2022-01-28,741974.5989098763,1164621.1714309538,-36.29047649904712
2022-01-28,741654.0900407356,1164621.1714309538,-36.31799693891229
2022-01-28,741094.1991103699,1164621.1714309538,-36.366071878995825
2022-01-28,740746.5828436044,1164621.1714309538,-36.395919890975414
2022-01-28,739974.2132953883,1164621.1714309538,-36.46223927166014
2022-01-28,738805.9071444863,1164621.1714309538,-36.562555681799445
2022-01-28,737277.9346003699,1164621.1714309538,-36.69375478598875
2022-01-28,736039.6472759347,1164621.1714309538,-36.80008011776284
2022-01-28,733650.1004425013,1164621.1714309538,-37.005258152650995
2022-02-18,733648.8928508098,1164621.1714309538,-37.00536184230743
2022-02-24,734066.1384493535,1164621.1714309538,-36.96953511952589
2022-03-25,735554.4775397175,1164621.1714309538,-36.84173913514281
2022-03-28,737851.7419706606,1164621.1714309538,-36.644484913143685
2022-03-28,739509.715065037,1164621.1714309538,-36.50212333368354
2022-03-28,740861.3747273183,1164621.1714309538,-36.386063305286456
2022-03-29,743728.2102260671,1164621.1714309538,-36.139902959838984
2022-03-29,746070.7056157105,1164621.1714309538,-35.93876498921758
2022-03-31,748931.6413541258,1164621.1714309538,-35.69311122569376
2022-04-01,744306.8742210175,1164621.1714309538,-36.09021607373855
2022-04-05,745000.7941636543,1164621.1714309538,-36.03063275517461
2022-04-06,730291.5515412583,1164621.1714309538,-37.29363938627706
2022-04-07,731036.3617674301,1164621.1714309538,-37.22968638212064
2022-04-07,732666.7927973267,1164621.1714309538,-37.08968969737093
2022-04-07,734575.6317324282,1164621.1714309538,-36.92578756490701
2022-04-11,731570.1924952085,1164621.1714309538,-37.18384909692665
2022-04-11,729296.5187519034,1164621.1714309538,-37.379077708519844
2022-04-11,722377.1577144313,1164621.1714309538,-37.973207474250486
2022-04-11,721879.7675839416,1164621.1714309538,-38.01591579371875
2022-04-11,722817.632380489,1164621.1714309538,-37.935386191513835
2022-04-12,719855.6492435655,1164621.1714309538,-38.189716372828
2022-04-12,719043.8148780947,1164621.1714309538,-38.25942439337457
2022-04-12,720095.4079515128,1164621.1714309538,-38.16912953190249
2022-04-12,720544.2808200199,1164621.1714309538,-38.13058713893229
2022-04-13,721681.7181691892,1164621.1714309538,-38.03292127323523
2022-04-13,722997.095203348,1164621.1714309538,-37.919976646568124
2022-04-13,723846.7451826456,1164621.1714309538,-37.84702159473323
2022-04-13,725439.3989860748,1164621.1714309538,-37.71026864514771
2022-04-13,725871.6439978328,1164621.1714309538,-37.67315400028625
2022-04-13,725793.8402446402,1164621.1714309538,-37.67983460640102
2022-04-13,725185.0987617784,1164621.1714309538,-37.73210409091622
2022-04-13,721884.9365917558,1164621.1714309538,-38.015471957736615
2022-04-13,720967.3339657655,1164621.1714309538,-38.09426175209205
2022-04-13,718599.1117508357,1164621.1714309538,-38.29760875221743
2022-04-13,719914.8164140801,1164621.1714309538,-38.184635993734275
2022-04-14,720484.7986780828,1164621.1714309538,-38.135694562993976
2022-04-14,720640.1004577838,1164621.1714309538,-38.12235960193448
2022-04-14,720636.9229713642,1164621.1714309538,-38.122632436268724
2022-04-14,720219.8056789851,1164621.1714309538,-38.158448142063136
2022-04-14,719934.7124290887,1164621.1714309538,-38.18292762576908
2022-04-14,719907.5554142655,1164621.1714309538,-38.18525945825584
2022-04-14,719840.0209428744,1164621.1714309538,-38.19105829422481
2022-04-18,719613.682753829,1164621.1714309538,-38.210492784563606
2022-04-18,719607.3611047855,1164621.1714309538,-38.211035591890024
2022-04-18,718398.4610434115,1164621.1714309538,-38.31483759128942
2022-04-18,717121.8950210578,1164621.1714309538,-38.42444971698907
2022-04-19,716300.6069633251,1164621.1714309538,-38.49496947722352
2022-04-19,716471.745912665,1164621.1714309538,-38.480274660270325
2022-04-19,717111.0705695372,1164621.1714309538,-38.42537915668896
2022-12-09,704630.198665751,1164621.1714309538,-39.49704711275498
2022-12-12,702940.0756675703,1164621.1714309538,-39.642169238270185
2022-12-13,696062.6003906935,1164621.1714309538,-40.2327024902483
2022-12-20,697388.244815306,1164621.1714309538,-40.11887625583563
2022-12-21,698917.4549757639,1164621.1714309538,-39.98757088392839
2022-12-22,697902.391701435,1164621.1714309538,-40.07472912037723
2022-12-22,692756.8682281004,1164621.1714309538,-40.51654862353914
2022-12-22,692636.8939539122,1164621.1714309538,-40.52685019431006
2022-12-22,692744.363263161,1164621.1714309538,-40.51762236023962
2022-12-22,691132.9544632322,1164621.1714309538,-40.65598570442896
2022-12-22,689509.7541909642,1164621.1714309538,-40.79536152139728
2022-12-22,686455.9621398234,1164621.1714309538,-41.05757485960997
2022-12-22,683505.4658479795,1164621.1714309538,-41.31091872491328
2022-12-22,681647.7038981983,1164621.1714309538,-41.470435140667476
2022-12-22,679282.084940971,1164621.1714309538,-41.67355861251032
2023-01-17,679719.2667442425,1164621.1714309538,-41.636020070880136
2023-01-20,679805.9595137789,1164621.1714309538,-41.62857621087973
2023-01-23,679502.402487902,1164621.1714309538,-41.65464108358885
2023-01-25,679940.683522761,1164621.1714309538,-41.617008156624244
2023-01-25,680594.5362570314,1164621.1714309538,-41.56086520213312
2023-01-25,681528.007320104,1164621.1714309538,-41.48071286711025
2023-01-26,681945.537785196,1164621.1714309538,-41.4448616843107
2023-01-26,682289.5727624227,1164621.1714309538,-41.415321179151924
2023-01-26,682455.3960042845,1164621.1714309538,-41.4010827945227
2023-01-26,681293.1405321717,1164621.1714309538,-41.50087966415067
2023-01-26,681824.5705797318,1164621.1714309538,-41.45524851295778
2023-01-31,682294.2158715964,1164621.1714309538,-41.41492249936768
2023-01-31,682418.8272497512,1164621.1714309538,-41.404222764448576
2023-01-31,682297.5804796527,1164621.1714309538,-41.414633597865716
2023-01-31,682685.3396245191,1164621.1714309538,-41.38133872444435
2023-01-31,682848.5761015704,1164621.1714309538,-41.367322451938264
2023-02-01,683034.6277138854,1164621.1714309538,-41.35134716169978
2023-02-01,683539.499630179,1164621.1714309538,-41.3079964199583
2023-02-01,684217.1145632326,1164621.1714309538,-41.24981312828577
2023-02-02,685379.3635074216,1164621.1714309538,-41.15001681917687
2023-02-02,687547.3247466085,1164621.1714309538,-40.96386519387856
2023-02-06,688791.1940534947,1164621.1714309538,-40.85706056612498
2023-02-07,687364.6774180937,1164621.1714309538,-40.97954817586407
2023-02-08,688243.9264277014,1164621.1714309538,-40.904051608295454
2023-02-09,690091.0702660332,1164621.1714309538,-40.74544691488581
2023-02-10,688790.6691380166,1164621.1714309538,-40.85710563790377
2023-02-10,690912.8351280267,1164621.1714309538,-40.67488621393412
2023-02-13,691841.7478952911,1164621.1714309538,-40.59512527621022
2023-02-13,694716.5767671908,1164621.1714309538,-40.34827858112847
2023-02-13,698231.6622738355,1164621.1714309538,-40.04645635834286
2023-02-13,702923.7774330745,1164621.1714309538,-39.64356868341987
2023-02-13,705259.6923644375,1164621.1714309538,-39.44299574273626
2023-02-13,708196.4408961906,1164621.1714309538,-39.19083232652902
2023-02-13,709918.5046545627,1164621.1714309538,-39.04296761303972
2023-02-13,711949.4066030822,1164621.1714309538,-38.868584560564024
2023-02-13,713271.4593347642,1164621.1714309538,-38.755066726257645
2023-02-13,715604.2546542758,1164621.1714309538,-38.554761650518266
2023-02-13,717089.3540256742,1164621.1714309538,-38.42724384405648
2023-02-13,719450.2736052434,1164621.1714309538,-38.224523883481794
2023-02-13,721281.9797962493,1164621.1714309538,-38.06724474104998
2023-02-13,723385.1383926121,1164621.1714309538,-37.886657383722564
2023-02-13,726442.5317198824,1164621.1714309538,-37.62413482254383
2023-02-13,727899.3106792636,1164621.1714309538,-37.499048743472194
2023-02-13,732627.7207342788,1164621.1714309538,-37.09304461345921
2023-02-14,733604.9056162831,1164621.1714309538,-37.009138798763814
2023-02-14,734900.522454685,1164621.1714309538,-36.89789087796481
2023-02-14,737639.2155929575,1164621.1714309538,-36.662733454636545
2023-02-14,739891.4399123569,1164621.1714309538,-36.46934659420087
2023-02-15,742857.0993451114,1164621.1714309538,-36.214700748366674
2023-02-15,744379.0671350653,1164621.1714309538,-36.084017241378405
2023-02-15,745900.7349406097,1164621.1714309538,-35.95335949250074
2023-02-15,747363.7333776829,1164621.1714309538,-35.82773937902851
2023-02-15,748722.6734423991,1164621.1714309538,-35.71105422010712
2023-02-15,750582.3609918598,1164621.1714309538,-35.55137246306198
2023-02-15,752220.1934864422,1164621.1714309538,-35.41074025279828
2023-02-15,754539.9291200651,1164621.1714309538,-35.21155654477993
2023-02-15,756585.7873781939,1164621.1714309538,-35.035889271308065
2023-02-16,758192.589522646,1164621.1714309538,-34.89792147681246
2023-02-16,759929.3355135558,1164621.1714309538,-34.74879607590842
2023-02-16,763162.207058746,1164621.1714309538,-34.47120610721345
2023-02-17,762823.5601756456,1164621.1714309538,-34.500283964580944
2023-02-17,758387.3981783352,1164621.1714309538,-34.88119426452508
2023-02-17,757232.3613803196,1164621.1714309538,-34.980371303922055
2023-02-17,758756.4819780235,1164621.1714309538,-34.84950294646026
2023-02-17,755409.0247549359,1164621.1714309538,-35.13693179501663
2023-02-17,755445.0162580584,1164621.1714309538,-35.133841390685554
2023-02-17,755716.0731151367,1164621.1714309538,-35.11056713947601
2023-02-17,754285.7490773377,1164621.1714309538,-35.233381671178336
2023-02-17,751910.39409692,1164621.1714309538,-35.4373411250065
2023-02-17,753063.3824097727,1164621.1714309538,-35.338339978441724
2023-02-17,753397.4613282675,1164621.1714309538,-35.30965434858285
2023-02-17,752540.7234382369,1164621.1714309538,-35.38321800267459
2023-02-17,750653.5465939592,1164621.1714309538,-35.54526012337199
2023-02-21,748710.1963067458,1164621.1714309538,-35.71212556725068
2023-02-21,747802.9454728201,1164621.1714309538,-35.790026506730506
2023-02-21,745934.852859163,1164621.1714309538,-35.95042996319196
2023-02-21,745207.593703747,1164621.1714309538,-36.01287594762502
2023-02-21,747032.2161946376,1164621.1714309538,-35.85620504590609
2023-02-22,743276.6892426494,1164621.1714309538,-36.17867273274831
2023-02-22,740935.9411596257,1164621.1714309538,-36.3796606711822
2023-02-24,742943.6053769677,1164621.1714309538,-36.2072729225656
2023-02-24,744844.5366209332,1164621.1714309538,-36.04404978266425
2023-02-24,746319.3560802573,1164621.1714309538,-35.91741465911485
2023-02-24,750675.509204746,1164621.1714309538,-35.54337430750967
2023-02-24,753591.2094938923,1164621.1714309538,-35.293018195095556
2023-02-24,754897.7597263939,1164621.1714309538,-35.18083148026053
2023-02-27,749609.1392254836,1164621.1714309538,-35.63493798550396
2023-02-27,754973.1063953585,1164621.1714309538,-35.174361851267605
2023-02-27,756811.1254666182,1164621.1714309538,-35.01654065444002
2023-02-27,760982.5726036682,1164621.1714309538,-34.65836005122082
2023-02-27,766403.846461812,1164621.1714309538,-34.192863287884215
2023-02-27,769704.1719365191,1164621.1714309538,-33.9094813989347
2023-02-28,772542.0821984572,1164621.1714309538,-33.66580471405603
2023-02-28,774011.6747354787,1164621.1714309538,-33.5396183993065
2023-03-01,777122.0306850652,1164621.1714309538,-33.27254821151618
2023-03-01,778644.0288270857,1164621.1714309538,-33.14186209835283
2023-03-01,777181.2262632736,1164621.1714309538,-33.26746539320061
2023-03-01,776542.1675346702,1164621.1714309538,-33.32233806289614
2023-03-01,776384.1207799973,1164621.1714309538,-33.33590872076754
2023-03-02,778167.6799618667,1164621.1714309538,-33.182763713135756
2023-03-02,785336.8439958115,1164621.1714309538,-32.56718465534341
2023-03-02,787628.4301170609,1164621.1714309538,-32.3704180004462
2023-03-02,787116.527203643,1164621.1714309538,-32.41437245756713
2023-03-02,787303.6482495026,1164621.1714309538,-32.39830534059813
2023-03-02,787034.5130743983,1164621.1714309538,-32.42141458690984
2023-03-02,786589.1470989876,1164621.1714309538,-32.459655861097175
2023-03-02,787127.6526894722,1164621.1714309538,-32.41341716960723
2023-03-02,788174.8570346104,1164621.1714309538,-32.32349914554697
2023-03-02,786151.7378667872,1164621.1714309538,-32.49721393087388
2023-03-02,783113.6218525632,1164621.1714309538,-32.75808124882682
2023-03-02,782029.7402687927,1164621.1714309538,-32.85114855778178
2023-03-02,781067.3410969283,1164621.1714309538,-32.93378479997562
2023-03-02,781562.1209879495,1164621.1714309538,-32.89130060827805
2023-03-03,783165.885905339,1164621.1714309538,-32.75359360477072
2023-03-03,784913.8178214459,1164621.1714309538,-32.60350772629067
2023-03-03,787838.7071101667,1164621.1714309538,-32.35236260198153
2023-03-03,788797.3859725764,1164621.1714309538,-32.27004580353008
2023-03-03,790924.0726245592,1164621.1714309538,-32.087438213684386
2023-03-03,796894.5292627577,1164621.1714309538,-31.574785963780432
2023-03-03,797732.5060120992,1164621.1714309538,-31.502833231862304
2023-03-03,798344.1546023408,1164621.1714309538,-31.450314129063408
2023-03-03,800808.8221406764,1164621.1714309538,-31.238685867548345
2023-03-03,799810.3194553356,1164621.1714309538,-31.32442213182336
2023-03-03,800651.8091805895,1164621.1714309538,-31.252167758822395
2023-03-03,800534.9556925276,1164621.1714309538,-31.26220136382018
2023-03-03,802583.5400239516,1164621.1714309538,-31.086300016525687
2023-03-03,803903.2545049321,1164621.1714309538,-30.972982955720497
2023-03-03,802825.7300131683,1164621.1714309538,-31.065504414044998
2023-03-03,800964.2627067585,1164621.1714309538,-31.2253389896197
2023-03-03,798757.096318046,1164621.1714309538,-31.4148569584542
2023-03-03,800009.4211217089,1164621.1714309538,-31.30732630089933
2023-03-03,799862.9426680745,1164621.1714309538,-31.319903648557744
2023-03-03,801086.4729762118,1164621.1714309538,-31.214845425493337
2023-03-03,802914.1972341823,1164621.1714309538,-31.05790819106845
2023-03-06,804912.5346810016,1164621.1714309538,-30.886321284026053
2023-03-06,813487.2671377669,1164621.1714309538,-30.150053331226456
2023-03-06,815653.0741529035,1164621.1714309538,-29.96408667801205
2023-03-06,815904.9419671766,1164621.1714309538,-29.942460090718974
2023-03-06,816500.9090312752,1164621.1714309538,-29.89128747951131
2023-03-06,814581.6035677452,1164621.1714309538,-30.05608831866931
2023-03-07,813037.0232074981,1164621.1714309538,-30.18871345018304
2023-03-07,815153.4753008994,1164621.1714309538,-30.006984648979753
2023-03-08,810832.4162187512,1164621.1714309538,-30.378011656572173
2023-03-08,810139.9933071925,1164621.1714309538,-30.43746643281568
2023-03-08,808744.6124242131,1164621.1714309538,-30.557280576436725
2023-03-08,808372.6478252382,1164621.1714309538,-30.58921925384527
2023-03-08,809807.4047899656,1164621.1714309538,-30.466024089621648
2023-03-09,807659.1576602589,1164621.1714309538,-30.650482966242198
2023-03-09,803899.7060710716,1164621.1714309538,-30.973287641394048
2023-03-09,798110.8756479693,1164621.1714309538,-31.47034458704356
2023-03-09,797722.701325414,1164621.1714309538,-31.503675109627
2023-03-09,796426.875348434,1164621.1714309538,-31.614940988074657
2023-03-09,796278.216678373,1164621.1714309538,-31.62770553964796
2023-03-09,794212.9657256738,1164621.1714309538,-31.80503796356068
2023-03-09,791144.2657715748,1164621.1714309538,-32.06853136634062
2023-03-09,786389.9004546251,1164621.1714309538,-32.47676414053174
2023-03-09,785113.572451316,1164621.1714309538,-32.586355828766365
2023-03-09,782203.1470251139,1164621.1714309538,-32.836259015965524
2023-03-09,781365.1477847645,1164621.1714309538,-32.90821367907024
2023-03-09,778454.110374239,1164621.1714309538,-33.15816941419987
2023-03-10,771080.2481785705,1164621.1714309538,-33.79132484504339
2023-03-10,766102.0378345333,1164621.1714309538,-34.21877803464328
2023-03-10,762239.3205358998,1164621.1714309538,-34.55044960247914
2023-03-10,759609.0810639871,1164621.1714309538,-34.776294670080055
2023-03-13,748725.1725308533,1164621.1714309538,-35.71083963629949
2023-03-13,742277.1630643549,1164621.1714309538,-36.26449687907276
2023-03-13,745556.5620264595,1164621.1714309538,-35.98291184159012
2023-03-14,740069.7966858913,1164621.1714309538,-36.45403201999343
2023-03-14,742151.4664806693,1164621.1714309538,-36.275289794981305
2023-03-14,743749.1409904701,1164621.1714309538,-36.13810574329197
2023-03-15,745258.0303139621,1164621.1714309538,-36.00854521661546
2023-03-15,741139.8173189969,1164621.1714309538,-36.36215487922406
2023-03-16,743720.2093146244,1164621.1714309538,-36.14058995674741
2023-03-16,746184.2822601373,1164621.1714309538,-35.92901274984456
2023-03-17,732414.8544635741,1164621.1714309538,-37.11132233980719
2023-03-17,718872.3707892343,1164621.1714309538,-38.274145411081115
2023-03-17,706532.693006032,1164621.1714309538,-39.333689757852746
2023-03-20,703400.3057548868,1164621.1714309538,-39.60265165962691
2023-03-20,701196.7019995108,1164621.1714309538,-39.791863723552254
2023-03-20,695068.0025147382,1164621.1714309538,-40.31810346872555
2023-03-20,690942.3859782644,1164621.1714309538,-40.672348835174176
2023-03-20,687462.626225341,1164621.1714309538,-40.9711378180885
2023-03-20,678853.6006517464,1164621.1714309538,-41.71035034356722
2023-03-20,675120.8555457821,1164621.1714309538,-42.030861871051975
2023-03-20,669051.041762527,1164621.1714309538,-42.552045405419406
2023-03-20,663661.3182341136,1164621.1714309538,-43.01483310502743
2023-03-20,660833.6940107447,1164621.1714309538,-43.25762658094327
2023-03-20,660946.1281463916,1164621.1714309538,-43.247972442893484
2023-03-20,657507.4619946551,1164621.1714309538,-43.543232930688966
2023-03-20,658278.0623349115,1164621.1714309538,-43.47706546274661
2023-03-20,654309.548440229,1164621.1714309538,-43.8178212374168
2023-03-20,654773.4868693887,1164621.1714309538,-43.77798524262806
2023-03-20,652879.5838821107,1164621.1714309538,-43.94060490245712
2023-03-20,652029.5396560782,1164621.1714309538,-44.013593806221245
2023-03-20,653648.4389321773,1164621.1714309538,-43.87458729356186
2023-03-20,648820.816387492,1164621.1714309538,-44.289110287228
2023-03-20,638523.9311422326,1164621.1714309538,-45.17325059807326
2023-03-20,636121.7734599363,1164621.1714309538,-45.37951146136711
2023-03-20,626554.9028564336,1164621.1714309538,-46.20096918841048
2023-03-20,624703.3575615167,1164621.1714309538,-46.35995181214571
2023-03-20,619571.6125402579,1164621.1714309538,-46.80058823084945
2023-03-20,614078.1232553857,1164621.1714309538,-47.2722857595937
2023-03-20,599549.1763598924,1164621.1714309538,-48.51981132858553
2023-03-20,594735.5986486641,1164621.1714309538,-48.93312836500123
2023-03-20,591869.4726456343,1164621.1714309538,-49.17922778971873
2023-03-20,590912.2865696856,1164621.1714309538,-49.261416410313075
2023-03-20,587702.7450572037,1164621.1714309538,-49.537003149693604
2023-03-23,588400.3891897753,1164621.1714309538,-49.4771000541905
2023-03-27,590462.2020616677,1164621.1714309538,-49.300062840505035
2023-03-28,590951.5714087372,1164621.1714309538,-49.2580432242492
2023-03-28,588249.6668759779,1164621.1714309538,-49.49004180018437
2023-03-30,589467.4288222047,1164621.1714309538,-49.38547887654023
2023-03-31,591317.475763039,1164621.1714309538,-49.226624908725
2023-04-03,592450.5620839307,1164621.1714309538,-49.12933264333543
2023-04-03,593810.5539181863,1164621.1714309538,-49.01255717440036
2023-04-10,595869.6777985191,1164621.1714309538,-48.83575085052057
2023-04-10,596399.2923804714,1164621.1714309538,-48.79027558397519
2023-04-10,596779.558496493,1164621.1714309538,-48.75762409820884
2023-04-12,597504.9371493235,1164621.1714309538,-48.695339582812366
2023-04-12,597865.9028398904,1164621.1714309538,-48.66434532481485
2023-04-14,595623.3944282407,1164621.1714309538,-48.85689793047411
2023-04-14,596418.2642622712,1164621.1714309538,-48.78864656655173
2023-04-18,596392.9113041433,1164621.1714309538,-48.79082349401534
2023-04-21,596650.373662217,1164621.1714309538,-48.76871653216461
2023-04-21,596391.9048171297,1164621.1714309538,-48.79090991585261
2023-04-24,596937.3766256138,1164621.1714309538,-48.74407307123181
2023-04-25,595690.9476717617,1164621.1714309538,-48.85109748263939
2023-04-25,593891.2295867689,1164621.1714309538,-49.005629971756136
2023-04-25,593619.329904557,1164621.1714309538,-49.02897659200329
2023-04-26,592636.0127671665,1164621.1714309538,-49.11340895177074
2023-04-26,592153.4577730688,1164621.1714309538,-49.15484345476065
2023-04-27,592426.9075089367,1164621.1714309538,-49.13136373941837
2023-04-28,592831.3629089734,1164621.1714309538,-49.09663524486939
2023-04-28,593193.1830669333,1164621.1714309538,-49.06556761817363
2023-04-28,593759.8389814028,1164621.1714309538,-49.01691180387367
2023-04-28,594198.7384505714,1164621.1714309538,-48.97922577515161
2023-04-28,593702.2688322371,1164621.1714309538,-49.021855054999264
2023-04-28,595043.6882737778,1164621.1714309538,-48.9066743014249
2023-04-28,594384.6119465196,1164621.1714309538,-48.96326577884485
2023-05-01,595263.8978956686,1164621.1714309538,-48.887766039468765
2023-05-01,596247.8737967911,1164621.1714309538,-48.80327711506484
2023-05-01,596529.7375337051,1164621.1714309538,-48.779074932945164
2023-05-01,596950.1980934105,1164621.1714309538,-48.742972158066976
2023-05-01,597380.131284606,1164621.1714309538,-48.70605601728729
2023-05-01,598054.7357900798,1164621.1714309538,-48.64813121546998
2023-05-02,597609.5655400169,1164621.1714309538,-48.686355683733424
2023-05-02,596728.1035458094,1164621.1714309538,-48.76204226885058
2023-05-02,596833.4831185116,1164621.1714309538,-48.752993869655434
2023-05-03,595238.269496743,1164621.1714309538,-48.88996661760991
2023-05-03,592548.2174248836,1164621.1714309538,-49.12094748399362
2023-05-03,592945.3131605206,1164621.1714309538,-49.086850925784134
2023-05-04,593402.5861540454,1164621.1714309538,-49.04758725749937
2023-05-04,593025.9843042477,1164621.1714309538,-49.07992411166586
2023-05-04,592327.1157625981,1164621.1714309538,-49.139932340847444
2023-05-04,591736.0296201801,1164621.1714309538,-49.190685852540156
2023-05-04,590073.115350796,1164621.1714309538,-49.33347170515702
2023-05-05,589762.5977181374,1164621.1714309538,-49.360134249190715
2023-05-05,590375.1249320114,1164621.1714309538,-49.30753970352216
2023-05-05,590274.003891838,1164621.1714309538,-49.31622244454164
2023-05-05,589477.7337748898,1164621.1714309538,-49.384594043520025
2023-05-05,589913.3413611935,1164621.1714309538,-49.34719067176366
2023-05-08,591302.4336834633,1164621.1714309538,-49.22791649434484
2023-05-08,592983.5483034002,1164621.1714309538,-49.083567871704616
2023-05-08,594660.6915174171,1164621.1714309538,-48.93956025316234
2023-05-08,595859.9881486319,1164621.1714309538,-48.836582850670055
2023-05-08,598129.5000615015,1164621.1714309538,-48.64171159394362
2023-05-09,599364.4555188442,1164621.1714309538,-48.53567235237416
2023-05-09,599572.4325224921,1164621.1714309538,-48.51781444211547
2023-05-10,599245.5026325282,1164621.1714309538,-48.54588622184812
2023-05-10,596980.362390233,1164621.1714309538,-48.740382105819734
2023-05-10,598481.9677682227,1164621.1714309538,-48.6114470138924
2023-05-10,600903.1041677566,1164621.1714309538,-48.403556546251394
2023-05-10,607437.1330280392,1164621.1714309538,-47.84251326277285
2023-05-11,608756.6934033167,1164621.1714309538,-47.7292094342278
2023-05-11,610082.6427681473,1164621.1714309538,-47.61535701617486
2023-05-12,608655.196080756,1164621.1714309538,-47.73792448467085
2023-05-12,607138.5708406866,1164621.1714309538,-47.86814925451648
2023-05-12,608804.186722194,1164621.1714309538,-47.725131428431375
2023-05-15,609513.7604232593,1164621.1714309538,-47.66420400254631
2023-05-15,611197.0605080485,1164621.1714309538,-47.51966772533602
2023-05-15,611125.1084741111,1164621.1714309538,-47.52584587456622
2023-05-15,609659.8001140833,1164621.1714309538,-47.65166432918244
2023-05-15,607338.494631745,1164621.1714309538,-47.850982831995346
2023-05-15,609398.4322022683,1164621.1714309538,-47.67410664074491
2023-05-16,608540.7201240658,1164621.1714309538,-47.74775394333934
2023-05-16,606827.0066314643,1164621.1714309538,-47.894901662669895
2023-05-16,607972.3499803488,1164621.1714309538,-47.79655694964383
2023-05-17,609476.3923890002,1164621.1714309538,-47.66741260249073
2023-05-18,608261.4427613718,1164621.1714309538,-47.771734046873846
2023-05-18,606535.1317443416,1164621.1714309538,-47.919963450509805
2023-05-18,608091.6038047128,1164621.1714309538,-47.78631724017527
2023-05-18,610011.7314076466,1164621.1714309538,-47.621445808156345
2023-05-19,608162.1449840532,1164621.1714309538,-47.780260233736534
2023-05-19,609541.9898796551,1164621.1714309538,-47.66178008504522
2023-05-22,610278.517802123,1164621.1714309538,-47.59853823949617
2023-05-22,610750.6098251529,1164621.1714309538,-47.558002137748176
2023-05-22,611629.0872545886,1164621.1714309538,-47.4825718217806
2023-05-23,609104.2123953094,1164621.1714309538,-47.69936977473014
2023-05-23,610946.0520009772,1164621.1714309538,-47.541220528361485
2023-05-25,606756.6300302736,1164621.1714309538,-47.90094453763363
2023-05-25,603756.9960140891,1164621.1714309538,-48.15850760533047
2023-05-25,601098.0526432396,1164621.1714309538,-48.38681732836105
2023-05-26,598872.8918062722,1164621.1714309538,-48.57788038745291
2023-05-26,596757.7268407574,1164621.1714309538,-48.75949866963782
2023-05-30,596052.3722166228,1164621.1714309538,-48.82006382519549
2023-05-30,598124.7007753322,1164621.1714309538,-48.64212368383921
2023-05-30,601104.0849290555,1164621.1714309538,-48.38629936715925
2023-05-30,599476.297964054,1164621.1714309538,-48.526069019723735
2023-05-30,597417.5105237341,1164621.1714309538,-48.7028464552387
2023-05-30,595166.601849394,1164621.1714309538,-48.89612034803376
2023-05-30,594085.8864338263,1164621.1714309538,-48.98891579449124
2023-05-30,588577.1136357888,1164621.1714309538,-49.46192563950969
2023-05-30,586155.2796922892,1164621.1714309538,-49.66987600164538
2023-05-30,585364.9359406299,1164621.1714309538,-49.73773873427012
2023-05-30,585430.5171353946,1164621.1714309538,-49.73210761606847
2023-05-30,585336.5876587832,1164621.1714309538,-49.740172854698464
2023-05-31,583013.6377722032,1164621.1714309538,-49.939632554003595
2023-05-31,584216.0087774585,1164621.1714309538,-49.836391170904065
2023-06-01,583620.2679193597,1164621.1714309538,-49.887544358971795
2023-06-01,583880.815061515,1164621.1714309538,-49.86517252265741
2023-06-01,585281.3983209064,1164621.1714309538,-49.744911677865225
2023-06-01,587669.209473364,1164621.1714309538,-49.53988267693064
2023-06-02,590695.3347551946,1164621.1714309538,-49.280044941187576
2023-06-02,591459.4207519039,1164621.1714309538,-49.21443682625261
2023-06-02,592822.9569851273,1164621.1714309538,-49.097357018099366
2023-06-02,593136.5163613074,1164621.1714309538,-49.07043329527242
2023-06-02,594675.0149657386,1164621.1714309538,-48.93833037269366
2023-06-02,596395.0283631348,1164621.1714309538,-48.790641713102936
2023-06-02,599975.3381386087,1164621.1714309538,-48.48321901950079
2023-06-02,601298.8221737444,1164621.1714309538,-48.36957828656532
2023-06-02,602322.1679929695,1164621.1714309538,-48.28170887079919
2023-06-02,604044.6606976226,1164621.1714309538,-48.13380732590999
2023-06-02,605221.5010708341,1164621.1714309538,-48.03275812621482
2023-06-02,605529.0268466431,1164621.1714309538,-48.00635247746372
2023-06-05,607204.7700716052,1164621.1714309538,-47.86246506874496
2023-06-05,613387.6188490902,1164621.1714309538,-47.33157580370711
2023-06-05,613979.1102212508,1164621.1714309538,-47.28078749703105
2023-06-05,614872.4711657971,1164621.1714309538,-47.20407921055463
2023-06-05,615797.7593636472,1164621.1714309538,-47.12462949587074
2023-06-05,615677.6316741972,1164621.1714309538,-47.13494423961719
2023-06-06,616394.7746089045,1164621.1714309538,-47.07336688276508
2023-06-06,617558.8518370352,1164621.1714309538,-46.9734135883646
2023-06-06,620177.5766813493,1164621.1714309538,-46.74855722231584
2023-06-06,622270.2937519997,1164621.1714309538,-46.56886642482852
2023-06-06,623869.6312505226,1164621.1714309538,-46.431539580893705
2023-06-07,625260.8401318335,1164621.1714309538,-46.312083665490626
2023-06-07,631193.5559454933,1164621.1714309538,-45.802672025105416
2023-06-09,630459.4606872334,1164621.1714309538,-45.86570499035351
2023-06-14,631662.4601199289,1164621.1714309538,-45.76240964743805
2023-06-15,634806.0338517313,1164621.1714309538,-45.49248722039339
2023-06-16,636179.572364013,1164621.1714309538,-45.374548568239746
2023-06-20,636170.571605346,1164621.1714309538,-45.375321416861055
2023-06-20,637993.2709262964,1164621.1714309538,-45.218815647803915
2023-06-20,640069.0204191941,1164621.1714309538,-45.04058176851188
2023-06-21,641554.3175000513,1164621.1714309538,-44.91304698576083
2023-06-21,643889.975724202,1164621.1714309538,-44.7124960871986
2023-06-22,642550.4229703154,1164621.1714309538,-44.82751655795312
2023-06-22,639997.8572262267,1164621.1714309538,-45.04669218404554
2023-06-22,638990.6016243101,1164621.1714309538,-45.133180016022614
2023-06-22,634851.605833281,1164621.1714309538,-45.4885741899018
2023-06-22,638317.8802796676,1164621.1714309538,-45.1909431205535
2023-06-22,638296.9081760568,1164621.1714309538,-45.1927438866846
2023-06-22,636204.3494139077,1164621.1714309538,-45.372421091039215
2023-06-22,636863.0165079563,1164621.1714309538,-45.31586475235964
2023-06-22,635685.425418605,1164621.1714309538,-45.41697841216924
2023-06-22,634395.5419602225,1164621.1714309538,-45.52773403726212
2023-06-22,627142.2986470001,1164621.1714309538,-46.150532548155624
2023-06-22,628873.9786378234,1164621.1714309538,-46.001842138492584
2023-06-22,627483.2521730575,1164621.1714309538,-46.12125663128057
2023-06-23,628785.2098560537,1164621.1714309538,-46.00946425493244
2023-06-23,626034.3929042709,1164621.1714309538,-46.24566268745817
2023-06-23,624210.9157006961,1164621.1714309538,-46.402235249275364
2023-06-23,623398.5851452927,1164621.1714309538,-46.47198587508662
2023-06-23,623243.937222773,1164621.1714309538,-46.48526469280978
2023-06-23,622268.1146695476,1164621.1714309538,-46.569053531374884
2023-06-23,618904.7398428574,1164621.1714309538,-46.85784914227364
2023-06-26,619589.1113538843,1164621.1714309538,-46.799085698175666
2023-06-26,618895.3243296094,1164621.1714309538,-46.85865760372694
2023-06-26,618548.2910695057,1164621.1714309538,-46.888455555938066
2023-06-27,620218.2360948175,1164621.1714309538,-46.74506600865207
2023-06-27,622412.5385415368,1164621.1714309538,-46.556652600022105
2023-06-27,623667.679172941,1164621.1714309538,-46.44888016189425
2023-06-28,624350.630808912,1164621.1714309538,-46.39023863512793
2023-06-28,627382.8885137215,1164621.1714309538,-46.12987433992249
2023-06-28,629485.4030597736,1164621.1714309538,-45.949342283866116
2023-06-28,631560.1604443822,1164621.1714309538,-45.77119359178461
2023-06-28,632720.1822390398,1164621.1714309538,-45.671588516493706
2023-06-28,634211.1453008092,1164621.1714309538,-45.54356722524949
2023-06-28,636618.4821172042,1164621.1714309538,-45.33686165648182
2023-06-28,638838.4074278587,1164621.1714309538,-45.14624814497174
2023-06-28,640355.4583898073,1164621.1714309538,-45.01598682058893
2023-06-28,642419.6348115893,1164621.1714309538,-44.83874666109176
2023-06-28,643744.0825390434,1164621.1714309538,-44.725023180878296
2023-06-28,645468.1766692315,1164621.1714309538,-44.57698412985626
2023-06-28,646101.2347727242,1164621.1714309538,-44.52262670282143
2023-06-28,647408.0833367096,1164621.1714309538,-44.410414371803974
2023-06-28,649694.3990491119,1164621.1714309538,-44.21410025967144
2023-06-28,651824.4732680256,1164621.1714309538,-44.031201796963906
2023-06-28,649505.2097356844,1164621.1714309538,-44.230344968085504
2023-06-28,648236.461800334,1164621.1714309538,-44.33928579506631
2023-06-28,649708.5369446322,1164621.1714309538,-44.21288631166267
2023-06-28,647650.8042322661,1164621.1714309538,-44.38957318314017
2023-06-28,645595.0060824222,1164621.1714309538,-44.56609394373377
2023-06-28,644058.4174802867,1164621.1714309538,-44.6980328642883
2023-06-28,644358.5583935006,1164621.1714309538,-44.67226131551548
2023-06-28,646703.4459733886,1164621.1714309538,-44.47091793988314
2023-06-28,649123.5987459167,1164621.1714309538,-44.2631119312087
2023-06-28,650852.0188984784,1164621.1714309538,-44.1147014270069
2023-06-28,653614.0077835398,1164621.1714309538,-43.877543718318854
2023-06-28,652909.104075108,1164621.1714309538,-43.93807015607593
2023-06-29,655081.303088665,1164621.1714309538,-43.75155465499775
2023-06-29,656440.6318622709,1164621.1714309538,-43.63483611965327
2023-06-29,658599.8128577566,1164621.1714309538,-43.44943840849602
2023-06-29,659241.5140533858,1164621.1714309538,-43.39433884381606
2023-06-29,661011.8693596415,1164621.1714309538,-43.24232758473166
2023-06-29,662835.8294758097,1164621.1714309538,-43.08571355770627
2023-06-29,664064.1755661082,1164621.1714309538,-42.98024182832072
2023-06-29,665324.919140145,1164621.1714309538,-42.87198829447094
2023-06-29,668058.1879750232,1164621.1714309538,-42.63729662803662
2023-06-29,670701.6567635372,1164621.1714309538,-42.41031562740222
2023-06-29,672281.9972305609,1164621.1714309538,-42.274619960365534
2023-06-29,669737.2150120211,1164621.1714309538,-42.49312725535254
2023-06-29,669919.5934890927,1164621.1714309538,-42.47746735825077
2023-06-29,671675.2584285763,1164621.1714309538,-42.326717485025775
2023-06-30,673055.3625366746,1164621.1714309538,-42.20821507909728
2023-06-30,676003.338193536,1164621.1714309538,-41.95508764769061
2023-06-30,677989.3825170632,1164621.1714309538,-41.78455628760148
2023-06-30,679942.5421462603,1164621.1714309538,-41.61684856623168
2023-06-30,681363.1632837952,1164621.1714309538,-41.49486717242021
2023-06-30,682220.2329578727,1164621.1714309538,-41.42127502974738
2023-06-30,684082.4070707754,1164621.1714309538,-41.261379764352654
2023-07-03,684487.9443728704,1164621.1714309538,-41.226558372466336
2023-07-03,686264.8489327452,1164621.1714309538,-41.073984762827116
2023-07-03,687386.7360450333,1164621.1714309538,-40.97765411559101
2023-07-05,685783.139762839,1164621.1714309538,-41.115346639265816
2023-07-05,684712.9879818113,1164621.1714309538,-41.20723504102935
2023-07-06,682679.5408370461,1164621.1714309538,-41.38183663635041
2023-07-06,683909.774264746,1164621.1714309538,-41.276202851057946
2023-07-10,681211.7057691,1164621.1714309538,-41.50787204631488
2023-07-10,681723.6892820325,1164621.1714309538,-41.463910668530254
2023-07-12,682263.4654917062,1164621.1714309538,-41.417562875538444
2023-07-12,682676.7819035708,1164621.1714309538,-41.38207353170685
2023-07-12,683466.1092985116,1164621.1714309538,-41.31429806837992
2023-07-12,683718.7012696633,1164621.1714309538,-41.2926093014789
2023-07-12,684353.8219899912,1164621.1714309538,-41.23807476819821
2023-07-12,685016.1600537357,1164621.1714309538,-41.18120322232628
2023-07-13,685442.3133049961,1164621.1714309538,-41.144611645450105
2023-07-13,686430.168930091,1164621.1714309538,-41.05978958920317
2023-07-13,687306.4979101352,1164621.1714309538,-40.984543749479386
2023-07-14,687126.0723803083,1164621.1714309538,-41.00003595709615
2023-07-14,687599.8339097176,1164621.1714309538,-40.95935650346513
2023-07-14,687817.7342979579,1164621.1714309538,-40.940646523466015
2023-07-17,688447.6105159948,1164621.1714309538,-40.886562308487925
2023-07-18,689018.9545662097,1164621.1714309538,-40.83750394820475
2023-07-19,689778.3218077141,1164621.1714309538,-40.77230100838772
2023-07-19,690355.1595781308,1164621.1714309538,-40.72277093074814
2023-07-19,691950.3455894195,1164621.1714309538,-40.58580055356286
2023-07-19,691839.2201449871,1164621.1714309538,-40.595342321062745
2023-07-20,690663.7275821762,1164621.1714309538,-40.696275791245725
2023-07-20,690848.7245791103,1164621.1714309538,-40.68039105537863
2023-07-21,690920.4634902445,1164621.1714309538,-40.674231205901904
2023-07-21,691691.0037637515,1164621.1714309538,-40.608068895580836
2023-07-21,692426.7414367585,1164621.1714309538,-40.54489490466814
2023-07-24,692846.2055515867,1164621.1714309538,-40.50887768936089
2023-07-24,694761.0367452701,1164621.1714309538,-40.34446103262687
2023-07-24,695463.2475235966,1164621.1714309538,-40.28416582285803
2023-07-25,696162.736905282,1164621.1714309538,-40.22410428535173
2023-07-25,696657.4595110796,1164621.1714309538,-40.1816250124402
2023-07-26,697404.1901364011,1164621.1714309538,-40.117507113535446
2023-07-26,698888.7384779712,1164621.1714309538,-39.990036621156705
2023-07-26,699343.2874010912,1164621.1714309538,-39.951006854716724
2023-07-26,700848.7668242938,1164621.1714309538,-39.82173911855212
2023-07-26,701594.4243920129,1164621.1714309538,-39.75771335755698
2023-07-26,701382.5276721371,1164621.1714309538,-39.775907833586935
2023-07-26,702810.9782824396,1164621.1714309538,-39.65325416341989
2023-07-26,702534.8928828007,1164621.1714309538,-39.676960189586296
2023-07-27,703365.5234041944,1164621.1714309538,-39.60563824028899
2023-07-27,703958.2908698117,1164621.1714309538,-39.554740362064
2023-07-27,704769.3849324133,1164621.1714309538,-39.48509590749814
2023-07-27,706126.2244189958,1164621.1714309538,-39.368591114363106
2023-07-27,706993.6862223452,1164621.1714309538,-39.29410665326718
2023-07-28,707431.4493740721,1164621.1714309538,-39.256518194250155
2023-07-28,708400.3110827175,1164621.1714309538,-39.17332704742814
2023-07-28,709256.1069915453,1164621.1714309538,-39.099844276393135
2023-07-28,710082.292855502,1164621.1714309538,-39.02890396685527
2023-07-28,711558.3314124251,1164621.1714309538,-38.90216416569661
2023-07-28,712075.8228022069,1164621.1714309538,-38.857729854997466
2023-07-28,712975.1576137518,1164621.1714309538,-38.780508623441115
2023-07-31,713064.1655432236,1164621.1714309538,-38.772865972624246
2023-07-31,713870.2010529643,1164621.1714309538,-38.70365586984462
2023-07-31,714025.4426298689,1164621.1714309538,-38.690326078088056
2023-07-31,714580.0222263638,1164621.1714309538,-38.64270719478942
2023-07-31,715144.507977809,1164621.1714309538,-38.594237721170664
2023-08-01,715580.9007189746,1164621.1714309538,-38.556766932224804
2023-08-01,717149.4165224952,1164621.1714309538,-38.422086587920795
2023-08-01,719211.1925322331,1164621.1714309538,-38.245052539398
2023-08-01,720378.0850223309,1164621.1714309538,-38.14485751300465
2023-08-01,721157.0890366398,1164621.1714309538,-38.07796846501046
2023-08-01,719749.6903371178,1164621.1714309538,-38.198814516417265
2023-08-01,720494.1600133976,1164621.1714309538,-38.13489075351975
2023-08-01,720549.6656734877,1164621.1714309538,-38.130124769399615
2023-08-01,720781.7041252936,1164621.1714309538,-38.11020082696254
2023-08-01,719823.3807337891,1164621.1714309538,-38.19248710296481
2023-08-01,719316.8372846867,1164621.1714309538,-38.23598137058833
2023-08-01,718823.1190048556,1164621.1714309538,-38.278374407220525
2023-08-01,717249.0152374535,1164621.1714309538,-38.41353456109856
2023-08-01,717344.1538613478,1164621.1714309538,-38.40536549924152
2023-08-02,719660.0443373156,1164621.1714309538,-38.20651195503518
2023-08-02,720185.9864645072,1164621.1714309538,-38.161352023196976
2023-08-02,719173.371064275,1164621.1714309538,-38.24830007335031
2023-08-02,718326.0762517632,1164621.1714309538,-38.3210528991873
2023-08-02,717750.7066888494,1164621.1714309538,-38.37045690943785
2023-08-02,717593.0660419468,1164621.1714309538,-38.383992696934214
2023-08-02,717397.502443869,1164621.1714309538,-38.40078473222218
2023-08-02,716907.5538469931,1164621.1714309538,-38.44285408566471
2023-08-02,716301.174934802,1164621.1714309538,-38.494920708448674
2023-08-02,715273.8532856889,1164621.1714309538,-38.58313150817601
2023-08-02,713730.8375172464,1164621.1714309538,-38.715622296278944
2023-08-02,712894.2419976818,1164621.1714309538,-38.78745642913579
2023-08-03,714903.8276827927,1164621.1714309538,-38.61490369401405
2023-08-03,714455.6949372577,1164621.1714309538,-38.65338253645037
2023-08-03,715317.8652547303,1164621.1714309538,-38.57935242789471
2023-08-03,714429.6842417441,1164621.1714309538,-38.65561594042342
2023-08-03,712314.9956195418,1164621.1714309538,-38.83719332147033
2023-08-04,712253.7741535921,1164621.1714309538,-38.84245009229432
2023-08-04,711930.6419725746,1164621.1714309538,-38.870195782390304
2023-08-04,711068.245634083,1164621.1714309538,-38.94424529820256
2023-08-04,711132.1311651497,1164621.1714309538,-38.93875977787767
2023-08-04,710819.8324184665,1164621.1714309538,-38.965575256966
2023-08-04,709728.5958982895,1164621.1714309538,-39.059274096292114
2023-08-07,711193.2798462431,1164621.1714309538,-38.93350925671308
2023-08-07,712535.8804914373,1164621.1714309538,-38.81822707928671
2023-08-07,713277.9686718751,1164621.1714309538,-38.754507803127055
2023-08-07,712923.7352830089,1164621.1714309538,-38.78492399317716
2023-08-07,712570.974332874,1164621.1714309538,-38.81521375252453
2023-08-07,712052.2730694539,1164621.1714309538,-38.859751948819095
2023-08-07,710956.7505570316,1164621.1714309538,-38.95381880414479
2023-08-08,712833.0953717361,1164621.1714309538,-38.79270677383548
2023-08-08,714601.0461330712,1164621.1714309538,-38.64090198059419
2023-08-08,716207.9477279901,1164621.1714309538,-38.50292564680106
2023-08-08,715016.952927352,1164621.1714309538,-38.60519021401434
2023-08-08,714595.674172208,1164621.1714309538,-38.641363243105545
2023-08-08,716087.3481322264,1164621.1714309538,-38.513280910703365
2023-08-08,715529.9409127318,1164621.1714309538,-38.561142587372835
2023-08-08,714771.5165174513,1164621.1714309538,-38.62626456985824
2023-08-08,714818.6730965386,1164621.1714309538,-38.62221547816696
2023-08-08,712997.9686365125,1164621.1714309538,-38.77854995882809
2023-08-08,713121.894828297,1164621.1714309538,-38.76790905732084
2023-08-08,712604.4651117631,1164621.1714309538,-38.812338072456996
2023-08-09,711713.4188749129,1164621.1714309538,-38.8888476069484
2023-08-09,711421.5731444323,1164621.1714309538,-38.913906891258165
2023-08-09,712858.8176205915,1164621.1714309538,-38.79049813728598
2023-08-09,716296.4865572286,1164621.1714309538,-38.49532327519642
2023-08-09,717785.4299526884,1164621.1714309538,-38.36747540225845
2023-08-09,720946.5952916073,1164621.1714309538,-38.096042474842676
2023-08-09,722338.0021647264,1164621.1714309538,-37.97656955890646
2023-08-09,725643.8323326914,1164621.1714309538,-37.69271501040094
2023-08-10,728134.7111277438,1164621.1714309538,-37.47883612375904
2023-08-10,734953.7197457498,1164621.1714309538,-36.89332310156079
2023-08-10,736582.5452663057,1164621.1714309538,-36.7534642735992
2023-08-10,734641.4356645802,1164621.1714309538,-36.92013732139726
2023-08-10,732900.274577177,1164621.1714309538,-37.06964182381532
2023-08-10,728108.9786804575,1164621.1714309538,-37.48104563599509
2023-08-11,729225.3755181911,1164621.1714309538,-37.385186410255436
2023-08-11,728047.1380713828,1164621.1714309538,-37.48635556943882
2023-08-11,726172.2035229258,1164621.1714309538,-37.6473465074752
2023-08-11,728018.414444746,1164621.1714309538,-37.48882191878412
2023-08-14,728097.9656347488,1164621.1714309538,-37.48199126930305
2023-08-14,724132.8983046843,1164621.1714309538,-37.82245110528496
2023-08-14,722841.2714205234,1164621.1714309538,-37.933356429337586
2023-08-14,721764.2836602328,1164621.1714309538,-38.025831801304875
2023-08-14,722345.8811402114,1164621.1714309538,-37.975893032008415
2023-08-14,724177.7803943298,1164621.1714309538,-37.81859731224509
2023-08-15,723015.8881133887,1164621.1714309538,-37.918362996524515
2023-08-15,719505.3251875212,1164621.1714309538,-38.21979688867626
2023-08-15,718599.7309305411,1164621.1714309538,-38.2975555864567
2023-08-15,717338.466367863,1164621.1714309538,-38.405853854908095
2023-08-15,714278.1323366096,1164621.1714309538,-38.66862891913719
2023-08-15,710600.1529671884,1164621.1714309538,-38.9844379959121
2023-08-15,709736.4584879322,1164621.1714309538,-39.058598976361644
2023-08-15,706333.2183227162,1164621.1714309538,-39.35081761781349
2023-08-15,704501.1120429926,1164621.1714309538,-39.5081311137954
2023-08-15,701240.4310021843,1164621.1714309538,-39.78810894013029
2023-08-15,698687.0214150555,1164621.1714309538,-40.007357022662696
2023-08-15,698847.9305063034,1164621.1714309538,-39.99354059074516
2023-08-15,697584.1230069186,1164621.1714309538,-40.10205720802699
2023-08-15,695713.4825570689,1164621.1714309538,-40.26267943401239
2023-08-15,697065.5437656901,1164621.1714309538,-40.14658492690671
2023-08-16,698923.2249072293,1164621.1714309538,-39.987075449738555
2023-08-16,699085.4898688887,1164621.1714309538,-39.97314259623735
2023-08-18,694680.0830217806,1164621.1714309538,-40.35141211040867
2023-08-18,692448.8692503688,1164621.1714309538,-40.54299490369331
2023-08-18,691154.9803733875,1164621.1714309538,-40.65409445337706
2023-08-18,693621.607625154,1164621.1714309538,-40.442297921399565
2023-08-18,694218.2041013208,1164621.1714309538,-40.39107126583105
2023-08-21,694728.9959536776,1164621.1714309538,-40.3472122097803
2023-08-21,696276.1085158676,1164621.1714309538,-40.21436965117482
2023-08-21,700234.1380161982,1164621.1714309538,-39.87451411725323
2023-08-21,700782.3274352769,1164621.1714309538,-39.82744392545814
2023-08-21,702547.8026902629,1164621.1714309538,-39.675851691151024
2023-08-21,705049.5247071909,1164621.1714309538,-39.46104175309586
2023-08-21,705558.0100812855,1164621.1714309538,-39.417380742411176
2023-08-21,712089.0986347117,1164621.1714309538,-38.856589927883775
2023-08-21,713847.8131518046,1164621.1714309538,-38.70557820319291
2023-08-21,714690.5658511958,1164621.1714309538,-38.63321538513116
2023-08-21,712872.3167612515,1164621.1714309538,-38.7893390358553
2023-08-21,709012.3473022822,1164621.1714309538,-39.12077466090294
2023-08-21,711599.9189823896,1164621.1714309538,-38.8985932560322
2023-08-21,707376.6362227061,1164621.1714309538,-39.26122471622577
2023-08-21,710361.2377136694,1164621.1714309538,-39.004952413765714
2023-08-22,703905.0226661739,1164621.1714309538,-39.55931422736411
2023-08-22,702823.4290837734,1164621.1714309538,-39.65218507746823
2023-08-22,703292.3829937555,1164621.1714309538,-39.611918429266574
2023-08-22,702179.2156025087,1164621.1714309538,-39.707500359129575
2023-08-22,701589.2725656016,1164621.1714309538,-39.75815571826084
2023-08-22,700507.2125193165,1164621.1714309538,-39.85106662120756
2023-08-22,698084.7457978566,1164621.1714309538,-40.05907131671584
2023-08-22,693656.3492748855,1164621.1714309538,-40.43931483551861
2023-08-22,685975.818571486,1164621.1714309538,-41.098802305934626
2023-08-23,687389.1023285234,1164621.1714309538,-40.97745093505916
2023-08-23,689121.1900534496,1164621.1714309538,-40.8287255153763
2023-08-23,691321.0680259815,1164621.1714309538,-40.639833365165
2023-08-23,694168.9228269518,1164621.1714309538,-40.3953027941235
2023-08-23,696914.0925133908,1164621.1714309538,-40.15958926308181
2023-08-23,695390.2531256938,1164621.1714309538,-40.2904334744939
2023-08-23,696197.0021326346,1164621.1714309538,-40.2211621073978
2023-08-23,695322.4161149892,1164621.1714309538,-40.29625828794987
2023-08-23,694117.3053763274,1164621.1714309538,-40.399734917795186
2023-08-23,695513.6247289224,1164621.1714309538,-40.27984019263925
2023-08-24,694663.308543304,1164621.1714309538,-40.352852448167255
2023-08-24,691873.7522813784,1164621.1714309538,-40.592377225009336
2023-08-24,690079.224450455,1164621.1714309538,-40.74646405383784
2023-08-24,690106.2134248294,1164621.1714309538,-40.7441466501158
2023-08-24,685799.4425823012,1164621.1714309538,-41.11394680042876
2023-08-24,686687.6844401237,1164621.1714309538,-41.03767806346847
2023-08-24,687731.5847618174,1164621.1714309538,-40.94804373882271
2023-08-24,689986.8569987447,1164621.1714309538,-40.754395169463784
2023-08-25,688945.7766636164,1164621.1714309538,-40.84378735643983
2023-08-25,689045.2492170763,1164621.1714309538,-40.83524616245332
2023-08-25,690555.0111101865,1164621.1714309538,-40.70561071273407
2023-08-25,686856.5634951578,1164621.1714309538,-41.02317729195781
2023-08-25,688165.4119964772,1164621.1714309538,-40.91079323665927
2023-08-25,688496.0341473774,1164621.1714309538,-40.882404421565525
2023-08-25,690292.6593339415,1164621.1714309538,-40.728137503649485
2023-08-25,689160.3710333825,1164621.1714309538,-40.8253612471581
2023-08-25,689587.7862723655,1164621.1714309538,-40.78866130991947
2023-08-25,686137.3947829646,1164621.1714309538,-41.08492859185127
2023-08-25,686328.1653217282,1164621.1714309538,-41.06854811179103
2023-08-25,686840.286474818,1164621.1714309538,-41.024574915557565
2023-08-25,683525.0303064768,1164621.1714309538,-41.30923882599188
2023-08-25,683604.3143812821,1164621.1714309538,-41.302431112312085
2023-08-25,678833.5114433683,1164621.1714309538,-41.712075300048426
2023-08-25,679822.959048127,1164621.1714309538,-41.62711654873678
2023-08-25,677303.9648947066,1164621.1714309538,-41.84340955587192
2023-08-28,678329.5143851512,1164621.1714309538,-41.755350922249065
2023-08-28,678670.3800903759,1164621.1714309538,-41.726082546094965
2023-08-28,678093.102375593,1164621.1714309538,-41.77565039948317
2023-08-28,678741.2659367087,1164621.1714309538,-41.719995944883195
2023-08-28,678605.0994488205,1164621.1714309538,-41.7316878573461
2023-08-28,678146.9738074602,1164621.1714309538,-41.77102473809312
2023-08-28,678271.0636802772,1164621.1714309538,-41.76036978214169
2023-08-28,679268.6671768794,1164621.1714309538,-41.67471072655571
2023-08-28,681066.7665917617,1164621.1714309538,-41.52031722427436
2023-08-28,679546.9394670496,1164621.1714309538,-41.65081692340354
2023-08-28,679450.0859990445,1164621.1714309538,-41.65913323006024
2023-08-28,680918.621440249,1164621.1714309538,-41.53303768266433
2023-08-28,681786.3015439442,1164621.1714309538,-41.45853447724612
2023-08-29,684022.933399228,1164621.1714309538,-41.26648646110575
2023-08-29,686804.0309542707,1164621.1714309538,-41.02768798970018
2023-08-29,688636.6432725728,1164621.1714309538,-40.870331042801276
2023-08-29,690496.6885072034,1164621.1714309538,-40.71061857317949
2023-08-29,691078.3972660049,1164621.1714309538,-40.66067024894571
2023-08-29,694760.9099223126,1164621.1714309538,-40.34447192225868
2023-08-29,695096.2972850843,1164621.1714309538,-40.31567394305316
2023-08-29,695566.1240561238,1164621.1714309538,-40.27533234678437
2023-08-30,694874.1763027718,1164621.1714309538,-40.33474632364878
2023-08-30,696089.9145339194,1164621.1714309538,-40.2303571659578
2023-08-30,697097.5225786407,1164621.1714309538,-40.143839071538885
2023-08-30,697232.366000213,1164621.1714309538,-40.132260763941524
2023-08-30,699124.0124238189,1164621.1714309538,-39.969834863570696
2023-08-31,698506.6323905776,1164621.1714309538,-40.02284609575384
2023-08-31,699062.0748176886,1164621.1714309538,-39.97515312565022
2023-08-31,699848.1491709034,1164621.1714309538,-39.90765698420116
2023-08-31,696678.6475442112,1164621.1714309538,-40.17980570555729
2023-09-01,700549.4462535057,1164621.1714309538,-39.84744022876123
2023-09-01,701857.4286945482,1164621.1714309538,-39.73513053758195
2023-09-01,705774.3683459935,1164621.1714309538,-39.39880317658846
2023-09-05,707025.1088219926,1164621.1714309538,-39.2914085570606
2023-09-08,709266.0554566245,1164621.1714309538,-39.09899005312095
2023-09-08,710621.228244852,1164621.1714309538,-38.98262837075839
2023-09-08,710940.7508776733,1164621.1714309538,-38.95519261390807
2023-09-08,712701.6768726509,1164621.1714309538,-38.80399100104249
2023-09-11,714337.3225305914,1164621.1714309538,-38.66354656313734
2023-09-12,722980.9121414799,1164621.1714309538,-37.9213662024396
2023-09-13,724958.078634999,1164621.1714309538,-37.75159713572327
2023-09-13,726266.4041787259,1164621.1714309538,-37.63925798409001
2023-09-13,727831.3088172188,1164621.1714309538,-37.504887711860626
2023-09-14,730280.636729064,1164621.1714309538,-37.29457658478092
2023-09-14,731787.6728225535,1164621.1714309538,-37.16517518538529
2023-09-14,733155.530360217,1164621.1714309538,-37.047724329156836
2023-09-14,734452.0579632879,1164621.1714309538,-36.9363982057035
2023-09-14,735799.32857768,1164621.1714309538,-36.82071504216142
2023-09-14,736841.0829543706,1164621.1714309538,-36.73126497872057
2023-09-14,736448.2259309693,1164621.1714309538,-36.76499758062051
2023-09-14,734659.956871505,1164621.1714309538,-36.91854700109577
2023-09-14,734684.7719401044,1164621.1714309538,-36.91641625942559
2023-09-15,735426.0064603436,1164621.1714309538,-36.85277028265458
2023-09-15,733346.3417494489,1164621.1714309538,-37.031340341478035
2023-09-15,733713.4546858971,1164621.1714309538,-36.99981825125215
2023-09-15,734107.0662064345,1164621.1714309538,-36.966020864583164
2023-09-15,734894.8676224556,1164621.1714309538,-36.89837642917821
2023-09-15,738315.6235892194,1164621.1714309538,-36.604653796387595
2023-09-15,738717.2930267646,1164621.1714309538,-36.57016451803697
2023-09-18,739275.1486758894,1164621.1714309538,-36.52226433703311
2023-09-18,742246.348616124,1164621.1714309538,-36.26714275646077
2023-09-18,736882.4366651287,1164621.1714309538,-36.72771414933737
2023-09-18,734809.9892608674,1164621.1714309538,-36.905664495346876
2023-09-18,729405.0927605416,1164621.1714309538,-37.3697550196231
2023-09-18,729477.9107337948,1164621.1714309538,-37.36350251665995
2023-09-18,727939.7776829884,1164621.1714309538,-37.4955740510385
2023-09-19,725289.0820882947,1164621.1714309538,-37.7231755801638
2023-09-19,723901.4579101969,1164621.1714309538,-37.8423236956315
2023-09-19,724035.5908222125,1164621.1714309538,-37.8308063958171
2023-09-19,723299.0992215626,1164621.1714309538,-37.89404512259939
2023-09-19,717669.3138864931,1164621.1714309538,-38.377445688652315
2023-09-19,714785.6260445771,1164621.1714309538,-38.62505305769687
2023-09-19,712138.010468727,1164621.1714309538,-38.85239012152484
2023-09-19,710789.9586100433,1164621.1714309538,-38.96814036647594
2023-09-19,710828.1389671852,1164621.1714309538,-38.96486201656453
2023-09-19,706871.6745659139,1164621.1714309538,-39.30458316351999
2023-09-19,706085.3670996282,1164621.1714309538,-39.37209932118348
2023-09-19,705089.0951894319,1164621.1714309538,-39.45764404032783
2023-09-20,706954.9426223044,1164621.1714309538,-39.297433365934886
2023-09-20,708926.1379975337,1164621.1714309538,-39.12817700828107
2023-09-20,704885.2629538446,1164621.1714309538,-39.475146060777696
2023-09-20,704805.9824798052,1164621.1714309538,-39.48195346527833
2023-09-20,704837.9028718766,1164621.1714309538,-39.47921262620942
2023-09-21,698440.0202301273,1164621.1714309538,-40.0285657376498
2023-09-21,688925.9970967676,1164621.1714309538,-40.84548572560347
2023-09-21,689404.5069816927,1164621.1714309538,-40.804398555228815
2023-09-21,686721.0531762165,1164621.1714309538,-41.03481286258501
2023-09-21,684845.1586409421,1164621.1714309538,-41.195886229727186
2023-09-21,684441.5477147846,1164621.1714309538,-41.23054221366929
2023-09-21,684431.9722229065,1164621.1714309538,-41.231364411660614
2023-09-21,677788.7004925632,1164621.1714309538,-41.80178781570889
2023-09-21,674106.6420796781,1164621.1714309538,-42.11794713886124
2023-09-21,671107.7365171831,1164621.1714309538,-42.375447658005186
2023-09-21,669015.6641115237,1164621.1714309538,-42.55508310144204
2023-09-22,667858.0655205791,1164621.1714309538,-42.65448010875578
2023-09-22,669340.7242857855,1164621.1714309538,-42.527171864532065
2023-09-22,670687.3039573764,1164621.1714309538,-42.411548028676805
2023-09-22,667718.3719979711,1164621.1714309538,-42.66647486945864
2023-09-22,664353.9751650806,1164621.1714309538,-42.955358234746996
2023-09-22,660029.4008996824,1164621.1714309538,-43.32668707295493
2023-09-22,659348.6537180955,1164621.1714309538,-43.38513931461824
2023-09-22,653343.7196782698,1164621.1714309538,-43.90075196078434
2023-09-22,648512.0636475289,1164621.1714309538,-44.31562128904877
2023-09-22,645870.2822951082,1164621.1714309538,-44.54245739826828
2023-09-22,639970.8872384896,1164621.1714309538,-45.04900795748318
2023-09-22,637465.7082333785,1164621.1714309538,-45.264114729244255
2023-09-25,634875.9494673624,1164621.1714309538,-45.48648392787681
2023-09-25,635337.2119204309,1164621.1714309538,-45.446877705322756
2023-09-26,630683.2960741434,1164621.1714309538,-45.84648540269695
2023-09-26,627609.4536800522,1164621.1714309538,-46.11042036021746
2023-09-26,624522.939077904,1164621.1714309538,-46.37544341474049
2023-09-26,620779.7303456157,1164621.1714309538,-46.696853399730635
2023-09-26,618031.2536890844,1164621.1714309538,-46.93285088320024
2023-09-26,614511.9579840954,1164621.1714309538,-47.23503461395492
2023-09-27,611286.7653544979,1164621.1714309538,-47.511965233860685
2023-09-27,612010.1874758425,1164621.1714309538,-47.44984871570949
2023-09-27,610751.7474946965,1164621.1714309538,-47.55790445194514
2023-09-27,612560.8354259853,1164621.1714309538,-47.402567422560224
2023-09-27,615987.9757736716,1164621.1714309538,-47.10829659598101
2023-09-27,617466.6558680013,1164621.1714309538,-46.98132997965951
2023-09-28,619580.1819774257,1164621.1714309538,-46.799852417575735
2023-09-28,619677.7288241844,1164621.1714309538,-46.79147657406958
2023-09-28,619155.464743899,1164621.1714309538,-46.83632069103198
2023-09-28,616995.7427415975,1164621.1714309538,-47.021764855648
2023-09-28,615189.2473476604,1164621.1714309538,-47.17687927725151
2023-09-29,610535.4664891737,1164621.1714309538,-47.57647538392099
2023-09-29,607998.3800701115,1164621.1714309538,-47.794321880386875
2023-09-29,609234.7973973444,1164621.1714309538,-47.68815711560643
2023-10-03,606645.6769490759,1164621.1714309538,-47.910471505193506
2023-10-03,604495.2214789024,1164621.1714309538,-48.09512000059491
2023-10-03,601951.3394164868,1164621.1714309538,-48.313550003828496
2023-10-03,598958.9365185521,1164621.1714309538,-48.57049217277927
2023-10-03,597213.7494666671,1164621.1714309538,-48.72034236395695
2023-10-03,596715.6675471406,1164621.1714309538,-48.7631100837739
2023-10-04,593614.5837035086,1164621.1714309538,-49.029384123753935
2023-10-04,591749.295879857,1164621.1714309538,-49.18954674739573
2023-10-04,592723.775874016,1164621.1714309538,-49.105873187437886
2023-10-04,594050.6856333455,1164621.1714309538,-48.99193830527366
2023-10-05,595156.2932887006,1164621.1714309538,-48.89700549085499
2023-10-05,596538.7672621532,1164621.1714309538,-48.77829959683849
2023-10-06,596940.331461661,1164621.1714309538,-48.74381935473414
2023-10-06,594433.4665687316,1164621.1714309538,-48.95907088496773
2023-10-09,594924.6203711897,1164621.1714309538,-48.91689804675162
2023-10-09,596536.1591763529,1164621.1714309538,-48.77852353968482
2023-10-09,597839.2539112517,1164621.1714309538,-48.66663353056729
2023-10-09,598871.2464712304,1164621.1714309538,-48.578021663868114
2023-10-09,599825.3168025599,1164621.1714309538,-48.49610057615878
2023-10-09,600471.2323904324,1164621.1714309538,-48.440639143401306
2023-10-09,600777.7667841245,1164621.1714309538,-48.414318619508066
2023-10-10,601734.0625550682,1164621.1714309538,-48.33220644480248
2023-10-10,601563.1242523106,1164621.1714309538,-48.346884033270804
2023-10-10,602961.1115768759,1164621.1714309538,-48.22684608798362
2023-10-10,603385.4715161647,1164621.1714309538,-48.19040849353671
2023-10-16,603355.939164909,1164621.1714309538,-48.1929442838847
2023-10-24,601523.3778610608,1164621.1714309538,-48.350296850436145
2023-10-24,601491.1892633091,1164621.1714309538,-48.353060718940455
2023-10-25,602026.339208101,1164621.1714309538,-48.307110159400615
2023-10-25,601303.8329879254,1164621.1714309538,-48.36914803385278
2023-10-26,601878.4959594843,1164621.1714309538,-48.31980469494947
2023-10-26,605725.4053960283,1164621.1714309538,-47.98949046651952
2023-10-26,606314.6072598381,1164621.1714309538,-47.93889874809095
2023-10-26,607071.8978417199,1164621.1714309538,-47.87387412030136
2023-10-27,608577.3641937647,1164621.1714309538,-47.744607506489494
2023-10-27,609110.7903504288,1164621.1714309538,-47.69880495972584
2023-10-30,608352.1392422257,1164621.1714309538,-47.76394640887801
2023-10-30,608925.3986374087,1164621.1714309538,-47.71472358782293
2023-10-30,609329.3750863031,1164621.1714309538,-47.680036218332816
2023-10-31,609778.274041689,1164621.1714309538,-47.64149158541717
2023-10-31,610370.1923984606,1164621.1714309538,-47.59066661577968
2023-10-31,609718.4697475056,1164621.1714309538,-47.64662667102702
2023-10-31,610126.9244868759,1164621.1714309538,-47.61155477388227
2023-10-31,610460.8671592532,1164621.1714309538,-47.582880842773235
2023-10-31,609375.26120903,1164621.1714309538,-47.676096214162136
2023-10-31,609171.0408256908,1164621.1714309538,-47.693631562853106
2023-10-31,609412.4979219121,1164621.1714309538,-47.67289889010557
2023-10-31,609285.9234075432,1164621.1714309538,-47.683767189383815
2023-10-31,608692.9216717785,1164621.1714309538,-47.734685183175394
2023-11-01,609620.2443172946,1164621.1714309538,-47.6550607809866
2023-11-01,607430.5748670159,1164621.1714309538,-47.84307637816042
2023-11-01,606625.0328178222,1164621.1714309538,-47.91224411003361
2023-11-01,606713.4871162494,1164621.1714309538,-47.904648996652796
2023-11-01,606940.4805890939,1164621.1714309538,-47.88515824048136
2023-11-01,607003.3065650978,1164621.1714309538,-47.879763698672825
2023-11-01,607269.8221041837,1164621.1714309538,-47.85687938696497
2023-11-01,605374.5970074126,1164621.1714309538,-48.01961256950213
2023-11-01,604876.7484839177,1164621.1714309538,-48.06236024880828
2023-11-01,606846.2109615545,1164621.1714309538,-47.89325268611328
2023-11-01,606861.5863147941,1164621.1714309538,-47.891932484006645
2023-11-01,607074.9479860648,1164621.1714309538,-47.873612220172824
2023-11-01,607405.35088375,1164621.1714309538,-47.845242231219316
2023-11-01,607056.0394782915,1164621.1714309538,-47.875235795996204
2023-11-01,607729.072365912,1164621.1714309538,-47.81744594088018
2023-11-01,607654.9677264693,1164621.1714309538,-47.823808923218174
2023-11-02,607834.7209728895,1164621.1714309538,-47.80837444110247
2023-11-02,606882.6469426935,1164621.1714309538,-47.89012411675246
2023-11-02,606536.7473362444,1164621.1714309538,-47.91982472798419
2023-11-02,606829.5557884842,1164621.1714309538,-47.89468277973333
2023-11-02,606930.9975011626,1164621.1714309538,-47.88597250422342
2023-11-02,607594.5238557062,1164621.1714309538,-47.828998925962914
2023-11-02,607410.5269036954,1164621.1714309538,-47.84479779314173
2023-11-03,607614.199281001,1164621.1714309538,-47.827309498896206
2023-11-10,608181.0643898438,1164621.1714309538,-47.778635722156736
2023-11-13,609579.9168295076,1164621.1714309538,-47.65852349390787
2023-11-13,612425.7029056319,1164621.1714309538,-47.41417055357555
2023-11-13,614254.8754701813,1164621.1714309538,-47.2571089605511
2023-11-13,615511.5037251537,1164621.1714309538,-47.149208787877065
2023-11-13,616678.3137619005,1164621.1714309538,-47.04902084132676
2023-11-14,618336.0038448861,1164621.1714309538,-46.90668356259184
2023-11-14,619920.5557997648,1164621.1714309538,-46.77062627686245
2023-11-14,621515.7846348615,1164621.1714309538,-46.633652222618124
2023-11-14,626084.0398348087,1164621.1714309538,-46.241399762160604
2023-11-14,629615.5882119132,1164621.1714309538,-45.93816395778609
2023-11-15,630733.2322127309,1164621.1714309538,-45.842197644599075
2023-11-16,630349.4214562331,1164621.1714309538,-45.87515349032067
2023-11-16,630644.5144780609,1164621.1714309538,-45.849815377888355
2023-11-17,631065.9362647529,1164621.1714309538,-45.81363006741746
2023-11-20,628502.2378921718,1164621.1714309538,-46.03376159477335
2023-11-20,628682.8989649083,1164621.1714309538,-46.01824916230448
2023-11-20,629381.3971464975,1164621.1714309538,-45.95827273402686
2023-11-22,630202.4001828597,1164621.1714309538,-45.887777447104206
2023-11-24,630475.4654608183,1164621.1714309538,-45.86433074317532
2023-11-24,632415.1097018606,1164621.1714309538,-45.69778351832459
2023-11-24,633575.6877843452,1164621.1714309538,-45.59813067747346
2023-11-29,631953.4203406184,1164621.1714309538,-45.737426397276806
2023-11-30,632982.9457202816,1164621.1714309538,-45.64902637459834
2023-12-04,637226.0334709636,1164621.1714309538,-45.28469436220081
2023-12-04,638567.897368594,1164621.1714309538,-45.16947544547945
2023-12-04,640444.4117145693,1164621.1714309538,-45.00834885839623
2023-12-04,641752.2653065375,1164621.1714309538,-44.89605023082094
2023-12-04,642131.9133723888,1164621.1714309538,-44.863451813827986
2023-12-04,643547.1283345653,1164621.1714309538,-44.741934620349724
2023-12-04,646910.0680790965,1164621.1714309538,-44.45317636770701
2023-12-05,648082.6734427896,1164621.1714309538,-44.35249080638819
2023-12-08,650055.3409072731,1164621.1714309538,-44.183108048039415
2023-12-08,650052.0974392071,1164621.1714309538,-44.18338654787658
2023-12-08,651662.9859488022,1164621.1714309538,-44.045067878328794
2023-12-08,649040.142932723,1164621.1714309538,-44.27027785049996
2023-12-08,649537.9867025752,1164621.1714309538,-44.22753057936453
2023-12-11,650571.6854428767,1164621.1714309538,-44.13877221178039
2023-12-11,653307.7491414293,1164621.1714309538,-43.90384056484915
2023-12-11,654790.8419364032,1164621.1714309538,-43.77649505273283
2023-12-11,656043.2307877309,1164621.1714309538,-43.66895889573605
2023-12-11,657475.837196613,1164621.1714309538,-43.54594838862653
2023-12-11,658763.8117812098,1164621.1714309538,-43.43535666865854
2023-12-11,660266.694438496,1164621.1714309538,-43.30631190336034
2023-12-12,661643.6531370244,1164621.1714309538,-43.18807957749282
2023-12-12,663057.640848813,1164621.1714309538,-43.06666776166165
2023-12-13,664379.5288928894,1164621.1714309538,-42.95316406822868
2023-12-14,667235.5318789537,1164621.1714309538,-42.70793385465158
2023-12-14,668578.1084503685,1164621.1714309538,-42.592653744316195
2023-12-14,672032.9825005744,1164621.1714309538,-42.296001568058664
2023-12-14,672572.6814503357,1164621.1714309538,-42.24966040897616
2023-12-15,673185.4600738339,1164621.1714309538,-42.19704427606272
2023-12-15,668041.3639553926,1164621.1714309538,-42.63874121963801
2023-12-15,667735.2953366599,1164621.1714309538,-42.6650217498431
2023-12-18,667225.7139862619,1164621.1714309538,-42.7087768663478
2023-12-18,666765.3922652196,1164621.1714309538,-42.74830231310545
2023-12-18,666066.1833446535,1164621.1714309538,-42.80833976886516
2023-12-19,664816.3167031867,1164621.1714309538,-42.91565935673862
2023-12-19,667357.4775332767,1164621.1714309538,-42.69746301165865
2023-12-19,667068.1730453769,1164621.1714309538,-42.72230409260382
2023-12-19,667144.6619118467,1164621.1714309538,-42.715736389015206
2023-12-20,667224.1829504492,1164621.1714309538,-42.708908328479026
2023-12-20,670837.2616283733,1164621.1714309538,-42.398671938607734
2023-12-21,669821.7206686946,1164621.1714309538,-42.48587119142837
2023-12-21,671449.9688680022,1164621.1714309538,-42.34606193505817
2023-12-26,669581.0766173201,1164621.1714309538,-42.50653405221759
2023-12-26,671195.0528025873,1164621.1714309538,-42.36795025992021
2023-12-26,673360.4907628017,1164621.1714309538,-42.182015295544296
2023-12-27,675740.9899109007,1164621.1714309538,-41.97761413862783
2023-12-28,676848.421086007,1164621.1714309538,-41.88252474799399
2023-12-28,671590.5651903996,1164621.1714309538,-42.33398965560401
2023-12-29,672472.4895567901,1164621.1714309538,-42.258263368977524
2023-12-29,672607.1232325352,1164621.1714309538,-42.24670307117015
2023-12-29,673652.7765509413,1164621.1714309538,-42.156918225758034
2023-12-29,673033.1647035077,1164621.1714309538,-42.210121092289505
2023-12-29,671823.4323159138,1164621.1714309538,-42.313994559239056
2023-12-29,670269.8503242059,1164621.1714309538,-42.447392614316406
2024-01-04,671920.1292192859,1164621.1714309538,-42.3056916959781
2024-01-04,675382.205822833,1164621.1714309538,-42.00842107369555
2024-01-08,676230.9576854939,1164621.1714309538,-41.93554313849384
2024-01-08,676715.5907733694,1164621.1714309538,-41.89393020033301
2024-01-08,677313.1107368231,1164621.1714309538,-41.84262424968473
2024-01-08,677999.2522442052,1164621.1714309538,-41.78370882514895
2024-01-08,678407.2729896741,1164621.1714309538,-41.74867419281718
2024-01-08,679271.2826961693,1164621.1714309538,-41.67448614543404
2024-01-08,679675.9542372847,1164621.1714309538,-41.639739091967876
2024-01-08,680434.4422860879,1164621.1714309538,-41.574611643883514
2024-01-08,680567.7301982597,1164621.1714309538,-41.56316689983785
2024-01-08,680984.2911594207,1164621.1714309538,-41.52739896332944
2024-01-08,681858.8957019798,1164621.1714309538,-41.45230119213879
2024-01-08,683143.9979739034,1164621.1714309538,-41.3419561028129
2024-01-08,684016.5514546076,1164621.1714309538,-41.26703444570168
2024-01-08,685106.998280671,1164621.1714309538,-41.17340341332714
2024-01-08,685588.407425367,1164621.1714309538,-41.132067298502385
2024-01-08,686492.3151922774,1164621.1714309538,-41.05445341090667
2024-01-08,687013.5063749668,1164621.1714309538,-41.009701418114965
2024-01-08,688868.4713537613,1164621.1714309538,-40.8504251638017
2024-01-09,691989.2642255039,1164621.1714309538,-40.582458811454856
2024-01-09,692444.1358895624,1164621.1714309538,-40.543401332918755
2024-01-09,692553.3464505522,1164621.1714309538,-40.53402398656195
2024-01-10,693090.7917133678,1164621.1714309538,-40.48787633992805
2024-01-10,694322.1734264591,1164621.1714309538,-40.38214395730458
2024-01-10,694850.5592808028,1164621.1714309538,-40.33677419524757
2024-01-10,695468.6109581329,1164621.1714309538,-40.28370529245829
2024-01-10,695587.451566748,1164621.1714309538,-40.27350106369015
2024-01-11,694461.7510840226,1164621.1714309538,-40.37015914533418
2024-01-11,694847.0258044661,1164621.1714309538,-40.33707759659587
2024-01-11,695258.0609717146,1164621.1714309538,-40.30178413144759
2024-01-11,695297.8639243307,1164621.1714309538,-40.2983664576501
2024-01-11,694801.6792521485,1164621.1714309538,-40.340971270644566
2024-01-11,694226.417957641,1164621.1714309538,-40.39036598444671
2024-01-11,693720.646845275,1164621.1714309538,-40.433793935506934
2024-01-11,693262.513576928,1164621.1714309538,-40.47313147114387
2024-01-11,693381.5878670919,1164621.1714309538,-40.462907177349045
2024-01-11,692406.9610058648,1164621.1714309538,-40.54659334802286
2024-01-11,691995.7656148381,1164621.1714309538,-40.58190057075877
2024-01-11,691872.3160467107,1164621.1714309538,-40.59250054705627
2024-01-11,691554.3669053046,1164621.1714309538,-40.61980119633225
2024-01-12,691046.408827442,1164621.1714309538,-40.66341693081512
2024-01-12,691315.2318179,1164621.1714309538,-40.64033449018529
2024-01-12,691555.6192597592,1164621.1714309538,-40.61969366312872
2024-01-12,692081.0733084573,1164621.1714309538,-40.57457564006784
2024-01-12,691658.6565386252,1164621.1714309538,-40.61084638459784
2024-01-12,692018.034995648,1164621.1714309538,-40.579988414140274
2024-01-12,691596.8515048247,1164621.1714309538,-40.61615326337668
2024-01-12,690250.9711512519,1164621.1714309538,-40.731717052408534
2024-01-12,690815.6435818127,1164621.1714309538,-40.68323154961907
2024-01-12,691394.2955102688,1164621.1714309538,-40.633545699606145
2024-01-12,691567.2203159279,1164621.1714309538,-40.61869754040201
2024-01-12,691356.5538510452,1164621.1714309538,-40.636786380794966
2024-01-12,691411.2902312346,1164621.1714309538,-40.63208645076345
2024-01-12,691492.6919172185,1164621.1714309538,-40.625096908757804
2024-01-12,690944.0188064977,1164621.1714309538,-40.67220863265396
2024-01-12,689795.75787204,1164621.1714309538,-40.77080386367203
2024-01-12,689298.6118998108,1164621.1714309538,-40.81349121853252
2024-01-12,688572.67073546,1164621.1714309538,-40.87582403388559
2024-01-12,686726.5087369703,1164621.1714309538,-41.03434442178318
2024-01-12,685500.5289041502,1164621.1714309538,-41.139612972870374
2024-01-12,685121.6438587474,1164621.1714309538,-41.172145873241504
2024-01-12,683575.9897965564,1164621.1714309538,-41.304863197991146
2024-01-12,682035.0557898434,1164621.1714309538,-41.437175235975104
2024-01-12,682396.4733434027,1164621.1714309538,-41.406142178838145
2024-01-12,682350.3115545271,1164621.1714309538,-41.41010585303607
2024-01-12,681890.178215276,1164621.1714309538,-41.449615124423076
2024-01-16,681591.8823985861,1164621.1714309538,-41.475228244294776
2024-01-17,682176.6348532392,1164621.1714309538,-41.42501857363126
2024-01-17,682064.1636050115,1164621.1714309538,-41.43467589834651
2024-01-17,679604.5634270934,1164621.1714309538,-41.64586905181598
2024-01-17,678232.2497377162,1164621.1714309538,-41.76370253475801
2024-01-18,679210.2255944352,1164621.1714309538,-41.679728803152436
2024-01-18,679624.2306427751,1164621.1714309538,-41.64418032966632
2024-01-18,679931.7918577626,1164621.1714309538,-41.617771637936144
2024-01-19,680336.7605395586,1164621.1714309538,-41.58299907053568
2024-01-22,681080.2345369317,1164621.1714309538,-41.519160801439156
2024-01-22,681313.9085550086,1164621.1714309538,-41.49909642138072
2024-01-22,682050.2460129218,1164621.1714309538,-41.43587093003846
2024-01-22,682781.523658036,1164621.1714309538,-41.373079898666795
2024-01-22,683417.2565419407,1164621.1714309538,-41.318492802064085
2024-01-22,684291.7102167023,1164621.1714309538,-41.24340798511136
2024-01-22,685391.5683184429,1164621.1714309538,-41.14896885514181
2024-01-22,686106.8775352251,1164621.1714309538,-41.087548950169335
2024-01-22,687273.8188189814,1164621.1714309538,-40.98734973411675
2024-01-22,687723.2668009922,1164621.1714309538,-40.94875795912278
2024-01-22,688164.8201507911,1164621.1714309538,-40.91084405538905
2024-01-22,688935.4432154989,1164621.1714309538,-40.84467463621552
2024-01-22,690730.0651199775,1164621.1714309538,-40.690579729777106
2024-01-22,691616.8566646692,1164621.1714309538,-40.6144355237086
2024-01-22,692380.9858046868,1164621.1714309538,-40.54882370428077
2024-01-22,692791.192345878,1164621.1714309538,-40.513601388968816
2024-01-22,692702.4325639216,1164621.1714309538,-40.52122273264123
2024-01-22,693315.6223083093,1164621.1714309538,-40.468571298902106
2024-01-23,694212.3910421804,1164621.1714309538,-40.39157040317142
2024-01-23,695730.0045357791,1164621.1714309538,-40.261260777103566
2024-01-24,695250.3876843354,1164621.1714309538,-40.3024429969712
2024-01-24,694319.880053829,1164621.1714309538,-40.38234087735775
2024-01-24,694095.0817387034,1164621.1714309538,-40.40164314668275
2024-01-24,693457.1388180607,1164621.1714309538,-40.45642000771636
2024-01-24,692987.6714006823,1164621.1714309538,-40.49673074814379
2024-01-24,693289.8000923967,1164621.1714309538,-40.47078851910607
2024-01-24,693425.7858732597,1164621.1714309538,-40.459112123021335
2024-01-25,693687.1097192529,1164621.1714309538,-40.4366735951632
2024-01-25,693312.2270977974,1164621.1714309538,-40.468862828078734
2024-01-25,693164.3149199462,1164621.1714309538,-40.48156328222465
2024-01-26,693267.3600099086,1164621.1714309538,-40.47271533299531
2024-01-26,693444.6787588707,1164621.1714309538,-40.45748988859228
2024-01-26,691578.5710259487,1164621.1714309538,-40.617722913604965
2024-01-29,691729.6096762691,1164621.1714309538,-40.60475400542903
2024-01-29,691892.5326325629,1164621.1714309538,-40.590764653329785
2024-01-30,691977.4149181362,1164621.1714309538,-40.5834762502288
2024-01-30,691684.1495457239,1164621.1714309538,-40.60865743185303
2024-01-30,692089.0722596766,1164621.1714309538,-40.57388881147365
2024-01-30,692665.0778338723,1164621.1714309538,-40.52443019022191
2024-01-30,693336.9375614392,1164621.1714309538,-40.466741068295555
2024-01-31,692727.8698435781,1164621.1714309538,-40.51903856492382
2024-01-31,692481.282792193,1164621.1714309538,-40.54021172040425
2024-02-01,693073.1052261385,1164621.1714309538,-40.489394987164005
2024-02-01,693461.5625803754,1164621.1714309538,-40.45604016211308
2024-02-01,692078.329825397,1164621.1714309538,-40.574811208777014
2024-02-02,692627.1326812012,1164621.1714309538,-40.52768834434119
2024-02-05,692837.9316688337,1164621.1714309538,-40.50958812490473
2024-02-05,691781.5933063526,1164621.1714309538,-40.60029043982
2024-02-05,692399.5178252908,1164621.1714309538,-40.54723245546454
2024-02-05,692649.1517752089,1164621.1714309538,-40.525797678556664
2024-02-05,693080.2701457777,1164621.1714309538,-40.488779772550444
2024-02-06,692960.4762505323,1164621.1714309538,-40.49906585511395
2024-02-06,692064.2868015117,1164621.1714309538,-40.57601701064888
2024-02-06,690532.5322349563,1164621.1714309538,-40.70754085755554
2024-02-06,692251.0072577092,1164621.1714309538,-40.55998429024349
2024-02-06,691685.6683118477,1164621.1714309538,-40.60852702325657
2024-02-06,689883.8171787723,1164621.1714309538,-40.76324266618632
2024-02-06,688268.0792492533,1164621.1714309538,-40.90197773035605
2024-02-06,688030.3845337497,1164621.1714309538,-40.922387346919315
2024-02-06,683272.5853275737,1164621.1714309538,-41.33091497142833
2024-02-06,681117.5472015484,1164621.1714309538,-41.51595695579974
2024-02-06,682014.2868032126,1164621.1714309538,-41.43895856150106
2024-02-06,678687.7238958734,1164621.1714309538,-41.72459332316797
2024-02-07,678692.208050847,1164621.1714309538,-41.72420829195923
2024-02-07,681252.4828945884,1164621.1714309538,-41.50437072532839
2024-02-07,682572.1195281206,1164621.1714309538,-41.39106034888119
2024-02-07,683997.030991006,1164621.1714309538,-41.26871056700881
2024-02-08,687053.4666579636,1164621.1714309538,-41.00627023517093
2024-02-08,684849.3390547108,1164621.1714309538,-41.19552727920565
2024-02-08,685282.2205093615,1164621.1714309538,-41.1583579862828
2024-02-09,686967.6204527897,1164621.1714309538,-41.01364140506546
2024-02-09,691082.3291360273,1164621.1714309538,-40.66033263959095
2024-02-09,691652.9220622645,1164621.1714309538,-40.611338774441116
2024-02-09,693733.8026367323,1164621.1714309538,-40.432664315697494
2024-02-09,695140.2808503928,1164621.1714309538,-40.31189730165358
2024-02-09,697298.4083339978,1164621.1714309538,-40.126590050115865
2024-02-09,697270.5226058254,1164621.1714309538,-40.12898445345117
2024-02-09,703135.0661518052,1164621.1714309538,-39.625426413305455
2024-02-09,702914.9439880659,1164621.1714309538,-39.6443271656822
2024-02-09,702729.1564527039,1164621.1714309538,-39.66027978099776
2024-02-09,702460.9850323995,1164621.1714309538,-39.683306274666506
2024-02-09,702075.0454085441,1164621.1714309538,-39.71644491522387
2024-02-09,700918.9280477101,1164621.1714309538,-39.815714736964566
2024-02-09,701832.522056204,1164621.1714309538,-39.73726914187278
2024-02-09,702177.060090031,1164621.1714309538,-39.70768544184408
2024-02-09,702143.0191250287,1164621.1714309538,-39.710608363549206
2024-02-12,704663.7643814326,1164621.1714309538,-39.49416499825244
2024-02-12,707067.2885795896,1164621.1714309538,-39.28778679930523
2024-02-12,712244.7301089847,1164621.1714309538,-38.84322665765559
2024-02-12,714922.1282624125,1164621.1714309538,-38.6133323178388
2024-02-12,717695.3085325947,1164621.1714309538,-38.37521366275933
2024-02-12,723091.7853252202,1164621.1714309538,-37.911846095261396
2024-02-12,724476.3231668805,1164621.1714309538,-37.79296298755014
2024-02-12,726536.4725111153,1164621.1714309538,-37.616068612385774
2024-02-12,729614.3969263195,1164621.1714309538,-37.35178315281248
2024-02-12,732663.6977633347,1164621.1714309538,-37.08995545194142
2024-02-14,732162.0670581503,1164621.1714309538,-37.133027887638946
2024-02-14,733761.2630644925,1164621.1714309538,-36.9957131929063
2024-02-15,735192.2869124943,1164621.1714309538,-36.87283857211922
2024-02-15,735620.7327461244,1164621.1714309538,-36.83605014304545
2024-02-15,737655.0350921714,1164621.1714309538,-36.6613751160109
2024-02-16,735525.1027581303,1164621.1714309538,-36.84426139579784
2024-02-16,732766.0081921936,1164621.1714309538,-37.08117058426353
2024-02-16,730202.3043952705,1164621.1714309538,-37.30130257737964
2024-02-20,730602.5250896057,1164621.1714309538,-37.266937695119815
2024-02-20,726493.4428496036,1164621.1714309538,-37.6197633469971
2024-02-22,729777.567889111,1164621.1714309538,-37.337772505677236
2024-02-22,726565.9953032173,1164621.1714309538,-37.613533642832905
2024-02-22,719446.5499865547,1164621.1714309538,-38.22484361137101
2024-02-22,721570.3462964783,1164621.1714309538,-38.04248420025759
2024-02-22,724114.2748818678,1164621.1714309538,-37.82405020233672
2024-02-23,724392.3303672848,1164621.1714309538,-37.80017501508803
2024-02-26,728089.686031811,1164621.1714309538,-37.48270219600959
2024-02-26,730970.1430271453,1164621.1714309538,-37.235372243060596
2024-02-26,732375.1999275759,1164621.1714309538,-37.11472726983688
2024-02-26,735649.6844565792,1164621.1714309538,-36.83356420932167
2024-02-26,738489.0432952016,1164621.1714309538,-36.58976314265089
2024-02-26,736701.5314775379,1164621.1714309538,-36.743247542686944
2024-02-26,739013.617933246,1164621.1714309538,-36.544720630037126
2024-02-27,742186.0637455788,1164621.1714309538,-36.272319106678694
2024-02-27,745384.0020206579,1164621.1714309538,-35.99772867731617
2024-02-27,747136.3382847125,1164621.1714309538,-35.847264620244154
2024-02-28,744582.0050807468,1164621.1714309538,-36.066592008980116
2024-02-28,751061.3777450139,1164621.1714309538,-35.51024177053254
2024-02-28,752999.586358016,1164621.1714309538,-35.343817815640776
2024-02-29,755102.44322641,1164621.1714309538,-35.16325636613439
2024-02-29,756955.8368552563,1164621.1714309538,-35.00411503551878
2024-03-01,760819.5653980797,1164621.1714309538,-34.67235663737151
2024-03-01,766873.8120729786,1164621.1714309538,-34.152509770131395
2024-03-04,768244.7968812726,1164621.1714309538,-34.03479039133894
2024-03-04,771129.6526258435,1164621.1714309538,-33.78708274053036
2024-03-04,773936.2306136962,1164621.1714309538,-33.54609639606916
2024-03-04,775346.6496384719,1164621.1714309538,-33.42499100494504
2024-03-04,775849.7666380376,1164621.1714309538,-33.38179094883172
2024-03-04,779649.4710690485,1164621.1714309538,-33.05552997022164
2024-03-04,778933.5579713092,1164621.1714309538,-33.11700172733041
2024-03-06,779103.9827458715,1164621.1714309538,-33.10236823287376
2024-03-06,772448.949693863,1164621.1714309538,-33.6738015208185
2024-03-06,775477.560890079,1164621.1714309538,-33.413750332456985
2024-03-07,777046.172225634,1164621.1714309538,-33.279061785310994
2024-03-07,777828.9471812799,1164621.1714309538,-33.21184894607641
2024-03-08,778788.8329777421,1164621.1714309538,-33.129428514436576
2024-03-08,778496.268372357,1164621.1714309538,-33.15454952481849
2024-03-08,781089.2944929339,1164621.1714309538,-32.93189977533893
2024-03-08,783778.0694649036,1164621.1714309538,-32.701028566921345
2024-03-11,786061.9880120512,1164621.1714309538,-32.50492028697814
2024-03-11,786466.6563627733,1164621.1714309538,-32.47017350745456
2024-03-11,784239.1155184122,1164621.1714309538,-32.66144092547892
2024-03-11,782342.4227194001,1164621.1714309538,-32.82430013202088
2024-03-11,783528.3424011206,1164621.1714309538,-32.722471339035486
2024-03-11,783642.2651142396,1164621.1714309538,-32.71268938453271
2024-03-11,784554.5785000058,1164621.1714309538,-32.634353749894956
2024-03-11,784214.3664837345,1164621.1714309538,-32.663565997157576
2024-03-11,783728.6279268642,1164621.1714309538,-32.70527385622676
2024-03-12,784924.9583228433,1164621.1714309538,-32.60255114902154
2024-03-12,783024.7723759826,1164621.1714309538,-32.76571029411298
2024-03-12,781298.1708487377,1164621.1714309538,-32.9139646423594
2024-03-12,781760.3492602961,1164621.1714309538,-32.874279771184476
2024-03-12,780991.599548272,1164621.1714309538,-32.940288335246514
2024-03-13,782592.3626194402,1164621.1714309538,-32.8028390847575
2024-03-13,783369.5267161431,1164621.1714309538,-32.736108020977504
2024-03-13,785312.2311539429,1164621.1714309538,-32.569298032849545
2024-03-13,783889.2649549281,1164621.1714309538,-32.69148078496853
2024-03-13,783053.7423824214,1164621.1714309538,-32.76322278940763
2024-03-13,772569.1710872019,1164621.1714309538,-33.66347873120347
2024-03-14,772460.8558192833,1164621.1714309538,-33.67277920337208
2024-03-14,774104.7189427159,1164621.1714309538,-33.53162917418166
2024-03-14,773720.4698538979,1164621.1714309538,-33.56462265723382
2024-03-14,774707.8633110694,1164621.1714309538,-33.4798402849575
2024-03-14,773434.356973818,1164621.1714309538,-33.589189691313095
2024-03-15,772439.8059869113,1164621.1714309538,-33.674586643670125
2024-03-15,771105.5918049159,1164621.1714309538,-33.789148718851706
2024-03-15,766444.0733877275,1164621.1714309538,-34.18940920969105
2024-03-15,767181.1270382745,1164621.1714309538,-34.12612222258936
2024-03-18,769520.1140110036,1164621.1714309538,-33.92528550159319
2024-03-18,770936.6686191671,1164621.1714309538,-33.80365327963874
2024-03-18,772752.6805640288,1164621.1714309538,-33.64772172099891
2024-03-18,775898.2051881446,1164621.1714309538,-33.377631780915564
2024-03-18,773465.9104163065,1164621.1714309538,-33.58648036030809
2024-03-18,770984.1216129685,1164621.1714309538,-33.79957873634814
2024-03-18,771097.9386675601,1164621.1714309538,-33.78980585419696
2024-03-18,773358.8752853903,1164621.1714309538,-33.59567091372939
2024-03-19,776107.3906673471,1164621.1714309538,-33.35967010510767
2024-03-19,777660.7072379288,1164621.1714309538,-33.226294840370464
2024-03-19,779409.5762568596,1164621.1714309538,-33.07612849771485
2024-03-19,781084.6869263898,1164621.1714309538,-32.93229540326131
2024-03-19,771509.5155951848,1164621.1714309538,-33.75446587088557
2024-03-19,768197.0274427034,1164621.1714309538,-34.03889210610602
2024-03-19,764751.9294211782,1164621.1714309538,-34.33470486531357
2024-03-19,766539.3958627776,1164621.1714309538,-34.181224361485604
2024-03-20,768549.183887485,1164621.1714309538,-34.00865425250863
2024-03-20,770441.6498410446,1164621.1714309538,-33.84615798333688
2024-03-20,773390.6721445206,1164621.1714309538,-33.59294068179559
2024-03-20,775933.7589954055,1164621.1714309538,-33.374578959265655
2024-03-20,777029.18469197,1164621.1714309538,-33.28052041701723
2024-03-20,779635.754684876,1164621.1714309538,-33.05670772522979
2024-03-20,783019.7315214871,1164621.1714309538,-32.76614312623205
2024-03-20,785483.303287389,1164621.1714309538,-32.554608953031774
2024-03-20,788963.6668733689,1164621.1714309538,-32.25576812209414
2024-03-20,791568.580081636,1164621.1714309538,-32.03209768983963
2024-03-20,794792.7091044389,1164621.1714309538,-31.755258396351476
2024-03-20,797458.6593237263,1164621.1714309538,-31.52634703146432
2024-03-20,801001.2446886936,1164621.1714309538,-31.22216353799283
2024-03-20,803722.223578488,1164621.1714309538,-30.988527145615453
2024-03-20,806956.193779543,1164621.1714309538,-30.71084284102038
2024-03-20,809692.1658122955,1164621.1714309538,-30.475919064957573
2024-03-20,813538.7390911039,1164621.1714309538,-30.145633700654763
2024-03-20,815570.4590925265,1164621.1714309538,-29.97118040620484
2024-03-20,817444.9170104682,1164621.1714309538,-29.810230393967075
2024-03-20,808926.129251547,1164621.1714309538,-30.541694664744007
2024-03-20,811459.2333194333,1164621.1714309538,-30.324190112188614
2024-03-21,813330.8661989253,1164621.1714309538,-30.163482671399745
2024-03-21,814949.0603045366,1164621.1714309538,-30.02453670808508
2024-03-21,817252.2437309134,1164621.1714309538,-29.826774252543686
2024-03-21,819003.7122814547,1164621.1714309538,-29.6763847015458
2024-03-21,820579.6749105544,1164621.1714309538,-29.541064936822366
2024-03-21,822634.1801989558,1164621.1714309538,-29.364655187557968
2024-03-21,824495.227066348,1164621.1714309538,-29.204856712908438
2024-03-21,827775.8081688385,1164621.1714309538,-28.92317017114141
2024-03-21,829431.9280088417,1164621.1714309538,-28.78096772105471
2024-03-21,831197.0080678748,1164621.1714309538,-28.629409420181272
2024-03-21,833122.7531848977,1164621.1714309538,-28.464055641264757
2024-03-21,834509.8748239916,1164621.1714309538,-28.344950676223675
2024-03-21,839526.8747592998,1164621.1714309538,-27.914166824926866
2024-03-21,842522.7085431938,1164621.1714309538,-27.656930063533203
2024-03-21,841490.0191703389,1164621.1714309538,-27.745601761952187
2024-03-21,842398.756132793,1164621.1714309538,-27.667573216297498
2024-03-21,842738.8034490623,1164621.1714309538,-27.638375110972706
2024-03-21,844300.5668668164,1164621.1714309538,-27.504274559131016
2024-03-22,845902.9882427843,1164621.1714309538,-27.36668291858072
2024-03-22,847579.0069526506,1164621.1714309538,-27.222771855397227
2024-03-22,849518.0933589048,1164621.1714309538,-27.05627252893627
2024-03-22,851180.0335141153,1164621.1714309538,-26.91357031846826
2024-03-22,854645.3676306802,1164621.1714309538,-26.616019990381133
2024-03-22,854033.1548164634,1164621.1714309538,-26.668587540176286
2024-03-22,848816.4158064573,1164621.1714309538,-27.11652195335515
2024-03-22,848946.1176561037,1164621.1714309538,-27.105385125961995
2024-03-22,848339.655738829,1164621.1714309538,-27.15745887596342
2024-03-25,846674.999989514,1164621.1714309538,-27.30039426046014
2024-03-25,846498.7173972644,1164621.1714309538,-27.315530735442213
2024-03-26,846844.9115596659,1164621.1714309538,-27.28580483221343
2024-03-26,847789.4015289622,1164621.1714309538,-27.204706360670468
2024-03-26,848332.0726072374,1164621.1714309538,-27.158110000275578
2024-03-26,848041.7988314714,1164621.1714309538,-27.18303430895952
2024-03-27,840760.4192180436,1164621.1714309538,-27.808248738513576
2024-03-27,842440.2688607125,1164621.1714309538,-27.664008732932622
2024-03-27,841305.1851733658,1164621.1714309538,-27.761472501855188
2024-03-27,842761.9446506598,1164621.1714309538,-27.63638809560967
2024-03-28,844923.8230069946,1164621.1714309538,-27.450758776019118
2024-03-28,846438.1230033207,1164621.1714309538,-27.320733662834417
2024-03-28,844906.4866541375,1164621.1714309538,-27.452247359026394
2024-03-28,844859.7046858943,1164621.1714309538,-27.456264284820875
2024-04-01,845369.561040724,1164621.1714309538,-27.412485555107136
2024-04-01,849462.7899695631,1164621.1714309538,-27.061021145112786
2024-04-02,849292.8375551256,1164621.1714309538,-27.07561408044718
2024-04-02,849075.2709529726,1164621.1714309538,-27.094295399960345
2024-04-03,852123.3105289007,1164621.1714309538,-26.832575997059312
2024-04-04,852046.4710310162,1164621.1714309538,-26.83917380755507
2024-04-05,851067.5167583323,1164621.1714309538,-26.923231550682058
2024-04-05,851863.1221763875,1164621.1714309538,-26.854917025961743
2024-04-05,852398.6194602153,1164621.1714309538,-26.808936642214302
2024-04-08,853030.2495568517,1164621.1714309538,-26.75470183074679
2024-04-08,853779.6279463605,1164621.1714309538,-26.690356582017706
2024-04-08,854645.4787595015,1164621.1714309538,-26.616010448323678
2024-04-08,855202.8287451359,1164621.1714309538,-26.568153686029927
2024-04-08,855530.6119660344,1164621.1714309538,-26.54000863518084
2024-04-08,856433.9266622304,1164621.1714309538,-26.46244567150175
2024-04-08,857215.7042947414,1164621.1714309538,-26.395318467249535
2024-04-08,857987.1272876557,1164621.1714309538,-26.329080362375784
2024-04-08,858552.5486556833,1164621.1714309538,-26.28053055219735
2024-04-09,859304.7533506813,1164621.1714309538,-26.215942623225242
2024-04-09,859942.5967989335,1164621.1714309538,-26.161174303371627
2024-04-09,860552.1277002204,1164621.1714309538,-26.10883703557681
2024-04-09,861270.3421701792,1164621.1714309538,-26.047167671531472
2024-04-09,861944.0795885568,1164621.1714309538,-25.9893173220011
2024-04-09,862476.6362541071,1164621.1714309538,-25.943589433944936
2024-04-09,863272.982111872,1164621.1714309538,-25.875211331494118
2024-04-09,863600.0403023129,1164621.1714309538,-25.847128535262705
2024-04-09,864402.788899641,1164621.1714309538,-25.778200662661714
2024-04-09,865125.5762281752,1164621.1714309538,-25.71613865088787
2024-04-09,865840.9040482489,1164621.1714309538,-25.65471714854692
2024-04-10,864625.1787330423,1164621.1714309538,-25.759105197212804
2024-04-11,863952.3383940507,1164621.1714309538,-25.816878519173358
2024-04-12,862485.3374307115,1164621.1714309538,-25.942842308886778
2024-04-12,861551.3174006348,1164621.1714309538,-26.02304178086865
2024-04-12,860504.2041332222,1164621.1714309538,-26.112951984555394
2024-04-12,860272.6831277224,1164621.1714309538,-26.132831496552882
2024-04-12,859933.5693882239,1164621.1714309538,-26.161949440466074
2024-04-12,858225.5052002516,1164621.1714309538,-26.30861208320969
2024-04-12,857986.7295448802,1164621.1714309538,-26.329114514491962
2024-04-15,857681.7483335825,1164621.1714309538,-26.355301674641467
2024-04-15,856631.3272629533,1164621.1714309538,-26.445495902292215
2024-04-15,855480.7657506665,1164621.1714309538,-26.544288672036657
2024-04-15,854936.9076281707,1164621.1714309538,-26.59098695778288
2024-04-15,853974.9335803104,1164621.1714309538,-26.67358669677597
2024-04-15,852514.6112941303,1164621.1714309538,-26.798977023004184
2024-04-15,851061.5872176209,1164621.1714309538,-26.92374068969282
2024-04-15,849941.9562221151,1164621.1714309538,-27.01987761584282
2024-04-15,848916.8213652037,1164621.1714309538,-27.10790064702744
2024-04-15,847543.0435672787,1164621.1714309538,-27.2258598454024
2024-04-15,846167.4895383171,1164621.1714309538,-27.343971559555037
2024-04-15,846094.3111781025,1164621.1714309538,-27.350255007083703
2024-04-15,844653.0440139078,1164621.1714309538,-27.474009168484
2024-04-15,843244.8405148662,1164621.1714309538,-27.5949243238655
2024-04-15,842485.1751167502,1164621.1714309538,-27.660152864849568
2024-04-15,841148.9707236461,1164621.1714309538,-27.77488582917155
2024-04-15,840011.5087972585,1164621.1714309538,-27.872553805187305
2024-04-15,837364.3491727923,1164621.1714309538,-28.099851718826784
2024-04-15,836391.8018734673,1164621.1714309538,-28.183359328269436
2024-04-15,835132.2647288986,1164621.1714309538,-28.291509272256892
2024-04-15,833853.6438487883,1164621.1714309538,-28.401297837970436
2024-04-15,830482.916363779,1164621.1714309538,-28.690724783632753
2024-04-15,829749.2969483007,1164621.1714309538,-28.753716890720842
2024-04-15,828818.160495871,1164621.1714309538,-28.83366876479554
2024-04-15,827540.514670573,1164621.1714309538,-28.94337360759246
2024-04-15,827296.3768021432,1164621.1714309538,-28.96433646439248
2024-04-16,825582.0826598388,1164621.1714309538,-29.111534041111614
2024-04-16,824459.1224848876,1164621.1714309538,-29.207956826691877
2024-04-16,823290.6314580059,1164621.1714309538,-29.308289111175938
2024-04-16,822341.0446451046,1164621.1714309538,-29.389825222333403
2024-04-16,821680.492194208,1164621.1714309538,-29.446543446860012
2024-04-17,818388.7769733602,1164621.1714309538,-29.729186017817504
2024-04-17,819013.5892148153,1164621.1714309538,-29.675536620332537
2024-04-18,819385.705923915,1164621.1714309538,-29.643584882013847
2024-04-18,819598.2624773042,1164621.1714309538,-29.625333749490814
2024-04-18,820398.1695360107,1164621.1714309538,-29.556649865123184
2024-04-18,821775.3635224372,1164621.1714309538,-29.438397336300078
2024-04-19,821975.5550611718,1164621.1714309538,-29.42120792366999
2024-04-19,823002.7007561413,1164621.1714309538,-29.333012232215445
2024-04-19,823548.3060608498,1164621.1714309538,-29.286163924963898
2024-04-19,824275.5751412114,1164621.1714309538,-29.223717088327057
2024-04-19,824939.8656307531,1164621.1714309538,-29.16667789774412
2024-04-19,826411.4432191205,1164621.1714309538,-29.040321136896363
2024-04-19,827277.1283529276,1164621.1714309538,-28.965989229230328
2024-04-22,827926.8712029718,1164621.1714309538,-28.910199169253502
2024-04-22,828546.234178477,1164621.1714309538,-28.857017672068096
2024-04-22,828742.1010369721,1164621.1714309538,-28.84019959737566
2024-04-22,831096.384286151,1164621.1714309538,-28.638049464188043
2024-04-22,830921.2763908089,1164621.1714309538,-28.653085074018747
2024-04-22,832075.1073795372,1164621.1714309538,-28.554011571232373
2024-04-22,831807.4033814031,1164621.1714309538,-28.576997929775487
2024-04-22,831478.8381947598,1164621.1714309538,-28.605210123981056
2024-04-22,831174.0660403274,1164621.1714309538,-28.63137933349817
2024-04-22,830658.0577006865,1164621.1714309538,-28.675686302347696
2024-04-22,829984.0546460643,1164621.1714309538,-28.73355946068931
2024-04-23,830595.4651219844,1164621.1714309538,-28.681060803536372
2024-04-23,831163.9569607484,1164621.1714309538,-28.63224734790723
2024-04-23,831669.9571651841,1164621.1714309538,-28.588799725895175
2024-04-23,832250.4372761946,1164621.1714309538,-28.53895689929627
2024-04-23,833195.3095272848,1164621.1714309538,-28.45782560319169
2024-04-23,833458.5246602816,1164621.1714309538,-28.43522468029473
2024-04-23,833693.7026883939,1164621.1714309538,-28.415031158668867
2024-04-23,832221.1638186348,1164621.1714309538,-28.541470459780815
2024-04-23,832804.6486536337,1164621.1714309538,-28.49136963306461
2024-04-23,832471.1935705012,1164621.1714309538,-28.52000169740557
2024-04-23,832602.580925515,1164621.1714309538,-28.50872014437898
2024-04-23,831122.6260126551,1164621.1714309538,-28.635796222778065
2024-04-23,830935.7587977299,1164621.1714309538,-28.651841544596802
2024-04-23,830000.1920303302,1164621.1714309538,-28.732173826917425
2024-04-23,829069.8910720901,1164621.1714309538,-28.812053961424766
2024-04-23,828452.141162393,1164621.1714309538,-28.86509695298726
2024-04-23,827387.0725454923,1164621.1714309538,-28.956548889722367
2024-04-23,827536.0251007085,1164621.1714309538,-28.94375910374989
2024-04-23,827646.0017865777,1164621.1714309538,-28.934315974209824
2024-04-23,827086.9265510845,1164621.1714309538,-28.98232087479104
2024-04-23,828418.1873781057,1164621.1714309538,-28.868012388935032
2024-04-23,827331.158385217,1164621.1714309538,-28.961349949641846
2024-04-23,826932.3260922115,1164621.1714309538,-28.995595617056203
2024-04-24,826748.0909402169,1164621.1714309538,-29.011414937236367
2024-04-24,827070.4627222897,1164621.1714309538,-28.983734538667218
2024-04-24,827451.4029616936,1164621.1714309538,-28.951025169410617
2024-04-24,827947.286716681,1164621.1714309538,-28.9084461946202
2024-04-24,828278.3366491129,1164621.1714309538,-28.880020648137556
2024-04-24,828277.1374573216,1164621.1714309538,-28.88012361653798
2024-04-24,827689.1936903514,1164621.1714309538,-28.9306073086941
2024-04-24,827929.4641371798,1164621.1714309538,-28.90997652739608
2024-04-24,827806.212189811,1164621.1714309538,-28.92055953502055
2024-04-24,828565.5172136088,1164621.1714309538,-28.85536193751639
2024-04-24,828199.5116218264,1164621.1714309538,-28.886788945779745
2024-04-24,828325.9532041756,1164621.1714309538,-28.875932060686903
2024-04-24,828694.1542210634,1164621.1714309538,-28.844316542618024
2024-04-24,828712.2434466014,1164621.1714309538,-28.84276331432527
2024-04-24,828791.4061702107,1164621.1714309538,-28.835966020445408
2024-04-24,829132.4600076162,1164621.1714309538,-28.80668149035341
2024-04-24,829446.3211263851,1164621.1714309538,-28.779731858450074
2024-04-24,829799.6352839622,1164621.1714309538,-28.749394598039206
2024-04-24,829872.2529675531,1164621.1714309538,-28.74315929291405
2024-04-24,830343.7187023564,1164621.1714309538,-28.702676967298757
2024-04-25,831546.1611662048,1164621.1714309538,-28.599429448419205
2024-04-25,832222.2659638374,1164621.1714309538,-28.541375824269323
2024-04-25,832730.4530982292,1164621.1714309538,-28.49774042188629
2024-04-25,833445.4229726678,1164621.1714309538,-28.436349654486783
2024-04-25,835638.806041837,1164621.1714309538,-28.248015188054737
2024-04-25,834999.4675507236,1164621.1714309538,-28.302911879510884
2024-04-25,833139.2292518461,1164621.1714309538,-28.462640926561594
2024-04-25,832572.1653131319,1164621.1714309538,-28.511331775794346
2024-04-25,832657.0633666625,1164621.1714309538,-28.504042018780375
2024-04-25,833753.926352288,1164621.1714309538,-28.409860063949704
2024-04-26,833248.422712457,1164621.1714309538,-28.45326504852592
2024-04-26,833922.7793374204,1164621.1714309538,-28.39536153092674
2024-04-26,834245.2536584008,1164621.1714309538,-28.367672327871617
2024-04-26,834859.3734693383,1164621.1714309538,-28.31494103412544
2024-04-29,835079.1521054656,1164621.1714309538,-28.29606977868902
2024-04-30,835180.7730952279,1164621.1714309538,-28.28734410958261
2024-04-30,833709.6441731518,1164621.1714309538,-28.413662345775116
2024-04-30,833706.5702038956,1164621.1714309538,-28.413926291625636
2024-05-01,832069.011293655,1164621.1714309538,-28.55453501061607
2024-05-01,832343.3601294889,1164621.1714309538,-28.530978094207214
2024-05-01,832330.4161448068,1164621.1714309538,-28.532089527263704
2024-05-01,831533.860521214,1164621.1714309538,-28.600485641221862
2024-05-01,832884.052555969,1164621.1714309538,-28.484551630414206
2024-05-02,835017.0507891187,1164621.1714309538,-28.301402097718615
2024-05-03,835599.4826335367,1164621.1714309538,-28.25139168586063
2024-05-03,836307.3104216739,1164621.1714309538,-28.190614172493976
2024-05-03,836468.1484116751,1164621.1714309538,-28.176803845672975
2024-05-03,838394.8865224976,1164621.1714309538,-28.011364803511725
2024-05-03,839015.5889321739,1164621.1714309538,-27.95806829603766
2024-05-06,840883.2107232498,1164621.1714309538,-27.797705266677546
2024-05-06,843135.6975653286,1164621.1714309538,-27.604295864776397
2024-05-07,843419.5372096328,1164621.1714309538,-27.579924021702695
2024-05-07,844306.7260197995,1164621.1714309538,-27.503745704501352
2024-05-08,846640.7249407867,1164621.1714309538,-27.303337281724744
2024-05-08,848929.9584163211,1164621.1714309538,-27.106772636354133
2024-05-08,851447.6251485868,1164621.1714309538,-26.890593608012036
2024-05-08,853060.0219296973,1164621.1714309538,-26.752145430985568
2024-05-09,854922.0797817062,1164621.1714309538,-26.59226014831283
2024-05-09,855424.1931586887,1164621.1714309538,-26.549146268082957
2024-05-09,858041.4081636072,1164621.1714309538,-26.324419544138657
2024-05-09,858502.676124113,1164621.1714309538,-26.284812848689437
2024-05-09,859019.368526776,1164621.1714309538,-26.240447142884165
2024-05-13,858948.2176018363,1164621.1714309538,-26.246556505025698
2024-05-13,859693.4020865513,1164621.1714309538,-26.182571365222735
2024-05-13,857738.3169506702,1164621.1714309538,-26.350444419898437
2024-05-13,861072.1153847235,1164621.1714309538,-26.064188380953418
2024-05-14,861223.8757920166,1164621.1714309538,-26.05115749923704
2024-05-14,861734.4989779613,1164621.1714309538,-26.007312925699257
2024-05-15,863254.3065340064,1164621.1714309538,-25.876814906830358
2024-05-15,864859.9775955627,1164621.1714309538,-25.738944232576387
2024-05-16,866587.6976535588,1164621.1714309538,-25.590593841876103
2024-05-17,868406.2338857761,1164621.1714309538,-25.43444553572923
2024-05-20,872235.5936528876,1164621.1714309538,-25.105638206698245
2024-05-21,871197.7681462149,1164621.1714309538,-25.194750918379206
2024-05-24,866919.7328929274,1164621.1714309538,-25.562083692179904
2024-05-24,864804.1248615484,1164621.1714309538,-25.74374001814035
2024-05-28,862028.7408566964,1164621.1714309538,-25.982047896524698
2024-05-28,862639.3916420023,1164621.1714309538,-25.929614470077915
2024-05-28,864825.2330928687,1164621.1714309538,-25.74192756342648
2024-05-28,867958.3802575644,1164621.1714309538,-25.472900411803778
2024-05-28,870834.5477662779,1164621.1714309538,-25.22593877489831
2024-05-28,872248.6207684762,1164621.1714309538,-25.10451963562053
2024-05-29,868741.2066789771,1164621.1714309538,-25.405683153469816
2024-05-29,865994.2142273043,1164621.1714309538,-25.64155319594016
2024-05-29,868397.5251013028,1164621.1714309538,-25.43519331403577
2024-05-30,870125.3880134481,1164621.1714309538,-25.28683065718811
2024-05-30,871690.024008742,1164621.1714309538,-25.152483451961587
2024-05-30,872159.8840434824,1164621.1714309538,-25.11213899951074
2024-05-30,870594.6496349829,1164621.1714309538,-25.246537587385998
2024-05-30,868744.25387965,1164621.1714309538,-25.40542150609918
2024-05-30,865361.8711789467,1164621.1714309538,-25.695849224886697
2024-05-30,865092.1158116091,1164621.1714309538,-25.71901172389967
2024-05-30,862045.3750727716,1164621.1714309538,-25.980619602373494
2024-05-30,858681.6049973593,1164621.1714309538,-26.269449151236945
2024-05-30,859983.3490564589,1164621.1714309538,-26.15767511766857
2024-05-31,860668.4348370105,1164621.1714309538,-26.098850342938622
2024-05-31,862652.4297649373,1164621.1714309538,-25.928494953856262
2024-05-31,864531.2114451983,1164621.1714309538,-25.7671736824979
2024-05-31,865011.6731174211,1164621.1714309538,-25.72591892223689
2024-05-31,867319.2737536604,1164621.1714309538,-25.527777183717404
2024-05-31,871540.3934466983,1164621.1714309538,-25.165331454875684
2024-05-31,872521.8337920619,1164621.1714309538,-25.08106024553834
2024-05-31,876886.4905411301,1164621.1714309538,-24.706289731646226
2024-05-31,875948.8150167387,1164621.1714309538,-24.786803082029444
2024-05-31,879020.965454849,1164621.1714309538,-24.523013404023203
2024-05-31,878855.649014385,1164621.1714309538,-24.53720827223609
2024-05-31,876832.3589716019,1164621.1714309538,-24.71093772971255
2024-05-31,877764.3762023542,1164621.1714309538,-24.63091022775609
2024-05-31,875196.237841674,1164621.1714309538,-24.851422993939515
2024-05-31,876636.0337843999,1164621.1714309538,-24.72779515872192
2024-05-31,872930.2160101832,1164621.1714309538,-25.045994575418373
2024-06-03,866388.1132868971,1164621.1714309538,-25.607731119778794
2024-06-03,866304.8359205131,1164621.1714309538,-25.614881716764902
2024-06-03,865114.5909830058,1164621.1714309538,-25.71708189710723
2024-06-03,867103.3862576726,1164621.1714309538,-25.546314327063563
2024-06-03,871655.0711151094,1164621.1714309538,-25.15548467626439
2024-06-03,873855.7702255578,1164621.1714309538,-24.966522019184705
2024-06-03,875604.6736135925,1164621.1714309538,-24.816352725431802
2024-06-03,875844.18138925,1164621.1714309538,-24.79578743076494
2024-06-03,877712.632429747,1164621.1714309538,-24.635353198043468
2024-06-03,877078.8076261678,1164621.1714309538,-24.689776457651607
2024-06-03,878247.4208696402,1164621.1714309538,-24.589433679060647
2024-06-03,870408.2361265246,1164621.1714309538,-25.26254395177565
2024-06-03,872098.034567864,1164621.1714309538,-25.117449694278754
2024-06-03,871071.3152402401,1164621.1714309538,-25.205608775773246
2024-06-03,871304.6898867534,1164621.1714309538,-25.18557010120351
2024-06-03,871583.3153698164,1164621.1714309538,-25.16164597120331
2024-06-03,869211.6503608217,1164621.1714309538,-25.365288586259037
2024-06-03,871019.2778318063,1164621.1714309538,-25.210076959051232
2024-06-03,867444.4783612525,1164621.1714309538,-25.517026511252965
2024-06-03,867040.3774967213,1164621.1714309538,-25.551724563670696
2024-06-03,867409.2865438953,1164621.1714309538,-25.520048250700995
2024-06-03,867050.4988621328,1164621.1714309538,-25.550855494340713
2024-06-04,868994.8666632652,1164621.1714309538,-25.38390268180139
2024-06-05,864843.7542226716,1164621.1714309538,-25.740337249747043
2024-06-05,864532.5156501238,1164621.1714309538,-25.767061697162454
2024-06-05,865006.8054252403,1164621.1714309538,-25.726336885803086
2024-06-05,862630.9864465607,1164621.1714309538,-25.930336180763565
2024-06-05,867392.9486770986,1164621.1714309538,-25.521451098871488
2024-06-05,869538.2418593048,1164621.1714309538,-25.337245862453685
2024-06-06,875394.7881862207,1164621.1714309538,-24.834374502170924
2024-06-06,879754.9452880599,1164621.1714309538,-24.459990349727434
2024-06-06,879879.636669826,1164621.1714309538,-24.449283745311774
2024-06-06,879264.2517416753,1164621.1714309538,-24.502123668133596
2024-06-07,875567.3622078374,1164621.1714309538,-24.819556462979286
2024-06-07,872057.7413186332,1164621.1714309538,-25.120909467312185
2024-06-07,872223.5948872771,1164621.1714309538,-25.10666847867894
2024-06-07,867728.3364011879,1164621.1714309538,-25.492653088641497
2024-06-10,864852.0284877063,1164621.1714309538,-25.739626781378643
2024-06-10,867901.1886580316,1164621.1714309538,-25.477811158829134
2024-06-11,860657.3745824912,1164621.1714309538,-26.09980002982313
2024-06-11,858273.1260819695,1164621.1714309538,-26.30452312425153
2024-06-11,860559.8770785594,1164621.1714309538,-26.10817163651581
2024-06-12,859824.5709682888,1164621.1714309538,-26.171308571367085
2024-06-12,861026.6600834173,1164621.1714309538,-26.068091392715637
2024-06-12,862635.6730829596,1164621.1714309538,-25.929933763521472
2024-06-12,865572.7542269345,1164621.1714309538,-25.677741787622033
2024-06-12,869820.538012301,1164621.1714309538,-25.313006551000218
2024-06-13,867273.8007787945,1164621.1714309538,-25.53168171301684
2024-06-13,867551.1956465313,1164621.1714309538,-25.507863249593576
2024-06-13,850618.1722161762,1164621.1714309538,-26.96181444383039
2024-06-14,848850.8783068005,1164621.1714309538,-27.11356283658923
2024-06-17,847097.5820410216,1164621.1714309538,-27.264109324047013
2024-06-17,845010.4300909629,1164621.1714309538,-27.44332227339553
2024-06-17,843868.0386463259,1164621.1714309538,-27.54141352166241
2024-06-17,846431.8897762421,1164621.1714309538,-27.321268877823762
2024-06-17,842648.3525653015,1164621.1714309538,-27.646141660815665
2024-06-17,844250.4541722045,1164621.1714309538,-27.508577477182065
2024-06-17,845309.5897631143,1164621.1714309538,-27.417634978720656
2024-06-17,847148.5172903056,1164621.1714309538,-27.259735777478095
2024-06-18,849469.4838522886,1164621.1714309538,-27.0604463760042
2024-06-18,852564.1668722427,1164621.1714309538,-26.794721941667177
2024-06-18,856023.3652993126,1164621.1714309538,-26.497698453521274
2024-06-18,856589.967411067,1164621.1714309538,-26.44904725898235
2024-06-18,855759.4779627274,1164621.1714309538,-26.520357095065712
2024-06-18,857213.1644730181,1164621.1714309538,-26.39553654861243
2024-06-18,856863.0855825891,1164621.1714309538,-26.42559601335656
2024-06-18,856347.6697893572,1164621.1714309538,-26.469852103308856
2024-06-18,854088.353452715,1164621.1714309538,-26.663847918606137
2024-06-18,855787.1899634564,1164621.1714309538,-26.517977608807968
2024-06-20,853226.8723632315,1164621.1714309538,-26.737818846717037
2024-06-20,855278.1406181655,1164621.1714309538,-26.561687044784083
2024-06-20,860520.8418969569,1164621.1714309538,-26.111523385785013
2024-06-20,858221.4998124784,1164621.1714309538,-26.308956005153703
2024-06-20,854351.3186398007,1164621.1714309538,-26.64126845727258
2024-06-20,852735.8905616936,1164621.1714309538,-26.77997691610321
2024-06-20,856600.2603928369,1164621.1714309538,-26.448163453842753
2024-06-20,861450.2622489769,1164621.1714309538,-26.031718864381887
2024-06-20,854797.4283739025,1164621.1714309538,-26.60296332037097
2024-06-20,848092.6244212704,1164621.1714309538,-27.17867017828374
2024-06-20,849774.3342425949,1164621.1714309538,-27.034270448777004
2024-06-20,850423.120896404,1164621.1714309538,-26.978562492428242
2024-06-20,850671.3616111286,1164621.1714309538,-26.957247345424733
2024-06-21,853017.6475611448,1164621.1714309538,-26.755783898977732
2024-06-21,843194.6795699862,1164621.1714309538,-27.599231384917665
2024-06-21,843754.9954125074,1164621.1714309538,-27.551119959823723
2024-06-21,845620.3650622076,1164621.1714309538,-27.390950310202104
2024-06-21,843215.2196905216,1164621.1714309538,-27.597467710940304
2024-06-21,842585.880236517,1164621.1714309538,-27.651505836765484
2024-06-21,840468.8131855975,1164621.1714309538,-27.833287441192123
2024-06-21,831539.7607319979,1164621.1714309538,-28.599979020620363
2024-06-21,830778.1680961914,1164621.1714309538,-28.665373043542917
2024-06-21,831392.6632341419,1164621.1714309538,-28.612609522406213
2024-06-24,833275.0157748786,1164621.1714309538,-28.450981639716787
2024-06-24,834909.1157043955,1164621.1714309538,-28.31066992552142
2024-06-24,837433.620669628,1164621.1714309538,-28.093903733461666
2024-06-24,835172.7331473738,1164621.1714309538,-28.288034458345912
2024-06-24,837527.3141625195,1164621.1714309538,-28.08585875753388
2024-06-24,837839.2020723291,1164621.1714309538,-28.059078554884266
2024-06-24,840056.5455858343,1164621.1714309538,-27.868686728949932
2024-06-25,839370.5383430866,1164621.1714309538,-27.927590624875577
2024-06-25,837742.5058857164,1164621.1714309538,-28.0673813566008
2024-06-26,836009.3087998306,1164621.1714309538,-28.21620203137492
2024-06-28,832322.7604018576,1164621.1714309538,-28.532746886337794
2024-06-28,829764.178701583,1164621.1714309538,-28.752439071491093
2024-06-28,832684.1085734927,1164621.1714309538,-28.501719786668023
2024-06-28,831717.4497826985,1164621.1714309538,-28.58472178032116
2024-06-28,829009.964947453,1164621.1714309538,-28.81719950798593
2024-07-01,830842.2123552795,1164621.1714309538,-28.659873894063313
2024-07-01,824552.7471713636,1164621.1714309538,-29.19991775881533
2024-07-01,826469.5713706643,1164621.1714309538,-29.035329972990905
2024-07-01,824472.5946952314,1164621.1714309538,-29.20680003762825
2024-07-01,822432.637547639,1164621.1714309538,-29.38196061324152
2024-07-03,819712.2098035839,1164621.1714309538,-29.615549681583158
2024-07-03,822496.9006834528,1164621.1714309538,-29.37644266994886
2024-07-03,824414.3600347431,1164621.1714309538,-29.211800346906223
2024-07-05,819697.0748195243,1164621.1714309538,-29.616849244430792
2024-07-05,818054.9366206266,1164621.1714309538,-29.757851163267627
2024-07-05,820205.1416619541,1164621.1714309538,-29.573224170896744
2024-07-05,822262.4024535726,1164621.1714309538,-29.396577820814446
2024-07-08,822278.1578059742,1164621.1714309538,-29.395224990144005
2024-07-08,824606.1094873772,1164621.1714309538,-29.195335812571983
2024-07-09,823730.1377150465,1164621.1714309538,-29.270550980715832
2024-07-09,824116.5768213914,1164621.1714309538,-29.237369452178957
2024-07-09,821734.2830893808,1164621.1714309538,-29.44192470073961
2024-07-09,821281.509194421,1164621.1714309538,-29.480802054686688
2024-07-09,818424.3573126703,1164621.1714309538,-29.726130917997672
2024-07-09,818550.1205949573,1164621.1714309538,-29.71533227502501
2024-07-09,817807.3486034209,1164621.1714309538,-29.77911026650903
2024-07-09,816659.9764935534,1164621.1714309538,-29.877629178753924
2024-07-09,815708.9041696693,1164621.1714309538,-29.95929284306079
2024-07-09,815757.2462171571,1164621.1714309538,-29.955141961325708
2024-07-09,816148.7022351441,1164621.1714309538,-29.921529656518814
2024-07-09,813783.9251953425,1164621.1714309538,-30.124580837264226
2024-07-09,812174.3097722477,1164621.1714309538,-30.262790193454887
2024-07-09,808911.6486323621,1164621.1714309538,-30.5429380406623
2024-07-09,809586.1700649761,1164621.1714309538,-30.485020371882054
2024-07-09,810815.6337473954,1164621.1714309538,-30.379452680637986
2024-07-09,808207.6051662437,1164621.1714309538,-30.603390613858554
2024-07-09,806895.5271660192,1164621.1714309538,-30.716051969534615
2024-07-09,807103.1028611307,1164621.1714309538,-30.69822851756555
2024-07-09,807545.5489527265,1164621.1714309538,-30.660237958708358
2024-07-09,806210.8681825273,1164621.1714309538,-30.774840097407193
2024-07-09,806040.9961107821,1164621.1714309538,-30.789426134129883
2024-07-09,806500.2240747317,1164621.1714309538,-30.74999460264009
2024-07-09,801679.5652433721,1164621.1714309538,-31.16391965823877
2024-07-09,799008.6601640509,1164621.1714309538,-31.393256471345094
2024-07-09,797136.9125897652,1164621.1714309538,-31.55397376038303
2024-07-10,797166.098902257,1164621.1714309538,-31.551467682595003
2024-07-11,798651.1585058509,1164621.1714309538,-31.42395329078902
2024-07-11,799215.3635780234,1164621.1714309538,-31.375507917648566
2024-07-12,799778.6331197905,1164621.1714309538,-31.327142873668212
2024-07-12,801004.848872216,1164621.1714309538,-31.221854065383987
2024-07-12,801617.0000514955,1164621.1714309538,-31.169291807862304
2024-07-15,802272.0761802262,1164621.1714309538,-31.11304380681268
2024-07-15,806408.2611916513,1164621.1714309538,-30.75789098004901
2024-07-16,807193.1335208701,1164621.1714309538,-30.690498050187152
2024-07-22,807397.2504415184,1164621.1714309538,-30.672971585302655
2024-07-22,806644.687350654,1164621.1714309538,-30.737590287875243
2024-07-22,807193.2393683933,1164621.1714309538,-30.69048896160747
2024-07-22,807718.2742979013,1164621.1714309538,-30.645406926144993
2024-07-23,807171.8455727979,1164621.1714309538,-30.692325936249542
2024-07-24,803621.8655216304,1164621.1714309538,-30.997144373201508
2024-07-24,801335.178686401,1164621.1714309538,-31.193490351732862
2024-07-25,802630.0627241385,1164621.1714309538,-31.082305352739027
2024-07-25,794841.5990715476,1164621.1714309538,-31.751060467590776
2024-07-26,796169.1904197928,1164621.1714309538,-31.63706706090953
2024-07-26,793743.1364855958,1164621.1714309538,-31.845379771833038
2024-07-26,794425.3710580289,1164621.1714309538,-31.786799815606177
2024-07-26,795047.7846197408,1164621.1714309538,-31.733356380351847
2024-07-26,795833.3357043761,1164621.1714309538,-31.665905169270896
2024-07-26,796331.6702611727,1164621.1714309538,-31.62311575679746
2024-07-29,796689.0875040388,1164621.1714309538,-31.5924261856619
2024-07-29,797267.9563930773,1164621.1714309538,-31.542721706365235
2024-07-29,797864.426651775,1164621.1714309538,-31.491505888438372
2024-07-29,798040.5399489676,1164621.1714309538,-31.476383949947746
2024-07-29,797345.9757638897,1164621.1714309538,-31.536022586279977
2024-07-29,797834.7740162548,1164621.1714309538,-31.494052006974393
2024-07-29,800074.958506049,1164621.1714309538,-31.301698944472385
2024-07-29,799682.8746416238,1164621.1714309538,-31.33536515920755
2024-07-30,800332.0306969327,1164621.1714309538,-31.27962548426147
2024-07-30,800597.3971622159,1164621.1714309538,-31.25683983758143
2024-07-31,801116.6641295514,1164621.1714309538,-31.212253067215794
2024-07-31,801644.708355108,1164621.1714309538,-31.166912639056836
2024-07-31,802171.2039835833,1164621.1714309538,-31.12170518092448
2024-08-01,804158.5494813715,1164621.1714309538,-30.951062095727387
2024-08-02,803066.6702988617,1164621.1714309538,-31.04481611714607
2024-08-02,803954.4277098518,1164621.1714309538,-30.96858897713115
2024-08-02,800936.5859486175,1164621.1714309538,-31.227715449778582
2024-08-05,799877.8045725602,1164621.1714309538,-31.318627533641557
2024-08-06,801891.2114644777,1164621.1714309538,-31.14574669124337
2024-08-06,802472.6688883544,1164621.1714309538,-31.095819947840425
2024-08-07,799811.8793482188,1164621.1714309538,-31.32428819188465
2024-08-07,801786.4744607413,1164621.1714309538,-31.154739916362896
2024-08-08,804531.5550636506,1164621.1714309538,-30.919034034463422
2024-08-12,797267.6431449138,1164621.1714309538,-31.542748603365826
2024-08-12,798307.084305939,1164621.1714309538,-31.453497163797028
2024-08-15,800556.0314322021,1164621.1714309538,-31.26039169899599
2024-08-16,802446.5188111028,1164621.1714309538,-31.09806531980283
2024-08-26,802601.5563396992,1164621.1714309538,-31.084753048619763
2024-08-28,804491.892802518,1164621.1714309538,-30.922439627810473
2024-08-29,805963.3209996003,1164621.1714309538,-30.796095694420146
2024-08-30,808038.492673191,1164621.1714309538,-30.61791142948523
2024-09-03,809588.2488793338,1164621.1714309538,-30.484841874838658
2024-09-03,811167.4456948749,1164621.1714309538,-30.349244407243198
2024-09-03,814842.6371473405,1164621.1714309538,-30.03367471448637
2024-09-06,819262.5461419623,1164621.1714309538,-29.654159975870453
2024-09-09,816133.2685685932,1164621.1714309538,-29.922854865688077
2024-09-09,813158.0096743295,1164621.1714309538,-30.17832496766192
2024-09-09,809911.7702379174,1164621.1714309538,-30.457062768076753
2024-09-09,799606.5604766695,1164621.1714309538,-31.341917862080077
2024-09-09,799759.9841083166,1164621.1714309538,-31.328744167885713
2024-09-09,798704.9031268177,1164621.1714309538,-31.419338517995506
2024-09-09,802606.5950044417,1164621.1714309538,-31.084320404523456
2024-09-09,800661.8900238387,1164621.1714309538,-31.25130216892102
2024-09-09,791794.0018348899,1164621.1714309538,-32.012741889105136
2024-09-11,788040.389872647,1164621.1714309538,-32.33504514567662
2024-09-11,788623.6564590781,1164621.1714309538,-32.284963058836794
2024-09-12,792524.8287063703,1164621.1714309538,-31.949989563335336
2024-09-12,794990.706649152,1164621.1714309538,-31.738257370647144
2024-09-12,796594.3119802586,1164621.1714309538,-31.600564069989023
2024-09-12,801341.0187291336,1164621.1714309538,-31.192988897450906
2024-09-12,802971.2634794039,1164621.1714309538,-31.05300820756982
2024-09-12,805617.4022373317,1164621.1714309538,-30.82579795046308
2024-09-12,800892.939670268,1164621.1714309538,-31.231463130090447
2024-09-12,795446.0699491171,1164621.1714309538,-31.699157677877032
2024-09-12,803251.6393205306,1164621.1714309538,-31.028933783370388
2024-09-13,804672.0978868218,1164621.1714309538,-30.906966348711272
2024-09-13,808081.0148290948,1164621.1714309538,-30.614260271757132
2024-09-13,814262.3672836977,1164621.1714309538,-30.083499488230593
2024-09-13,814825.2155342783,1164621.1714309538,-30.03517061834674
2024-09-13,818740.1272051014,1164621.1714309538,-29.699017389566528
2024-09-13,822306.0099910693,1164621.1714309538,-29.39283346697936
2024-09-13,823333.8175517131,1164621.1714309538,-29.304580944540593
2024-09-13,825125.6606433677,1164621.1714309538,-29.15072464039553
2024-09-13,826017.0998769973,1164621.1714309538,-29.07418136130209
2024-09-13,829281.6061193798,1164621.1714309538,-28.79387508468071
2024-09-13,831217.8538346478,1164621.1714309538,-28.627619501941385
2024-09-13,835617.0614886285,1164621.1714309538,-28.24988228043996
2024-09-13,837683.5475643032,1164621.1714309538,-28.07244380290176
2024-09-13,840161.2744872503,1164621.1714309538,-27.85969419953479
2024-09-13,842299.9430805875,1164621.1714309538,-27.67605778232029
2024-09-13,843170.1146494995,1164621.1714309538,-27.601340647662436
2024-09-13,845103.8424235022,1164621.1714309538,-27.435301439253852
2024-09-13,847238.0053373156,1164621.1714309538,-27.25205190144997
2024-09-13,848755.5858418869,1164621.1714309538,-27.12174510797938
2024-09-13,850456.1381228581,1164621.1714309538,-26.975727473860488
2024-09-16,850869.8821813765,1164621.1714309538,-26.940201410221277
2024-09-16,852480.205874068,1164621.1714309538,-26.80193123858143
2024-09-16,853930.3685493984,1164621.1714309538,-26.677413265621297
2024-09-16,855367.7267594989,1164621.1714309538,-26.553994745903463
2024-09-16,858050.3916619048,1164621.1714309538,-26.323648177576043
2024-09-16,859539.6287240386,1164621.1714309538,-26.195775088998747
2024-09-16,862100.4978568961,1164621.1714309538,-25.975886493833418
2024-09-16,862655.4025652498,1164621.1714309538,-25.92823969485999
2024-09-16,864820.8313577732,1164621.1714309538,-25.742305517666324
2024-09-16,866908.0371936435,1164621.1714309538,-25.563087941421696
2024-09-16,870161.0198341651,1164621.1714309538,-25.283771136925974
2024-09-16,873431.5611636499,1164621.1714309538,-25.002946658570814
2024-09-16,875153.8873778451,1164621.1714309538,-24.855059409356627
2024-09-16,876166.0916816654,1164621.1714309538,-24.7681466579272
2024-09-16,873841.3229103896,1164621.1714309538,-24.967762535459233
2024-09-16,872457.4541928133,1164621.1714309538,-25.086588188944138
2024-09-16,871866.0873103176,1164621.1714309538,-25.13736580633616
2024-09-16,873644.4690798925,1164621.1714309538,-24.984665356335768
2024-09-16,872122.9788760614,1164621.1714309538,-25.115307855472345
2024-09-16,874169.6709770603,1164621.1714309538,-24.939568984223406
2024-09-16,876763.0989733889,1164621.1714309538,-24.716884727750372
2024-09-17,878885.3966451322,1164621.1714309538,-24.534653996950954
2024-09-17,882375.1717849615,1164621.1714309538,-24.235005044533114
2024-09-17,886684.7977717136,1164621.1714309538,-23.864959737744048
2024-09-17,890497.6658651878,1164621.1714309538,-23.537568463481932
2024-09-18,891857.2205347988,1164621.1714309538,-23.42083053161516
2024-09-18,892674.4403354743,1164621.1714309538,-23.35066009158517
2024-09-18,892127.6765499864,1164621.1714309538,-23.397607871593
2024-09-18,892960.8231698432,1164621.1714309538,-23.32606987792651
2024-09-18,894695.9125195704,1164621.1714309538,-23.17708672423754
2024-09-18,894817.8739162845,1164621.1714309538,-23.166614529526857
2024-09-18,892785.4588884208,1164621.1714309538,-23.34112750230465
2024-09-18,894384.3849628628,1164621.1714309538,-23.20383598522898
2024-09-18,895871.7688953247,1164621.1714309538,-23.07612201531769
2024-09-19,894942.6321360624,1164621.1714309538,-23.155902186076624
2024-09-19,892014.7553523638,1164621.1714309538,-23.407303831136975
2024-09-19,892143.8610209,1164621.1714309538,-23.396218194734065
2024-09-19,891417.2522812719,1164621.1714309538,-23.45860833132546
2024-09-23,893734.3772831039,1164621.1714309538,-23.259648784764497
2024-09-23,899554.2762052014,1164621.1714309538,-22.759924147701042
2024-09-23,901268.477170349,1164621.1714309538,-22.61273457162272
2024-09-23,904448.6948293997,1164621.1714309538,-22.33966571995972
2024-09-23,906855.0043657067,1164621.1714309538,-22.133048358423142
2024-09-25,909211.7212477367,1164621.1714309538,-21.93068926176218
2024-09-25,911451.6012243036,1164621.1714309538,-21.738362346236954
2024-09-26,909885.1917502665,1164621.1714309538,-21.87286183091595
2024-09-26,912135.3081283426,1164621.1714309538,-21.67965596850565
2024-09-27,911297.4366694804,1164621.1714309538,-21.75159965967457
2024-09-27,913215.1832549999,1164621.1714309538,-21.586932673313402
2024-09-30,914844.6399420134,1164621.1714309538,-21.44701965035063
2024-09-30,916882.2219527415,1164621.1714309538,-21.27206301546269
2024-09-30,918921.7381652877,1164621.1714309538,-21.09694030066263
2024-09-30,921475.2226959626,1164621.1714309538,-20.8776857831153
2024-09-30,922566.2668211834,1164621.1714309538,-20.78400346374958
2024-09-30,926331.6939648312,1164621.1714309538,-20.460685698624186
2024-09-30,928594.1709678479,1164621.1714309538,-20.26641849324298
2024-09-30,930285.4148865908,1164621.1714309538,-20.1212001200732
2024-09-30,928393.9037274536,1164621.1714309538,-20.283614405983286
2024-09-30,928864.2430732915,1164621.1714309538,-20.243228797566083
2024-09-30,930672.5916311293,1164621.1714309538,-20.08795525435753
2024-10-01,933465.0127538977,1164621.1714309538,-19.848184486723504
2024-10-01,930970.7605228695,1164621.1714309538,-20.062353032875166
2024-10-01,931453.4867501665,1164621.1714309538,-20.020903826975548
2024-10-01,931507.5498222891,1164621.1714309538,-20.016261710427365
2024-10-01,928859.9002066392,1164621.1714309538,-20.243601697077
2024-10-01,927670.4461353492,1164621.1714309538,-20.345733969825268
2024-10-01,927904.9421868839,1164621.1714309538,-20.325599006002953
2024-10-01,927704.6391875446,1164621.1714309538,-20.34279798917902
2024-10-01,925921.0217040548,1164621.1714309538,-20.49594800286959
2024-10-02,927678.7857041535,1164621.1714309538,-20.34501789415974
2024-10-02,929944.9400521464,1164621.1714309538,-20.150434934173823
2024-10-02,926787.8167181684,1164621.1714309538,-20.42152079551867
2024-10-02,929171.32035878,1164621.1714309538,-20.216861658360532
2024-10-04,928143.7163692355,1164621.1714309538,-20.305096701201276
2024-10-04,927837.1184371297,1164621.1714309538,-20.331422680809663
2024-10-04,927666.7781773738,1164621.1714309538,-20.34604891841674
2024-10-04,924650.7440544235,1164621.1714309538,-20.60502017850851
2024-10-04,922778.5650043639,1164621.1714309538,-20.765774516140837
2024-10-04,918411.2182515025,1164621.1714309538,-21.1407760067539
2024-10-04,916415.2187967454,1164621.1714309538,-21.312162162503125
2024-10-04,916612.7918700818,1164621.1714309538,-21.29519758396179
2024-10-04,915795.6340014007,1164621.1714309538,-21.365362706211553
2024-10-04,912833.3780869985,1164621.1714309538,-21.619716309517813
2024-10-04,909816.155584456,1164621.1714309538,-21.87878960962236
2024-10-04,909517.9146743004,1164621.1714309538,-21.90439801495379
2024-10-07,907286.2208495524,1164621.1714309538,-22.09602202793699
2024-10-07,905668.744068205,1164621.1714309538,-22.234906398325005
2024-10-07,902140.339676112,1164621.1714309538,-22.537872244958006
2024-10-07,897042.4697998532,1164621.1714309538,-22.97559998006308
2024-10-07,898038.0852558936,1164621.1714309538,-22.890111627243837
2024-10-08,897262.5030045332,1164621.1714309538,-22.956706866140916
2024-10-08,897925.7847996525,1164621.1714309538,-22.899754286934037
2024-10-08,896997.5129759602,1164621.1714309538,-22.97946019014648
2024-10-08,895002.6006436704,1164621.1714309538,-23.15075300030883
2024-10-08,891204.0140698884,1164621.1714309538,-23.47691799429694
2024-10-08,891411.2359155134,1164621.1714309538,-23.45912492555422
2024-10-09,891964.3877418459,1164621.1714309538,-23.411628637499206
2024-10-09,892625.9943953421,1164621.1714309538,-23.354819894044603
2024-10-09,893442.6561187173,1164621.1714309538,-23.28469737322766
2024-10-09,894305.7497522152,1164621.1714309538,-23.21058798429757
2024-10-09,891085.9263917902,1164621.1714309538,-23.487057572813544
2024-10-09,892157.7139636768,1164621.1714309538,-23.395028714144438
2024-10-09,892882.4896306053,1164621.1714309538,-23.3327959740305
2024-10-10,893284.6921287592,1164621.1714309538,-23.29826092452082
2024-10-11,893860.0577010879,1164621.1714309538,-23.24885725692119
2024-10-11,895501.4276930323,1164621.1714309538,-23.107921300044527
2024-10-11,896080.9144173798,1164621.1714309538,-23.058163770423505
2024-10-14,896757.5546967431,1164621.1714309538,-23.000064167225325
2024-10-14,897104.6857815221,1164621.1714309538,-22.970257815314994
2024-10-14,897454.5134921359,1164621.1714309538,-22.940219918083226
2024-10-14,898964.8012120469,1164621.1714309538,-22.810539318334616
2024-10-15,899595.9557536499,1164621.1714309538,-22.75634534031964
2024-10-15,900150.4399523869,1164621.1714309538,-22.708734648333362
2024-10-15,900685.6440145343,1164621.1714309538,-22.662779442015946
2024-10-15,900954.7429605593,1164621.1714309538,-22.639673306508005
2024-10-15,901218.6904717939,1164621.1714309538,-22.61700949807747
2024-10-15,901397.7080809403,1164621.1714309538,-22.601638181331914
2024-10-15,901618.6998269268,1164621.1714309538,-22.582662762422522
2024-10-15,901478.24665529,1164621.1714309538,-22.594722750260818
2024-10-16,902050.734475025,1164621.1714309538,-22.54556618040115
2024-10-16,902678.1417451341,1164621.1714309538,-22.4916939612195
2024-10-17,898665.4081843005,1164621.1714309538,-22.836246650048196
2024-10-17,899062.133942839,1164621.1714309538,-22.802181859859726
2024-10-18,899398.1590067286,1164621.1714309538,-22.773329124555534
2024-10-18,900172.3111962955,1164621.1714309538,-22.706856677672587
2024-10-18,901362.4895818179,1164621.1714309538,-22.604662211805206
2024-10-21,901205.6192794605,1164621.1714309538,-22.618131853797426
2024-10-21,900270.221892317,1164621.1714309538,-22.698449592310993
2024-10-21,899543.4812575696,1164621.1714309538,-22.760851054054505
2024-10-21,898905.6323832739,1164621.1714309538,-22.815619839814424
2024-10-24,896347.2393561883,1164621.1714309538,-23.035295824576245
2024-10-25,897992.864387672,1164621.1714309538,-22.893994509448877
2024-10-25,898136.5707264822,1164621.1714309538,-22.881655188961204
2024-10-28,897182.0231685111,1164621.1714309538,-22.963617253655446
2024-10-28,896732.2465699159,1164621.1714309538,-23.002237245256886
2024-10-28,897363.6501344865,1164621.1714309538,-22.9480218849269
2024-10-28,898726.0603651666,1164621.1714309538,-22.831038760791678
2024-10-28,898930.433117881,1164621.1714309538,-22.81349032893008
2024-10-28,901048.8431628152,1164621.1714309538,-22.631593408549403
2024-10-28,902400.5160985382,1164621.1714309538,-22.515532240430485
2024-10-28,904021.4242848561,1164621.1714309538,-22.376353233034777
2024-10-28,904924.9422036514,1164621.1714309538,-22.29877281968155
2024-10-28,905877.1533232528,1164621.1714309538,-22.217011372872932
2024-10-29,906629.391857498,1164621.1714309538,-22.152420538299584
2024-10-29,907266.2499168135,1164621.1714309538,-22.097736828700437
2024-10-29,914235.13555888,1164621.1714309538,-21.499354641168672
2024-10-29,914784.1038504748,1164621.1714309538,-21.452217571616668
2024-10-29,915561.7241586174,1164621.1714309538,-21.38544733531853
2024-10-29,915026.3286279249,1164621.1714309538,-21.431418982050204
2024-10-29,915813.4753396991,1164621.1714309538,-21.363830762714723
2024-10-29,915128.5871517602,1164621.1714309538,-21.422638571188386
2024-10-29,918611.9126616264,1164621.1714309538,-21.12354341515699
2024-10-30,919314.5260251289,1164621.1714309538,-21.06321363748008
2024-10-30,919995.7417914881,1164621.1714309538,-21.004721160864506
2024-10-30,921055.7755399725,1164621.1714309538,-20.9137015422548
2024-10-30,921629.3782612652,1164621.1714309538,-20.86444924156135
2024-10-30,922384.8997185826,1164621.1714309538,-20.799576519353398
2024-10-31,922176.3576558476,1164621.1714309538,-20.817482948315085
2024-10-31,922753.4299703491,1164621.1714309538,-20.76793273158732
2024-10-31,924002.3404915025,1164621.1714309538,-20.66069524082292
2024-10-31,926785.1479019631,1164621.1714309538,-20.421749952970963
2024-10-31,927660.2248273412,1164621.1714309538,-20.34661162070942
2024-10-31,925281.5760462218,1164621.1714309538,-20.550853896177998
2024-10-31,924852.3768361678,1164621.1714309538,-20.587707013791054
2024-10-31,923675.9944528369,1164621.1714309538,-20.688716888262547
2024-10-31,923780.3906512666,1164621.1714309538,-20.679752926333077
2024-10-31,918772.3809368091,1164621.1714309538,-21.10976483383637
2024-10-31,918205.1146319285,1164621.1714309538,-21.158473059205793
2024-10-31,914944.3777404863,1164621.1714309538,-21.43845568114592
2024-10-31,914828.2531792775,1164621.1714309538,-21.448426696962684
2024-10-31,914170.5170583951,1164621.1714309538,-21.50490309778874
2024-11-01,915146.4783837046,1164621.1714309538,-21.421102343582092
2024-11-01,915716.8253910389,1164621.1714309538,-21.372129594217284
2024-11-01,915188.6670443672,1164621.1714309538,-21.417479821366495
2024-11-01,914624.9798128221,1164621.1714309538,-21.465880730209026
2024-11-01,914087.6526781069,1164621.1714309538,-21.512018233793555
2024-11-01,913432.5551802088,1164621.1714309538,-21.568268069703137
2024-11-01,912899.0556594658,1164621.1714309538,-21.614076915861016
2024-11-01,912554.6322966564,1164621.1714309538,-21.643650769682193
2024-11-01,911914.8988096763,1164621.1714309538,-21.69858137739166
2024-11-04,912593.7934323271,1164621.1714309538,-21.64028820538821
2024-11-04,912784.7957254734,1164621.1714309538,-21.62388782577707
2024-11-04,913871.971338867,1164621.1714309538,-21.530537675525405
2024-11-04,914896.6359286114,1164621.1714309538,-21.442555023751574
2024-11-04,913580.8594650592,1164621.1714309538,-21.555533947356015
2024-11-04,912574.9808754836,1164621.1714309538,-21.64190354240122
2024-11-04,912667.3661377367,1164621.1714309538,-21.633970897476036
2024-11-04,912027.8994561391,1164621.1714309538,-21.68887859598644
2024-11-04,911157.1341058133,1164621.1714309538,-21.76364671558501
2024-11-04,910296.9231039599,1164621.1714309538,-21.83750858783627
2024-11-04,910006.7157129728,1164621.1714309538,-21.862427196402393
2024-11-04,910148.844139797,1164621.1714309538,-21.85022336306064
2024-11-04,909318.6158122722,1164621.1714309538,-21.92151077804939
2024-11-04,909063.5637392222,1164621.1714309538,-21.94341078118402
2024-11-04,909084.617585398,1164621.1714309538,-21.94160299624139
2024-11-04,908950.0515941738,1164621.1714309538,-21.953157482328823
2024-11-04,908937.7141410802,1164621.1714309538,-21.954216835653
2024-11-04,907154.9573419531,1164621.1714309538,-22.107292946826266
2024-11-04,905364.4592022692,1164621.1714309538,-22.261033766897732
2024-11-05,905988.4624291186,1164621.1714309538,-22.207453835315118
2024-11-05,906543.1335014921,1164621.1714309538,-22.159827097455633
2024-11-05,907433.0473562304,1164621.1714309538,-22.083414794762824
2024-11-05,908348.4126454134,1164621.1714309538,-22.004817108954118
2024-11-05,908893.9250087324,1164621.1714309538,-21.957976782099276
2024-11-05,907585.8103959872,1164621.1714309538,-22.070297822179448
2024-11-05,908232.5221721546,1164621.1714309538,-22.014768024848628
2024-11-06,910556.747072531,1164621.1714309538,-21.815198846699424
2024-11-06,918083.8829527795,1164621.1714309538,-21.168882596841108
2024-11-06,923949.497633851,1164621.1714309538,-20.665232583861826
2024-11-06,926554.5473098577,1164621.1714309538,-20.441550433827935
2024-11-06,931643.1170729656,1164621.1714309538,-20.004621251366338
2024-11-06,936089.4857997036,1164621.1714309538,-19.62283455232541
2024-11-06,944943.7652543781,1164621.1714309538,-18.862563343809143
2024-11-06,948018.1234219804,1164621.1714309538,-18.598584099483286
2024-11-06,951399.9634877931,1164621.1714309538,-18.308202973948923
2024-11-06,954568.1185226921,1164621.1714309538,-18.03616987746946
2024-11-06,959665.4775461861,1164621.1714309538,-17.59848600665069
2024-11-06,966142.7470687286,1164621.1714309538,-17.042316354111744
2024-11-06,968679.1114372762,1164621.1714309538,-16.824531856391232
2024-11-06,970672.4657747776,1164621.1714309538,-16.653372823188
2024-11-06,970293.1673629526,1164621.1714309538,-16.685941217197097
2024-11-06,971637.4160221718,1164621.1714309538,-16.570517533325063
2024-11-06,973360.4969043831,1164621.1714309538,-16.422565484669267
2024-11-06,974007.457353217,1164621.1714309538,-16.36701433510198
2024-11-06,975795.5939069082,1164621.1714309538,-16.213476292212537
2024-11-06,977096.7747413872,1164621.1714309538,-16.10175061983099
2024-11-06,977538.0812128419,1164621.1714309538,-16.063857914264556
2024-11-06,979028.483291429,1164621.1714309538,-15.935884791746455
2024-11-06,979420.9968676274,1164621.1714309538,-15.902181679882526
2024-11-07,1022155.2461237148,1164621.1714309538,-12.232812591942928
2024-11-07,1032407.635990914,1164621.1714309538,-11.352492869212647
2024-11-07,1035910.8607923588,1164621.1714309538,-11.051689063873917
2024-11-07,1044572.9774608107,1164621.1714309538,-10.307917880510583
2024-11-07,1052289.6589373213,1164621.1714309538,-9.645326330072837
2024-11-07,1054653.7278076105,1164621.1714309538,-9.442335956182884
2024-11-07,1055206.2092432352,1164621.1714309538,-9.394897231112669
2024-11-07,1056158.878525595,1164621.1714309538,-9.31309644423626
2024-11-07,1055606.817206931,1164621.1714309538,-9.36049909603466
2024-11-07,1055427.0744271406,1164621.1714309538,-9.375932679434968
2024-11-07,1054919.8432482004,1164621.1714309538,-9.419485998864758
2024-11-07,1055525.0870271751,1164621.1714309538,-9.367516844102518
2024-11-08,1053163.85876377,1164621.1714309538,-9.570263309762588
2024-11-08,1054894.7318767982,1164621.1714309538,-9.421642182525003
2024-11-11,1057381.1548091546,1164621.1714309538,-9.208145897780211
2024-11-11,1057613.6073382783,1164621.1714309538,-9.18818640066424
2024-11-11,1061376.616769665,1164621.1714309538,-8.865076231993422
2024-11-12,1060103.49404944,1164621.1714309538,-8.974392699137907
2024-11-13,1057444.8117808404,1164621.1714309538,-9.202680002667933
2024-11-15,1057440.1891202545,1164621.1714309538,-9.203076926637657
2024-11-15,1057568.8497904418,1164621.1714309538,-9.19202949994274
2024-11-15,1061497.8578968889,1164621.1714309538,-8.854665883100745
2024-11-18,1063367.4885981283,1164621.1714309538,-8.694130359009057
2024-11-19,1066722.4686298033,1164621.1714309538,-8.40605556576511
2024-11-19,1068964.4484602015,1164621.1714309538,-8.213548346645648
2024-11-20,1075823.2318861976,1164621.1714309538,-7.624620067283459
2024-11-20,1085986.1005182168,1164621.1714309538,-6.751987070277893
2024-11-20,1089098.1688429639,1164621.1714309538,-6.484769849683897
2024-11-20,1092178.8474491239,1164621.1714309538,-6.220247901969792
2024-11-20,1096998.9096769837,1164621.1714309538,-5.806374073629756
2024-11-20,1102409.0126036538,1164621.1714309538,-5.341836500435652
2024-11-20,1109904.8208343692,1164621.1714309538,-4.69821019390841
2024-11-20,1113298.9301985933,1164621.1714309538,-4.406775567140134
2024-11-20,1117842.4272653966,1164621.1714309538,-4.016648959599524
2024-11-20,1120951.788293084,1164621.1714309538,-3.749664200609879
2024-11-20,1117679.1218831704,1164621.1714309538,-4.030671148636796
2024-11-20,1114082.220840663,1164621.1714309538,-4.339518448577946
2024-11-20,1116880.3159452733,1164621.1714309538,-4.099260485452278
2024-11-21,1119680.5818324764,1164621.1714309538,-3.8588161284462545
2024-11-21,1128828.4838701622,1164621.1714309538,-3.073333066478058
2024-11-21,1131539.4377289973,1164621.1714309538,-2.8405574716892183
2024-11-21,1136502.8656092735,1164621.1714309538,-2.414373575841118
2024-11-21,1140788.2926170607,1164621.1714309538,-2.0464061102899187
2024-11-21,1145133.7507733784,1164621.1714309538,-1.673284080318705
2024-11-21,1153435.138035315,1164621.1714309538,-0.9604868664627284
2024-11-21,1156905.780383517,1164621.1714309538,-0.662480747963473
2024-11-21,1165801.3768383118,1165801.3768383118,0.0
2024-11-21,1168341.9143010734,1168341.9143010734,0.0
2024-11-21,1170739.5047511135,1170739.5047511135,0.0
2024-11-21,1172923.0681845094,1172923.0681845094,0.0
2024-11-21,1161015.809193435,1172923.0681845094,-1.0151781744309096
2024-11-21,1165020.7028143255,1172923.0681845094,-0.6737326244606564
2024-11-21,1163270.6253230537,1172923.0681845094,-0.8229391273202691
2024-11-21,1166012.4905398039,1172923.0681845094,-0.5891756955042217
2024-11-21,1168901.4946379806,1172923.0681845094,-0.3428676317836894
2024-11-21,1174207.975351375,1174207.975351375,0.0
2024-11-21,1176299.6205143796,1176299.6205143796,0.0
2024-11-21,1168946.3411567884,1176299.6205143796,-0.6251195893760206
2024-11-22,1170379.784123502,1176299.6205143796,-0.5032592281453722
2024-11-22,1173044.1927031844,1176299.6205143796,-0.27675158220076523
2024-11-22,1175982.265946036,1176299.6205143796,-0.026979058975198412
2024-11-22,1179500.289188861,1179500.289188861,0.0
2024-11-22,1182586.3713407689,1182586.3713407689,0.0
2024-11-22,1186216.6935828517,1186216.6935828517,0.0
2024-11-22,1189364.4509170828,1189364.4509170828,0.0
2024-11-22,1191283.755029791,1191283.755029791,0.0
2024-11-22,1195019.659563767,1195019.659563767,0.0
2024-11-22,1198493.6469750982,1198493.6469750982,0.0
2024-11-25,1199150.6397360926,1199150.6397360926,0.0
2024-11-25,1205414.4802904495,1205414.4802904495,0.0
2024-11-25,1214231.2573122366,1214231.2573122366,0.0
2024-11-25,1223317.7729019693,1223317.7729019693,0.0
2024-11-25,1237333.685291738,1237333.685291738,0.0
2024-11-25,1239709.337934932,1239709.337934932,0.0
2024-11-25,1247260.4914856458,1247260.4914856458,0.0
2024-11-25,1249943.8963161637,1249943.8963161637,0.0
2024-11-25,1252824.0486449436,1252824.0486449436,0.0
2024-11-25,1256605.8237422246,1256605.8237422246,0.0
2024-11-25,1257649.5609030407,1257649.5609030407,0.0
2024-11-25,1256189.4920266056,1257649.5609030407,-0.11609504919531505
2024-11-25,1258075.8303026177,1258075.8303026177,0.0
2024-11-25,1253460.1721864177,1258075.8303026177,-0.3668823456444399
2024-11-25,1255501.9969187018,1258075.8303026177,-0.2045849162603208
2024-11-25,1255521.1398048056,1258075.8303026177,-0.20306331592091797
2024-11-26,1256851.9354058008,1258075.8303026177,-0.09728307843912176
2024-11-26,1250444.1837479249,1258075.8303026177,-0.6066126040158616
2024-11-26,1250618.3754561462,1258075.8303026177,-0.592766720959716
2024-11-26,1249376.953241253,1258075.8303026177,-0.691442983947341
2024-11-26,1249028.0149617104,1258075.8303026177,-0.7191788541658057
2024-11-26,1242938.0134939179,1258075.8303026177,-1.2032515404940742
2024-11-26,1243342.2337154076,1258075.8303026177,-1.1711215041517946
2024-11-26,1243244.8786078095,1258075.8303026177,-1.1788599174694234
2024-11-29,1243670.1001065425,1258075.8303026177,-1.1450605638461495
2024-12-02,1244174.453417613,1258075.8303026177,-1.1049713022195942
2024-12-05,1243566.1316036019,1258075.8303026177,-1.1533246525788294
2024-12-09,1249148.5517661737,1258075.8303026177,-0.7095978097199988
2024-12-09,1256496.9808979435,1258075.8303026177,-0.1254971573767918
2024-12-10,1253935.8500734437,1258075.8303026177,-0.32907239209723854
2024-12-10,1257601.022856193,1258075.8303026177,-0.03774076530113762
2024-12-10,1260506.428645996,1260506.428645996,0.0
2024-12-10,1267559.4090676655,1267559.4090676655,0.0
2024-12-11,1272414.324679771,1272414.324679771,0.0
2024-12-11,1272591.3719912416,1272591.3719912416,0.0
2024-12-11,1263396.92787274,1272591.3719912416,-0.7224977570070229
2024-12-11,1262694.071521946,1272591.3719912416,-0.7777280820165504
2024-12-11,1258963.9872894327,1272591.3719912416,-1.0708374268235021
2024-12-11,1255901.4172467683,1272591.3719912416,-1.3114936272401663
2024-12-12,1255081.152774935,1272591.3719912416,-1.3759498611803573
2024-12-12,1256097.722474556,1272591.3719912416,-1.2960679979212641
2024-12-12,1253296.2862809908,1272591.3719912416,-1.5162043476736355
2024-12-12,1248522.445540781,1272591.3719912416,-1.8913318902044494
2024-12-12,1249033.0868925347,1272591.3719912416,-1.8512057850781165
2024-12-12,1243892.6892840965,1272591.3719912416,-2.2551373000619894
2024-12-12,1236563.5434155017,1272591.3719912416,-2.831060257729598
2024-12-13,1238115.8093177045,1272591.3719912416,-2.7090834836945863
2024-12-13,1237272.1841380142,1272591.3719912416,-2.7753753978359086
2024-12-13,1228443.1227512783,1272591.3719912416,-3.469161445820889
2024-12-13,1219319.7718347986,1272591.3719912416,-4.186072711862578
2024-12-13,1217139.0305207106,1272591.3719912416,-4.357434970171446
2024-12-13,1216972.2978956164,1272591.3719912416,-4.370536789715716
2024-12-13,1209479.324290802,1272591.3719912416,-4.959333301284864
2024-12-13,1200024.5308823197,1272591.3719912416,-5.702289258442446
2024-12-16,1191668.8540283346,1272591.3719912416,-6.358876835404469
2024-12-16,1192465.4140456696,1272591.3719912416,-6.296283293214362
2024-12-16,1196217.5660826233,1272591.3719912416,-6.00143986432307
2024-12-16,1198929.3545571258,1272591.3719912416,-5.788348016131507
2024-12-16,1201497.3930171144,1272591.3719912416,-5.586552018098745
2024-12-16,1187567.4860987444,1272591.3719912416,-6.681161586021054
2024-12-16,1184348.14764805,1272591.3719912416,-6.934136619606039
2024-12-16,1188005.3527090729,1272591.3719912416,-6.646754106922459
2024-12-16,1183261.9987313682,1272591.3719912416,-7.019486005165857
2024-12-16,1183585.472221405,1272591.3719912416,-6.994067516784103
2024-12-16,1177894.4385986228,1272591.3719912416,-7.441267910251911
2024-12-16,1172368.8268093022,1272591.3719912416,-7.8754694859450245
2024-12-16,1165229.486416669,1272591.3719912416,-8.436477563617442
2024-12-16,1151178.8263396597,1272591.3719912416,-9.540575892920437
2024-12-16,1150205.1050247692,1272591.3719912416,-9.617090737851921
2024-12-17,1133803.0012461364,1272591.3719912416,-10.905965088223182
2024-12-17,1126146.6868368401,1272591.3719912416,-11.507596890685925
2024-12-17,1123249.1725169027,1272591.3719912416,-11.735283042243251
2024-12-17,1113952.8777784822,1272591.3719912416,-12.465784202554788
2024-12-17,1110759.3090328244,1272591.3719912416,-12.716734257375666
2024-12-17,1108076.4763275133,1272591.3719912416,-12.927550766457694
2024-12-17,1096866.540882345,1272591.3719912416,-13.808425467629679
2024-12-17,1083337.523193385,1272591.3719912416,-14.871533232362596
2024-12-17,1079863.7080246003,1272591.3719912416,-15.14450500046041
2024-12-17,1077628.2645239339,1272591.3719912416,-15.32016574670361
2024-12-17,1066330.8140367423,1272591.3719912416,-16.207917364060112
2024-12-17,1060827.381498278,1272591.3719912416,-16.640376098229677
2024-12-17,1059308.414686066,1272591.3719912416,-16.75973623579175
2024-12-17,1058325.3465079656,1272591.3719912416,-16.8369855555449
2024-12-17,1055630.3803606604,1272591.3719912416,-17.048755508305806
2024-12-18,1043585.2134838981,1272591.3719912416,-17.995262544410807
2024-12-18,1036950.0594434423,1272591.3719912416,-18.516651749656926
2024-12-18,1017161.1581513572,1272591.3719912416,-20.071660036497743
2024-12-18,1003345.3319724813,1272591.3719912416,-21.157305160529823
2024-12-18,996292.3902469013,1272591.3719912416,-21.711524046561102
2024-12-18,989031.5308398205,1272591.3719912416,-22.282081066425196
2024-12-18,982114.7813798588,1272591.3719912416,-22.825597988839885
2024-12-18,970529.0482089018,1272591.3719912416,-23.736002807381812
2024-12-19,976667.6998991532,1272591.3719912416,-23.253628667075784
2024-12-19,962471.5996199423,1272591.3719912416,-24.369155661180585
2024-12-19,959712.645529234,1272591.3719912416,-24.58595377496878
2024-12-19,955972.7401872636,1272591.3719912416,-24.879834860781774
2024-12-20,950567.4187537719,1272591.3719912416,-25.304584042055406
2024-12-20,945621.8118969315,1272591.3719912416,-25.693208934985645
2024-12-20,930834.9457795989,1272591.3719912416,-26.85515820187368
2024-12-20,923485.365191962,1272591.3719912416,-27.432686916070203
2024-12-20,916153.0885853472,1272591.3719912416,-28.00885588656557
2024-12-20,912412.0571249692,1272591.3719912416,-28.3028254625595
2024-12-23,906167.1442055266,1272591.3719912416,-28.793549591049473
2024-12-23,906777.1407598121,1272591.3719912416,-28.745616172065887
2024-12-23,893300.8059326924,1272591.3719912416,-29.804584127037415
2024-12-23,887628.5376122264,1272591.3719912416,-30.25030994644089
2024-12-23,877698.2271244145,1272591.3719912416,-31.030631949746144
2024-12-23,875044.52836162,1272591.3719912416,-31.239159118890964
2024-12-23,868634.8012413288,1272591.3719912416,-31.742834317494722
2024-12-24,861330.7063921435,1272591.3719912416,-32.316788770584914
2024-12-24,855355.8791305423,1272591.3719912416,-32.78628961689761
2024-12-24,852251.9215207163,1272591.3719912416,-33.03019804486135
2024-12-24,847402.2959812372,1272591.3719912416,-33.41128074322122
2024-12-24,832741.0134232051,1272591.3719912416,-34.563361676717676
2024-12-26,828024.509135607,1272591.3719912416,-34.93398373116538
2024-12-26,824513.098340122,1272591.3719912416,-35.20990975681418
2024-12-26,814681.7922914209,1272591.3719912416,-35.9824520091884
2024-12-26,812174.4289854643,1272591.3719912416,-36.17948016458389
2024-12-26,808294.6742535593,1272591.3719912416,-36.48435059018125
2024-12-26,808721.0735506798,1272591.3719912416,-36.45084421048191
2024-12-26,805795.7332520464,1272591.3719912416,-36.68071692241583
2024-12-26,801276.7054779405,1272591.3719912416,-37.03582130812567
2024-12-26,797430.1183751308,1272591.3719912416,-37.338085427423515
2024-12-26,793152.2309178158,1272591.3719912416,-37.67424105062418
2024-12-26,788195.9980558468,1272591.3719912416,-38.063700933116856
2024-12-26,786194.117303371,1272591.3719912416,-38.221008360821905
2024-12-26,786832.6254155253,1272591.3719912416,-38.170834508774234
2024-12-26,783454.5408472435,1272591.3719912416,-38.43628378358709
2024-12-26,778187.7874061987,1272591.3719912416,-38.850144317059346
2024-12-26,773419.1531248633,1272591.3719912416,-39.224862736992826
2024-12-26,768271.8097717051,1272591.3719912416,-39.62934004734141
2024-12-26,747592.900276582,1272591.3719912416,-41.25428501791483
2024-12-26,744690.9178887999,1272591.3719912416,-41.48232226943583
2024-12-26,745884.7767020577,1272591.3719912416,-41.388509059670795
2024-12-26,745382.906662988,1272591.3719912416,-41.42794591663176
2024-12-26,743692.8867906638,1272591.3719912416,-41.560747372740934
2024-12-26,738067.9077611497,1272591.3719912416,-42.0027572082086
2024-12-26,735191.9854049345,1272591.3719912416,-42.228746667159214
2024-12-26,728580.5415514755,1272591.3719912416,-42.748272730196554
2024-12-26,723856.2794510586,1272591.3719912416,-43.11950439217338
2024-12-26,724911.1854716844,1272591.3719912416,-43.036610067738735
2024-12-26,723214.8208458085,1272591.3719912416,-43.16991009343525
2024-12-26,723856.326369413,1272591.3719912416,-43.11950070533758
2024-12-26,723269.1531509468,1272591.3719912416,-43.16564067071762
2024-12-26,724765.9077062919,1272591.3719912416,-43.048025968285444
2024-12-26,720208.6333648439,1272591.3719912416,-43.40613576234425
2025-01-02,716087.2460183398,1272591.3719912416,-43.729993635123584
2025-01-02,716395.9349741192,1272591.3719912416,-43.705736912771584
2025-01-02,718292.1863983438,1272591.3719912416,-43.55672981858883
2025-01-06,718967.7358791215,1272591.3719912416,-43.50364526248968
2025-01-06,719576.1713233576,1272591.3719912416,-43.45583451525161
2025-01-06,720122.8102702871,1272591.3719912416,-43.412879725602664
2025-01-06,720603.9514825643,1272591.3719912416,-43.37507173610448
2025-01-06,721067.8115833866,1272591.3719912416,-43.33862169322099
2025-01-07,721852.7448071847,1272591.3719912416,-43.276941782365576
2025-01-08,722466.0666128125,1272591.3719912416,-43.22874706573253
2025-01-08,723039.4279774119,1272591.3719912416,-43.18369243333294
2025-01-08,723583.8510207523,1272591.3719912416,-43.140911768987515
2025-01-08,724623.4621862256,1272591.3719912416,-43.059219311506325
2025-01-10,725702.0412643519,1272591.3719912416,-42.974464762492005
2025-01-10,719656.2144217647,1272591.3719912416,-43.449544743045955
2025-01-10,719340.1189997372,1272591.3719912416,-43.474383464177066
2025-01-13,719453.2750367437,1272591.3719912416,-43.465491683241176
2025-01-13,718696.3295041864,1272591.3719912416,-43.524972326377465
2025-01-13,717873.1263465694,1272591.3719912416,-43.58965948171539
2025-01-13,717478.5646720144,1272591.3719912416,-43.62066406678794
2025-01-13,715879.5873477488,1272591.3719912416,-43.74631141592592
2025-01-13,715583.749869056,1272591.3719912416,-43.76955827153125
2025-01-13,715503.6275109999,1272591.3719912416,-43.77585427194581
2025-01-13,715496.3499813991,1272591.3719912416,-43.77642613890648
2025-01-13,715417.2783936939,1272591.3719912416,-43.78263956997678
2025-01-13,715049.5451929644,1272591.3719912416,-43.81153597842516
2025-01-13,714646.5516332594,1272591.3719912416,-43.8432031395088
2025-01-13,714393.0370683582,1272591.3719912416,-43.863124268197936
2025-01-13,713886.0699808183,1272591.3719912416,-43.90296165030643
2025-01-13,712948.4459080278,1272591.3719912416,-43.97663998047799
2025-01-13,713384.5282569305,1272591.3719912416,-43.94237270831974
2025-01-13,713703.6403664815,1272591.3719912416,-43.91729693642827
2025-01-13,714273.7989892444,1272591.3719912416,-43.872493974903335
2025-01-14,714184.5111710452,1272591.3719912416,-43.879510195519345
2025-01-14,714783.68771844,1272591.3719912416,-43.8324270107216
2025-01-15,716794.6381388467,1272591.3719912416,-43.67440689014981
2025-01-15,717512.0399408194,1272591.3719912416,-43.618033586215645
2025-01-15,718921.0602424884,1272591.3719912416,-43.50731302558004
2025-01-15,719983.4214367705,1272591.3719912416,-43.423832874946946
2025-01-15,720646.5345281234,1272591.3719912416,-43.371725568081004
2025-01-15,721714.5874946713,1272591.3719912416,-43.287798159012006
2025-01-15,723211.2730725438,1272591.3719912416,-43.17018887681716
2025-01-15,723736.6402653793,1272591.3719912416,-43.1289056177602
2025-01-15,724340.1330516009,1272591.3719912416,-43.08148326369558
2025-01-15,725165.2835606394,1272591.3719912416,-43.01664308583492
2025-01-15,724970.4478929121,1272591.3719912416,-43.03195323738989
2025-01-16,724887.1594541903,1272591.3719912416,-43.038498027850906
2025-01-16,724889.5455283567,1272591.3719912416,-43.03831053057417
2025-01-21,726052.115183346,1272591.3719912416,-42.94695601721061
2025-01-21,727391.6840313027,1272591.3719912416,-42.841692939254905
2025-01-21,728018.9551118463,1272591.3719912416,-42.792402091120195
2025-01-23,727731.399459397,1272591.3719912416,-42.8149981623162
2025-01-24,727879.960413992,1272591.3719912416,-42.803324269355365
2025-01-27,727183.550327177,1272591.3719912416,-42.85804804810654
2025-01-30,727863.6673173989,1272591.3719912416,-42.8046045779408
2025-01-30,728632.7096788244,1272591.3719912416,-42.744173368178465
2025-01-30,729713.3027083441,1272591.3719912416,-42.659260563227654
2025-01-30,730270.1004146995,1272591.3719912416,-42.615507500099135
2025-01-30,730760.3743130792,1272591.3719912416,-42.57698186577769
2025-01-30,732038.1371668222,1272591.3719912416,-42.476575491676336
2025-01-30,733236.6289301376,1272591.3719912416,-42.38239822553315
2025-01-30,735018.497331086,1272591.3719912416,-42.2423793286456
2025-01-30,738558.8820363113,1272591.3719912416,-41.96417653840621
2025-01-31,739147.7599911895,1272591.3719912416,-41.91790261514703
2025-02-04,738499.3730118606,1272591.3719912416,-41.96885274679175
2025-02-04,738006.5990079026,1272591.3719912416,-42.00757483895767
2025-02-04,737570.7139331074,1272591.3719912416,-42.041826609352206
2025-02-04,735244.3913939366,1272591.3719912416,-42.2246286140154
2025-02-05,735570.4660098064,1272591.3719912416,-42.19900572963582
2025-02-05,734507.6621825813,1272591.3719912416,-42.282520662285584
2025-02-05,733724.8748233427,1272591.3719912416,-42.34403195149178
2025-02-05,734087.1175233962,1272591.3719912416,-42.31556698559415
2025-02-05,732128.687348524,1272591.3719912416,-42.469460074764456
2025-02-05,732423.4167902247,1272591.3719912416,-42.44630028850569
2025-02-05,732489.2130459619,1272591.3719912416,-42.44113003062203
2025-02-05,732048.1729731422,1272591.3719912416,-42.4757868798296
2025-02-05,732095.3717784736,1272591.3719912416,-42.47207800623748
2025-02-06,731896.2237896735,1272591.3719912416,-42.48772701920293
2025-02-06,731238.3323993436,1272591.3719912416,-42.53942400574627
2025-02-07,729953.076573381,1272591.3719912416,-42.64041917625034
2025-02-07,729497.8401111173,1272591.3719912416,-42.676191575174535
2025-02-10,731833.608944704,1272591.3719912416,-42.49264728240348
2025-02-10,731763.5463653677,1272591.3719912416,-42.49815278722446
2025-02-10,730974.4782779539,1272591.3719912416,-42.560157614915475
2025-02-11,731258.2502431525,1272591.3719912416,-42.537858865179764
2025-02-13,729972.7181745218,1272591.3719912416,-42.63887574278276
2025-02-13,726237.562261851,1272591.3719912416,-42.93238361929981
2025-02-13,724679.4083826267,1272591.3719912416,-43.05482306950496
2025-02-13,714043.1223188204,1272591.3719912416,-43.89062050597222
2025-02-14,707847.1178527535,1272591.3719912416,-44.37750141703577
2025-02-14,698479.320420932,1272591.3719912416,-45.11362124607118
2025-02-14,697901.0347114516,1272591.3719912416,-45.15906283260148
2025-02-14,699442.3606332565,1272591.3719912416,-45.037945720248814
2025-02-14,703522.1810399019,1272591.3719912416,-44.71735417009068
2025-02-18,701223.4271795482,1272591.3719912416,-44.897989832955254
2025-02-18,702690.1309027006,1272591.3719912416,-44.78273651948532
2025-02-18,704115.6473807411,1272591.3719912416,-44.670719692291996
2025-02-18,704294.0562717717,1272591.3719912416,-44.656700353880844
2025-02-18,704476.330579103,1272591.3719912416,-44.64237727175543
2025-02-18,706071.217421608,1272591.3719912416,-44.517051351934875
2025-02-18,708728.9430421806,1272591.3719912416,-44.30820775303368
2025-02-19,707591.301528411,1272591.3719912416,-44.397603417565776
2025-02-20,708874.3261371898,1272591.3719912416,-44.29678357570474
2025-02-20,709974.1418575558,1272591.3719912416,-44.21036025518158
2025-02-21,712391.9687374097,1272591.3719912416,-44.020367855966214
2025-02-21,704576.5529764177,1272591.3719912416,-44.63450181388886
2025-02-21,699673.6839627563,1272591.3719912416,-45.01976837482663
2025-02-21,699420.1344756156,1272591.3719912416,-45.03969224769903
2025-02-24,697229.3214547762,1272591.3719912416,-45.21184593890404
2025-02-24,690121.1053740524,1272591.3719912416,-45.7704082737721
2025-02-25,697313.0715667988,1272591.3719912416,-45.20526487023849
2025-02-25,698716.6323345269,1272591.3719912416,-45.0949733187932
2025-02-26,700378.8044671416,1272591.3719912416,-44.964360133037125
2025-02-26,701912.3840304395,1272591.3719912416,-44.84385172813584
2025-02-26,709800.8518091167,1272591.3719912416,-44.223977355867085
2025-02-26,712590.0559070607,1272591.3719912416,-44.00480220197776
2025-02-26,707139.6912510298,1272591.3719912416,-44.4330908715373
2025-02-26,705873.2122779358,1272591.3719912416,-44.532610560336735
2025-02-26,705932.0838750352,1272591.3719912416,-44.527984440877255
2025-02-26,707389.7599870217,1272591.3719912416,-44.41344051546106
2025-02-27,707338.1075719487,1272591.3719912416,-44.41749935290172
2025-02-27,709538.5570131424,1272591.3719912416,-44.244588433526985
2025-02-27,713500.4282117084,1272591.3719912416,-43.93326531082131
2025-02-28,715251.6537189652,1272591.3719912416,-43.79565432698157
2025-02-28,716676.7313093016,1272591.3719912416,-43.683671987504724
2025-02-28,717000.1646054541,1272591.3719912416,-43.65825665755113
2025-02-28,718393.6183511588,1272591.3719912416,-43.54875931406967
2025-02-28,720443.413885098,1272591.3719912416,-43.387686751497455
2025-02-28,721672.9486616208,1272591.3719912416,-43.291070130987215
2025-02-28,725310.7102237591,1272591.3719912416,-43.005215484931725
2025-02-28,725643.0261282818,1272591.3719912416,-42.97910216121787
2025-02-28,727297.8771700418,1272591.3719912416,-42.84906426545792
2025-03-03,726387.168828702,1272591.3719912416,-42.9206275623169
2025-03-04,725740.4302962563,1272591.3719912416,-42.97144815930348
2025-03-04,720866.866792733,1272591.3719912416,-43.35441189855134
2025-03-04,713600.8766778896,1272591.3719912416,-43.92537208850408
2025-03-04,708647.807245883,1272591.3719912416,-44.314583389242074
2025-03-04,705286.0608090991,1272591.3719912416,-44.57874881663482
2025-03-04,701207.9761949335,1272591.3719912416,-44.89920396853363
2025-03-04,701170.376117172,1272591.3719912416,-44.902158575848205
2025-03-04,695728.8671067499,1272591.3719912416,-45.3297513703764
2025-03-04,680205.4327585031,1272591.3719912416,-46.549580035720645
2025-03-04,677332.9561469475,1272591.3719912416,-46.775298728678706
2025-03-04,676065.7603770432,1272591.3719912416,-46.87487474324193
2025-03-05,672614.244411578,1272591.3719912416,-47.146094243973295
2025-03-05,666414.870348554,1272591.3719912416,-47.6332399373567
2025-03-05,661704.2993321872,1272591.3719912416,-48.00339575642344
2025-03-05,660370.3191147123,1272591.3719912416,-48.10821968080597
2025-03-05,655716.0255307606,1272591.3719912416,-48.47395322940524
2025-03-05,655352.881112243,1272591.3719912416,-48.502489052176806
2025-03-05,652879.1907881101,1272591.3719912416,-48.69687119074673
2025-03-05,646420.3267324979,1272591.3719912416,-49.20440756084689
2025-03-05,643926.3473022358,1272591.3719912416,-49.400384013709356
2025-03-05,639218.2134005694,1272591.3719912416,-49.770348324743416
2025-03-05,634424.1456053464,1272591.3719912416,-50.14706530560128
2025-03-05,633028.1918132177,1272591.3719912416,-50.25675910227887
2025-03-05,631710.3106055182,1272591.3719912416,-50.36031796938304
2025-03-05,627579.5696995043,1272591.3719912416,-50.684910843178066
2025-03-05,623867.9650170815,1272591.3719912416,-50.97656806827894
2025-03-05,619305.1156171631,1272591.3719912416,-51.335115949424704
2025-03-05,616060.6178681108,1272591.3719912416,-51.590067996127296
2025-03-05,613580.5332457708,1272591.3719912416,-51.7849525974946
2025-03-05,610709.3770793943,1272591.3719912416,-52.01056753010916
2025-03-05,610875.069086372,1272591.3719912416,-51.9975474821484
2025-03-05,606635.6283228707,1272591.3719912416,-52.33068197109812
2025-03-05,603064.4253187444,1272591.3719912416,-52.61130645769497
2025-03-05,602521.4557029273,1272591.3719912416,-52.65397291196832
2025-03-05,604087.5181467552,1272591.3719912416,-52.53091200818603
2025-03-05,597494.7781389683,1272591.3719912416,-53.04896832641103
2025-03-05,594865.3173973516,1272591.3719912416,-53.25559087623253
2025-03-05,594760.5445378443,1272591.3719912416,-53.26382390859573
2025-03-05,591867.0885741126,1272591.3719912416,-53.49119115525591
2025-03-06,587617.02411463,1272591.3719912416,-53.825160452315714
2025-03-06,577724.1799777778,1272591.3719912416,-54.6025383565343
2025-03-07,570023.0846267266,1272591.3719912416,-55.20768903730634
2025-03-07,564464.6013556998,1272591.3719912416,-55.64447364809065
2025-03-07,563650.2624190974,1272591.3719912416,-55.7084642545434
2025-03-07,560123.8640545678,1272591.3719912416,-55.98556800065884
2025-03-07,557767.9391821023,1272591.3719912416,-56.170696151321934
2025-03-07,557164.7145419207,1272591.3719912416,-56.2180974345192
2025-03-07,553970.2518306106,1272591.3719912416,-56.469117736999465
2025-03-07,550724.2930838299,1272591.3719912416,-56.724184588639496
2025-03-10,553293.3329033363,1272591.3719912416,-56.5223099039568
2025-03-11,548907.4647124382,1272591.3719912416,-56.86695063368574
2025-03-11,551254.1554744196,1272591.3719912416,-56.68254809775549
2025-03-12,552716.2635346066,1272591.3719912416,-56.56765591065075
2025-03-12,550923.0904399216,1272591.3719912416,-56.70856312832889
2025-03-12,553383.3175035329,1272591.3719912416,-56.515238930337375
2025-03-12,551239.8578895642,1272591.3719912416,-56.68367159938924
2025-03-12,547145.1666152474,1272591.3719912416,-57.00543169964121
2025-03-13,543422.9186051246,1272591.3719912416,-57.29792527550905
2025-03-14,545714.2430717328,1272591.3719912416,-57.11787341306219
2025-03-14,546884.9730383989,1272591.3719912416,-57.025877663881985
2025-03-17,543192.0293290182,1272591.3719912416,-57.31606851309403
2025-03-17,539434.0504743585,1272591.3719912416,-57.61136981226751
2025-03-17,539802.7091737902,1272591.3719912416,-57.582400678298384
2025-03-17,539609.2980806557,1272591.3719912416,-57.597598887039325
2025-03-17,539293.8288765994,1272591.3719912416,-57.622388400075444
2025-03-17,536077.7810051572,1272591.3719912416,-57.87510486053754
2025-05-16,537618.5464011205,1272591.3719912416,-57.754031794204195
2025-05-16,539060.3693920188,1272591.3719912416,-57.6407336041778
2025-05-16,540981.8118723372,1272591.3719912416,-57.48974700136027
2025-05-16,542657.3838949868,1272591.3719912416,-57.35808085466718
2025-05-16,543936.8295747896,1272591.3719912416,-57.257542244398216
2025-05-16,544986.3325489461,1272591.3719912416,-57.17507249037857
2025-05-16,549589.0394249924,1272591.3719912416,-56.8133926159626
2025-05-16,552966.57761639,1272591.3719912416,-56.54798627534655
2025-05-16,555161.3473055422,1272591.3719912416,-56.37552166986065
2025-05-16,556257.5840414617,1272591.3719912416,-56.28937958528844
2025-05-16,558393.7939246186,1272591.3719912416,-56.12151659877341
2025-05-16,560828.6292340616,1272591.3719912416,-55.93018768023508
2025-05-19,562330.3720173074,1272591.3719912416,-55.812181003756045
2025-05-19,564574.3832728278,1272591.3719912416,-55.63584700488497
2025-05-19,566765.8461005717,1272591.3719912416,-55.46364225197086
2025-05-21,566392.4267412783,1272591.3719912416,-55.49298547773147
2025-05-27,568270.021160196,1272591.3719912416,-55.34544444765361
2025-05-27,570322.9663807094,1272591.3719912416,-55.18412438327967
2025-05-27,569022.7934645878,1272591.3719912416,-55.2862917360323
2025-05-27,570037.9815387406,1272591.3719912416,-55.206518440652786
2025-05-30,567969.0880398506,1272591.3719912416,-55.36909171785902
2025-05-30,566481.8949937118,1272591.3719912416,-55.485955078625935
2025-05-30,566795.2185173685,1272591.3719912416,-55.46133417276779
2025-06-02,566594.9664528529,1272591.3719912416,-55.477069943803414
2025-06-04,567139.5743677134,1272591.3719912416,-55.43427475228736
2025-06-04,567711.1236329864,1272591.3719912416,-55.38936251432533
2025-06-05,568019.245551362,1272591.3719912416,-55.36515034967003
2025-06-05,567296.0251352598,1272591.3719912416,-55.42198087925083
2025-06-05,560976.0027585161,1272591.3719912416,-55.91860709532007
2025-06-06,562447.1448051109,1272591.3719912416,-55.80300501919623
2025-06-06,563805.3231091559,1272591.3719912416,-55.69627961354462
2025-06-06,564004.4969071181,1272591.3719912416,-55.68062857249988
2025-06-10,563775.2521731437,1272591.3719912416,-55.69864258226137
2025-06-10,566464.7571546572,1272591.3719912416,-55.48730176692131
2025-06-11,566441.4106354071,1272591.3719912416,-55.48913633218429
2025-06-12,569882.8754544382,1272591.3719912416,-55.218706648723035
2025-06-13,568904.609025128,1272591.3719912416,-55.295578647924124
2025-06-13,570638.2574416798,1272591.3719912416,-55.159348868695055
2025-06-13,572426.787598192,1272591.3719912416,-55.01880649225935
2025-06-13,572704.3116870077,1272591.3719912416,-54.996998699520546
2025-06-13,573064.9319913303,1272591.3719912416,-54.968661221186224
2025-06-16,574442.8012270876,1272591.3719912416,-54.860388505679644
2025-06-17,572071.7550367747,1272591.3719912416,-55.04670488676613
2025-06-17,569957.1513083744,1272591.3719912416,-55.212870065545516
2025-06-18,572598.955317579,1272591.3719912416,-55.00527758398791
2025-06-18,574902.9133397165,1272591.3719912416,-54.82423297903098
2025-06-18,575945.153346563,1272591.3719912416,-54.74233394766982
2025-06-18,575343.8909718572,1272591.3719912416,-54.78958103640067
2025-06-18,572364.5168376956,1272591.3719912416,-55.023699717364195
2025-06-18,572209.6254458019,1272591.3719912416,-55.03587105494378
2025-06-18,571465.4675656257,1272591.3719912416,-55.09434684666723
2025-06-20,570182.2943630371,1272591.3719912416,-55.19517836500298
2025-06-20,567479.7254981264,1272591.3719912416,-55.4075457379392
2025-06-20,565314.412876815,1272591.3719912416,-55.577695612358305
2025-06-20,565029.0673515226,1272591.3719912416,-55.60011801216177
2025-06-20,565072.7794353586,1272591.3719912416,-55.59668312451457
2025-06-20,564665.2528276362,1272591.3719912416,-55.62870649169211
2025-06-20,563676.5407263259,1272591.3719912416,-55.70639930991098
2025-06-20,563404.367946675,1272591.3719912416,-55.72778659774281
2025-06-20,564952.0682819234,1272591.3719912416,-55.6061685851339
2025-06-20,566605.3993410015,1272591.3719912416,-55.47625012933837
2025-06-20,567026.0875274746,1272591.3719912416,-55.443192527681454
2025-06-23,568130.2137104209,1272591.3719912416,-55.35643049178782
2025-06-23,569590.2153018863,1272591.3719912416,-55.2417038306145
2025-06-23,572490.7621905813,1272591.3719912416,-55.01377938035231
2025-06-23,573527.8483648727,1272591.3719912416,-54.93228533622182
2025-06-23,576451.693382549,1272591.3719912416,-54.702530123195245
2025-06-24,577173.514675758,1272591.3719912416,-54.64580953643852
2025-06-24,579187.9176011799,1272591.3719912416,-54.48751811864664
2025-06-24,580702.5839238594,1272591.3719912416,-54.36849591277474
2025-06-24,583667.5698499462,1272591.3719912416,-54.13550785460117
2025-06-24,581259.7743149907,1272591.3719912416,-54.324711992547506
2025-06-24,580269.933092524,1272591.3719912416,-54.40249353690278
2025-06-24,581431.275878281,1272591.3719912416,-54.31123543070174
2025-06-25,581542.0449449526,1272591.3719912416,-54.30253121746335
2025-06-25,580707.943134109,1272591.3719912416,-54.368074787001966
2025-06-26,582618.2239220579,1272591.3719912416,-54.21796526795345
2025-06-26,583663.0497706549,1272591.3719912416,-54.13586304161492
2025-06-26,584457.6960965794,1272591.3719912416,-54.073419876949956
2025-06-26,584232.9746247297,1272591.3719912416,-54.09107844959124
2025-06-26,582556.1123474172,1272591.3719912416,-54.222845984262534
2025-06-27,584011.2124714277,1272591.3719912416,-54.10850447951591
2025-06-30,585024.3171669578,1272591.3719912416,-54.028894895652016
2025-06-30,584554.4622642299,1272591.3719912416,-54.06581600898572
2025-06-30,585671.6925265886,1272591.3719912416,-53.978024256900326
2025-07-01,584308.716566288,1272591.3719912416,-54.08512666151335
2025-07-01,583624.3014717838,1272591.3719912416,-54.138907875936745
2025-07-03,583379.1853982777,1272591.3719912416,-54.15816905269002
2025-07-03,586515.2706112242,1272591.3719912416,-53.911736043479884
2025-07-07,578317.7685068147,1272591.3719912416,-54.55589427720913
2025-07-07,577488.8911132346,1272591.3719912416,-54.62102731298346
2025-07-07,576766.0413203004,1272591.3719912416,-54.6778287190627
2025-07-08,574020.314621187,1272591.3719912416,-54.89358742681012
2025-07-09,574386.0764692606,1272591.3719912416,-54.86484592689712
2025-07-10,574968.6062494935,1272591.3719912416,-54.81907084205419
2025-07-11,574065.6291691503,1272591.3719912416,-54.89002661782142
2025-07-11,573026.1618117212,1272591.3719912416,-54.9717077748925
2025-07-11,574642.7793699502,1272591.3719912416,-54.84467425935801
2025-07-14,575137.1124019144,1272591.3719912416,-54.80582965905314
2025-07-14,575682.0743290987,1272591.3719912416,-54.763006649312665
2025-07-16,576161.033515109,1272591.3719912416,-54.72537012304415
2025-07-17,575513.8268913683,1272591.3719912416,-54.77622750256009
2025-07-17,575970.1924186682,1272591.3719912416,-54.74036638190941
2025-07-18,576068.8323416087,1272591.3719912416,-54.73261527459316
2025-07-18,576449.3744107023,1272591.3719912416,-54.70271234758383
2025-07-21,576849.713274473,1272591.3719912416,-54.67125379202689
2025-07-21,577034.7355112773,1272591.3719912416,-54.65671477810014
2025-07-21,577710.4594986212,1272591.3719912416,-54.603616509306555
2025-07-21,577681.7322778606,1272591.3719912416,-54.60587388912169
2025-07-21,577083.6988173866,1272591.3719912416,-54.65286725035581
2025-07-21,576962.5877422907,1272591.3719912416,-54.66238413674696
2025-07-21,576976.9182105499,1272591.3719912416,-54.66125805114127
2025-07-21,576798.401308233,1272591.3719912416,-54.67528587705978
2025-07-22,576744.6742703791,1272591.3719912416,-54.67950773798359
2025-07-22,577297.2638946326,1272591.3719912416,-54.63608534518606
2025-07-23,577658.5929510405,1272591.3719912416,-54.60769217324098
2025-07-23,578641.8123268447,1272591.3719912416,-54.53043097239959
2025-07-23,579067.2555832182,1272591.3719912416,-54.49699971820935
2025-07-23,580008.1324101951,1272591.3719912416,-54.42306578720173
2025-07-24,580840.2430008339,1272591.3719912416,-54.3576786873869
2025-07-24,580940.6620996802,1272591.3719912416,-54.349787772749536
2025-07-24,580854.6399450732,1272591.3719912416,-54.35654737811072
2025-07-24,580960.4443685325,1272591.3719912416,-54.348233285638614
2025-07-24,580341.1507851973,1272591.3719912416,-54.396897263484554
2025-07-24,580666.6984882503,1272591.3719912416,-54.37131578381889
2025-07-25,580377.1166056182,1272591.3719912416,-54.39407107581643
2025-07-25,580262.1612861148,1272591.3719912416,-54.40310424404572
2025-07-25,579569.813288651,1272591.3719912416,-54.45750882454986
2025-07-28,579269.1574849375,1272591.3719912416,-54.481134303264454
2025-07-28,580312.18657822,1272591.3719912416,-54.399173265633785
2025-07-28,580691.7080976282,1272591.3719912416,-54.36935053323426
2025-07-29,580277.0781858694,1272591.3719912416,-54.40193207675912
2025-07-29,579644.755924789,1272591.3719912416,-54.451619845747445
2025-07-29,579226.0223711627,1272591.3719912416,-54.48452385270854
2025-07-29,578352.2109387686,1272591.3719912416,-54.5531877971314
2025-07-29,578526.832128722,1272591.3719912416,-54.539466095586285
2025-07-30,582344.6354445937,1272591.3719912416,-54.23946380106358
2025-07-31,582869.9269391322,1272591.3719912416,-54.19818649036514
2025-07-31,583226.0584064225,1272591.3719912416,-54.17020174403348
2025-08-01,582377.6573301682,1272591.3719912416,-54.236868947263595
2025-08-01,581118.8022167559,1272591.3719912416,-54.335789554547176
2025-08-04,581357.6272454314,1272591.3719912416,-54.31702272695964
2025-08-04,580819.3575743859,1272591.3719912416,-54.3593198604223
2025-08-04,580368.4127558067,1272591.3719912416,-54.394755022761466
2025-08-04,578666.7696210966,1272591.3719912416,-54.52846983272812
2025-08-04,579248.4765606934,1272591.3719912416,-54.48275940655364
2025-08-05,578553.6165576334,1272591.3719912416,-54.53736138000351
2025-08-05,579790.5772075991,1272591.3719912416,-54.4401612357003
2025-08-05,580252.4293730814,1272591.3719912416,-54.403868976012916
2025-08-06,579213.714345745,1272591.3719912416,-54.485491015121276
2025-08-07,578978.6580462692,1272591.3719912416,-54.50396169664947
2025-08-07,578517.1559659096,1272591.3719912416,-54.540226446711195
2025-08-07,577981.6293605957,1272591.3719912416,-54.582308030564455
2025-08-07,576632.8133537449,1272591.3719912416,-54.68829774859471
2025-08-07,576489.3552876238,1272591.3719912416,-54.69957065750156
2025-08-07,575139.8854540149,1272591.3719912416,-54.805611753120296
2025-08-07,574892.2284294212,1272591.3719912416,-54.82507259735077
2025-08-07,573728.9120848736,1272591.3719912416,-54.916485785444856
2025-08-08,572511.2035591182,1272591.3719912416,-55.012173101307305
2025-08-08,571609.7215960067,1272591.3719912416,-55.0830113910327
2025-08-08,572253.2521344009,1272591.3719912416,-55.032442877638864
2025-08-08,575006.2619703044,1272591.3719912416,-54.81611186231885
2025-08-11,571959.6869028248,1272591.3719912416,-55.05551118047646
2025-08-11,569867.0847746352,1272591.3719912416,-55.21994747748792
2025-08-12,573006.5167158247,1272591.3719912416,-54.97325148297734
2025-08-12,574975.4692138527,1272591.3719912416,-54.818531551555274
2025-08-13,574814.3064406886,1272591.3719912416,-54.83119569314159
2025-08-13,577091.9252572813,1272591.3719912416,-54.65222081819575
2025-08-13,581551.1952653425,1272591.3719912416,-54.30181218694096
2025-08-13,583256.1696218839,1272591.3719912416,-54.16783561016489
2025-08-13,585340.109973509,1272591.3719912416,-54.00407995399033
2025-08-14,585101.2959812309,1272591.3719912416,-54.022845914339754
2025-08-14,586265.2134222458,1272591.3719912416,-53.9313854921939
2025-08-15,586623.1226398208,1272591.3719912416,-53.903261050566186
2025-08-15,588251.0838713602,1272591.3719912416,-53.775336151233255
2025-08-18,586674.0730334827,1272591.3719912416,-53.899257377841124
2025-08-18,587950.1701215706,1272591.3719912416,-53.79898189930389
2025-08-19,585294.1829451435,1272591.3719912416,-54.00768889157833
2025-08-19,583511.23030687,1272591.3719912416,-54.14779298763893
2025-08-19,582352.2828139531,1272591.3719912416,-54.23886287216152
2025-08-20,582588.0672669503,1272591.3719912416,-54.220334972461224
2025-08-21,583669.1462145705,1272591.3719912416,-54.135383984153904
2025-08-21,584155.3886880975,1272591.3719912416,-54.097175138468735
2025-08-21,583691.0221098434,1272591.3719912416,-54.13366498025726
2025-08-21,582442.7371949005,1272591.3719912416,-54.23175498325561
2025-08-22,584575.5140909075,1272591.3719912416,-54.06416176025034
2025-08-22,587565.4569406882,1272591.3719912416,-53.82921259152368
2025-08-22,589462.6733925182,1272591.3719912416,-53.68012966564611
2025-08-22,590589.9790348135,1272591.3719912416,-53.59154619202635
2025-08-25,590933.6196794969,1272591.3719912416,-53.56454297227753
2025-08-27,589709.9162720236,1272591.3719912416,-53.66070136486183
2025-08-27,593835.530497082,1272591.3719912416,-53.33651134472967
2025-08-28,594352.2703036866,1272591.3719912416,-53.29590602412342
2025-08-28,597354.6589330599,1272591.3719912416,-53.05997886828584
2025-08-29,595899.9665988418,1272591.3719912416,-53.17428832898429
2025-09-02,597193.5135492476,1272591.3719912416,-53.07264164342003
2025-09-03,596055.9138784509,1272591.3719912416,-53.16203401993887
2025-09-04,596451.6955109681,1272591.3719912416,-53.13093357079015
2025-09-04,596632.4999945982,1272591.3719912416,-53.11672598714551
2025-09-05,597301.4997862335,1272591.3719912416,-53.064156104435355
2025-09-05,599442.3031382784,1272591.3719912416,-52.895932163965355
2025-09-05,601268.2460098629,1272591.3719912416,-52.75244990314134
2025-09-08,599076.037071574,1272591.3719912416,-52.92471328528722
2025-09-08,599257.6814733284,1272591.3719912416,-52.91043970102819
2025-09-08,600048.2873607924,1272591.3719912416,-52.84831403328718
2025-09-08,601175.7181525975,1272591.3719912416,-52.759720725441554
2025-09-08,602406.3229293438,1272591.3719912416,-52.66302002450715
2025-09-08,604705.392264244,1272591.3719912416,-52.48235957170972
2025-09-08,607194.9056469394,1272591.3719912416,-52.28673406005786
2025-09-08,609952.1068298422,1272591.3719912416,-52.07007368944821
2025-09-08,611323.5875837,1272591.3719912416,-51.96230297969462
2025-09-10,609089.3949664276,1272591.3719912416,-52.13786543174681
2025-09-11,611200.5801210522,1272591.3719912416,-51.971968883876826
2025-09-11,613074.4791177711,1272591.3719912416,-51.82471823940744
2025-09-11,613016.5920120768,1272591.3719912416,-51.82926699771026
2025-09-11,614122.3760028098,1272591.3719912416,-51.74237469158038
2025-09-12,612625.7142096567,1272591.3719912416,-51.85998210477628
2025-09-15,615470.0187868638,1272591.3719912416,-51.636477165185454
2025-09-15,616724.5561052365,1272591.3719912416,-51.53789584945567
2025-09-16,618167.472720191,1272591.3719912416,-51.42451172264859
2025-09-16,613902.5253416267,1272591.3719912416,-51.75965051679984
2025-09-16,611844.2877445314,1272591.3719912416,-51.92138645516903
2025-09-16,609924.8216763934,1272591.3719912416,-52.072217751874625
2025-09-16,612418.4862160658,1272591.3719912416,-51.8762660430578
2025-09-17,614556.7753195033,1272591.3719912416,-51.70823967178894
2025-09-18,616358.3527570015,1272591.3719912416,-51.56667204237154
2025-09-18,613964.204358912,1272591.3719912416,-51.75480379076958
2025-09-18,612359.3709910491,1272591.3719912416,-51.88091130675498
2025-09-19,610496.6988400279,1272591.3719912416,-52.027279747718616
2025-09-19,609653.5039721817,1272591.3719912416,-52.093537848033
2025-09-19,609527.2608977434,1272591.3719912416,-52.1034580060049
2025-09-19,608008.613204688,1272591.3719912416,-52.22279306724135
2025-09-19,607317.6136872332,1272591.3719912416,-52.27709168443011
2025-09-19,604627.1614531564,1272591.3719912416,-52.488506934705384
2025-09-19,604679.9474567372,1272591.3719912416,-52.48435902008467
2025-09-19,604396.6387977446,1272591.3719912416,-52.50662136330244
2025-09-22,605506.2448077502,1272591.3719912416,-52.419428723588936
2025-09-22,602968.1005868334,1272591.3719912416,-52.61887563771859
2025-09-22,605377.8747043317,1272591.3719912416,-52.429516023113656
2025-09-22,603165.705824417,1272591.3719912416,-52.6033478538649
2025-09-22,601466.4805247883,1272591.3719912416,-52.73687267078786
2025-09-23,601486.8768402893,1272591.3719912416,-52.73526993200226
2025-09-23,598735.6947592946,1272591.3719912416,-52.95145732267189
2025-09-23,597306.1574589942,1272591.3719912416,-53.06379010535166
2025-09-23,600148.4814402583,1272591.3719912416,-52.84044080063205
2025-09-23,607262.1913541891,1272591.3719912416,-52.28144676134355
2025-09-25,608906.93904443,1272591.3719912416,-52.15220278511987
2025-09-25,610267.5135662755,1272591.3719912416,-52.0452890851066
2025-09-25,609158.9960930037,1272591.3719912416,-52.132396187800325
2025-09-26,608096.5296287243,1272591.3719912416,-52.215884610530786
2025-09-26,605996.1072697176,1272591.3719912416,-52.38093541986639
2025-09-26,603788.9623883335,1272591.3719912416,-52.554372465721144
2025-09-26,604287.5183736872,1272591.3719912416,-52.51519602650221
2025-09-26,602442.7659978847,1272591.3719912416,-52.660156334768004
2025-09-26,600050.5992996052,1272591.3719912416,-52.848132361553134
2025-09-26,601026.8152957336,1272591.3719912416,-52.77142148502087
2025-09-26,600093.8668925591,1272591.3719912416,-52.8447324019191
2025-09-26,598648.2819700339,1272591.3719912416,-52.95832620385281
2025-09-26,597539.5380027284,1272591.3719912416,-53.04545110440676
2025-09-26,594026.6624701226,1272591.3719912416,-53.321492228833776
2025-09-26,592631.7192301691,1272591.3719912416,-53.431106616504096
2025-09-26,591791.7162423347,1272591.3719912416,-53.49711389946407
2025-09-26,592948.3374799354,1272591.3719912416,-53.40622681166376
2025-09-26,596184.5449860381,1272591.3719912416,-53.15192621075375
2025-09-26,594289.7437957316,1272591.3719912416,-53.30081934581734
2025-09-26,593193.7708467592,1272591.3719912416,-53.386940702058936
2025-09-26,591675.198858534,1272591.3719912416,-53.506269814423504
2025-09-26,590521.9973080338,1272591.3719912416,-53.59688818382953
2025-09-26,590468.7058565167,1272591.3719912416,-53.60107581645772
2025-09-26,590135.6129792362,1272591.3719912416,-53.627250194550456
2025-09-26,590218.0538227845,1272591.3719912416,-53.62077200796498
2025-09-26,591064.967025413,1272591.3719912416,-53.55422172157546
2025-09-26,589481.3181378964,1272591.3719912416,-53.6786645649242
2025-09-26,587838.8230052487,1272591.3719912416,-53.80773153557933
2025-09-26,585015.7495444205,1272591.3719912416,-54.02956813788246
2025-09-26,584058.1682659761,1272591.3719912416,-54.104814701667195
2025-09-26,582921.9934779564,1272591.3719912416,-54.19409511115495
2025-09-26,580635.5593094452,1272591.3719912416,-54.37376269486123
2025-09-26,576398.9574702827,1272591.3719912416,-54.70667410164952
2025-09-26,575705.0782202601,1272591.3719912416,-54.76119900770298
2025-09-26,573326.0774293526,1272591.3719912416,-54.94814045986646
2025-09-26,573320.332531802,1272591.3719912416,-54.94859189287763
2025-09-26,574144.6619209717,1272591.3719912416,-54.88381623846785
2025-09-26,572041.0851355983,1272591.3719912416,-55.04911492205722
2025-09-29,573521.5602875579,1272591.3719912416,-54.9327794522007
2025-09-29,575333.5750750531,1272591.3719912416,-54.79039165770702
2025-09-29,576480.9693268287,1272591.3719912416,-54.700229624785145
2025-09-29,577554.016954617,1272591.3719912416,-54.615909736138626
2025-09-29,577453.6019311569,1272591.3719912416,-54.623800330532866
2025-09-29,578599.9585978249,1272591.3719912416,-54.53371983086123
2025-09-30,579884.4091544037,1272591.3719912416,-54.432787938279795
2025-09-30,577072.2315273043,1272591.3719912416,-54.653768347937856
2025-09-30,576249.9356164439,1272591.3719912416,-54.71838421198962
2025-09-30,576994.8029073032,1272591.3719912416,-54.65985267490292
2025-09-30,578165.9782249181,1272591.3719912416,-54.56782193012564
2025-10-01,579299.3059345188,1272591.3719912416,-54.47876524354546
2025-10-01,576381.7581353881,1272591.3719912416,-54.70802562227689
2025-10-02,577549.1701656547,1272591.3719912416,-54.616290595939255
2025-10-03,578142.1802495064,1272591.3719912416,-54.569691970732194
2025-10-03,578623.3659779505,1272591.3719912416,-54.531880483161665
2025-10-03,577337.8360519852,1272591.3719912416,-54.6328971923944
2025-10-03,576253.6240193482,1272591.3719912416,-54.718094377956064
2025-10-03,577512.2727904752,1272591.3719912416,-54.61918998501195
2025-10-06,575571.1261501064,1272591.3719912416,-54.77172493716485
2025-10-06,572174.4451224536,1272591.3719912416,-55.03863551839392
2025-10-06,570459.6379232452,1272591.3719912416,-55.17338475816954
2025-10-07,569438.4592021756,1272591.3719912416,-55.25362879750102
2025-10-07,564035.2864193579,1272591.3719912416,-55.67820913819305
2025-10-07,563368.8063793377,1272591.3719912416,-55.730581019276705
2025-10-08,560576.8758886902,1272591.3719912416,-55.94997041261188
2025-10-08,561257.4592453783,1272591.3719912416,-55.896490295453525
2025-10-08,560008.428694142,1272591.3719912416,-55.994638890417036
2025-10-08,557662.3989007451,1272591.3719912416,-56.178989487555384
2025-10-09,558487.442134203,1272591.3719912416,-56.11415773939046
2025-10-10,556793.788742474,1272591.3719912416,-56.24724471679774
2025-10-13,556571.2695932181,1272591.3719912416,-56.264730231327654
2025-10-13,556616.6686412508,1272591.3719912416,-56.26116278233877
2025-10-13,557211.1574117859,1272591.3719912416,-56.21444796219939
2025-10-13,557454.7614318104,1272591.3719912416,-56.1953056023354
2025-10-13,558893.980358313,1272591.3719912416,-56.08221203921855
2025-10-14,558958.6782218416,1272591.3719912416,-56.077128092796116
2025-10-14,559543.2449335476,1272591.3719912416,-56.03119294624618
2025-10-14,559581.7746425604,1272591.3719912416,-56.0281652886759
2025-10-14,559969.4341304762,1272591.3719912416,-55.997703076181935
2025-10-14,560448.289595798,1272591.3719912416,-55.96007470026638
2025-10-14,561132.8386959141,1272591.3719912416,-55.906282955706224
2025-10-14,561273.5999767273,1272591.3719912416,-55.89522195970144
2025-10-14,561768.4399436631,1272591.3719912416,-55.856337524538134
2025-10-14,562575.2669941857,1272591.3719912416,-55.79293720073583
2025-10-14,560703.2956126718,1272591.3719912416,-55.940036373550804
2025-10-14,560808.1874098675,1272591.3719912416,-55.93179399508554
2025-10-14,558380.1584696131,1272591.3719912416,-56.12258807036324
2025-10-14,558817.0325848262,1272591.3719912416,-56.088258581351425
2025-10-14,556888.8871912083,1272591.3719912416,-56.239771897884516
2025-10-14,557101.9997312098,1272591.3719912416,-56.22302555300964
2025-10-15,557098.9446708723,1272591.3719912416,-56.22326561909878
2025-10-15,556096.1377982792,1272591.3719912416,-56.30206600189756
2025-10-15,556262.6404129198,1272591.3719912416,-56.288982256533146
2025-10-15,556465.6491938855,1272591.3719912416,-56.27302986321714
2025-10-15,556514.0731327833,1272591.3719912416,-56.26922471885081
2025-10-15,556543.1689057937,1272591.3719912416,-56.26693837826649
2025-10-15,556184.8928834888,1272591.3719912416,-56.295091643343575
2025-10-15,556662.1516880837,1272591.3719912416,-56.257588732739364
2025-10-15,557296.8189956859,1272591.3719912416,-56.2077166904192
2025-10-16,559215.7139442798,1272591.3719912416,-56.05693027218413
2025-10-16,559648.5447679926,1272591.3719912416,-56.022918504287624
2025-10-16,559463.1465251503,1272591.3719912416,-56.03748706470086
2025-10-16,559549.5770365825,1272591.3719912416,-56.03069537073417
2025-10-16,559207.9839202722,1272591.3719912416,-56.05753769607351
2025-10-16,558861.1216959077,1272591.3719912416,-56.08479406697141
2025-10-16,558803.2333412282,1272591.3719912416,-56.08934292341925
2025-10-16,559074.3534203592,1272591.3719912416,-56.068038356604
2025-10-17,558789.939474494,1272591.3719912416,-56.09038755306446
2025-10-17,559107.4012257217,1272591.3719912416,-56.06544146603175
2025-10-17,559471.5930343458,1272591.3719912416,-56.036823339534926
2025-10-17,558389.6241739548,1272591.3719912416,-56.12184425702692
2025-10-17,558028.6419962054,1272591.3719912416,-56.15021017130973
2025-10-17,556321.0650333252,1272591.3719912416,-56.28439126042149
2025-10-17,556458.6043510917,1272591.3719912416,-56.273583445690576
2025-10-20,556316.6550900027,1272591.3719912416,-56.284737792970716
2025-10-20,557017.6023005693,1272591.3719912416,-56.22965748785519
2025-10-20,557125.2594152304,1272591.3719912416,-56.221197811243314
2025-10-20,557446.2869594827,1272591.3719912416,-56.195971524839216
2025-10-20,557460.6702180456,1272591.3719912416,-56.19484129098101
2025-10-20,557358.8244765766,1272591.3719912416,-56.202844310937806
2025-10-22,557108.2974411189,1272591.3719912416,-56.222530680103254
2025-10-22,557106.7086779946,1272591.3719912416,-56.22265552482241
2025-10-22,557301.2688197696,1272591.3719912416,-56.20736702404696
2025-10-23,557832.0696140857,1272591.3719912416,-56.165656793567756
2025-10-23,558150.8092498193,1272591.3719912416,-56.14061029060154
2025-10-24,558095.1891112791,1272591.3719912416,-56.14498091103511
2025-10-24,558749.2941721285,1272591.3719912416,-56.09358145357801
2025-10-24,560054.295583879,1272591.3719912416,-55.991034678511596
2025-10-24,560783.7012450239,1272591.3719912416,-55.93371811349328
2025-10-24,562023.8249883752,1272591.3719912416,-55.836269413883535
2025-10-27,562389.8912814389,1272591.3719912416,-55.80750399073824
2025-10-27,563519.2423204407,1272591.3719912416,-55.71875979021497
2025-10-29,563071.1427084742,1272591.3719912416,-55.75397137673275
2025-10-30,563659.8221149843,1272591.3719912416,-55.707713055368444
2025-10-30,564286.5941588065,1272591.3719912416,-55.65846142144911
2025-11-03,563610.7399757133,1272591.3719912416,-55.711569921001136
2025-11-03,564743.5883017041,1272591.3719912416,-55.62255090429837
2025-11-03,565162.7342710212,1272591.3719912416,-55.58961448978684
2025-11-04,565707.0943254321,1272591.3719912416,-55.54683877510011
2025-11-04,566008.3180724671,1272591.3719912416,-55.52316866750196
2025-11-04,566118.2483112818,1272591.3719912416,-55.51453036920495
2025-11-04,566536.1674443051,1272591.3719912416,-55.48169035926763
2025-11-04,566993.797989852,1272591.3719912416,-55.44572983371175
2025-11-05,567163.9401444466,1272591.3719912416,-55.4323600939556
2025-11-05,567821.8882807622,1272591.3719912416,-55.38065864832296
2025-11-05,568175.8626560505,1272591.3719912416,-55.35284340589095
2025-11-05,568555.685183103,1272591.3719912416,-55.32299702036515
2025-11-05,569224.9634054175,1272591.3719912416,-55.27040525862256
2025-11-05,568682.3101494036,1272591.3719912416,-55.313046853399726
2025-11-05,569079.5577605289,1272591.3719912416,-55.28183120791695
2025-11-06,569537.7977354187,1272591.3719912416,-55.245822793513454
2025-11-06,568824.2674834493,1272591.3719912416,-55.30189187174812
2025-11-06,569791.2644922215,1272591.3719912416,-55.22590542157605
2025-11-07,570358.4950580547,1272591.3719912416,-55.18133254623543
2025-11-07,570877.2626812177,1272591.3719912416,-55.14056788017051
2025-11-07,576087.1513435782,1272591.3719912416,-54.7311757707294
2025-11-07,577113.8244632531,1272591.3719912416,-54.650499982548595
2025-11-07,577649.5327011959,1272591.3719912416,-54.60840412603618
2025-11-07,578877.7414382327,1272591.3719912416,-54.51189170546908
2025-11-07,581606.3650686868,1272591.3719912416,-54.29747695376568
2025-11-07,582088.7492680402,1272591.3719912416,-54.259571290567706
2025-11-07,581495.4058509142,1272591.3719912416,-54.30619610904323
2025-11-07,579331.5430291328,1272591.3719912416,-54.476232058477294
2025-11-07,579329.9656760138,1272591.3719912416,-54.47635600660029
2025-11-07,578981.242108442,1272591.3719912416,-54.50375864151099
2025-11-07,579701.1851476873,1272591.3719912416,-54.44718564761124
2025-11-07,579786.5340648341,1272591.3719912416,-54.440478945128
2025-11-07,580041.677475976,1272591.3719912416,-54.42042982199568
2025-11-10,580523.3374652971,1272591.3719912416,-54.38258106709115
2025-11-10,582096.6025448679,1272591.3719912416,-54.258954181494005
2025-11-10,585170.9535558689,1272591.3719912416,-54.01737223471477
2025-11-10,587428.826695998,1272591.3719912416,-53.83994897145657
2025-11-10,592723.5849632929,1272591.3719912416,-53.42388782379924
2025-11-10,593334.4367995072,1272591.3719912416,-53.37588719691628
2025-11-10,591590.7557121462,1272591.3719912416,-53.51290534160421
2025-11-10,592897.8645873646,1272591.3719912416,-53.41019296243938
2025-11-10,592424.512596803,1272591.3719912416,-53.447388876303
2025-11-10,592463.3035499961,1272591.3719912416,-53.44434069021226
2025-11-10,591424.4782700104,1272591.3719912416,-53.52597139295388
2025-11-10,590205.2264886352,1272591.3719912416,-53.62177997756399
2025-11-10,590122.9225765894,1272591.3719912416,-53.628247404096754
2025-11-10,590230.5216331265,1272591.3719912416,-53.619792289681754
2025-11-10,590026.1802349301,1272591.3719912416,-53.6358493998189
2025-11-11,591119.8659542477,1272591.3719912416,-53.54990777367018
2025-11-11,590008.3363149645,1272591.3719912416,-53.63725157182465
2025-11-11,585101.4964672675,1272591.3719912416,-54.02283016018323
2025-11-11,586611.3054517551,1272591.3719912416,-53.90418964306852
2025-11-11,587863.1263088762,1272591.3719912416,-53.80582178637291
2025-11-11,587947.1557223127,1272591.3719912416,-53.799218770252736
2025-11-11,587723.1943183858,1272591.3719912416,-53.81681761689402
2025-11-11,588015.2539444589,1272591.3719912416,-53.79386762426471
2025-11-11,587939.6730702217,1272591.3719912416,-53.79980675570162
2025-11-12,590026.0590705354,1272591.3719912416,-53.63585892089514
2025-11-12,590303.2383323058,1272591.3719912416,-53.61407822460323
2025-11-13,588190.2087870525,1272591.3719912416,-53.78011970435544
2025-11-13,584049.4460697898,1272591.3719912416,-54.105500090267036
2025-11-13,582097.3880133145,1272591.3719912416,-54.25889245952544
2025-11-14,583992.117730794,1272591.3719912416,-54.110004940783675
2025-11-14,585096.2623556525,1272591.3719912416,-54.02324145572791
2025-11-14,581713.3446423904,1272591.3719912416,-54.28907051819978
2025-11-14,581941.3972599582,1272591.3719912416,-54.271150184730054
2025-11-20,578237.329849171,1272591.3719912416,-54.562215132388104
2025-11-21,579553.4781853089,1272591.3719912416,-54.458792434018044
2025-11-21,580634.520815448,1272591.3719912416,-54.373844299531825
2025-11-24,578297.8912515952,1272591.3719912416,-54.55745622833162
2025-11-25,579541.5651768546,1272591.3719912416,-54.459728556069194
2025-11-25,581865.4590577683,1272591.3719912416,-54.27711739493289
2025-11-26,581918.4754113698,1272591.3719912416,-54.272951379449175
2025-11-28,583858.6217519325,1272591.3719912416,-54.12049503067424
2025-12-02,583472.3691907712,1272591.3719912416,-54.150846687118126
2025-12-05,584954.2693924289,1272591.3719912416,-54.034399237113895
2025-12-05,589148.580842679,1272591.3719912416,-53.70481100144268
2025-12-05,590293.0108936533,1272591.3719912416,-53.614881894884014
2025-12-08,591395.4280653149,1272591.3719912416,-53.52825415278824
2025-12-08,592848.0995493425,1272591.3719912416,-53.41410349013251
2025-12-10,593479.3555972285,1272591.3719912416,-53.3644995039843
2025-12-10,593961.8919450043,1272591.3719912416,-53.3265818849908
2025-12-10,595348.3771673115,1272591.3719912416,-53.2176321268184
2025-12-10,599922.5497000624,1272591.3719912416,-52.85819447594123
2025-12-10,597316.5610652801,1272591.3719912416,-53.06297259185009
2025-12-10,596181.9496840691,1272591.3719912416,-53.15213014911338
2025-12-11,598633.7390153321,1272591.3719912416,-52.959468986604755
2025-12-11,599405.5467888196,1272591.3719912416,-52.8988204712624
2025-12-11,601412.698755562,1272591.3719912416,-52.741098832493016
2025-12-11,602768.8022054613,1272591.3719912416,-52.63453646850517
2025-12-11,603870.5527279807,1272591.3719912416,-52.5479611115785
2025-12-11,605169.2169566153,1272591.3719912416,-52.44591231121593
2025-12-11,604679.2219168633,1272591.3719912416,-52.484416032876815
2025-12-11,604500.889258211,1272591.3719912416,-52.49842938096146
2025-12-11,605986.9707813361,1272591.3719912416,-52.38165336347207
2025-12-11,604137.3324436921,1272591.3719912416,-52.52699760973627
2025-12-11,602611.654442993,1272591.3719912416,-52.646885111276674
2025-12-11,601363.1811888244,1272591.3719912416,-52.744989913937346
2025-12-12,604742.4141689492,1272591.3719912416,-52.479450397129426
2025-12-12,607450.4355404248,1272591.3719912416,-52.266654567212846
2025-12-12,609658.1385022523,1272591.3719912416,-52.09317366749771
2025-12-12,610760.9147671093,1272591.3719912416,-52.00651770792355
2025-12-12,613546.2865467741,1272591.3719912416,-51.78764369691194
2025-12-12,615700.1167962165,1272591.3719912416,-51.61839610519896
2025-12-12,617529.5116834078,1272591.3719912416,-51.474642585612486
2025-12-12,617987.8899602814,1272591.3719912416,-51.43862330346409
2025-12-12,619203.9210134741,1272591.3719912416,-51.34306780309244
2025-12-12,619836.9784954819,1272591.3719912416,-51.293322260576524
2025-12-12,618144.9613006851,1272591.3719912416,-51.42628066592461
2025-12-12,618070.3127134133,1272591.3719912416,-51.43214653842026
2025-12-12,616035.7247361388,1272591.3719912416,-51.59202409393841
2025-12-12,616440.5047365875,1272591.3719912416,-51.56021655466402
2025-12-15,617985.9788891508,1272591.3719912416,-51.43877347508813
2025-12-15,619310.8082466215,1272591.3719912416,-51.334668623630755
2025-12-15,620760.8431652153,1272591.3719912416,-51.22072514181028
2025-12-15,620185.4941419703,1272591.3719912416,-51.265935964066976
2025-12-15,620912.3493903193,1272591.3719912416,-51.20881981002518
2025-12-15,621697.339493097,1272591.3719912416,-51.14713542962982
2025-12-15,621984.0053895869,1272591.3719912416,-51.124609275296294
2025-12-15,622390.689182563,1272591.3719912416,-51.092652136349194
2025-12-15,622495.1079888323,1272591.3719912416,-51.08444692542544
2025-12-15,622509.3932549199,1272591.3719912416,-51.083324391798236
2025-12-15,621644.6123759076,1272591.3719912416,-51.15127871696855
2025-12-15,622053.2970856904,1272591.3719912416,-51.11916434634042
2025-12-15,621440.2114921038,1272591.3719912416,-51.167340501473966
2025-12-15,621519.2034255594,1272591.3719912416,-51.1611333296202
2025-12-16,622360.7752279716,1272591.3719912416,-51.09500276949427
2025-12-16,622202.8154867238,1272591.3719912416,-51.107415217411514
2025-12-16,621912.0173140923,1272591.3719912416,-51.13026608525738
2025-12-16,622529.0455902471,1272591.3719912416,-51.08178011484023
2025-12-16,623773.2523792085,1272591.3719912416,-50.98401057024442
2025-12-17,623512.6707578311,1272591.3719912416,-51.00448702695414
2025-12-17,618266.9173531429,1272591.3719912416,-51.41669738136508
2025-12-18,616176.542990188,1272591.3719912416,-51.58095862098704
2025-12-18,611620.8209259856,1272591.3719912416,-51.93894643738045
2025-12-18,613284.5857457154,1272591.3719912416,-51.80820809855874
2025-12-19,614492.3355761245,1272591.3719912416,-51.713303335176654
2025-12-19,616164.3343107419,1272591.3719912416,-51.5819179768113
2025-12-19,616468.3281098086,1272591.3719912416,-51.55803019902516
2025-12-19,620992.7858049381,1272591.3719912416,-51.202499131102705
2025-12-19,619210.393091812,1272591.3719912416,-51.34255922834642
2025-12-19,618816.9973606596,1272591.3719912416,-51.373472193797134
2025-12-19,617857.8146667432,1272591.3719912416,-51.44884459652022
2025-12-19,616750.8648280313,1272591.3719912416,-51.53582851477355
2025-12-19,616181.2392556848,1272591.3719912416,-51.58058958929311
2025-12-22,617969.0562499753,1272591.3719912416,-51.44010325301589
2025-12-22,621319.8292631853,1272591.3719912416,-51.17680011526422
2025-12-22,623062.5231011587,1272591.3719912416,-51.039859548454736
2025-12-22,624721.9343508013,1272591.3719912416,-50.90946331238361
2025-12-22,625072.9647968946,1272591.3719912416,-50.88187940337564
2025-12-22,626474.5067622178,1272591.3719912416,-50.77174648905844
2025-12-22,629244.6698081904,1272591.3719912416,-50.554067577591496
2025-12-22,630698.125285192,1272591.3719912416,-50.43985530890958
2025-12-22,632214.7173283009,1272591.3719912416,-50.32068178027439
2025-12-22,634788.1408154609,1272591.3719912416,-50.118462627779806
2025-12-22,636955.6699962097,1272591.3719912416,-49.94813857652074
2025-12-22,638316.1791295942,1272591.3719912416,-49.841230014720914
2025-12-22,640009.5646173692,1272591.3719912416,-49.70816408915791
2025-12-22,642465.6223362118,1272591.3719912416,-49.515167517524745
2025-12-22,645582.8090175505,1272591.3719912416,-49.27021955151259
2025-12-22,647400.4628023079,1272591.3719912416,-49.12738864563325
2025-12-22,648758.2839837144,1272591.3719912416,-49.02069130261403
2025-12-22,650124.7188611749,1272591.3719912416,-48.913317096915755
2025-12-22,651816.6321685971,1272591.3719912416,-48.78036685501879
2025-12-22,651556.0680984021,1272591.3719912416,-48.80084193255977
2025-12-22,650566.6153896439,1272591.3719912416,-48.87859294757804
2025-12-22,650393.3798056337,1272591.3719912416,-48.892205768458574
2025-12-23,651873.1865763138,1272591.3719912416,-48.77592281988218
2025-12-23,644590.4578167229,1272591.3719912416,-49.34819832951381
2025-12-23,637779.6607599923,1272591.3719912416,-49.88338953123267
2025-12-23,637701.3240259768,1272591.3719912416,-49.88954521763285
2025-12-24,639091.2938847978,1272591.3719912416,-49.780321637353026
2025-12-24,639501.6223469658,1272591.3719912416,-49.74807810095957
2025-12-24,640724.9242629061,1272591.3719912416,-49.65195125750736
2025-12-26,641790.4389557325,1272591.3719912416,-49.568223305528626
2025-12-26,642040.4448899106,1272591.3719912416,-49.54857788440755
2025-12-26,642883.148161917,1272591.3719912416,-49.482358413605404
2025-12-26,643920.3176607325,1272591.3719912416,-49.40085782184887
2025-12-26,642995.4154999696,1272591.3719912416,-49.47353646647269
2025-12-26,642210.4329604108,1272591.3719912416,-49.535220252551674
2025-12-26,643256.636826729,1272591.3719912416,-49.45300974182967
2025-12-26,643956.7325706846,1272591.3719912416,-49.39799634480654
2025-12-26,645610.2862856366,1272591.3719912416,-49.268060392752695
2025-12-26,645982.7641718007,1272591.3719912416,-49.238791147780425
2025-12-26,646521.1281833281,1272591.3719912416,-49.19648660105974
2025-12-26,646720.4810515133,1272591.3719912416,-49.180821488709235
2025-12-26,645309.2995498725,1272591.3719912416,-49.291711876048005
2025-12-26,643797.4460061131,1272591.3719912416,-49.410513054260754
2025-12-26,643219.4199433734,1272591.3719912416,-49.45593423779709
2025-12-26,641105.4318896078,1272591.3719912416,-49.62205103697496
2025-12-26,641738.7357852311,1272591.3719912416,-49.572286131321675
2025-12-26,642235.8139615213,1272591.3719912416,-49.53322581807184
2025-12-26,639997.0442640044,1272591.3719912416,-49.70914793626236
2025-12-26,638062.3500093665,1272591.3719912416,-49.86117586111075
2025-12-26,638832.2303450115,1272591.3719912416,-49.8006788034857
2025-12-26,639258.042487771,1272591.3719912416,-49.76721856226992
2025-12-26,637611.0035774674,1272591.3719912416,-49.896642582152
2025-12-26,637139.0834412605,1272591.3719912416,-49.93372598115921
2025-12-26,637301.8944918276,1272591.3719912416,-49.92093231823249
2025-12-26,637407.4373357832,1272591.3719912416,-49.912638780630516
2025-12-26,636982.6522751574,1272591.3719912416,-49.94601831391787
2025-12-26,637471.2706576433,1272591.3719912416,-49.90762276973613
2025-12-29,638119.7987267347,1272591.3719912416,-49.85666155128337
2025-12-29,638408.5960251008,1272591.3719912416,-49.833967911775645
2025-12-30,637995.0207336453,1272591.3719912416,-49.86646658342767
2025-12-30,638527.413651476,1272591.3719912416,-49.82463124417045
2025-12-30,638949.4902450863,1272591.3719912416,-49.79146454173164
2025-12-30,638484.1389012625,1272591.3719912416,-49.82803176622065
2025-12-30,638820.9164042501,1272591.3719912416,-49.801567850905826
2025-12-30,637942.608272556,1272591.3719912416,-49.870585145146926
2025-12-30,637849.558665724,1272591.3719912416,-49.87789696643379
2025-12-31,635786.5610883329,1272591.3719912416,-50.040006943194285
2026-01-02,636290.5822877097,1272591.3719912416,-50.0004010484452
2026-01-05,643987.1920175075,1272591.3719912416,-49.395602846980516
2026-01-05,645656.1502500816,1272591.3719912416,-49.264456410716164
2026-01-05,647253.6044798624,1272591.3719912416,-49.13892874606752
2026-01-05,648735.7733459186,1272591.3719912416,-49.0224601844634
2026-01-05,649867.3563901725,1272591.3719912416,-48.933540593370836
2026-01-05,651084.032580158,1272591.3719912416,-48.83793439826661
2026-01-05,651717.2412294546,1272591.3719912416,-48.78817697705246
2026-01-05,654420.7753136047,1272591.3719912416,-48.57573375736287
2026-01-05,654740.4382614372,1272591.3719912416,-48.55061470069881
2026-01-05,655419.955451885,1272591.3719912416,-48.49721836269091
2026-01-06,656775.5806763635,1272591.3719912416,-48.39069357757018
2026-01-06,659684.310791943,1272591.3719912416,-48.16212609081848
2026-01-06,661351.6919397501,1272591.3719912416,-48.031103581590074
2026-01-06,663816.321842279,1272591.3719912416,-47.83743340931218
2026-01-07,665406.763970299,1272591.3719912416,-47.712456754352516
2026-01-07,666530.0169218784,1272591.3719912416,-47.624191740436714
2026-01-07,667162.370751269,1272591.3719912416,-47.57450149081628
2026-01-07,667854.1060360397,1272591.3719912416,-47.52014505716482
2026-01-07,670143.8411218548,1272591.3719912416,-47.34021808797341
2026-01-07,670425.6957987769,1272591.3719912416,-47.318069998403935
2026-01-07,671942.3984289463,1272591.3719912416,-47.19888777985752
2026-01-07,673731.4035495089,1272591.3719912416,-47.05830808083258
2026-01-08,674251.7547558015,1272591.3719912416,-47.01741897709157
2026-01-08,675616.6425613516,1272591.3719912416,-46.91016634002438
2026-01-08,673547.0229683693,1272591.3719912416,-47.072796673573166
2026-01-08,675198.9909569804,1272591.3719912416,-46.942985327608575
2026-01-08,676369.5239528534,1272591.3719912416,-46.85100505635768
2026-01-08,677052.2761243306,1272591.3719912416,-46.79735451412519
2026-01-08,678631.7024441068,1272591.3719912416,-46.673243479386294
2026-01-08,679719.8778513764,1272591.3719912416,-46.587734852562356
2026-01-08,680180.3201095309,1272591.3719912416,-46.551553383137964
2026-01-08,680586.1351660783,1272591.3719912416,-46.519664509342405
2026-01-08,681503.8670483059,1272591.3719912416,-46.44754930390992
2026-01-08,681656.2625944243,1272591.3719912416,-46.43557408944026
2026-01-09,682393.0161379584,1272591.3719912416,-46.37768012915187
2026-01-09,682936.7953763461,1272591.3719912416,-46.334950054883265
2026-01-09,683369.2613012877,1272591.3719912416,-46.30096696066624
2026-01-09,683925.1834429365,1272591.3719912416,-46.25728269925411
2026-01-12,684580.421594844,1272591.3719912416,-46.20579420370646
2026-01-12,685223.2692691665,1272591.3719912416,-46.155279349647955
2026-01-13,684325.947399025,1272591.3719912416,-46.22579074001967
2026-01-13,684043.8693759011,1272591.3719912416,-46.24795638009332
2026-01-13,684940.1208061669,1272591.3719912416,-46.17752910469356
2026-01-14,685081.4474147289,1272591.3719912416,-46.16642368533645
2026-01-14,685273.2372070954,1272591.3719912416,-46.15135287811682
2026-01-14,685663.945009154,1272591.3719912416,-46.12065112964847
2026-01-15,685285.6281040639,1272591.3719912416,-46.15037920367259
2026-01-16,685884.3844155102,1272591.3719912416,-46.10332904093972
2026-01-21,686314.6476575668,1272591.3719912416,-46.06951903314568
2026-01-21,685849.5628140138,1272591.3719912416,-46.10606531609157
2026-01-21,686323.135109349,1272591.3719912416,-46.06885209071867
2026-01-22,685564.1528178637,1272591.3719912416,-46.12849278200339
2026-01-22,683768.2905090709,1272591.3719912416,-46.269611317640084
2026-01-22,684939.559267174,1272591.3719912416,-46.17757323032613
2026-01-23,684283.2588951058,1272591.3719912416,-46.22914519494202
2026-01-23,683267.8548214013,1272591.3719912416,-46.30893546352727
2026-01-23,682910.4139201825,1272591.3719912416,-46.33702310494036
2026-01-23,682124.3819373898,1272591.3719912416,-46.398789356078986
2026-01-23,681765.3438761575,1272591.3719912416,-46.42700250203726
2026-01-23,682054.7009249046,1272591.3719912416,-46.404264877445776
2026-01-26,682240.4268547139,1272591.3719912416,-46.38967056744988
2026-01-26,681364.0134059077,1272591.3719912416,-46.45853897785211
2026-01-26,680863.0042302018,1272591.3719912416,-46.49790818832553
2026-01-26,681072.3276120962,1272591.3719912416,-46.48145959480986
2026-01-26,679169.0900571162,1272591.3719912416,-46.63101565788468
2026-01-27,679472.4773701122,1272591.3719912416,-46.607175537664375
2026-01-27,680166.2143563066,1272591.3719912416,-46.552661810676824
2026-01-28,679832.9660793239,1272591.3719912416,-46.57884840005007
2026-01-28,680012.1223257326,1272591.3719912416,-46.56477033458838
2026-01-30,680585.8481677284,1272591.3719912416,-46.51968706162087
2026-01-30,680538.2877832709,1272591.3719912416,-46.52342434803537
2026-01-30,679591.5900889185,1272591.3719912416,-46.59781568174928
2026-01-30,680087.5239495301,1272591.3719912416,-46.55884528861864
2026-01-30,681371.3294571299,1272591.3719912416,-46.457964083869385
2026-02-02,682189.9126549478,1272591.3719912416,-46.39363996413745
2026-02-02,683470.3323933174,1272591.3719912416,-46.29302481252236
2026-02-02,684309.9083824854,1272591.3719912416,-46.22705108304042
2026-02-02,685055.4363020932,1272591.3719912416,-46.16846763386606
2026-02-02,686348.2171474802,1272591.3719912416,-46.06688114869571
2026-02-02,687017.7919356823,1272591.3719912416,-46.014266082859265
2026-02-02,688233.7547640755,1272591.3719912416,-45.91871594358003
2026-02-02,688758.4483305024,1272591.3719912416,-45.87748561796452
2026-02-02,689775.139570538,1272591.3719912416,-45.79759420408162
2026-02-02,690735.2341061797,1272591.3719912416,-45.722150149000576
2026-02-02,691751.4013850106,1272591.3719912416,-45.64229990789443
2026-02-02,692214.4457238783,1272591.3719912416,-45.6059139674379
2026-02-02,693056.3477862091,1272591.3719912416,-45.53975745554725
2026-02-02,693606.3959048358,1272591.3719912416,-45.49653477380252
2026-02-02,697175.1098965663,1272591.3719912416,-45.21610587334986
2026-02-02,697913.6586424637,1272591.3719912416,-45.15807084638423
2026-02-02,698349.3459139125,1272591.3719912416,-45.12383461934089
2026-02-02,700304.8228105798,1272591.3719912416,-44.97017359823814
2026-02-02,701031.9605159407,1272591.3719912416,-44.91303524877541
2026-02-02,702726.714480279,1272591.3719912416,-44.77986178857141
2026-02-02,703285.7675714717,1272591.3719912416,-44.73593149771001
2026-02-02,703849.1803917761,1272591.3719912416,-44.691658620123015
2026-02-02,703832.339974856,1272591.3719912416,-44.69298193704082
2026-02-02,703980.2442312866,1272591.3719912416,-44.68135964730306
2026-02-02,702317.4414443938,1272591.3719912416,-44.81202238975832
2026-02-02,702336.8937361591,1272591.3719912416,-44.81049383218726
2026-02-02,701842.9242095307,1272591.3719912416,-44.84930986830854
2026-02-03,702543.2754742268,1272591.3719912416,-44.7942763925118
2026-02-03,703171.1223229779,1272591.3719912416,-44.74494030061542
2026-02-03,703382.783299938,1272591.3719912416,-44.728308019301984
2026-02-04,703847.1432823098,1272591.3719912416,-44.691818695816686
2026-02-04,703830.6738143916,1272591.3719912416,-44.69311286362897
2026-02-04,704428.1482847745,1272591.3719912416,-44.64616342773518
2026-02-04,704833.5300294576,1272591.3719912416,-44.6143086035076
2026-02-04,706215.5073943358,1272591.3719912416,-44.50571307195722
2026-02-04,706965.7697980892,1272591.3719912416,-44.44675758787442
2026-02-04,708182.9672989373,1272591.3719912416,-44.35111042825684
2026-02-04,708752.3513030955,1272591.3719912416,-44.30636833612186
2026-02-04,711005.6412612654,1272591.3719912416,-44.12930521847363
2026-02-04,711719.9802023594,1272591.3719912416,-44.073172593593725
2026-02-04,712068.3496019392,1272591.3719912416,-44.04579778913982
2026-02-04,713876.8147446454,1272591.3719912416,-43.90368892509209
2026-02-04,714585.0368950358,1272591.3719912416,-43.848036956520104
2026-02-05,716011.2896912869,1272591.3719912416,-43.73596226957488
2026-02-05,715178.2892166674,1272591.3719912416,-43.80141929631207
2026-02-06,712652.6142203365,1272591.3719912416,-43.99988638102747
2026-02-06,712340.3084750684,1272591.3719912416,-44.0244273100438
2026-02-06,712623.9739110986,1272591.3719912416,-44.00213693135088
2026-02-06,711409.6020826657,1272591.3719912416,-44.0975620501408
2026-02-06,712407.6908393258,1272591.3719912416,-44.01913241603929
2026-02-06,712830.8656877981,1272591.3719912416,-43.98587941293192
2026-02-06,713360.5494737442,1272591.3719912416,-43.944256956768534
2026-02-06,718663.1022200425,1272591.3719912416,-43.527583320359916
2026-02-06,722683.9881957751,1272591.3719912416,-43.21162282713097
2026-02-09,721771.8443247158,1272591.3719912416,-43.28329892765584
2026-02-09,721512.6744301604,1272591.3719912416,-43.30366445112704
2026-02-09,724476.6882160546,1272591.3719912416,-43.0707527835541
2026-02-10,722148.3379215064,1272591.3719912416,-43.253714128868346
2026-02-10,722684.3950807158,1272591.3719912416,-43.211590854185864
2026-02-10,723104.6077836142,1272591.3719912416,-43.17857061594231
2026-02-10,722000.2241844515,1272591.3719912416,-43.2653528795557
2026-02-11,709890.3602394409,1272591.3719912416,-44.21694379959016
2026-02-11,707045.2544106891,1272591.3719912416,-44.440511701382555
2026-02-11,707434.5652331874,1272591.3719912416,-44.40991972731556
2026-02-12,696966.935322864,1272591.3719912416,-45.232464193725434
2026-02-12,698453.8259113522,1272591.3719912416,-45.11562460002603
2026-02-12,692018.7499491016,1272591.3719912416,-45.621291706049355
2026-02-13,691876.3984673688,1272591.3719912416,-45.63247765975499
2026-02-13,693688.569334424,1272591.3719912416,-45.49007760055769
2026-02-13,694094.8850342539,1272591.3719912416,-45.45814938630348
2026-02-17,695735.7831991214,1272591.3719912416,-45.329207905087884
2026-02-17,697498.3123935314,1272591.3719912416,-45.19070867955469
2026-02-17,700333.63573316,1272591.3719912416,-44.9679094839895
2026-02-17,701922.0804512238,1272591.3719912416,-44.84308978514318
2026-02-17,704490.3590737516,1272591.3719912416,-44.641274915181484
2026-02-17,706602.9602063989,1272591.3719912416,-44.47526710001441
2026-02-17,708120.4354615055,1272591.3719912416,-44.35602416874008
2026-02-17,710356.8731166803,1272591.3719912416,-44.18028530201529
2026-02-17,710003.8205700883,1272591.3719912416,-44.208028107314966
2026-02-17,705981.4891686528,1272591.3719912416,-44.52410218183441
2026-02-17,709314.6968121066,1272591.3719912416,-44.26217932766336
2026-02-17,710731.7198776861,1272591.3719912416,-44.15082991128612
2026-02-17,709736.0323038846,1272591.3719912416,-44.229070860872596
2026-02-19,709552.3797955455,1272591.3719912416,-44.24350224178411
2026-02-19,709290.3650841912,1272591.3719912416,-44.26409131044519
2026-02-20,710991.2936827827,1272591.3719912416,-44.13043264859759
2026-02-20,712231.1432356316,1272591.3719912416,-44.03300549482796
2026-02-23,716583.7388964007,1272591.3719912416,-43.69097931450281
2026-02-23,717450.3781686282,1272591.3719912416,-43.62287895712954
2026-02-23,713629.26899275,1272591.3719912416,-43.92314102553404
2026-02-23,708551.444119743,1272591.3719912416,-44.32215558627727
2026-02-23,703259.5091186428,1272591.3719912416,-44.7379948821873
2026-02-23,701211.8963655052,1272591.3719912416,-44.898895922238644
2026-02-23,699063.6194401649,1272591.3719912416,-45.06770713474741
2026-02-25,695934.4432167152,1272591.3719912416,-45.31359723681162
2026-02-25,696737.9637391075,1272591.3719912416,-45.25045673939218
2026-02-26,697075.5997092675,1272591.3719912416,-45.223925365882096
2026-02-26,697073.8918411098,1272591.3719912416,-45.22405956985324
2026-02-26,699292.2793647299,1272591.3719912416,-45.049739079203604
2026-02-26,704069.3216815705,1272591.3719912416,-44.67435995735981
2026-02-26,707171.4196758899,1272591.3719912416,-44.43059765764647
2026-02-27,697676.1294867091,1272591.3719912416,-45.17673584451185
2026-03-02,700540.0651845677,1272591.3719912416,-44.95168829500841
2026-03-02,702975.5130234495,1272591.3719912416,-44.76031124401749
2026-03-02,700667.9929360299,1272591.3719912416,-44.941635755420464
2026-03-02,698631.5482222673,1272591.3719912416,-45.10165921295626
2026-03-03,697517.6230211244,1272591.3719912416,-45.18919125392868
2026-03-03,690665.3119826788,1272591.3719912416,-45.727644616827384
2026-03-03,697121.300712226,1272591.3719912416,-45.220334189329726
2026-03-09,697301.0306458964,1272591.3719912416,-45.206211043626695
2026-03-09,692104.9904523292,1272591.3719912416,-45.61451494289304
2026-03-12,689278.5628563234,1272591.3719912416,-45.836615112532186
2026-03-12,683991.0446349832,1272591.3719912416,-46.25210733868698
2026-03-12,682749.9950822736,1272591.3719912416,-46.34962878822877
2026-03-13,684367.5468298992,1272591.3719912416,-46.222521864260344
2026-03-13,686383.3386479104,1272591.3719912416,-46.06412130753984
2026-03-13,686885.3921482993,1272591.3719912416,-46.024670034221586
2026-03-13,688806.5582754028,1272591.3719912416,-45.873705147189746
2026-03-13,681531.0095647031,1272591.3719912416,-46.44541644987723
2026-03-13,675119.8226225327,1272591.3719912416,-46.94920636102041
2026-03-13,676011.5364604834,1272591.3719912416,-46.879135648804635
2026-03-16,671530.9207643352,1272591.3719912416,-47.23122162037125
2026-03-16,668445.4941882136,1272591.3719912416,-47.47367388305583
2026-03-16,668120.4687885105,1272591.3719912416,-47.49921432021867
2026-03-16,663099.3375505658,1272591.3719912416,-47.893773905365634
2026-03-16,664633.8394900509,1272591.3719912416,-47.77319302031028
2026-03-16,665565.1217953443,1272591.3719912416,-47.70001302508242
2026-03-16,667537.0730075047,1272591.3719912416,-47.54505745524582
2026-03-16,669379.5226653483,1272591.3719912416,-47.400278094141036
2026-03-16,669554.7947749894,1272591.3719912416,-47.38650524344452
2026-03-17,671156.2789353997,1272591.3719912416,-47.26066090757538
2026-03-18,672477.7321403234,1272591.3719912416,-47.15682135357495
2026-03-18,673750.150448433,1272591.3719912416,-47.056834952903486
2026-03-18,674009.422964812,1272591.3719912416,-47.036461365427925
2026-03-18,674482.7252833766,1272591.3719912416,-46.999269354780864
2026-03-18,674574.3171164602,1272591.3719912416,-46.99207208509167
2026-03-18,676808.244154392,1272591.3719912416,-46.81653050221606
2026-03-19,677824.1403857704,1272591.3719912416,-46.73670155996976
2026-03-19,676649.6454688186,1272591.3719912416,-46.82899315826294
2026-03-19,669175.3382907895,1272591.3719912416,-47.41632286538911
2026-03-19,667627.3170052862,1272591.3719912416,-47.53796609821105
2026-03-19,665543.1184086548,1272591.3719912416,-47.70174204723154
2026-03-19,665063.2105948768,1272591.3719912416,-47.739453116498574
2026-03-19,665458.0372684912,1272591.3719912416,-47.708427707847825
2026-03-19,664757.7915679576,1272591.3719912416,-47.76345288843176
2026-03-19,663753.6579971873,1272591.3719912416,-47.84235752293349
2026-03-19,662331.4145752178,1272591.3719912416,-47.954117153972334
2026-03-19,660457.0945092015,1272591.3719912416,-48.101400885991005
2026-03-19,658656.2628211342,1272591.3719912416,-48.2429099145529
2026-03-19,657565.943930944,1272591.3719912416,-48.328586975877315
2026-03-19,655629.2277552288,1272591.3719912416,-48.48077378291851
2026-03-19,652757.3604182567,1272591.3719912416,-48.70644459918991
2026-03-19,651597.8399709734,1272591.3719912416,-48.79755950636306
2026-03-19,649961.8494791124,1272591.3719912416,-48.926115343520834
2026-03-19,649537.6155134556,1272591.3719912416,-48.95945157186513
2026-03-19,647135.5789417104,1272591.3719912416,-49.14820317152329
2026-03-19,643070.9614404738,1272591.3719912416,-49.46760008012222
2026-03-19,641073.818345461,1272591.3719912416,-49.62453522356011
2026-03-19,639767.2778857758,1272591.3719912416,-49.72720293673507
2026-03-19,634462.0050797422,1272591.3719912416,-50.14409031494607
2026-03-20,638149.5069149057,1272591.3719912416,-49.854327087226416
2026-03-23,638607.9558020011,1272591.3719912416,-49.81830225653957
2026-03-23,639696.8748659835,1272591.3719912416,-49.732735193305544
2026-03-23,640608.7029146848,1272591.3719912416,-49.66108391004448
2026-03-23,642079.6140294567,1272591.3719912416,-49.54549998050154
2026-03-23,642286.1463758529,1272591.3719912416,-49.52927070605086
2026-03-23,642373.6142530489,1272591.3719912416,-49.522397496069935
2026-03-23,642039.4435646975,1272591.3719912416,-49.548656568361814
2026-03-23,641854.0205319892,1272591.3719912416,-49.56322707675825
2026-03-23,639254.9644638351,1272591.3719912416,-49.76746043283447
2026-03-23,640226.8975987092,1272591.3719912416,-49.69108610276548
2026-03-24,641478.0492323695,1272591.3719912416,-49.592770833528455
2026-03-24,642046.8307643431,1272591.3719912416,-49.54807608354884
2026-03-24,640068.613569055,1272591.3719912416,-49.70352403320709
2026-03-24,640414.9231973562,1272591.3719912416,-49.67631108520798
2026-03-24,640786.4139526783,1272591.3719912416,-49.64711940879885
2026-03-24,640122.4722217344,1272591.3719912416,-49.69929183001408
2026-03-24,639880.0685397713,1272591.3719912416,-49.71833986753015
2026-03-24,640082.812688203,1272591.3719912416,-49.70240826899082
2026-03-24,639949.8123296672,1272591.3719912416,-49.71285941312578
2026-03-24,639993.1256277817,1272591.3719912416,-49.70945586198848
2026-03-24,637703.8391165904,1272591.3719912416,-49.88934758226702
2026-03-24,637927.1302807395,1272591.3719912416,-49.87180140294634
2026-03-25,639581.26841906,1272591.3719912416,-49.74181952700982
2026-03-25,640342.0152394114,1272591.3719912416,-49.68204017936573
2026-03-25,640795.4200057597,1272591.3719912416,-49.64641171477549
2026-03-25,635432.280316663,1272591.3719912416,-50.06784626219859
2026-03-25,630267.5462477508,1272591.3719912416,-50.47369013184788
2026-03-25,627658.1676877459,1272591.3719912416,-50.67873462746802
2026-03-25,626891.0808059112,1272591.3719912416,-50.73901217599756
2026-03-25,631155.4502088747,1272591.3719912416,-50.40391879906455
2026-03-26,632352.9551048095,1272591.3719912416,-50.30981908078176
2026-03-26,631873.0737916492,1272591.3719912416,-50.347528067635054
2026-03-27,631883.172159987,1272591.3719912416,-50.34673453967628
2026-03-30,630983.268886547,1272591.3719912416,-50.41744877625261
2026-03-30,626963.3099336416,1272591.3719912416,-50.733336424195365
