ticker,entry_date,exit_date,entry_price,exit_price,shares,commission,pnl_usd,pnl_pct,days_held,exit_reason,tier,consec_down,portfolio_val
HOG,2004-10-19,2004-10-25,36.15902621384121,35.21901321411133,82.96683606074653,2.0,-79.98990444355957,-2.599663481451986,6,time_stop,2,5,99920.01009555644
LPX,2004-10-19,2004-10-25,19.536423748150106,19.2921199798584,153.55932276418136,2.0,-39.51512120761216,-1.2505040402537388,6,time_stop,3,4,99880.49497434883
TREX,2004-10-19,2004-10-25,5.466249942779541,5.631249904632568,548.8223245193442,5.4882,85.06743936458815,3.0185220869927196,6,time_stop,2,5,99965.56241371341
TTC,2004-10-19,2004-10-25,6.188022217210619,6.165381908416748,484.80756770009026,4.8481,-15.82426871533664,-0.3658731012778579,6,time_stop,2,5,99949.73814499807
MKC,2004-10-28,2004-11-01,11.019434735212055,11.431257247924805,272.1094335962996,2.7211,109.33969634050817,3.7372380944077936,4,profit_target,2,5,100059.07784133859
MUR,2004-10-28,2004-11-01,18.683249726855728,18.284208297729492,160.4909310846411,2.0,-66.04253050181534,-2.1358245217513963,4,time_stop,3,4,99993.03531083677
ZBRA,2004-11-01,2004-11-03,52.5,55.0099983215332,57.114136082856035,2.0,141.3563857037876,4.780949183872768,2,profit_target,3,4,100134.39169654055
XRAY,2004-11-02,2004-11-04,21.184847103564756,21.40031623840332,236.0013145764244,2.36,48.490985926781704,1.0170908186649465,2,profit_target,3,4,100182.88268246733
FCN,2004-11-03,2004-11-05,18.790000915527344,19.030000686645508,266.080442891853,2.6608,61.198440964145924,1.27727386601582,2,profit_target,3,4,100244.08112343148
IRM,2004-11-03,2004-11-05,7.939562667820601,8.053679466247559,629.7137480639392,6.2971,65.5637793738571,1.43731844185169,2,profit_target,3,4,100309.64490280533
SPGI,2004-11-03,2004-11-05,29.53322044865284,30.340543746948242,169.28908156949402,2.0,134.6710196980831,2.733610781455522,2,profit_target,3,4,100444.31592250342
HBAN,2004-11-04,2004-11-08,11.015937099940457,11.168994903564453,681.7467555512036,6.8175,97.52919347694066,1.3894215465774904,4,time_stop,3,4,100541.84511598035
NTAP,2004-11-11,2004-11-15,18.557112343651823,18.785850524902344,406.3476172400332,4.0635,88.8837387505674,1.2326173222137602,4,time_stop,3,4,100630.72885473091
VFC,2004-11-11,2004-11-15,7.149833633501167,7.152463436126709,1054.659278834994,10.5466,-7.773047047817652,0.036781312130391826,4,time_stop,3,4,100622.9558076831
TGT,2004-11-12,2004-11-15,30.65588557081387,31.589805603027344,245.97685707953056,2.4598,227.26294571668925,3.0464624160217366,3,profit_target,3,4,100850.2187533998
HL,2004-11-16,2004-11-22,6.350228582429479,6.137005805969238,1191.101439629001,11.911,-265.8809703997758,-3.357718130812008,6,time_stop,3,4,100584.33778300002
JBHT,2004-11-16,2004-11-22,16.09042381915313,15.681013107299805,470.0787556323721,4.7008,-197.15606552689886,-2.5444370916195913,6,time_stop,3,4,100387.18171747313
CHD,2004-11-17,2004-11-22,5.800816403777546,5.844893932342529,1303.9141182919336,13.0391,44.434170612378615,0.7598504330576603,5,time_stop,3,4,100431.61588808551
JPM,2004-11-18,2004-11-22,21.728133937471437,21.358415603637695,348.10934193758936,3.4811,-132.1834993125017,-1.7015650533897937,4,time_stop,3,4,100299.432388773
RMD,2004-11-18,2004-11-22,10.326390493158486,10.127409934997559,732.4695314898448,7.3247,-153.0718915266211,-1.9269129740228,4,time_stop,3,4,100146.36049724638
VRTX,2004-11-18,2004-11-22,10.569999694824219,10.859999656677246,715.5881385889454,7.1559,200.36465150738354,2.7436137202069246,4,time_stop,3,4,100346.72514875376
XRAY,2004-11-18,2004-11-22,21.27428833379538,21.066957473754883,355.53557833892495,3.5554,-77.26885301539383,-0.9745607316562495,4,time_stop,3,4,100269.45629573836
AEP,2004-11-19,2004-11-22,14.847887890419075,15.095420837402344,509.41699333449776,5.0942,121.00331967009922,1.66712564649006,3,profit_target,3,4,100390.45961540846
BAC,2004-11-19,2004-11-23,28.39014452519961,28.537757873535156,266.42225789978795,2.6642,36.663258980706416,0.5199457445682341,4,time_stop,3,4,100427.12287438917
CCL,2004-11-19,2004-11-23,33.88282028804757,34.17213821411133,223.23308219927495,2.2323,62.35300154872223,0.8538779346116554,4,time_stop,3,4,100489.47587593789
D,2004-11-19,2004-11-23,13.796650242702873,13.941771507263184,548.2320906486343,5.4823,74.07781336098655,1.0518586903880274,4,time_stop,3,4,100563.55368929887
DCI,2004-11-19,2004-11-23,11.818491385311928,11.840763092041016,639.9942395274971,6.3999,7.853821615786905,0.18844796685951812,4,time_stop,3,4,100571.40751091467
LOW,2004-11-19,2004-11-23,20.347082330672155,20.212873458862305,371.73715049567596,3.7174,-53.60779508278993,-0.6595976249997151,4,time_stop,3,4,100517.79971583188
USB,2004-11-19,2004-11-23,14.95080266394973,14.98577880859375,505.91038999820324,5.0591,12.635691077507573,0.23394158447664046,4,time_stop,3,4,100530.43540690938
XRX,2004-11-19,2004-11-23,18.695229845439968,18.695232391357422,404.5826913623046,4.0458,-4.044796879487624,1.3618005634552474e-05,4,time_stop,3,4,100526.39061002989
BC,2004-11-22,2004-11-24,34.965718077695264,36.49728775024414,216.31949298733073,2.1632,329.1451801106718,4.380203687353611,2,profit_target,2,5,100855.53579014057
GME,2004-11-22,2004-11-24,1.7253316505889746,1.807810664176941,4383.949256320053,43.8395,317.74431771777574,4.780472992529321,2,profit_target,2,5,101173.28010785834
NSC,2004-11-22,2004-11-24,20.567779568143756,21.34781265258789,183.87416058805064,1.0,142.4279286330733,3.792500215493767,2,partial_exit,1,6,101315.70803649141
PSA,2004-11-22,2004-11-24,24.796878462270197,25.452037811279297,305.0289744337646,3.0503,196.792294574601,2.642104126154269,2,profit_target,3,4,101512.50033106601
SYNA,2004-11-22,2004-11-24,21.34666633605957,25.799999237060547,354.3300994838708,3.5433,1574.4065888516323,20.861959572011692,2,profit_target,3,4,103086.90691991764
WSM,2004-11-22,2004-11-24,11.439635657634675,11.721673965454102,661.1894498105818,6.6119,179.86885907452853,2.4654483434636125,2,profit_target,3,4,103266.77577899217
ZION,2004-11-22,2004-11-24,43.58162991362061,44.44797897338867,173.55400478358595,2.0,148.35834886324145,1.987876684477331,2,profit_target,3,4,103415.13412785542
ABT,2004-11-22,2004-11-26,12.64505571149664,12.55074691772461,598.1599906774751,5.9816,-62.39334711025676,-0.7458155655754629,4,time_stop,3,4,103352.74078074517
BBWI,2004-11-22,2004-11-26,7.578713656218985,7.372805118560791,998.0277326216519,9.9803,-215.4827082926643,-2.7169325428891056,4,time_stop,3,4,103137.2580724525
NSC,2004-11-22,2004-11-26,20.567779568143756,21.435161590576172,183.87416058805064,2.8387,156.65039967804572,4.217188440583318,4,profit_target,1,6,103293.90847213056
RYN,2004-11-23,2004-11-26,5.616311448812846,5.819283485412598,1340.6102100600465,13.4061,258.70028252170795,3.613974019240956,3,profit_target,2,5,103552.60875465226
CNP,2004-11-24,2004-11-26,4.838703699579909,4.965692043304443,1558.1609794389374,15.5816,182.28667224075906,2.624429012579527,2,profit_target,3,4,103734.89542689302
PBI,2004-11-23,2004-11-29,15.340421848461599,15.510523796081543,490.81339128302403,4.9081,78.58017986236186,1.108847913703251,6,time_stop,2,5,103813.47560675538
CLX,2004-11-24,2004-11-29,29.92768645723964,29.857152938842773,251.9232252223896,2.5192,-20.28826369304559,-0.2356798227542425,5,time_stop,3,4,103793.18734306234
T,2004-11-24,2004-11-29,4.289922103349082,4.3018012046813965,1757.4862932514034,17.5749,3.3024948351732064,0.2769071569630755,5,time_stop,3,4,103796.4898378975
EG,2004-11-30,2004-12-02,53.90091535382447,56.51645278930664,144.4268003008961,2.0,375.7537028739009,4.852491684626995,2,profit_target,3,4,104172.24354077141
GE,2004-11-30,2004-12-02,100.74790504609017,102.57451629638672,38.634732574741626,1.0,69.5706371732217,1.8130513477783117,2,partial_exit,1,6,104241.81417794463
EMR,2004-11-30,2004-12-03,18.859141931743977,19.157501220703125,412.7831884407706,4.1278,119.02986671307052,1.5820406359896213,3,profit_target,3,4,104360.8440446577
DLTR,2004-12-01,2004-12-03,9.166666984558105,9.433333396911621,849.2439783136278,8.4924,217.9724051265857,2.909088033881169,2,profit_target,3,4,104578.81644978428
BBY,2004-12-01,2004-12-06,21.180697309858452,21.027799606323242,367.53920911843375,3.6754,-59.871293124540145,-0.7218728510134765,5,time_stop,3,4,104518.94515665974
CMA,2004-12-01,2004-12-06,30.749366169384857,30.848955154418945,253.1673887181801,2.5317,22.681009398992362,0.3238732937957044,5,time_stop,3,4,104541.62616605873
GHC,2004-12-01,2004-12-06,424.67198447299654,429.40283203125,18.33117564254422,2.0,84.7219975284456,1.1140003888234538,5,time_stop,3,4,104626.34816358717
NBR,2004-12-02,2004-12-06,1061.6391737852207,1060.57080078125,7.33275196513918,2.0,-9.834114244367738,-0.10063428614464759,4,time_stop,3,4,104616.5140493428
OKE,2004-12-02,2004-12-06,4.230339531402552,4.256357669830322,1840.2155855469393,18.4022,29.476827986231132,0.6150366474046121,4,time_stop,3,4,104645.99087732904
PCG,2004-12-02,2004-12-06,20.020293445997392,19.72740364074707,388.8422893920516,3.8884,-117.77636530704791,-1.462964596599751,4,time_stop,3,4,104528.214512022
SLB,2004-12-02,2004-12-06,20.135429391428723,20.31498146057129,386.6188590522996,3.8662,65.55202752185568,0.8917220768035792,4,time_stop,3,4,104593.76653954385
DTE,2004-12-03,2004-12-06,15.659248673615913,15.928047180175781,499.2663585781439,4.9927,129.20938797560729,1.7165479146695182,3,profit_target,3,4,104722.97592751947
RIG,2004-12-03,2004-12-06,35.104632949697034,36.206329345703125,222.7095231147637,2.2271,243.13118374062265,3.1383219348419327,3,profit_target,3,4,104966.10711126009
EIX,2004-12-03,2004-12-07,14.865627761748266,14.575919151306152,525.9203438056758,5.2592,-157.62285544523786,-1.9488488147643674,4,time_stop,3,4,104808.48425581485
NUE,2004-12-03,2004-12-07,13.797232187745148,13.504436492919922,566.6452486238509,5.6665,-171.57774177647218,-2.1221335615797705,4,time_stop,3,4,104636.90651403838
GE,2004-11-30,2004-12-08,100.74790504609017,101.9181137084961,38.634732574741626,2.0,43.210698728699064,1.1615215838687454,8,time_stop,1,6,104680.11721276707
BALL,2004-12-07,2004-12-09,8.707310797766965,8.84581470489502,904.1204817638345,9.0412,116.18301442115167,1.5906622646750423,2,profit_target,3,4,104796.30022718823
CVS,2004-12-08,2004-12-10,14.452251009884609,14.766284942626953,543.0135404640704,5.4301,165.0945422396353,2.172906715552897,2,profit_target,3,4,104961.39476942786
DIS,2004-12-08,2004-12-10,21.47308511558979,21.91730499267578,365.4699800381864,3.6547,158.69432981080115,2.0687287117559148,2,profit_target,3,4,105120.08909923866
OLN,2004-12-08,2004-12-10,10.012835408349428,10.433024406433105,783.7707970320614,7.8377,321.49415796182666,4.196503597105905,2,profit_target,3,4,105441.58325720049
PCAR,2004-12-08,2004-12-10,10.878697146683606,11.01067066192627,721.3885893445693,7.2139,87.99030209830303,1.2131371382362226,2,profit_target,3,4,105529.57355929879
TXT,2004-12-08,2004-12-10,31.897505486292868,32.393558502197266,246.03077478661314,2.4603,119.58400009032896,1.5551467374699997,2,profit_target,3,4,105649.15755938912
WY,2004-12-08,2004-12-10,11.833630236221342,12.00570297241211,663.1750216879169,6.6318,107.48259033833195,1.4540993148837178,2,profit_target,3,4,105756.64014972745
HBAN,2004-12-08,2004-12-13,11.057676407278558,11.150443077087402,709.7122125392633,7.0971,58.74051635454137,0.8389345680958952,5,time_stop,3,4,105815.380666082
KEY,2004-12-08,2004-12-13,16.249591356379877,16.337919235229492,482.95171345780983,4.8295,37.828583301937265,0.5435698468499383,5,time_stop,3,4,105853.20924938393
LHX,2004-12-08,2004-12-13,20.364316398079357,19.76041603088379,385.3685945133436,3.8537,-236.57792167738148,-2.965483129365069,5,time_stop,3,4,105616.63132770655
LUV,2004-12-08,2004-12-13,13.431520760128597,13.559284210205078,584.2799284388509,5.8428,68.8068201833984,0.951221029682253,5,time_stop,3,4,105685.43814788994
PGR,2004-12-08,2004-12-13,11.78756134003655,11.417580604553223,665.7668844443565,6.6577,-252.9785904116101,-3.1387385805296715,5,time_stop,3,4,105432.45955747833
R,2004-12-08,2004-12-13,30.368084633881956,30.53191566467285,258.42156603439685,2.5842,39.753255881668665,0.5394842406626705,5,time_stop,3,4,105472.21281336
TFC,2004-12-08,2004-12-13,18.707351858033988,18.853918075561523,419.50181127226756,4.195,57.28977561140364,0.7834685456273799,5,time_stop,3,4,105529.50258897142
TFX,2004-12-08,2004-12-13,38.40983511437976,38.86439514160156,204.31662789447523,2.0432,90.83100565863481,1.1834469631753914,5,time_stop,3,4,105620.33359463005
USB,2004-12-08,2004-12-13,14.730937217273127,14.74093246459961,532.7405767061978,5.3274,-0.002531942030436163,0.06785208014302477,5,time_stop,3,4,105620.33106268803
AGCO,2004-12-09,2004-12-13,16.434086561248883,17.224119186401367,477.7271168493167,4.7773,372.64273706250026,4.807280418099777,4,profit_target,2,5,105992.97379975053
ASB,2004-12-09,2004-12-13,17.040413211374027,17.225921630859375,460.7287800812946,4.6073,80.86178000348062,1.0886380346782099,4,time_stop,3,4,106073.83557975401
FDS,2004-12-09,2004-12-13,26.736362011348913,26.518457412719727,293.6453653501914,2.9365,-66.9231291294561,-0.8150121491349163,4,time_stop,3,4,106006.91245062456
GWW,2004-12-09,2004-12-13,42.93946073588306,43.59519577026367,182.83901698832253,2.0,117.89394909095499,1.52711520625278,4,time_stop,3,4,106124.80639971551
ARW,2004-12-10,2004-12-13,24.219999313354492,24.530000686645508,324.5137382272922,3.2451,97.35456711998881,1.2799396452504694,3,profit_target,3,4,106222.1609668355
LMT,2004-12-10,2004-12-13,32.29222097253816,33.1878547668457,243.39368059332787,2.4339,215.55766885434704,2.773528011805705,3,profit_target,3,4,106437.71863568985
T,2004-12-10,2004-12-13,4.293316412894114,4.371376037597656,1830.6879254075047,18.3069,124.59593315254045,1.8181661260536368,3,profit_target,2,5,106562.31456884238
TTWO,2004-12-10,2004-12-13,21.432008151504398,23.611875534057617,366.72823477287693,3.6673,795.7516348949848,10.171083209485461,3,profit_target,3,4,107358.06620373737
BA,2004-12-10,2004-12-14,36.840841420531255,36.847843170166016,213.34264403252539,2.1334,-0.6396546603917224,0.019005400975609245,4,time_stop,3,4,107357.42654907698
GATX,2004-12-10,2004-12-14,16.532730984806474,16.861480712890625,475.4037626489039,4.754,151.53482007452055,1.9884780583817114,4,profit_target,2,5,107508.9613691515
GD,2004-12-10,2004-12-14,33.695609334993726,33.7302360534668,233.25657770125557,2.3326,5.7443440710407465,0.10276329514869445,4,time_stop,3,4,107514.70571322253
GPC,2004-12-10,2004-12-14,22.180518318636764,22.351444244384766,354.3525180128515,3.5435,57.02450700235345,0.7706128562576648,4,time_stop,3,4,107571.73022022488
MTB,2004-12-09,2004-12-15,56.0691426689973,56.63521957397461,140.0236996186254,2.0,77.26418250358373,1.0096050662289024,6,time_stop,2,5,107648.99440272847
AMT,2004-12-13,2004-12-15,12.810239220364329,13.424431800842285,619.1725130800465,6.1917,374.0994384388545,4.794544191661774,2,profit_target,3,4,108023.09384116733
PWR,2004-12-13,2004-12-15,7.4449738047326965,7.592104911804199,1065.3829307213175,10.6538,146.0971407448963,1.976247478237907,2,profit_target,2,5,108169.19098191222
VFC,2004-12-14,2004-12-17,7.043088076064453,7.1263322830200195,1143.2279247854485,11.4323,83.73482272036775,1.1819276723014007,3,profit_target,3,4,108252.92580463258
HXL,2004-12-15,2004-12-17,12.786983752722149,13.421736717224121,630.9447108509339,6.3094,394.18457854096073,4.964055454960935,2,profit_target,3,4,108647.11038317355
CCI,2004-12-13,2004-12-20,10.019883975125934,9.867138862609863,791.6007840928985,7.916,-128.82915867500847,-1.5244199722796774,7,time_stop,2,5,108518.28122449854
VZ,2004-12-13,2004-12-20,12.565540234753312,12.434303283691406,631.2301630527766,6.3123,-89.15302364788397,-1.0444194886180513,7,time_stop,2,5,108429.12820085065
ALL,2004-12-15,2004-12-20,30.221699672459664,29.977060317993164,266.95651978399275,2.6696,-67.97763586841933,-0.8094824484323566,5,time_stop,3,4,108361.15056498224
ITT,2004-12-17,2004-12-20,10.557607243413004,10.719836235046387,768.4212091432936,7.6842,116.97598581758798,1.5366075654556917,3,profit_target,3,4,108478.12655079982
ADP,2004-12-20,2004-12-22,21.174061717950536,21.43280601501465,384.8356251757786,3.8484,95.72566706957714,1.2219870731970088,2,profit_target,3,4,108573.8522178694
ITW,2004-12-20,2004-12-22,27.926504868375464,28.45943832397461,291.78493037865184,2.9178,152.5841019346646,1.9083428381424503,2,profit_target,3,4,108726.43631980407
ECL,2004-12-20,2004-12-23,27.068402399081588,27.373939514160156,301.03488039672743,3.0103,88.96698009047064,1.1287593208269093,3,profit_target,3,4,108815.40329989453
LNC,2004-12-21,2004-12-23,26.179052627493213,26.456418991088867,310.7774604022804,3.1078,83.09143947525,1.059497329954423,2,profit_target,3,4,108898.49473936978
DIS,2004-12-20,2004-12-27,21.758657068176564,22.012495040893555,374.4961489675652,3.745,91.31638175457113,1.1666067989473705,7,time_stop,3,4,108989.81112112435
GS,2004-12-20,2004-12-27,74.48141110504524,74.79727172851562,109.40358349609798,2.0,32.55628409297187,0.42407980566440895,7,time_stop,3,4,109022.36740521733
HON,2004-12-20,2004-12-27,19.822065452036664,19.91128921508789,411.08396591944336,4.1108,32.567618710160346,0.4501234408044937,7,time_stop,3,4,109054.9350239275
LMT,2004-12-20,2004-12-27,32.38563149337767,31.528470993041992,251.60952258733187,2.5161,-218.18583949605247,-2.6467308519549975,7,time_stop,3,4,108836.74918443144
INGR,2004-12-21,2004-12-27,17.058458903722535,17.16799545288086,476.93988872198537,4.7694,47.47295067934169,0.6421245305718745,6,time_stop,3,4,108884.22213511077
UHS,2004-12-21,2004-12-27,20.45281322582348,20.538211822509766,397.7868179541065,3.9779,29.99256785404267,0.4175396105336871,6,time_stop,3,4,108914.21470296482
VRTX,2004-12-21,2004-12-27,10.869999885559082,10.75,748.4691423151318,7.4847,-97.30090284547143,-1.103954800574591,6,time_stop,3,4,108816.91380011935
WM,2004-12-21,2004-12-27,16.86606216430664,16.940263748168945,482.38049949369724,4.8238,30.969592091785028,0.439946106799821,6,time_stop,3,4,108847.88339221114
AMD,2004-12-22,2004-12-27,21.780000686645508,21.899999618530273,373.5472559603049,3.7355,41.08979916411868,0.5509592658476977,5,time_stop,3,4,108888.97319137526
D,2004-12-22,2004-12-27,14.23804759979248,14.091485977172852,571.4167925262847,5.7142,-89.46194023001897,-1.0293660109814848,5,time_stop,3,4,108799.51125114525
EBAY,2004-12-22,2004-12-27,21.21738826036554,21.06618881225586,383.4524490701769,3.8345,-61.81232316641739,-0.712620451934334,5,time_stop,3,4,108737.69892797882
LEG,2004-12-22,2004-12-27,11.650005081672392,11.86574935913086,698.3567332609317,6.9836,143.68290149302626,1.8518814021624184,5,time_stop,3,4,108881.38182947185
DOV,2004-12-22,2004-12-28,18.560225435398653,18.681415557861328,438.3491741319594,4.3835,48.74009835314503,0.6529560908863604,6,time_stop,2,5,108930.12192782499
WAT,2004-12-27,2004-12-29,45.880001068115234,46.97999954223633,178.01627975830064,2.0,193.81763610284446,2.3975554675510864,2,profit_target,3,4,109123.93956392784
WTFC,2004-12-28,2005-01-03,44.99054734586852,44.02139663696289,181.5070969115534,2.0,-177.90773164323488,-2.154120734418287,6,time_stop,2,5,108946.0318322846
SWKS,2004-12-29,2005-01-03,7.459732532501221,7.09661340713501,1095.1812426239342,10.9518,-408.6330673653224,-4.867723122566948,5,time_stop,3,4,108537.39876491927
VRTX,2005-01-04,2005-01-06,10.15999984741211,10.520000457763672,320.48444998519926,3.2048,112.16975310300455,3.5433131472266663,2,profit_target,3,4,108649.56851802228
BIIB,2005-01-05,2005-01-07,64.91000366210938,66.08999633789062,50.16363856482587,2.0,57.19272609703238,1.8178903238455062,2,profit_target,3,4,108706.7612441193
FISV,2005-01-05,2005-01-07,9.805000305175781,10.024999618530273,332.0879002144206,3.3209,69.73823101836344,2.243746114300076,2,profit_target,3,4,108776.49947513767
ADBE,2005-01-04,2005-01-10,31.09889880624707,29.40423011779785,104.70216271109562,2.0,-179.4354767594092,-5.449288410523393,6,time_stop,3,4,108597.06399837826
AEP,2005-01-04,2005-01-10,14.787088689628288,14.53955364227295,220.2003403977304,2.202,-56.709305091991126,-1.6739944728197935,6,time_stop,3,4,108540.35469328627
BYD,2005-01-04,2005-01-10,36.31954852869599,35.3588752746582,89.65204951198454,2.0,-88.12632613583492,-2.645058358252335,6,time_stop,3,4,108452.22836715043
CMA,2005-01-04,2005-01-10,30.44176503484048,29.954498291015625,106.96232492501534,2.0,-54.11918377814826,-1.6006520754206575,6,time_stop,3,4,108398.10918337227
FE,2005-01-04,2005-01-10,15.665204945027385,15.220120429992676,207.85696544501135,2.0786,-94.59248631612938,-2.8412300802741366,6,time_stop,3,4,108303.51669705614
FMC,2005-01-04,2005-01-10,7.461929489884743,7.040562629699707,436.364611507187,4.3636,-188.23323236171828,-5.6468887940610175,6,time_stop,3,4,108115.28346469442
GL,2005-01-04,2005-01-10,20.64461407745556,20.447620391845703,157.72258811577134,2.0,-33.07035393685135,-0.9542134566951281,6,time_stop,3,4,108082.21311075757
GPN,2005-01-04,2005-01-10,13.416956216493839,13.19613265991211,242.68708270395462,2.4269,-56.017895566171106,-1.6458543429564507,6,time_stop,3,4,108026.1952151914
PBI,2005-01-04,2005-01-10,16.22633119809511,15.822359085083008,200.6690189665197,2.0067,-83.0713777976358,-2.4896084523378064,6,time_stop,3,4,107943.12383739377
PENN,2005-01-04,2005-01-10,6.777073860168457,6.683247089385986,480.46133628336185,4.8046,-49.884749032132184,-1.3844731917993065,6,time_stop,3,4,107893.23908836163
SEIC,2005-01-04,2005-01-10,16.027511285914947,15.15406608581543,203.15830105258286,2.0316,-179.4792259252771,-5.449662049947239,6,time_stop,3,4,107713.75986243636
SYNA,2005-01-04,2005-01-10,19.53333282470703,19.233333587646484,166.6956679726986,2.0,-52.008573213107816,-1.5358323116323922,6,time_stop,3,4,107661.75128922325
TMO,2005-01-04,2005-01-10,28.145990783686035,27.341827392578125,115.68688371897322,2.0,-95.03115671815591,-2.8571152363697156,6,time_stop,3,4,107566.7201325051
UTHR,2005-01-04,2005-01-10,22.045000076293945,21.280000686645508,147.70342262094357,2.0,-114.99302815400705,-3.4701718621043613,6,time_stop,3,4,107451.7271043511
VRSN,2005-01-04,2005-01-10,27.3076429990758,25.856714248657227,119.23848437075944,2.0,-175.00654512987052,-5.313269806799796,6,time_stop,3,4,107276.72055922123
VZ,2005-01-04,2005-01-10,12.415986906386468,12.028099060058594,262.2523676529259,2.6225,-104.34702975980863,-3.124099995050372,6,time_stop,3,4,107172.37352946142
AFL,2005-01-05,2005-01-10,12.218802305172833,12.391593933105469,266.4845441986649,2.6648,43.3814527689871,1.4141453770758239,5,time_stop,3,4,107215.7549822304
COST,2005-01-05,2005-01-10,31.703772247427956,31.972564697265625,102.70455949328675,2.0,25.606210155699152,0.8478248195196244,5,time_stop,3,4,107241.3611923861
DLTR,2005-01-05,2005-01-10,9.34000015258789,9.210000038146973,348.6211894809643,3.4862,-48.807006423863946,-1.3918641575706832,5,time_stop,3,4,107192.55418596223
EW,2005-01-05,2005-01-10,3.308332920074463,3.441667079925537,984.2183485192568,9.8422,121.38774312463428,4.0302521865929135,5,profit_target,2,5,107313.94192908687
FDX,2005-01-05,2005-01-10,77.22904676876755,76.96337890625,42.16188207911945,2.0,-13.201057091676489,-0.343999924423495,5,time_stop,3,4,107300.74087199519
GHC,2005-01-05,2005-01-10,426.2489349676355,411.37969970703125,7.639014894418003,2.0,-115.58630962436105,-3.488392354982243,5,time_stop,3,4,107185.15456237084
ADSK,2005-01-05,2005-01-11,34.98195833165239,32.3733024597168,93.08003663137899,2.0,-244.8137841184272,-7.45714647305846,6,time_stop,2,5,106940.34077825242
BBBY,2005-01-05,2005-01-11,64.25,54.38999938964844,50.67894105754986,2.0,-501.69438975941245,-15.346304451909045,6,time_stop,2,5,106438.646388493
CCL,2005-01-05,2005-01-11,37.380904012327086,36.88118362426758,87.10656012689816,2.0,-45.528924029142416,-1.3368333411485058,6,time_stop,2,5,106393.11746446385
CMI,2005-01-05,2005-01-11,12.579765179884284,11.949590682983398,258.8380559085706,2.5884,-165.70152222007235,-5.009429730123801,6,time_stop,2,5,106227.41594224378
HOLX,2005-01-05,2005-01-11,6.5,6.570000171661377,500.94184045347356,5.0094,30.056596419574515,1.0769257178673377,6,time_stop,2,5,106257.47253866335
ALK,2005-01-07,2005-01-11,6.744460744433611,6.836634635925293,483.28356840549674,4.8328,39.7132915098662,1.3666606565655488,4,time_stop,3,4,106297.18583017321
CCK,2005-01-10,2005-01-12,12.094649257567603,12.284071922302246,269.8131144408583,2.6981,48.41058797333196,1.5661691438974255,2,profit_target,3,4,106345.59641814654
DGX,2005-01-11,2005-01-13,32.85500997494421,33.21416091918945,48.935529761265656,1.0,16.575241720899772,1.0931390509975132,2,partial_exit,1,7,106362.17165986744
WM,2005-01-11,2005-01-13,16.35237493903494,16.763334274291992,98.32072249013926,1.0,39.405818756540576,2.513147703554943,2,partial_exit,1,7,106401.57747862398
GWW,2005-01-11,2005-01-14,43.616357704849975,44.208595275878906,36.86179688169569,1.0,20.8309410489773,1.3578336252572438,3,partial_exit,1,6,106422.40841967295
MLM,2005-01-11,2005-01-14,39.552466526826734,40.40601348876953,40.64923024067478,1.0,33.69602697724124,2.1580119696552247,3,partial_exit,1,6,106456.10444665019
BC,2005-01-10,2005-01-18,34.9062445240892,36.0809440612793,93.48742692735371,2.0,107.8196371446551,3.3652991125396485,8,time_stop,2,5,106563.92408379485
EWBC,2005-01-12,2005-01-18,27.18086507412751,26.38364028930664,117.32207809458612,2.0,-95.53206846369368,-2.933036835460102,6,time_stop,3,4,106468.39201533115
HPQ,2005-01-12,2005-01-18,5.464742754872119,5.568313121795654,583.5435843822845,5.8354,54.60238730652545,1.8952468866205423,6,time_stop,3,4,106522.99440263768
MTD,2005-01-12,2005-01-18,49.70000076293945,49.95000076293945,64.1632902606135,2.0,14.040822565153373,0.5030181009301338,6,time_stop,3,4,106537.03522520282
AMG,2005-01-13,2005-01-18,61.08649879990066,60.563720703125,52.2270543446105,2.0,-29.303160070474448,-0.8557997381518128,5,time_stop,3,4,106507.73206513235
AVB,2005-01-13,2005-01-18,32.50565876977479,32.794498443603516,98.1480767745874,2.0,26.349058482488537,0.8885827414680842,5,time_stop,3,4,106534.08112361484
BXP,2005-01-13,2005-01-18,23.454427324120076,24.099523544311523,136.02412237383788,2.0,85.74864719822178,2.7504240938257465,5,time_stop,3,4,106619.82977081307
C,2005-01-13,2005-01-18,296.08302012211135,297.13177490234375,10.775247737032053,2.0,9.300592572400719,0.35420970098179555,5,time_stop,3,4,106629.13036338547
CPB,2005-01-13,2005-01-18,15.343865400269708,15.682257652282715,207.92465322905642,2.0792,68.28084512291332,2.2053911656906124,5,time_stop,3,4,106697.41120850838
HBAN,2005-01-13,2005-01-18,11.16412785315604,11.140740394592285,285.76955893984103,2.8577,-9.541119307886616,-0.20948755578022107,5,time_stop,3,4,106687.87008920049
NTRS,2005-01-13,2005-01-18,27.581672668457035,28.47140121459961,115.66984826822943,2.0,100.91476593222397,3.225796190236448,5,time_stop,3,4,106788.7848551327
PLD,2005-01-13,2005-01-18,18.73803156098877,19.301658630371094,170.26163512214976,2.0,93.96406643213987,3.0079310494692257,5,time_stop,3,4,106882.74892156484
RF,2005-01-13,2005-01-18,17.438614917431416,16.873767852783203,182.94846853664652,2.0,-105.33790543481064,-3.2390592218628473,5,time_stop,3,4,106777.41101613003
URI,2005-01-13,2005-01-18,16.80442156065334,16.9976863861084,189.85288372046517,2.0,34.691884434375496,1.1500831775583356,5,time_stop,3,4,106812.10290056441
BK,2005-01-14,2005-01-18,21.052559844247284,21.272127151489258,151.62276454618234,2.0,31.29140212798906,1.042948263139466,4,time_stop,3,4,106843.3943026924
CTSH,2005-01-14,2005-01-18,8.284814253939643,8.562666893005371,385.2889426990857,3.8529,103.20066010479403,3.3537582201508203,4,time_stop,3,4,106946.59496279719
JKHY,2005-01-14,2005-01-18,16.007786891561185,16.587120056152344,199.4059107596859,2.0,113.522457318591,3.6190709466313877,4,time_stop,3,4,107060.11742011577
LUMN,2005-01-14,2005-01-18,9.93672367855657,10.005045890808105,321.2374045629498,3.2124,18.735276092052796,0.6875728304589457,4,time_stop,3,4,107078.85269620782
STT,2005-01-14,2005-01-18,30.113011748754,30.061304092407227,106.0022607831911,2.0,-7.481128472558433,-0.17171200535567216,4,time_stop,3,4,107071.37156773526
DGX,2005-01-11,2005-01-19,32.85500997494421,33.149532318115234,48.935529761265656,2.0,12.412606889603374,0.896430539499554,8,time_stop,1,7,107083.78417462486
ESS,2005-01-11,2005-01-19,37.06109609486618,37.32998275756836,86.76361402372429,2.0,21.329578618819248,0.7255226936998945,8,time_stop,1,6,107105.11375324368
GME,2005-01-11,2005-01-19,1.6327529679846826,1.629386067390442,1969.4067013947028,19.6941,-26.324863607174507,-0.20621004280865005,8,time_stop,1,7,107078.7888896365
GWW,2005-01-11,2005-01-19,43.616357704849975,43.90541076660156,36.86179688169569,2.0,8.655015250319272,0.662717101935924,8,time_stop,1,6,107087.44390488682
KEY,2005-01-11,2005-01-19,15.852052877700379,15.572312355041504,202.84783691294362,2.0285,-58.77323828737846,-1.7646958713618426,8,time_stop,1,6,107028.67066659944
MLM,2005-01-11,2005-01-19,39.552466526826734,40.34337615966797,40.64923024067478,2.0,30.149867764930903,1.9996468040869075,8,time_stop,1,6,107058.82053436438
WM,2005-01-11,2005-01-19,16.35237493903494,16.466529846191406,98.32072249013926,2.0,9.223792947418378,0.6980937483518936,8,time_stop,1,7,107068.0443273118
CHRW,2005-01-18,2005-01-24,16.626271745092257,16.3444766998291,192.08654726470576,2.0,-56.12903728090105,-1.6948781397509394,6,time_stop,3,4,107011.9152900309
ALV,2005-01-19,2005-01-25,20.180833496404077,19.561674118041992,159.1679128418761,2.0,-100.55030597036647,-3.0680565224048326,6,time_stop,2,5,106911.36498406054
SGI,2005-01-21,2005-01-25,4.569555104956783,4.512119770050049,702.9221129941341,7.0292,-47.401788103108714,-1.2569130601889842,4,time_stop,3,4,106863.96319595743
ESRX,2005-01-24,2005-01-26,9.234999656677246,9.3462495803833,347.81174328435725,3.4781,35.21591247161105,1.2046554178875024,2,profit_target,3,4,106899.17910842905
LHX,2005-01-24,2005-01-26,17.02734139779253,17.24835205078125,188.64021427536372,2.0,39.69149693693031,1.2979751085355757,2,profit_target,3,4,106938.87060536597
URBN,2005-01-24,2005-01-26,19.75,19.96500015258789,162.63500404148627,2.0,32.96655068505176,1.0886083675336233,2,profit_target,3,4,106971.83715605103
ALK,2005-01-25,2005-01-27,6.220639895562127,6.436463832855225,516.081546689631,5.1608,106.22193590397147,3.469481289972577,2,profit_target,3,4,107078.059091955
AME,2005-01-25,2005-01-27,8.792397727636903,9.803525924682617,365.12878035645474,3.6513,365.5407175677582,11.500027960148602,2,profit_target,3,4,107443.59980952276
BEN,2005-01-25,2005-01-27,10.912582839995972,11.03472900390625,294.1885991403032,2.9419,32.99212285972355,1.1193148835727253,2,profit_target,3,4,107476.59193238248
BG,2005-01-25,2005-01-27,35.20275784279799,35.611289978027344,91.19619187329444,2.0,35.25657499078252,1.1605117333525352,2,profit_target,3,4,107511.84850737326
CSX,2005-01-25,2005-01-27,1.4573759134039173,1.5114096403121948,2202.8341687098846,22.0283,96.9989982091937,3.707603948391997,2,profit_target,3,4,107608.84750558245
CVS,2005-01-25,2005-01-27,14.769474687336766,14.952948570251465,217.36436309772495,2.1736,37.70704007384283,1.2422505661085428,2,profit_target,3,4,107646.5545456563
DECK,2005-01-25,2005-01-27,2.0283329486846924,2.156111001968384,1582.7566479077009,15.8276,186.41399681239,6.299658710693986,2,profit_target,3,4,107832.96854246869
DGX,2005-01-25,2005-01-27,32.37735273461069,34.43527603149414,99.15441466186097,2.0,202.0521799214858,6.356057932690638,2,profit_target,2,5,108035.02072239018
DKS,2005-01-25,2005-01-27,12.013912292489707,12.287528991699219,267.21998467625133,2.6722,70.44365032316979,2.277498724379393,2,profit_target,3,4,108105.46437271335
DVA,2005-01-25,2005-01-27,20.0,20.6200008392334,160.51787293504634,2.0,97.52121593168874,3.100004196166992,2,profit_target,2,5,108202.98558864504
EA,2005-01-25,2005-01-27,55.87347824854541,61.177188873291016,57.45762675486386,2.0,302.7386254924388,9.492358075781116,2,profit_target,3,4,108505.72421413747
EG,2005-01-25,2005-01-27,55.668717737449796,56.680728912353516,57.66896722575731,2.0,56.361639277622736,1.817917164315989,2,profit_target,3,4,108562.08585341509
GT,2005-01-25,2005-01-27,12.8257544507347,13.903470039367676,250.3055450681131,2.5031,267.25513239049843,8.402746152459216,2,profit_target,3,4,108829.34098580558
HIG,2005-01-25,2005-01-27,41.679766495047154,42.30448532104492,77.02436286639025,2.0,46.11856954311737,1.4988539488866943,2,profit_target,3,4,108875.4595553487
M,2005-01-24,2005-01-28,14.494543739330542,14.434419631958008,221.60347973586565,2.216,-15.539746207125013,-0.4148051049678021,4,time_stop,3,4,108859.91980914157
SLM,2005-01-24,2005-01-28,14.009315439368676,13.644758224487305,229.27896396657218,2.2928,-85.87809017420548,-2.6022485999344416,4,time_stop,3,4,108774.04171896738
WY,2005-01-24,2005-01-28,11.346086261896799,11.231372833251953,283.0968543405359,2.831,-35.305979343378766,-1.0110396307322673,4,time_stop,3,4,108738.735739624
CCL,2005-01-26,2005-01-28,36.526129239216665,37.29544448852539,87.77056213327565,2.0,65.52323188952793,2.10620524356778,2,profit_target,3,4,108804.25897151353
AZO,2005-01-25,2005-01-31,89.22000122070312,89.25,35.982486155312635,2.0,-0.920569339273916,0.033623379159867024,6,time_stop,3,4,108803.33840217425
BBY,2005-01-25,2005-01-31,20.603544994769365,20.09546661376953,155.81578119279678,2.0,-81.16662984266053,-2.465975545124977,6,time_stop,3,4,108722.1717723316
CINF,2005-01-25,2005-01-31,20.245829599447642,20.081968307495117,158.56882736919377,2.0,-27.983292916113008,-0.8093582490538971,6,time_stop,3,4,108694.18847941548
DTE,2005-01-25,2005-01-31,15.89305340988748,16.098831176757812,201.99752532786934,2.02,39.54662442202359,1.2947654649062734,6,time_stop,3,4,108733.7351038375
DXC,2005-01-25,2005-01-31,15.66808947320345,15.766016960144043,204.89782523845562,2.049,18.016150852810224,0.6250123035618018,6,time_stop,3,4,108751.75125469032
FDS,2005-01-25,2005-01-31,27.46441013234083,28.378467559814453,116.89154958112707,2.0,104.84558910353039,3.32815240913283,6,time_stop,3,4,108856.59684379384
HPQ,2005-01-25,2005-01-31,5.4374868938909025,5.3393683433532715,590.4119901985991,5.9041,-63.83448860031052,-1.8044834397278018,6,time_stop,3,4,108792.76235519354
HSIC,2005-01-25,2005-01-31,13.3274507522583,13.345097541809082,240.88308547356218,2.4088,1.841982260959182,0.13240933978158614,6,time_stop,3,4,108794.6043374545
BRO,2005-01-27,2005-01-31,8.579684497953936,8.613727569580078,374.041156810235,3.7404,8.993098324313475,0.3967869871469104,4,time_stop,3,4,108803.5974357788
CLX,2005-01-27,2005-01-31,31.381130392935493,32.400794982910156,102.26384692005787,2.0,102.27482353897257,3.2492920975345423,4,time_stop,3,4,108905.87225931778
EL,2005-01-27,2005-01-31,17.415800130035215,17.30082893371582,184.2668778190119,2.0,-23.18538338489161,-0.6601545462221761,4,time_stop,3,4,108882.6868759329
MAC,2005-01-28,2005-01-31,17.533307419183778,17.848411560058594,186.28908445914388,2.0,56.7004619128545,1.7971745623421262,3,profit_target,3,4,108939.38733784575
AMT,2005-01-26,2005-02-01,13.197764711929793,13.336688995361328,242.91377864774415,2.4291,31.317484847807023,1.0526349458704793,6,time_stop,2,5,108970.70482269356
CPT,2005-01-28,2005-02-01,18.886000291956353,18.964771270751953,172.94629546583135,2.0,11.62314897291652,0.4170866121883343,4,time_stop,3,4,108982.32797166647
KIM,2005-01-28,2005-02-01,9.73762142886718,9.846406936645508,167.71363574361297,1.0,17.244813025718322,1.1171671498322209,4,partial_exit,1,6,108999.5727846922
SLG,2005-01-28,2005-02-01,24.21410658459518,24.516773223876953,134.8909477725035,2.0,38.826989831837,1.2499599695093793,4,time_stop,3,4,109038.39977452403
EQR,2005-01-28,2005-02-04,12.333306949205785,12.48447036743164,132.41638273142937,1.0,19.016513042786087,1.225651958946748,7,partial_exit,1,6,109057.41628756683
KIM,2005-01-28,2005-02-04,9.73762142886718,10.215188980102539,167.71363574361297,2.6771,77.41745397341998,4.904355285569115,7,profit_target,1,6,109134.83374154025
CMCSA,2005-02-02,2005-02-04,6.707217124970262,6.81109094619751,1219.265729842548,12.1927,114.4571331517495,1.548687321311499,2,profit_target,2,5,109249.290874692
EQR,2005-01-28,2005-02-07,12.333306949205785,12.48447036743164,132.41638273142937,2.3242,17.692349215471793,1.225651958946748,10,time_stop,1,6,109266.98322390747
MOH,2005-01-31,2005-02-07,32.46666717529297,31.99333381652832,100.53781472307686,2.0,-49.587901525731894,-1.457905599638677,7,time_stop,2,5,109217.39532238174
RTX,2005-02-03,2005-02-07,19.407714975916427,19.514842987060547,421.3726341940543,4.2137,40.9270859098272,0.5519867293860089,4,time_stop,3,4,109258.32240829157
SYY,2005-02-04,2005-02-08,19.019276420586937,19.405061721801758,429.97850192856765,4.2998,161.57960086312409,2.0283910527596984,4,time_stop,3,4,109419.9020091547
RHI,2005-02-07,2005-02-11,18.374796551902143,18.14833641052246,445.9204101910829,4.4592,-105.4424032378695,-1.232449789253528,4,time_stop,3,4,109314.45960591683
SCHW,2005-02-07,2005-02-11,7.740245930520548,7.954435348510742,1058.5835242383384,10.5858,216.1515537082345,2.7672172165179387,4,time_stop,3,4,109530.61115962506
COST,2005-02-09,2005-02-11,30.869904876141103,31.273958206176758,265.8412030621215,2.6584,104.75561132731376,1.3088907518725201,2,profit_target,3,4,109635.36677095237
FCX,2005-02-09,2005-02-11,10.85833505212413,11.549870491027832,755.7781751338784,7.5578,515.0896103037073,6.36870602706649,2,profit_target,3,4,110150.45638125608
GIS,2005-02-08,2005-02-14,13.44226467301633,13.383771896362305,609.5977411507937,6.096,-41.75304193343991,-0.4351407897170981,6,time_stop,3,4,110108.70333932264
CPB,2005-02-09,2005-02-14,15.11122420062438,15.068920135498047,543.0726552483761,5.4307,-28.404907528441353,-0.2799512770420314,5,time_stop,3,4,110080.2984317942
DKS,2005-02-10,2005-02-14,12.63674463030342,12.507142066955566,649.4150899439009,6.4942,-90.66001123294566,-1.0256008737967355,4,time_stop,3,4,109989.63842056126
CFR,2005-02-11,2005-02-14,25.31185887265281,25.603954315185547,324.2153289481627,3.2422,91.45966669552898,1.1539865325668366,3,profit_target,3,4,110081.09808725679
EA,2005-02-11,2005-02-14,60.75950096845369,61.42974853515625,135.06517532043932,2.0,88.52710510477867,1.1031156543740361,3,profit_target,3,4,110169.62519236156
FDS,2005-02-11,2005-02-14,26.146468313915772,26.425472259521484,313.866199907347,3.1387,84.4312461673476,1.0670808089871922,3,profit_target,3,4,110254.05643852892
FMC,2005-02-11,2005-02-14,7.2245154623688865,7.531105995178223,1135.9229132296339,11.3592,336.90398206511037,4.243752185268442,3,profit_target,3,4,110590.96042059403
INCY,2005-02-11,2005-02-14,8.449999809265137,8.649999618530273,971.1825841331336,9.7118,184.52450574691795,2.366861701533339,3,profit_target,3,4,110775.48492634094
MET,2005-02-11,2005-02-14,20.05856515410345,20.414657592773438,409.1266044025971,4.0913,141.59562424246542,1.7752637635555846,3,profit_target,3,4,110917.0805505834
PPL,2005-02-11,2005-02-14,10.045912742614746,10.188108444213867,816.8986592800744,8.169,107.99049139891082,1.4154582589188451,3,profit_target,3,4,111025.07104198232
SEIC,2005-02-11,2005-02-14,14.112207541253122,14.37463092803955,581.517287546771,5.8152,146.78856319741345,1.8595488056656395,3,profit_target,3,4,111171.85960517974
SLM,2005-02-11,2005-02-14,12.981435174021238,13.42822265625,632.1714464291,6.3217,276.1245744226815,3.441741812360503,3,profit_target,3,4,111447.98417960241
LNT,2005-02-11,2005-02-15,6.322926927756283,6.369866371154785,1297.894589713171,12.9789,47.94350373393163,0.7423689050153017,4,time_stop,3,4,111495.92768333634
EWBC,2005-02-10,2005-02-16,25.543411729880415,25.226877212524414,321.27629376489017,3.2128,-104.90779952244307,-1.2392021892115603,6,time_stop,2,5,111391.0198838139
CNO,2005-02-14,2005-02-16,14.801315093413672,15.1394624710083,558.1452848247474,5.5815,183.15391153204794,2.284576576206383,2,profit_target,3,4,111574.17379534595
FLS,2005-02-14,2005-02-16,6.00085379109825,6.138919353485107,1376.684804560496,13.7668,176.30591372548054,2.300765310957343,2,profit_target,3,4,111750.47970907143
SGI,2005-02-15,2005-02-17,4.3696779579775065,4.514416694641113,1912.863806864828,19.1286,257.73685274650455,3.3123433364091377,2,profit_target,3,4,112008.21656181793
WCC,2005-02-15,2005-02-17,31.73826239042813,33.15488815307617,263.3603160326455,2.6336,370.44940539064953,4.463463516752824,2,profit_target,3,4,112378.66596720858
LEG,2005-02-14,2005-02-18,11.930470500442036,11.874382972717285,692.4525087496019,6.9245,-45.76247437006255,-0.4701199983912846,4,time_stop,3,4,112332.90349283852
MOH,2005-02-16,2005-02-22,30.780000686645508,28.67333221435547,271.67623098456664,2.7168,-575.0485127956185,-6.8442768852960345,6,time_stop,2,5,111757.8549800429
MAS,2005-02-17,2005-02-22,20.66514153527411,20.385353088378906,405.57602588271766,4.0558,-117.53124663848158,-1.3539149800528683,5,time_stop,3,4,111640.32373340442
APH,2005-02-18,2005-02-22,2.201356328718969,2.163888454437256,3828.7304229594515,38.2873,-181.7416943756097,-1.7020358672926328,4,time_stop,3,4,111458.58203902881
BF-B,2005-02-18,2005-02-22,6.902146768127217,6.888126850128174,1221.1273145423927,12.2113,-29.33137796170014,-0.20312402025098203,4,time_stop,3,4,111429.25066106711
JCI,2005-02-18,2005-02-22,33.818928653267584,33.86979293823242,249.22137640591083,2.4922,10.184253344780341,0.15040182226447818,4,time_stop,3,4,111439.43491441189
MHK,2005-02-18,2005-02-22,89.47000122070312,87.5199966430664,94.20364180782344,2.0,-185.6975327553055,-2.1795065955419846,4,time_stop,3,4,111253.73738165658
NTRS,2005-02-18,2005-02-22,26.16534860692429,25.305892944335938,322.12068236347466,3.2212,-280.0696513177471,-3.284709389887165,4,time_stop,3,4,110973.66773033883
PEP,2005-02-18,2005-02-24,29.433217945194347,29.378469467163086,286.3567267172285,2.8636,-18.541162228954228,-0.18600914834797996,6,time_stop,2,5,110955.12656810987
GWW,2005-02-22,2005-02-24,43.24070603900706,44.040008544921875,194.83881124334096,2.0,153.7351500762664,1.8484955014235267,2,profit_target,2,5,111108.86171818613
TTC,2005-02-22,2005-02-24,7.874317953294736,8.041536331176758,1069.9298417887421,10.6993,168.21263417359424,2.1235918954994064,2,profit_target,3,4,111277.07435235973
DVA,2005-02-22,2005-02-25,20.975000381469727,21.19499969482422,401.6671088790964,4.0167,84.34981706169431,1.0488644069291633,3,profit_target,3,4,111361.42416942143
ABT,2005-02-23,2005-02-25,13.482745525696341,13.710915565490723,617.3093650631336,6.1731,134.67840874126824,1.6923114017061247,2,profit_target,3,4,111496.1025781627
AMGN,2005-02-23,2005-02-25,41.35441059797088,42.483978271484375,201.26088026469887,2.0126,225.32517548722637,2.731432166920826,2,profit_target,3,4,111721.42775364993
HIG,2005-02-23,2005-02-25,44.64562644238042,46.189727783203125,93.2120987317436,1.0,142.92892663258377,3.4585724602062005,2,partial_exit,1,6,111864.35668028251
L,2005-02-23,2005-02-25,20.941881219873547,21.394241333007812,397.4344516803476,3.9743,175.80914900877323,2.1600739130588797,2,profit_target,3,4,112040.16582929128
M,2005-02-23,2005-02-25,14.515460083280392,14.844818115234375,573.3903735757074,5.7339,183.11682124649732,2.2690154501775246,2,profit_target,3,4,112223.28265053777
PFG,2005-02-23,2005-02-25,20.74301576805388,21.24881362915039,401.2446971473465,4.0124,198.93626262197165,2.4384007935600436,2,profit_target,3,4,112422.21891315974
SPG,2005-02-23,2005-02-25,23.959116127500206,24.46122169494629,347.3844792722661,3.4738,170.94983629424064,2.095676504818005,2,profit_target,3,4,112593.16874945398
TROW,2005-02-23,2005-02-25,15.799164144803614,16.198240280151367,526.8016082048795,5.268,204.96593381533586,2.5259319524128787,2,profit_target,3,4,112798.13468326931
VFC,2005-02-23,2005-02-25,7.7764640853966664,7.894063949584961,1070.2839990485043,10.7028,115.16241294052377,1.5122536784955252,2,profit_target,3,4,112913.29709620983
WYNN,2005-02-23,2005-02-25,37.96244912908899,38.567222595214844,219.24362813035256,2.1924,130.400292629098,1.5930833758100293,2,profit_target,3,4,113043.69738883893
AEP,2005-02-22,2005-02-28,14.750869730077653,14.64998722076416,571.1505772967421,5.7115,-63.33060920651296,-0.6839088891673237,6,time_stop,3,4,112980.36677963242
MAR,2005-02-22,2005-02-28,24.156330558965063,24.285133361816406,348.7685243169583,3.4877,41.434678235181444,0.5332051676347874,6,time_stop,2,5,113021.8014578676
SO,2005-02-22,2005-02-28,12.797739919255509,12.667594909667969,658.3168446239998,6.5832,-92.25982050146972,-1.016937446835623,6,time_stop,3,4,112929.54163736613
ADBE,2005-02-23,2005-02-28,30.778961668160285,30.86894416809082,270.4127959061491,2.7041,21.628291429779402,0.292350667643278,5,time_stop,3,4,112951.1699287959
AIG,2005-02-23,2005-02-28,811.1189594468385,794.11962890625,10.261164509644175,2.0,-176.43292723079722,-2.095787595962694,5,time_stop,3,4,112774.73700156511
ALV,2005-02-23,2005-02-28,21.76399723448754,21.737884521484375,382.4217118805101,3.8242,-13.810285527320035,-0.11998123654319683,5,time_stop,3,4,112760.9267160378
C,2005-02-23,2005-02-28,300.78263511676823,296.98626708984375,27.67122868161685,2.0,-107.05016783260592,-1.2621632979080315,5,time_stop,3,4,112653.87654820518
DHR,2005-02-24,2005-02-28,10.68996077118726,10.844095230102539,778.5833136271679,7.7858,112.22068463011618,1.441861782418492,4,time_stop,3,4,112766.0972328353
LH,2005-02-24,2005-02-28,38.95072659178471,39.20450210571289,213.6808683186635,2.1368,52.09016349100255,0.6515296019707828,4,time_stop,3,4,112818.18739632629
NTAP,2005-02-24,2005-02-28,21.796311536438957,22.143102645874023,381.8547494084503,3.8185,128.6052846963214,1.5910541049814935,4,profit_target,2,5,112946.79268102262
PVH,2005-02-24,2005-02-28,25.776922250442247,26.424924850463867,322.8866890667142,3.2289,206.00254713693604,2.513886622017112,4,time_stop,3,4,113152.79522815955
RJF,2005-02-24,2005-02-28,9.615564405709375,9.93858814239502,865.578423543552,8.6558,270.9465925320726,3.3593840471168304,4,time_stop,3,4,113423.74182069162
TREX,2005-02-24,2005-02-28,5.59375,5.68874979019165,1487.915098060409,14.8792,126.47247115812368,1.698320271582577,4,time_stop,3,4,113550.21429184974
VNO,2005-02-24,2005-02-28,22.14722483463534,22.131122589111328,375.80442434301284,3.758,-9.809339353211923,-0.07270547729678455,4,time_stop,3,4,113540.40495249652
WM,2005-02-24,2005-02-28,16.734787819997226,16.80335235595703,497.34870673590603,4.9735,29.126996220197398,0.4097126100270818,4,time_stop,3,4,113569.53194871671
INGR,2005-02-25,2005-02-28,17.532823513011472,18.069021224975586,238.0044654596963,1.19,126.42742748943266,3.0582507806925134,3,partial_exit,1,6,113695.95937620614
MAC,2005-02-25,2005-02-28,17.719071044007997,18.037513732910156,471.00553723719315,4.7101,145.27821439324603,1.7971748525148907,3,profit_target,3,4,113841.23759059938
FICO,2005-02-25,2005-03-01,32.71239627165359,33.40323257446289,255.12593168415742,2.5513,173.6989960786203,2.1118486615055327,4,time_stop,3,4,114014.936586678
CFR,2005-02-24,2005-03-02,24.637349995435034,24.837636947631836,337.8214410769647,3.3782,64.28301240926699,0.8129403212354901,6,time_stop,2,5,114079.21959908727
HIG,2005-02-23,2005-03-03,44.64562644238042,45.98697280883789,93.2120987317436,2.0,123.02970994369942,3.0044294891653314,8,time_stop,1,6,114202.24930903097
INGR,2005-02-25,2005-03-03,17.532823513011472,18.314510345458984,238.0044654596963,3.5701,182.4748897316579,4.458419557280129,6,profit_target,1,6,114384.72419876263
LOW,2005-03-03,2005-03-07,20.516733419041618,20.481388092041016,417.0225978561851,4.1702,-18.910026066429307,-0.17227560683611579,4,time_stop,3,4,114365.8141726962
BAX,2005-03-04,2005-03-08,12.898726248046573,12.920767784118652,665.093137875254,6.6509,8.008743011017035,0.1708814936313341,4,time_stop,3,4,114373.82291570722
COST,2005-03-08,2005-03-14,30.169526052152932,30.74868392944336,284.30794862752305,2.8431,161.81610853763686,1.9196784075734528,6,time_stop,3,4,114535.63902424485
IBM,2005-03-08,2005-03-14,46.692917944691,46.79473876953125,183.69886570619587,2.0,16.70437002842373,0.2180648143704844,6,time_stop,3,4,114552.34339427328
BDX,2005-03-10,2005-03-14,31.415284208011972,31.93915367126465,273.0529719826742,2.7305,140.31358415228493,1.6675623870977807,4,time_stop,3,4,114692.65697842557
BKR,2005-03-10,2005-03-14,21.520011263777604,21.520015716552734,398.60744557864416,3.9861,-3.984299546466157,2.0691323416931676e-05,4,time_stop,3,4,114688.6726788791
HOG,2005-03-10,2005-03-14,37.923957345230804,38.3266716003418,226.19044317000285,2.2619,88.82821140273312,1.0618993462232582,4,time_stop,3,4,114777.50089028184
PENN,2005-03-10,2005-03-14,6.500113010406494,6.683247089385986,1319.675012564374,13.1968,228.48071785258264,2.817398385017303,4,time_stop,3,4,115005.98160813442
HP,2005-03-11,2005-03-14,10.011731354505713,10.256439208984375,856.7985311369299,8.568,201.09734496361796,2.4442111540331424,3,profit_target,3,4,115207.07895309804
ISRG,2005-03-11,2005-03-14,4.777778148651123,5.006667137145996,1795.4028947743875,17.954,392.9939235779327,4.790699387318637,3,profit_target,3,4,115600.07287667597
MNST,2005-03-11,2005-03-14,0.42750000953674316,0.5684379935264587,20065.58252004148,200.6558,2627.346922753508,32.96794873582385,3,profit_target,3,4,118227.41979942948
NBR,2005-03-11,2005-03-14,1176.988067354572,1213.9427490234375,7.288125476036687,2.0,267.33035692968485,3.13976689261819,3,profit_target,3,4,118494.75015635916
NRG,2005-03-11,2005-03-14,13.950286755300107,14.129471778869629,614.9003865758532,6.149,104.03193639574378,1.284454052540851,3,profit_target,3,4,118598.7820927549
PPC,2005-03-11,2005-03-14,22.8498375708266,23.216760635375977,375.409089543376,3.7541,133.99216269951268,1.6058016316835548,3,profit_target,3,4,118732.77425545441
RMD,2005-03-11,2005-03-14,11.586616590563738,11.783529281616211,740.3400856177535,7.4034,138.37895769683274,1.699483965084691,3,profit_target,3,4,118871.15321315124
ROK,2005-03-11,2005-03-14,37.04788728484273,38.18345260620117,231.5391604580794,2.3154,260.612449548062,3.065128417789782,3,profit_target,3,4,119131.7656626993
RRC,2005-03-11,2005-03-14,13.847511436417426,14.385695457458496,619.4641367920268,6.1946,327.1910586615485,3.8865035317877115,3,profit_target,3,4,119458.95672136084
STE,2005-03-11,2005-03-14,17.84968069519513,18.06734848022461,480.5708777181163,4.8057,99.79908972539437,1.2194491808924801,3,profit_target,3,4,119558.75581108623
TTMI,2005-03-11,2005-03-14,10.6899995803833,10.8100004196167,802.4356459675807,8.0244,88.26859448722809,1.1225523287541204,3,profit_target,3,4,119647.02440557345
CNC,2005-03-11,2005-03-15,7.820000171661377,7.677499771118164,1096.9356176952126,10.9694,-167.2831210686366,-1.8222557214207624,4,time_stop,3,4,119479.74128450481
CRS,2005-03-11,2005-03-15,22.643208626426556,22.344348907470703,378.8348577359632,3.7883,-117.00682769101027,-1.3198647059545197,4,time_stop,3,4,119362.73445681379
DE,2005-03-11,2005-03-15,23.0946262670617,22.670791625976562,371.4299863302968,3.7143,-161.13919480786143,-1.8352089190965735,4,time_stop,3,4,119201.59526200593
FLR,2005-03-11,2005-03-15,23.10086729042924,23.084558486938477,371.329639308908,3.7133,-9.769238510873727,-0.07059823029899465,4,time_stop,3,4,119191.82602349506
KBH,2005-03-11,2005-03-15,42.26009081498632,42.17565155029297,202.9819755057433,2.0298,-19.169468512766258,-0.19980852635415408,4,time_stop,3,4,119172.65655498228
PHM,2005-03-11,2005-03-15,30.349046211046467,30.101200103759766,282.64600669907713,2.8265,-72.87917256748793,-0.8166520475246108,4,time_stop,3,4,119099.7773824148
PTC,2005-03-11,2005-03-15,13.75,13.550000190734863,623.8572159038575,6.2386,-131.0098963484893,-1.4545440673828125,4,time_stop,3,4,118968.76748606631
TKR,2005-03-11,2005-03-15,12.839062700257383,12.628133773803711,668.1201672538041,6.6812,-147.60707129343075,-1.642868575207157,4,time_stop,3,4,118821.16041477288
TOL,2005-03-11,2005-03-15,36.74489073245724,36.20186996459961,233.4484209283809,2.3345,-129.1018249969653,-1.477812988508839,4,time_stop,3,4,118692.05858977592
VMC,2005-03-11,2005-03-15,44.39758819096873,44.127227783203125,193.2095203410839,2.0,-54.236204703613,-0.60895291564645,4,time_stop,3,4,118637.8223850723
LH,2005-03-10,2005-03-16,37.657278324373735,36.78133773803711,227.7922648787364,2.2779,-201.8104127096156,-2.3260857537058683,6,time_stop,2,5,118436.01197236268
EEFT,2005-03-14,2005-03-16,24.579999923706055,25.0,174.49220393212852,1.0,72.28673896419264,1.708706580950305,2,partial_exit,1,8,118508.29871132688
EEFT,2005-03-14,2005-03-17,24.579999923706055,26.469999313354492,174.49220393212852,2.7449,327.0452368908123,7.689175734397123,3,profit_target,1,8,118835.34394821769
VLO,2005-03-15,2005-03-17,17.155154081272308,17.767654418945312,523.0805149231564,5.2308,315.1561868713711,3.5703575425279945,2,profit_target,3,4,119150.50013508907
GRMN,2005-03-14,2005-03-18,13.25668710216541,12.768850326538086,647.0724286218435,6.4707,-322.1364514624403,-3.679929773311451,4,time_stop,3,4,118828.36368362662
PNR,2005-03-15,2005-03-21,18.80084545889853,17.975433349609375,477.2937924539343,4.7729,-398.7370139045608,-4.390292506226003,6,time_stop,2,5,118429.62666972206
WM,2005-03-15,2005-03-21,16.89530446118002,16.820598602294922,531.1254882110168,5.3113,-44.989440654682085,-0.4421693557328296,6,time_stop,2,5,118384.63722906738
BAX,2005-03-17,2005-03-21,12.303746298623746,12.402905464172363,722.3915535663889,7.2239,64.40782811534817,0.8059266108218471,4,time_stop,3,4,118449.04505718272
LUMN,2005-03-17,2005-03-21,10.01666565354053,9.90953540802002,887.3334411644142,8.8733,-103.93358382214714,-1.0695200301773438,4,time_stop,3,4,118345.11147336058
SGI,2005-03-17,2005-03-21,4.339811216215889,4.319135665893555,2048.0435577793496,20.4804,-62.824863218992704,-0.4764158921263458,4,time_stop,3,4,118282.28661014159
WCC,2005-03-17,2005-03-21,28.652732904279603,28.138479232788086,310.20155854040627,3.102,-162.6243059671986,-1.7947805300439847,4,time_stop,3,4,118119.66230417439
XEL,2005-03-17,2005-03-21,7.985410099181037,7.8622026443481445,1113.0452028081886,11.1305,-148.265918580039,-1.5429070430024368,4,time_stop,3,4,117971.39638559434
WDC,2005-03-18,2005-03-21,7.020724379164122,7.280525207519531,1272.8440866661144,12.7284,317.95750721647994,3.700484655492785,3,profit_target,2,5,118289.35389281082
ELV,2005-03-17,2005-03-22,47.60978650233456,48.483360290527344,186.6868779786207,2.0,161.08476320166812,1.8348618054608377,5,profit_target,2,5,118450.43865601248
BG,2005-03-18,2005-03-22,33.80753625598373,32.98857879638672,264.328268184583,2.6433,-219.11688969396874,-2.4224109482454765,4,time_stop,3,4,118231.32176631852
CTSH,2005-03-18,2005-03-22,9.817403246806826,10.068795204162598,910.2496134136352,9.1025,219.7269358642517,2.5606766986732294,4,time_stop,3,4,118451.04870218277
RVTY,2005-03-17,2005-03-23,18.427015267292198,18.702302932739258,241.1709730095535,1.2059,65.18553926834807,1.4939351894698492,6,partial_exit,1,6,118516.23424145112
FISV,2005-03-21,2005-03-23,9.3125,9.619999885559082,957.0069558412882,9.5701,284.7094598420287,3.3020121939230282,2,profit_target,3,4,118800.94370129314
GT,2005-03-21,2005-03-24,12.157742252818874,12.353693008422852,733.0413074191999,7.3304,136.30958500352776,1.6117363859934162,3,profit_target,3,4,118937.25328629668
RVTY,2005-03-17,2005-03-28,18.427015267292198,18.857152938842773,241.1709730095535,3.6176,100.11915618077269,2.334277501327446,11,time_stop,1,6,119037.37244247746
AN,2005-03-21,2005-03-28,18.649999618530273,19.020000457763672,477.86206212128184,4.7786,172.0307434014638,1.9839187496056188,7,time_stop,3,4,119209.40318587892
C,2005-03-21,2005-03-28,289.207002878117,278.6268005371094,30.815738165330355,2.0,-328.03674507670655,-3.6583492915856333,7,time_stop,3,4,118881.36644080222
CCI,2005-03-21,2005-03-28,9.952677213880593,9.708290100097656,895.450247682364,8.9545,-227.7910040441322,-2.4554912063469696,7,time_stop,3,4,118653.57543675808
CINF,2005-03-21,2005-03-28,19.913563838284052,20.038806915283203,447.5405481734179,4.4754,51.57594985339156,0.6289335149460793,7,time_stop,3,4,118705.15138661147
EG,2005-03-21,2005-03-28,57.27863516806273,57.193092346191406,155.59252154180513,2.0,-15.30982335476038,-0.14934507713098968,7,time_stop,3,4,118689.8415632567
ETR,2005-03-21,2005-03-28,15.256772971272003,15.315876007080078,584.1423538944465,5.8414,28.68316292029227,0.38738883982454303,7,time_stop,3,4,118718.524726177
EXPD,2005-03-21,2005-03-28,21.323548449443756,21.06020164489746,417.94766463948815,4.1795,-114.24465859679052,-1.2350046014652145,7,time_stop,3,4,118604.28006758021
FDX,2005-03-21,2005-03-28,76.94434532883037,76.2192153930664,115.82563004708159,2.0,-85.98863167586042,-0.9424083506917041,7,time_stop,3,4,118518.29143590435
GAP,2005-03-21,2005-03-28,12.476006145935136,12.32789134979248,714.3413663014022,7.1434,-112.94793950901217,-1.1871972040580743,7,time_stop,2,5,118405.34349639533
GPC,2005-03-21,2005-03-28,21.995815042324068,21.91756248474121,405.17376869751786,4.0517,-35.75762135304096,-0.3557611183413055,7,time_stop,3,4,118369.58587504229
HAS,2005-03-21,2005-03-28,10.91468622560513,10.898743629455566,816.5262007591878,8.1653,-21.182809471833657,-0.14606554709895378,7,time_stop,3,4,118348.40306557046
HIG,2005-03-21,2005-03-28,44.4283265425892,43.65533447265625,200.59561027419727,2.006,-157.06477210805642,-1.7398631235681434,7,time_stop,3,4,118191.3382934624
HOLX,2005-03-21,2005-03-28,8.140000343322754,8.102499961853027,1094.8558845679433,10.9486,-52.006072171352216,-0.4606926276174932,7,time_stop,3,4,118139.33222129104
HUM,2005-03-21,2005-03-28,28.168524271420935,27.405075073242188,316.38601974310785,3.1639,-244.70851328527218,-2.710291781076099,7,time_stop,3,4,117894.62370800578
KEY,2005-03-21,2005-03-28,16.059634363194778,15.73743724822998,554.9396128654505,5.5494,-184.34933837358443,-2.006254362198956,7,time_stop,3,4,117710.27436963218
MKC,2005-03-21,2005-03-28,11.88548427461442,11.261970520019531,749.832911335968,7.4983,-475.0294629792654,-5.246010513232675,7,time_stop,3,4,117235.24490665292
MHK,2005-03-22,2005-03-28,87.97000122070312,84.41999816894531,100.84916924922035,2.0,-360.0148586019724,-4.035470049444928,6,time_stop,3,4,116875.23004805094
VMC,2005-03-22,2005-03-28,43.254441047978055,44.04227066040039,102.5524931893152,1.0,79.79389096228239,1.8213843326479948,6,partial_exit,1,6,116955.02393901322
BBWI,2005-03-23,2005-03-28,7.165626488392475,7.244875431060791,1239.783941718778,12.3978,85.85372710118199,1.1059597202936848,5,time_stop,3,4,117040.87766611441
AES,2005-03-24,2005-03-28,10.084101042834156,10.569153785705566,883.5761105278248,8.8358,419.7452548418954,4.810074203055438,4,time_stop,3,4,117460.6229209563
BC,2005-03-24,2005-03-28,33.67949871916287,34.1255989074707,132.27736629772576,1.0,58.00895801427941,1.3245452137742482,4,partial_exit,1,6,117518.63187897058
CCK,2005-03-24,2005-03-28,15.305365027720155,15.182241439819336,582.1534319148614,5.8215,-77.49835356528163,-0.8044472489079822,4,time_stop,3,4,117441.1335254053
CHRW,2005-03-24,2005-03-28,16.472586698570854,16.607446670532227,540.9029523195659,5.409,67.53712746044451,0.8186933505292928,4,time_stop,3,4,117508.67065286574
CNC,2005-03-24,2005-03-28,7.005000114440918,7.255000114440918,635.9793456126242,3.1799,155.81493967509294,3.5688793135723302,4,partial_exit,1,7,117664.48559254083
AMG,2005-03-23,2005-03-29,59.97318857937956,57.911155700683594,148.130003808372,2.0,-307.4489381742218,-3.43825787412769,6,time_stop,2,5,117357.03665436662
MAR,2005-03-23,2005-03-29,24.48594205115463,24.468704223632812,362.8134312375697,3.6281,-9.882249662647864,-0.0703988741205285,6,time_stop,2,5,117347.15440470396
COO,2005-03-22,2005-03-30,19.28644297285957,17.942306518554688,459.99677361166704,4.6,-622.8984000101893,-6.969333101994966,8,time_stop,1,6,116724.25600469377
VMC,2005-03-22,2005-03-30,43.254441047978055,43.26987838745117,102.5524931893152,2.0255,-0.44238728071521005,0.03568960573549771,8,time_stop,1,6,116723.81361741306
CNC,2005-03-24,2005-03-30,7.005000114440918,7.487500190734863,635.9793456126242,9.5397,297.3203925952753,6.88793816433013,6,profit_target,1,7,117021.13401000833
AVY,2005-03-28,2005-03-31,36.41162017305387,37.07003402709961,244.984814025761,2.4498,158.85154744512263,1.8082520110791287,3,profit_target,3,4,117179.98555745346
VRSN,2005-03-29,2005-03-31,22.283908293880337,24.0703125,198.00917108118014,1.0,352.7244160696881,8.01656595674579,2,partial_exit,1,6,117532.70997352315
ALV,2005-03-24,2005-04-01,20.802033803818055,20.379812240600586,428.3269059952018,4.2833,-185.13212487734825,-2.0297128982646586,8,time_stop,1,6,117347.5778486458
BC,2005-03-24,2005-04-01,33.67949871916287,35.10698699951172,132.27736629772576,2.3228,186.50161648243778,4.238448714014375,8,time_stop,1,6,117534.07946512823
VRSN,2005-03-29,2005-04-01,22.283908293880337,23.4161376953125,198.00917108118014,2.9801,221.2117135405115,5.080928293638232,3,profit_target,1,6,117755.29117866875
CLF,2005-03-30,2005-04-01,14.430994840282969,14.66947078704834,609.870398940578,6.0987,139.34071680212315,1.652526034446944,2,profit_target,3,4,117894.63189547087
WY,2005-03-30,2005-04-01,12.11333157006645,12.347844123840332,726.5578861971593,7.2656,163.121366494678,1.9359872419689401,2,profit_target,3,4,118057.75326196555
BWA,2005-03-29,2005-04-04,8.625110679997412,8.482961654663086,1023.1563103191633,10.2316,-155.67223537972643,-1.6480834925861978,6,time_stop,3,4,117902.08102658583
RL,2005-03-29,2005-04-04,29.382275676038237,29.208576202392578,300.3455728460601,3.0035,-55.1733236436251,-0.5911709343443188,6,time_stop,2,5,117846.9077029422
SWK,2005-03-29,2005-04-04,26.154252672205317,26.154254913330078,337.4149714787647,3.3741,-3.373393525740224,8.568873251377623e-06,6,time_stop,3,4,117843.53430941647
EME,2005-03-30,2005-04-04,10.740156210633376,11.106925010681152,819.4514500300527,8.1945,292.35471052463197,3.4149298469667846,5,time_stop,3,4,118135.8890199411
OSK,2005-03-30,2005-04-04,31.902634626267574,31.711624145507812,275.87177935161236,2.7587,-55.45311899551837,-0.5987294873837458,5,time_stop,3,4,118080.43590094558
SEIC,2005-03-30,2005-04-05,14.131787622347936,14.029953956604004,622.7829638788855,6.2278,-69.64810181344659,-0.7206000292765001,6,time_stop,2,5,118010.78779913213
PII,2005-04-01,2005-04-05,19.99732431924619,19.72396469116211,440.8066352922219,4.4081,-124.90680423339869,-1.3669810206607902,4,time_stop,3,4,117885.88099489873
MOH,2005-03-31,2005-04-06,30.666667938232422,30.85333251953125,286.1929789186119,2.8619,50.56016279132092,0.6086888268226612,6,time_stop,2,5,117936.44115769006
RJF,2005-03-30,2005-04-07,9.941155703417401,9.954241752624512,885.3132214122072,8.8531,2.732120164983817,0.13163508949580444,8,time_stop,1,6,117939.17327785505
KMX,2005-04-05,2005-04-07,15.25,15.75,232.28938210022082,2.3229,113.82179722910821,3.278688524590164,2,profit_target,3,4,118052.99507508415
BALL,2005-03-31,2005-04-08,8.439183350714103,8.337115287780762,1039.9803732203509,10.3998,-116.54858591549801,-1.2094542646084885,8,time_stop,1,7,117936.44648916865
URI,2005-04-04,2005-04-08,19.210578046448063,19.15259552001953,184.36366616848443,2.0,-12.689871146075173,-0.3018260371361003,4,time_stop,3,4,117923.75661802257
AIZ,2005-04-06,2005-04-08,22.643666270407703,22.966163635253906,156.18391419541464,2.0,48.36890075938675,1.4242276890808312,2,profit_target,3,4,117972.12551878196
HXL,2005-04-06,2005-04-08,13.394135886578642,13.992090225219727,264.0391630930612,2.6404,155.24297151172627,4.464299479298655,2,profit_target,3,4,118127.3684902937
GGG,2005-04-06,2005-04-11,9.456406625510393,8.988320350646973,373.98734740386453,3.7399,-178.7982177663655,-4.949938104402912,5,time_stop,3,4,117948.57027252733
HUBB,2005-04-06,2005-04-11,30.456094664776156,30.48649024963379,116.12048323244711,2.0,1.5295500018011894,0.09980132118773194,5,time_stop,3,4,117950.09982252913
WYNN,2005-04-06,2005-04-11,34.06610477630306,33.4720344543457,103.81511044688216,2.0,-63.6734760872175,-1.7438751094624667,5,time_stop,3,4,117886.4263464419
OMC,2005-04-07,2005-04-11,24.801328151901334,24.518293380737305,142.65740983953967,2.0,-42.37700734878725,-1.1412081217204133,4,time_stop,3,4,117844.04933909312
PII,2005-04-12,2005-04-18,18.650497465205373,16.514944076538086,189.55641728958375,2.0,-406.8078492864008,-11.450382986573976,6,time_stop,3,4,117437.24148980672
TDY,2005-04-12,2005-04-18,30.520000457763672,27.25,115.83621976235847,2.0,-380.7844916485255,-10.714287053465132,6,time_stop,3,4,117056.4569981582
ALV,2005-04-13,2005-04-18,19.81830465899804,19.539714813232422,178.38667539948543,2.0,-51.69671638618428,-1.4057198663515966,5,time_stop,3,4,117004.76028177202
DINO,2005-04-13,2005-04-18,4.271652943054446,4.072389602661133,827.6237623473367,8.2762,-173.19131309768497,-4.664783002029878,5,time_stop,3,4,116831.56896867433
OLN,2005-04-13,2005-04-18,10.65828561827981,9.786946296691895,331.6970108315952,3.317,-292.3376184990577,-8.17522960816043,5,time_stop,3,4,116539.23135017527
RVTY,2005-04-13,2005-04-18,17.59256284370953,16.904335021972656,200.95545552857854,2.0096,-140.31268997986055,-3.9120384440346574,5,time_stop,3,4,116398.9186601954
WCC,2005-04-13,2005-04-18,25.95532201957797,23.810976028442383,136.20796064506996,2.0,-294.07699437000963,-8.261681321149156,5,time_stop,3,4,116104.84166582538
AMG,2005-04-14,2005-04-18,56.77849325199207,56.31380081176758,62.26515142771523,2.0,-30.934145157892328,-0.8184303837759652,4,time_stop,3,4,116073.90752066749
APH,2005-04-14,2005-04-18,2.0041095650310288,1.9742217063903809,1764.0360296958404,17.6404,-70.36361978951746,-1.4913285761492372,4,time_stop,3,4,116003.54390087798
BC,2005-04-14,2005-04-18,33.64233038178272,32.006683349609375,105.08551102295714,2.0,-173.88280422911922,-4.8618719738245195,4,time_stop,3,4,115829.66109664887
ASH,2005-04-14,2005-04-19,18.244267472671847,19.017623901367188,193.77711302842738,2.0,147.8587760945579,4.238900958088636,5,profit_target,2,5,115977.51987274342
FFIV,2005-04-15,2005-04-20,23.0,23.59000015258789,153.70962957273017,2.0,88.68870490213894,2.565218054729959,5,profit_target,2,5,116066.20857764556
CPRT,2005-04-15,2005-04-21,1.4375,1.4206249713897705,2459.3540731636826,24.5935,-66.09521107895841,-1.1739150337550952,6,time_stop,2,5,116000.11336656661
CNX,2005-04-14,2005-04-22,16.833142134898488,16.885791778564453,210.02148332386273,2.1002,8.957341425960278,0.31277371297668954,8,time_stop,1,7,116009.07070799258
CINF,2005-04-26,2005-05-02,19.332277306757135,19.221576690673828,180.0239085140441,2.0,-21.928757582229508,-0.5726206712574616,6,time_stop,3,4,115987.14195041035
CW,2005-04-28,2005-05-02,26.111348054408143,23.847200393676758,133.28580791722985,2.0,-303.77875020448874,-8.671125121589231,4,time_stop,3,4,115683.36320020586
PRU,2005-04-28,2005-05-02,27.349678776400175,28.228418350219727,127.25093225748878,2.0,109.8204299800863,3.212979505184569,4,time_stop,3,4,115793.18363018594
TTC,2005-04-28,2005-05-02,7.876304265953174,7.9235944747924805,441.8661346393024,4.4187,16.477280439716544,0.6004111476968591,4,time_stop,3,4,115809.66091062567
KMX,2005-05-02,2005-05-04,13.600000381469727,14.484999656677246,255.90235467799823,2.559,223.91437486714602,6.507347429293817,2,profit_target,3,4,116033.57528549281
M,2005-05-02,2005-05-04,15.162418991713595,15.762310981750488,229.53277594701603,2.2953,135.3995459820775,3.9564398686300613,2,profit_target,3,4,116168.97483147489
NBR,2005-05-02,2005-05-04,1142.8104996248355,1181.4737548828125,3.0453623959372873,2.0,115.74362366716767,3.383172911928044,2,profit_target,3,4,116284.71845514205
NVR,2005-05-02,2005-05-04,721.5,736.25,4.823661983700315,2.0,69.14901425957966,2.044352044352044,2,profit_target,3,4,116353.86746940164
OMC,2005-05-02,2005-05-04,23.772115689675296,24.40108299255371,146.4014464119123,2.0,90.0817228871993,2.6458196278743005,2,profit_target,3,4,116443.94919228884
SYY,2005-05-02,2005-05-04,19.42496679633935,19.784698486328125,179.16489421725225,2.0,62.45129018343202,1.8519037574703363,2,profit_target,3,4,116506.40048247228
URBN,2005-05-02,2005-05-04,22.135000228881836,22.575000762939453,157.22936911013466,2.0,67.18100637800147,1.9878045155088941,2,profit_target,3,4,116573.58148885028
VRSN,2005-05-02,2005-05-04,22.225200653076172,23.491619110107422,156.59125762529735,2.0,196.31005886641202,5.698119341190138,2,profit_target,3,4,116769.89154771669
WMB,2005-05-02,2005-05-04,5.777675832607985,5.885480880737305,602.365418564651,6.0237,58.91437875415369,1.8658895246578397,2,profit_target,3,4,116828.80592647084
RRC,2005-05-02,2005-05-05,13.647965916630566,14.03497314453125,255.002990372282,2.55,96.1379705066388,2.835640345709691,3,profit_target,3,4,116924.94389697748
MAR,2005-05-04,2005-05-06,23.140947244188183,23.493741989135742,375.3400617806746,3.7534,128.6646007467074,1.5245475529795476,2,profit_target,3,4,117053.60849772418
CHD,2005-05-06,2005-05-10,6.555575829456085,6.96061897277832,1337.696492331003,13.377,528.4478271415675,6.1786051120369905,4,time_stop,3,4,117582.05632486576
PPC,2005-05-10,2005-05-12,22.014795858284366,22.40068817138672,398.77819870974133,3.9878,149.89765952779442,1.752877090418889,2,profit_target,2,5,117731.95398439355
D,2005-05-09,2005-05-13,14.988729033397302,14.633565902709961,585.7081422826606,5.8571,-213.8790189050029,-2.3695346676558127,4,time_stop,3,4,117518.07496548854
ADP,2005-05-11,2005-05-13,20.91839240719087,21.154024124145508,421.57418470328753,4.2157,95.12050711835501,1.126433199874571,2,profit_target,3,4,117613.1954726069
BMY,2005-05-11,2005-05-16,11.574995244699405,11.561369895935059,761.8710883188743,7.6187,-17.999470175005648,-0.11771364459597543,5,time_stop,3,4,117595.19600243188
DUK,2005-05-12,2005-05-16,18.722592823842614,18.682125091552734,471.01671800150785,4.7102,-23.77114562815794,-0.21614384647806653,4,time_stop,3,4,117571.42485680373
AAP,2005-05-13,2005-05-16,29.633194484022166,30.05813217163086,198.64877215291975,2.0,82.41334988496793,1.4339921665813462,3,profit_target,3,4,117653.8382066887
AAPL,2005-05-13,2005-05-16,1.0247353997162938,1.0651851892471313,5744.5050701375485,57.4451,174.9189703445176,3.9473399222898324,3,profit_target,3,4,117828.75717703321
MLM,2005-05-13,2005-05-16,43.769843616612995,44.28063201904297,134.48980423099795,2.0,66.69583224627134,1.166987039990479,3,profit_target,3,4,117895.45300927949
EXC,2005-05-12,2005-05-18,15.48821113178812,15.04289436340332,569.3784872460486,5.6938,-259.24757280069656,-2.87519820459335,6,time_stop,2,5,117636.20543647879
CLF,2005-05-16,2005-05-18,10.54317925390041,11.480182647705078,557.7691161283079,5.5777,517.0538636103712,8.887294536494075,2,profit_target,3,4,118153.25930008916
DTE,2005-05-16,2005-05-18,16.874771547135342,17.123746871948242,348.4882599568374,3.4849,83.2800951166675,1.4754293065091353,2,profit_target,3,4,118236.53939520584
ELV,2005-05-16,2005-05-18,52.37475066758575,53.129188537597656,112.28043472615194,2.0,82.70861201880885,1.4404610244356162,2,profit_target,3,4,118319.24800722464
HP,2005-05-16,2005-05-18,10.03427461996934,10.260814666748047,586.0572882794305,5.8606,126.9048726190301,2.2576624156555054,2,profit_target,3,4,118446.15287984366
HST,2005-05-16,2005-05-18,8.067648229160762,8.324392318725586,728.9187141767684,7.2892,179.85638449630912,3.182390732367519,2,profit_target,3,4,118626.00926433997
MGM,2005-05-16,2005-05-18,31.428590235761128,33.71902847290039,187.11178991856326,2.0,426.5679982490461,7.2877536661923825,2,profit_target,2,5,119052.57726258901
MNST,2005-05-16,2005-05-18,0.6496880054473877,0.7231249809265137,9051.51353314705,90.5151,574.2006420512264,11.30342177528056,2,profit_target,3,4,119626.77790464024
SMG,2005-05-16,2005-05-18,16.769376104793253,17.69132423400879,350.67850687357736,3.5068,319.80060829945654,5.497808168021305,2,profit_target,2,5,119946.5785129397
CMCSA,2005-05-17,2005-05-19,6.67754219382852,6.783534526824951,882.7757997414091,8.8278,84.73970852996798,1.587295593495322,2,profit_target,2,5,120031.31822146967
NFX,2005-05-17,2005-05-19,32.98500061035156,35.224998474121094,178.71070308890762,2.0,398.31159315190405,6.7909589883911075,2,profit_target,3,4,120429.62981462157
OVV,2005-05-17,2005-05-19,52.631795342318476,55.32115173339844,112.00021986945781,2.0,299.2085071082872,5.10975613426888,2,profit_target,3,4,120728.83832172985
AES,2005-05-16,2005-05-20,9.082070092672362,8.928893089294434,647.502134824417,6.475,-105.65745804145982,-1.6865868883958017,4,time_stop,3,4,120623.1808636884
GLW,2005-05-18,2005-05-23,9.67931039294246,9.554458618164062,913.5112540809833,9.1351,-123.18861389286022,-1.2898829535359408,5,time_stop,3,4,120499.99224979554
INTU,2005-05-25,2005-05-27,18.849066840993405,19.060508728027344,479.4666757231554,4.7947,96.58467192756189,1.121763155797663,2,profit_target,3,4,120596.5769217231
RF,2005-05-25,2005-05-31,17.38229031280867,17.496583938598633,519.9256977128675,5.1993,54.22493615585074,0.6575291502624444,6,time_stop,3,4,120650.80185787895
UTHR,2005-05-25,2005-05-31,26.549999237060547,24.979999542236328,340.3954681143427,3.404,-537.8247357402086,-5.913370018605091,6,time_stop,3,4,120112.97712213873
AZO,2005-05-26,2005-05-31,87.05000305175781,90.5199966430664,103.81963356579308,2.0,358.25346312530854,3.986207317242045,5,time_stop,3,4,120471.23058526404
CRL,2005-05-26,2005-05-31,48.029998779296875,48.09000015258789,188.16364040030416,2.0,9.290076827455078,0.12492478620857046,5,time_stop,3,4,120480.5206620915
PENN,2005-05-26,2005-05-31,7.069861888885498,7.356997966766357,1278.3134325357166,12.7831,354.266770995367,4.061410001972809,5,time_stop,3,4,120834.78743308687
RSG,2005-05-26,2005-05-31,15.006779828302454,15.190888404846191,602.2277611943198,6.0223,104.85301825666481,1.2268359944650662,5,time_stop,3,4,120939.64045134353
THC,2005-05-26,2005-05-31,47.959999084472656,48.47999954223633,188.43827337896283,2.0,95.98798841725662,1.084237839220529,5,time_stop,3,4,121035.62843976078
VRSN,2005-05-26,2005-05-31,25.0012534507038,27.022489547729492,361.4818527620764,3.6148,727.0253506948145,8.084539045256523,5,time_stop,3,4,121762.6537904556
XRAY,2005-05-26,2005-05-31,22.816650979773637,23.244464874267578,396.0922848294507,3.9609,165.49286010359603,1.8750074008371629,5,time_stop,3,4,121928.1466505592
RYN,2005-05-27,2005-05-31,6.442010751924831,6.5379157066345215,1402.9003934888374,14.029,120.51609476486604,1.48874254332834,4,time_stop,3,4,122048.66274532407
ORLY,2005-05-31,2005-06-02,1.8550000190734863,1.9036669731140137,4875.872332145201,48.7587,188.53513137453734,2.623555446906946,2,profit_target,3,4,122237.1978766986
DGX,2005-06-01,2005-06-03,37.73949784845145,38.28992462158203,121.2741322454414,1.0,65.75252927606972,1.4584899230533008,2,partial_exit,1,6,122302.95040597467
HRL,2005-06-01,2005-06-03,4.7203437496207705,4.804806709289551,1939.1913367823483,19.3919,144.3979263008721,1.7893391699612122,2,profit_target,3,4,122447.34833227553
COR,2005-06-01,2005-06-07,10.435149313364201,10.496434211730957,877.193936667136,8.7719,44.98680188990846,0.5872929703868133,6,time_stop,2,5,122492.33513416545
LH,2005-06-01,2005-06-07,39.62201089946846,40.637115478515625,231.02435989744538,2.3102,232.20364200436336,2.5619713790467573,6,time_stop,2,5,122724.53877616981
MET,2005-06-03,2005-06-07,22.408822829745546,22.174808502197266,409.11519138716386,4.0912,-99.82996831612476,-1.0442954961366773,4,time_stop,3,4,122624.70880785368
MO,2005-06-02,2005-06-08,4.519459958954735,4.63404655456543,2025.3857294968425,20.2539,211.82819824655886,2.535404598145765,6,time_stop,2,5,122836.53700610023
DGX,2005-06-01,2005-06-09,37.73949784845145,37.81864547729492,121.2741322454414,2.2127,7.385818684821953,0.20972093789191712,8,time_stop,1,6,122843.92282478506
OSK,2005-06-08,2005-06-10,30.029580850874368,30.802762985229492,306.2597911792446,3.0626,233.73200109933063,2.574735019428724,2,profit_target,3,4,123077.65482588438
JLL,2005-06-07,2005-06-13,37.530866004059575,36.46402359008789,244.69329122134602,2.4469,-263.4961144014707,-2.8425734004013883,6,time_stop,2,5,122814.15871148292
AAPL,2005-06-08,2005-06-13,1.0975446643436486,1.0756723880767822,8379.479632465718,83.7948,-267.07308981852736,-1.9928370095030619,5,time_stop,3,4,122547.08562166439
ALB,2005-06-08,2005-06-13,13.664986042462512,13.285345077514648,673.0232385170953,6.7302,-262.23742408813746,-2.778202361628248,5,time_stop,3,4,122284.84819757626
EEFT,2005-06-08,2005-06-13,26.25,25.540000915527344,350.35631087958194,3.5036,-252.25622307251635,-2.7047584170386907,5,time_stop,3,4,122032.59197450374
GT,2005-06-08,2005-06-13,12.701055775104003,12.683241844177246,724.1014702585792,7.241,-20.140108277734896,-0.14025551294463595,5,time_stop,3,4,122012.45186622601
CSL,2005-06-09,2005-06-13,25.444180930150992,25.900270462036133,362.07651174735014,3.6208,161.51854163198007,1.7925101740833842,4,time_stop,3,4,122173.970407858
WM,2005-06-10,2005-06-14,16.865859734548028,16.998939514160156,546.2688743335369,5.4627,67.23465266193703,0.7890483005709308,4,time_stop,3,4,122241.20506051993
UGI,2005-06-09,2005-06-15,8.606473758773065,8.67139720916748,1070.443079672026,10.7044,58.79242738641176,0.7543559907823485,6,time_stop,2,5,122299.99748790634
UNP,2005-06-09,2005-06-15,10.626079430025836,10.777059555053711,866.9933568749088,8.6699,122.22883185056156,1.4208450635260097,6,time_stop,2,5,122422.2263197569
CAR,2005-06-13,2005-06-15,31.927808590477973,32.37539291381836,289.1154927148459,2.8912,126.51240724684828,1.401863588827303,2,profit_target,3,4,122548.73872700374
EFX,2005-06-13,2005-06-15,27.952174531179427,28.49112892150879,330.2363507227228,3.3024,174.6799675611312,1.928130456284115,2,profit_target,3,4,122723.41869456487
EMN,2005-06-13,2005-06-15,15.080589379098303,15.465490341186523,612.0996918552302,6.121,229.4767633704292,2.5522938952352447,2,profit_target,3,4,122952.8954579353
FCN,2005-06-13,2005-06-15,21.34000015258789,21.75,432.5597022463897,4.3256,173.02381489518334,1.9212738729169545,2,profit_target,3,4,123125.91927283049
RMD,2005-06-14,2005-06-20,12.819902520271926,12.440585136413574,714.7517515129273,7.1475,-278.2652820071875,-2.9588164438734426,6,time_stop,3,4,122847.65399082331
AMD,2005-06-16,2005-06-20,17.229999542236328,17.530000686645508,535.9514910505751,5.3595,155.426545752473,1.7411558466602357,4,time_stop,3,4,123003.08053657578
FFIV,2005-06-16,2005-06-20,23.450000762939453,23.235000610351562,393.7929059710935,3.9379,-88.6034639315249,-0.9168449705454952,4,time_stop,3,4,122914.47707264427
VNO,2005-06-16,2005-06-20,25.556561169877966,25.979511260986328,361.33358803947334,3.6133,149.21273810141182,1.654956972876572,4,time_stop,3,4,123063.68981074568
STT,2005-06-15,2005-06-23,31.80320138825257,31.45934295654297,288.275707455209,2.8828,-102.00878974007637,-1.0812069750833837,8,time_stop,1,6,122961.6810210056
CHE,2005-06-20,2005-06-27,33.881773092745,34.55341339111328,136.2745084235221,1.0,90.52745149756522,1.9823056382846076,7,partial_exit,1,6,123052.20847250316
FMC,2005-06-22,2005-06-27,8.870669025835477,8.803065299987793,1040.4825959490272,10.4048,-80.74532612531513,-0.7621040267739789,5,time_stop,3,4,122971.46314637785
VTRS,2005-06-22,2005-06-27,15.336124017509384,15.05212116241455,601.8324268418937,6.0183,-176.94045178016913,-1.851855493412708,5,time_stop,3,4,122794.52269459768
ADBE,2005-06-23,2005-06-27,30.739999771118164,28.84000015258789,300.2529864843325,3.0025,-573.4830896476504,-6.180870633302419,4,time_stop,3,4,122221.03960495003
ARW,2005-06-23,2005-06-27,27.700000762939453,26.639999389648438,333.2049271332398,3.332,-356.52972961989934,-3.82671965377423,4,time_stop,3,4,121864.50987533013
TFX,2005-06-23,2005-06-27,44.59983700472612,44.355255126953125,206.946423029032,2.0695,-52.68480897313533,-0.5483918646318738,4,time_stop,3,4,121811.82506635699
WSM,2005-06-23,2005-06-27,12.881478998336238,12.580440521240234,716.5152958754221,7.1652,-222.86382644508382,-2.336986902939372,4,time_stop,3,4,121588.9612399119
MLM,2005-06-24,2005-06-27,51.92185169451041,53.65625762939453,177.61550822253236,2.0,306.05739158861985,3.340416179855731,3,profit_target,3,4,121895.01863150053
VMC,2005-06-24,2005-06-27,48.796476818404315,49.541587829589844,188.99163787778133,2.0,138.8197504047229,1.5269770683618267,3,profit_target,3,4,122033.83838190525
BRO,2005-06-20,2005-06-28,8.976352962287741,8.958398818969727,1028.7523211552464,10.2875,-28.757889824314162,-0.20001601311184364,8,time_stop,1,6,122005.08049208095
CHE,2005-06-20,2005-06-28,33.881773092745,36.276649475097656,136.2745084235221,2.3627,323.99785665597597,7.068332509627319,8,time_stop,1,6,122329.07834873692
FISV,2005-06-20,2005-06-28,10.757499694824219,10.835000038146973,858.4191687130864,8.5842,57.94358860296633,0.72043082055621,8,time_stop,1,6,122387.02193733989
BYD,2005-06-22,2005-06-28,47.349527614049556,46.55442428588867,194.9285917071592,2.0,-156.98837202007644,-1.6792212472357615,6,time_stop,2,5,122230.03356531981
FCN,2005-06-22,2005-06-28,21.18000030517578,20.780000686645508,435.7779321443369,4.3578,-178.66878594308952,-1.888572298237999,6,time_stop,2,5,122051.36477937672
ATI,2005-06-24,2005-06-28,18.040963646051896,18.090364456176758,511.1770223312655,5.1118,20.140788797066406,0.2738257838886155,4,time_stop,3,4,122071.50556817379
CLF,2005-06-24,2005-06-28,11.456090753838417,11.895782470703125,804.9976448978027,8.05,345.9008201081833,3.838060698998802,4,time_stop,3,4,122417.40638828198
CTSH,2005-06-24,2005-06-28,10.306954817636457,10.44367504119873,894.7478901135024,8.9475,113.3826526670552,1.3264851353411204,4,time_stop,3,4,122530.78904094904
HBAN,2005-06-24,2005-06-28,11.423306402291105,11.675570487976074,807.307950238102,8.0731,195.58172243064,2.208328103974989,4,time_stop,3,4,122726.37076337967
NKTR,2005-06-24,2005-06-28,265.6499938964844,258.8999938964844,34.71532576119312,2.0,-236.32844888805357,-2.5409373819260344,4,time_stop,3,4,122490.04231449161
NTAP,2005-06-24,2005-06-28,21.538066732864475,21.405244827270508,428.17798788335887,4.2818,-61.153196162892115,-0.6166844371008358,4,time_stop,3,4,122428.88911832872
PLD,2005-06-24,2005-06-28,21.54489853562704,21.544912338256836,428.0422143239868,4.2804,-4.274514035019063,6.406449198098464e-05,4,time_stop,3,4,122424.6146042937
REG,2005-06-24,2005-06-28,24.853454440733223,24.569612503051758,371.0601316435491,3.7106,-109.03302807848017,-1.1420623171653224,4,time_stop,3,4,122315.58157621522
URI,2005-06-24,2005-06-28,19.52946149265941,19.664749145507812,472.21609669277177,4.7222,59.16284639187097,0.6927362175308929,4,time_stop,3,4,122374.7444226071
MHK,2005-06-23,2005-06-29,86.1500015258789,84.0,107.13611807694932,2.0,-232.3428173421837,-2.495648854089758,6,time_stop,2,5,122142.40160526491
TRV,2005-06-23,2005-06-29,23.853977597504496,24.543432235717773,386.9282050793704,3.8693,262.9001635967164,2.8903130951435334,6,time_stop,2,5,122405.30176886162
J,2005-06-24,2005-06-29,20.58205247698025,21.315221786499023,448.06639604528243,4.4807,324.0278662466314,3.562177826233686,5,profit_target,2,5,122729.32963510825
ADSK,2005-06-27,2005-06-29,33.959999084472656,34.34000015258789,271.558490141185,2.7156,100.47693140799879,1.118966661836514,2,profit_target,3,4,122829.80656651626
AVB,2005-06-27,2005-06-29,37.938975169902214,38.70648193359375,243.07789114692602,2.4308,184.13314664767137,2.023003416023781,2,profit_target,2,5,123013.93971316393
FICO,2005-06-28,2005-06-30,35.04833137370958,35.53514099121094,130.57023715412006,1.0,62.56284720605875,1.3889666024629144,2,partial_exit,1,6,123076.50256036999
LAMR,2005-06-28,2005-06-30,22.051351837224555,22.726173400878906,207.52781838963344,1.0376,139.0066078155205,3.0602276388116723,2,partial_exit,1,7,123215.50916818551
MCK,2005-06-28,2005-06-30,36.52158842656255,38.36307144165039,250.6062379254609,2.5061,458.9810682355435,5.04217668076153,2,profit_target,3,4,123674.49023642106
WAB,2005-06-28,2005-06-30,9.667757372208731,9.94556713104248,946.7074447847745,9.4671,253.53749247392534,2.873569827397103,2,profit_target,3,4,123928.02772889499
CVX,2005-06-27,2005-07-01,25.733365076157497,25.778614044189453,358.37233293363226,3.5837,12.632254907115055,0.17583774177237319,4,time_stop,3,4,123940.6599838021
SLG,2005-06-28,2005-07-01,29.88103702966564,30.319974899291992,153.14960236414035,1.0,66.22316019583847,1.468951258922429,3,partial_exit,1,6,124006.88314399794
UNM,2005-06-28,2005-07-01,10.884402290466692,11.129602432250977,840.8856668830879,8.4089,197.77642807527482,2.2527662543219993,3,profit_target,3,4,124204.65957207321
GPC,2005-06-24,2005-07-05,21.96873606956391,21.805805206298828,419.78409897472466,4.1978,-72.59362662065371,-0.7416487810184528,11,time_stop,1,7,124132.06594545256
AMKR,2005-06-27,2005-07-05,4.232068061828613,4.427393913269043,2179.1062766109385,21.7911,403.8447260921067,4.6153759482788725,8,time_stop,2,5,124535.91067154467
FICO,2005-06-28,2005-07-06,35.04833137370958,35.05808639526367,130.57023715412006,2.3057,-1.031986893779852,0.02783305558851641,8,time_stop,1,6,124534.87868465089
LAMR,2005-06-28,2005-07-06,22.051351837224555,22.407363891601562,207.52781838963344,3.1129,70.76948768942744,1.6144681605235147,8,time_stop,1,7,124605.64817234031
SLG,2005-06-28,2005-07-06,29.88103702966564,30.305946350097656,153.14960236414035,2.5315,62.54319744133874,1.4220032591578675,8,time_stop,1,6,124668.19136978165
VRSN,2005-06-30,2005-07-08,25.152218524024132,25.177377700805664,366.80841770180393,3.6681,5.560513648895681,0.10002766458752428,8,time_stop,1,6,124673.75188343054
ON,2005-07-06,2005-07-08,4.5,4.570000171661377,830.2394044769644,8.3024,49.81450678865724,1.5555593702528212,2,profit_target,3,4,124723.56639021919
HAE,2005-07-06,2005-07-11,19.899999618530273,20.28499984741211,187.7425825007262,2.0,70.28093723364655,1.9346745540805712,5,time_stop,3,4,124793.84732745284
THC,2005-07-07,2005-07-11,48.0,50.08000183105469,38.95880980305676,1.0,80.03439572606936,4.3333371480305996,4,partial_exit,1,6,124873.8817231789
WFC,2005-07-07,2005-07-11,17.188241710409258,17.479902267456055,217.59327126686057,2.1759,61.28744199465864,1.6968609236520444,4,time_stop,3,4,124935.16916517356
THC,2005-07-07,2005-07-15,48.0,48.400001525878906,38.95880980305676,2.0,13.583583367648794,0.8333365122477213,8,time_stop,1,6,124948.75274854121
LMT,2005-07-11,2005-07-18,34.39821877130122,34.04924774169922,108.77618450488836,2.0,-39.95973710284778,-1.0145031983259203,7,time_stop,2,5,124908.79301143836
UNH,2005-07-13,2005-07-18,39.962085373909346,39.198326110839844,93.79027745639762,2.0,-73.63319319318242,-1.9112097277289477,5,time_stop,3,4,124835.15981824519
ANF,2005-07-14,2005-07-18,48.02674939003681,48.507686614990234,78.04099012648862,2.0,35.53281722405085,1.0013944959039698,4,time_stop,3,4,124870.69263546924
HUM,2005-07-14,2005-07-18,36.28561874638671,36.689300537109375,103.29312836448283,2.0,39.697555027520515,1.1125118012845328,4,time_stop,3,4,124910.39019049676
DTE,2005-07-15,2005-07-19,17.844746964635544,17.86728286743164,210.03688549818312,2.1004,2.633001980200172,0.12628872149747083,4,time_stop,3,4,124913.02319247696
PVH,2005-07-15,2005-07-19,31.849007338021863,32.087894439697266,117.68200607246925,2.0,26.112713349999282,0.750061372839759,4,time_stop,3,4,124939.13590582696
APH,2005-07-18,2005-07-20,2.381823534717633,2.4710066318511963,1573.778463357328,15.7378,124.61665293073317,3.744320090620648,2,profit_target,3,4,125063.7525587577
FE,2005-07-18,2005-07-20,19.840930365384413,20.096284866333008,188.92574659684365,2.0,46.24303973857776,1.287008704965271,2,profit_target,3,4,125109.99559849627
NRG,2005-07-18,2005-07-20,13.726313291140297,13.927887916564941,273.08589735276524,2.7309,52.31632849410891,1.468527062942324,2,profit_target,3,4,125162.31192699038
OVV,2005-07-19,2005-07-21,65.72519127642803,67.60965728759766,57.01484671158127,2.0,105.44254076002096,2.867189846955188,2,profit_target,3,4,125267.7544677504
EEFT,2005-07-14,2005-07-22,28.049999237060547,27.200000762939453,133.62050541531414,2.0,-115.57722571430637,-3.0302976728714093,8,time_stop,1,6,125152.1772420361
PGR,2005-07-18,2005-07-22,12.73768560776291,12.737688064575195,294.28129237007994,2.9428,-2.9420899298061483,1.9287744741937065e-05,4,time_stop,3,4,125149.23515210628
CCK,2005-07-19,2005-07-22,14.396135208874856,14.935990333557129,260.29984098821046,2.603,137.921204701584,3.7500003775281683,3,profit_target,3,4,125287.15635680787
GPN,2005-07-20,2005-07-22,14.698352645819922,15.014898300170898,255.00640564919058,2.5501,78.17110548342168,2.1536131427694336,2,profit_target,3,4,125365.32746229129
CPT,2005-07-19,2005-07-25,22.668588443088947,22.795576095581055,165.30855968922754,2.0,18.99214593178653,0.560192147874224,6,time_stop,3,4,125384.31960822307
EQR,2005-07-19,2005-07-25,15.489296645289091,15.556851387023926,241.92910701691602,2.4193,13.924167272497808,0.43613821390257157,6,time_stop,3,4,125398.24377549558
GME,2005-07-19,2005-07-25,2.9541037076555003,2.8766746520996094,1268.5105455180264,12.6851,-110.9046789573291,-2.6210676136804247,6,time_stop,3,4,125287.33909653824
ED,2005-07-20,2005-07-25,19.94883902865502,20.17092514038086,187.88933390012502,2.0,39.72761160063685,1.1132783787910165,5,time_stop,3,4,125327.06670813888
NI,2005-07-20,2005-07-25,4.368215650657138,4.329039096832275,858.0560981715606,8.5806,-42.19624189648545,-0.8968548477905198,5,time_stop,3,4,125284.8704662424
SLM,2005-07-21,2005-07-25,13.973510816783595,14.02049732208252,268.7133825595021,2.6871,9.938768947929056,0.3362541161988394,4,time_stop,3,4,125294.80923519033
VTRS,2005-07-21,2005-07-25,13.991669957999404,13.975836753845215,268.36463189034515,2.6836,-6.932718323387151,-0.11316164690646564,4,time_stop,3,4,125287.87651686695
AFL,2005-07-20,2005-07-26,13.573749388929906,13.427923202514648,276.1340267731507,2.7613,-43.0289123315488,-1.0743250242573852,6,time_stop,2,5,125244.8476045354
ELV,2005-07-22,2005-07-26,52.98624724452354,54.23307800292969,70.92468007197714,2.0,86.43107264385665,2.353121466882174,4,time_stop,3,4,125331.27867717926
HRB,2005-07-22,2005-07-26,13.872639424067568,13.81751823425293,270.8952866974053,2.709,-17.64102338491263,-0.3973374361551485,4,time_stop,3,4,125313.63765379434
DVA,2005-07-20,2005-07-28,22.219999313354492,23.479999542236328,84.3423535778894,1.0,105.27138481257337,5.670568262009622,8,partial_exit,1,6,125418.90903860691
CSCO,2005-07-26,2005-07-28,12.293979072602237,12.488088607788086,305.7298433086097,3.0573,56.28777934399046,1.578899183409476,2,profit_target,3,4,125475.1968179509
FISV,2005-07-26,2005-07-28,10.727499961853027,11.114999771118164,350.3739276505908,3.5037,132.26609085957486,3.612209840532141,2,profit_target,3,4,125607.46290881047
DVA,2005-07-20,2005-07-29,22.219999313354492,23.6200008392334,84.3423535778894,2.0,116.07942370526338,6.300637124851251,9,time_stop,1,6,125723.54233251573
STT,2005-07-25,2005-07-29,32.29122249091959,32.388885498046875,116.4700353145916,2.0,9.374813889044436,0.3024444402956597,4,time_stop,3,4,125732.91714640478
ROP,2005-07-27,2005-07-29,33.073923292366416,34.02712631225586,113.66686366118276,2.0,106.34759770320102,2.882037947126297,2,profit_target,3,4,125839.26474410799
SWKS,2005-07-26,2005-08-01,6.141453647495855,5.809909343719482,612.0108546351355,6.1201,-209.02882124994036,-5.398466272094367,6,time_stop,3,4,125630.23592285805
AES,2005-07-27,2005-08-01,10.243656430102014,10.24365520477295,366.9987523758049,3.67,-3.67043721799611,-1.1961832898644378e-05,5,time_stop,3,4,125626.56548564005
CSX,2005-07-27,2005-08-01,1.797024301020719,1.7833501100540161,2092.019082590295,20.9202,-49.52685926722917,-0.7609352282512735,5,time_stop,3,4,125577.03862637281
NKE,2005-07-27,2005-08-01,8.043054455802555,7.886958122253418,467.4106274267054,4.6741,-77.63519147747724,-1.9407593770115896,5,time_stop,3,4,125499.40343489534
RTX,2005-07-27,2005-08-01,19.76794391929402,19.65400505065918,190.17704344782922,2.0,-23.668557170764416,-0.5763819904589695,5,time_stop,3,4,125475.73487772458
UTHR,2005-07-28,2005-08-01,25.204999923706055,27.024999618530273,149.1533085099514,2.0,269.4589759701341,7.220788336969821,4,time_stop,3,4,125745.19385369471
AMG,2005-07-28,2005-08-02,68.96674795928675,70.38981628417969,54.51045961791802,2.0,75.57210845761475,2.06341224865789,5,profit_target,2,5,125820.76596215233
BG,2005-07-29,2005-08-02,38.47742313127058,37.547569274902344,97.93337444684232,2.0,-93.06372589655048,-2.416621958273867,4,time_stop,3,4,125727.70223625579
VFC,2005-07-29,2005-08-02,7.884725210122166,7.991421222686768,477.91442147239127,4.7791,46.21241890349849,1.3531988715044658,4,time_stop,3,4,125773.91465515929
ILMN,2005-07-28,2005-08-03,5.408559799194336,5.462061882019043,695.0850631574482,6.9509,30.23764798769203,0.9892112653109013,6,time_stop,2,5,125804.15230314698
MOLX,2005-08-02,2005-08-08,28.0,26.90999984741211,336.81748353668223,3.3682,-370.4992832846198,-3.892857687813895,6,time_stop,3,4,125433.65301986237
CBT,2005-08-03,2005-08-08,20.90724883849229,20.74184799194336,451.18531242474097,4.5119,-79.13828574974326,-0.79111722363208,5,time_stop,3,4,125354.51473411263
MBI,2005-08-04,2005-08-08,24.23939246384661,23.67099380493164,389.25527678999885,3.8926,-225.14473007091038,-2.3449377279679906,4,time_stop,3,4,125129.37000404172
TMO,2005-08-04,2005-08-08,27.606728294935145,27.057998657226562,341.7757918263378,3.4178,-190.96026434469366,-1.9876663103510712,4,time_stop,3,4,124938.40973969702
LOW,2005-08-05,2005-08-09,22.441846881573017,22.852523803710938,420.4338204661467,4.2043,168.45812914706264,1.8299604498020472,4,profit_target,2,5,125106.86786884409
SBAC,2005-08-05,2005-08-09,13.027285008394836,13.164899826049805,724.2730481950667,7.2427,92.42797297782182,1.0563583860051362,4,time_stop,3,4,125199.2958418219
URBN,2005-08-08,2005-08-10,28.05500030517578,28.545000076293945,336.3147859597539,3.3631,161.43102028433623,1.7465684041634657,2,profit_target,3,4,125360.72686210624
HD,2005-08-05,2005-08-11,24.705670118776307,24.87348747253418,381.9087431093475,3.8191,60.27182721451223,0.6792665527834885,6,time_stop,2,5,125420.99868932075
NTRS,2005-08-05,2005-08-11,30.423566246504055,30.53352928161621,310.13167050461175,3.1013,31.001703068043923,0.3614403197218577,6,time_stop,2,5,125452.0003923888
AES,2005-08-09,2005-08-11,9.707537158788837,10.007512092590332,965.2685925588952,9.6527,279.9036962279283,3.090123981960857,2,profit_target,3,4,125731.90408861673
AMG,2005-08-09,2005-08-11,68.10511763661528,69.88645935058594,137.58702804794055,2.0,243.0895123630479,2.6155768843617135,2,profit_target,3,4,125974.99360097978
ARE,2005-08-09,2005-08-11,37.37375731165634,39.80900955200195,250.72086417050684,2.5072,608.0613375309096,6.515941707541649,2,profit_target,3,4,126583.05493851069
EQR,2005-08-09,2005-08-11,14.563439001920187,14.841593742370605,643.418132849102,6.4342,172.53562241524355,1.9099523156154492,2,profit_target,3,4,126755.59056092594
EQT,2005-08-09,2005-08-11,14.89411073940385,15.103704452514648,629.1332792153212,6.2913,125.57104724015888,1.4072254247197034,2,profit_target,3,4,126881.16160816609
ESS,2005-08-09,2005-08-11,41.77607218335228,43.19441604614258,224.3001852675696,2.243,315.8917893443093,3.395110618741965,2,profit_target,3,4,127197.0533975104
FRT,2005-08-09,2005-08-11,28.8733633816679,29.350767135620117,324.5337443585343,3.2453,151.68829039734803,1.6534400500612518,2,profit_target,3,4,127348.74168790775
HAE,2005-08-09,2005-08-11,21.389999389648438,21.68000030517578,438.0729779268725,4.3807,122.66083488731414,1.355778044891801,2,profit_target,3,4,127471.40252279506
PCG,2005-08-09,2005-08-11,22.46409797668457,22.954343795776367,417.12695253567585,4.1713,200.32347498576073,2.1823525680871843,2,profit_target,3,4,127671.72599778083
SLG,2005-08-09,2005-08-11,30.1892165844942,30.679521560668945,310.38833698288465,3.1039,149.08106279948302,1.6241063255234496,2,profit_target,3,4,127820.80706058031
TECH,2005-08-09,2005-08-11,10.032212564892244,10.341412544250488,934.0293250233701,9.3403,279.4615547669868,3.0820716502787233,2,profit_target,2,5,128100.26861534729
TOL,2005-08-09,2005-08-11,44.709300607811656,45.28853225708008,209.58459656244486,2.0958,119.30218556249737,1.2955506827302465,2,profit_target,3,4,128219.57080090979
M,2005-08-08,2005-08-12,19.356581307481637,19.663663864135742,487.4472032460154,4.8745,144.81206137421955,1.5864503745576852,4,time_stop,3,4,128364.38286228401
VMC,2005-08-08,2005-08-12,54.31489267887106,54.12862014770508,173.71499707310363,2.0,-34.358332206298336,-0.34294927593301594,4,time_stop,3,4,128330.02453007772
KIM,2005-08-09,2005-08-12,11.518171310424805,11.64631462097168,813.5302452044955,8.1353,96.11315639847008,1.1125317300229398,3,profit_target,3,4,128426.13768647618
PLD,2005-08-09,2005-08-12,21.42177786629538,21.851327896118164,437.4231116092589,4.3742,183.52087952084,2.005202521022454,3,profit_target,3,4,128609.65856599703
NVR,2005-08-08,2005-08-15,862.0,882.6400146484375,10.945836917327174,2.0,223.92223431304083,2.3944332538790603,7,time_stop,2,5,128833.58080031007
BXP,2005-08-09,2005-08-15,28.685862444057378,28.933860778808594,326.65501163687213,3.2666,77.74334880771464,0.8645315623152612,6,time_stop,3,4,128911.32414911778
FDS,2005-08-09,2005-08-15,28.22830427738883,27.524593353271484,331.9498273221835,3.3195,-236.9162180187088,-2.4929266639690617,6,time_stop,3,4,128674.40793109906
NBIX,2005-08-09,2005-08-15,45.77000045776367,46.0099983215332,204.72756470964464,2.0473,47.086902537956746,0.524356262550183,6,time_stop,3,4,128721.49483363701
OKE,2005-08-09,2005-08-15,5.234776884781246,5.23634672164917,1790.0248543007106,17.9002,-15.090201532225164,0.02998861083245241,6,time_stop,3,4,128706.4046321048
PHM,2005-08-09,2005-08-15,36.08789699794988,36.4105110168457,259.6543858183146,2.5965,81.17160107458908,0.8939673567405357,6,time_stop,3,4,128787.57623317938
REG,2005-08-09,2005-08-15,24.72443434357011,25.116044998168945,378.9927243740627,3.7899,144.62766163658213,1.5839013712387668,6,time_stop,3,4,128932.20389481596
RYN,2005-08-09,2005-08-15,6.853257536305229,6.917503356933594,1367.2885749349928,13.6729,74.16969078313632,0.9374493850263437,6,time_stop,3,4,129006.3735855991
AAP,2005-08-10,2005-08-15,38.35541825840023,36.918495178222656,244.8140996632242,2.4481,-354.2271711556113,-3.7463366205447928,5,time_stop,3,4,128652.14641444349
KBH,2005-08-08,2005-08-16,54.807143585541,53.66464614868164,172.15477409454357,2.0,-198.68638814611785,-2.0845775972181246,8,time_stop,1,6,128453.46002629737
ALL,2005-08-10,2005-08-16,35.17356227064728,34.871803283691406,266.9603697198636,2.6696,-83.22729442123045,-0.8579142045208651,6,time_stop,2,5,128370.23273187614
CHE,2005-08-11,2005-08-17,35.56967982662833,36.02922058105469,264.32778030291297,2.6433,118.82610977321573,1.2919451529117592,6,time_stop,2,5,128489.05884164936
FLR,2005-08-12,2005-08-18,23.90183033150372,23.468433380126953,402.3318581336126,4.0233,-178.39271933819404,-1.813237502592136,6,time_stop,2,5,128310.66612231116
CRM,2005-08-17,2005-08-22,5.453735000951526,4.981967449188232,1765.3530017888531,17.6535,-850.4897936697969,-8.650357079707451,5,time_stop,3,4,127460.17632864136
HP,2005-08-17,2005-08-22,14.825433987906012,14.59057331085205,649.4088107467649,6.4941,-159.01468108426027,-1.584174043374046,5,time_stop,3,4,127301.1616475571
ANF,2005-08-18,2005-08-22,39.76261871218337,40.35872268676758,242.3552503641064,2.4236,142.04537549975407,1.4991567303427185,4,time_stop,3,4,127443.20702305686
CNP,2005-08-18,2005-08-22,5.864716053009033,6.101990222930908,821.5810728107947,4.1079,190.8320617106509,4.045791267253865,4,partial_exit,1,6,127634.03908476752
CNX,2005-08-18,2005-08-22,24.56900714287988,24.470735549926758,392.2290940403923,3.9223,-42.46726881431305,-0.39998194628552947,4,time_stop,3,4,127591.5718159532
DTE,2005-08-18,2005-08-22,16.79284508161143,17.07459831237793,573.8562683268066,5.7386,155.94729491341786,1.6778171262654458,4,time_stop,3,4,127747.51911086662
NBR,2005-08-18,2005-08-22,1331.8549415885313,1350.652587890625,7.2355322732292695,2.0,134.01097647954745,1.411388411389104,4,time_stop,3,4,127881.53008734617
RIG,2005-08-18,2005-08-22,51.25650141033287,52.834327697753906,188.00891882919325,2.0,294.6454143983083,3.0782949362653076,4,time_stop,3,4,128176.17550174448
WMB,2005-08-18,2005-08-22,6.961961241313975,7.161263942718506,1384.1903278543548,13.8419,262.0309683208531,2.862737876531406,4,time_stop,3,4,128438.20647006533
RRC,2005-08-19,2005-08-22,18.76085390783438,19.26315689086914,512.945732984719,5.1295,252.52471448332847,2.6773993630695134,3,profit_target,2,5,128690.73118454865
CNP,2005-08-18,2005-08-23,5.864716053009033,6.1288557052612305,821.5810728107947,12.3237,204.68842277706855,4.503877934834954,5,profit_target,1,6,128895.41960732572
J,2005-08-19,2005-08-23,21.842180252075195,21.81926155090332,440.58330478520065,4.4058,-14.503430151541144,-0.10492863307314537,4,time_stop,3,4,128880.91617717418
NFX,2005-08-19,2005-08-23,44.68000030517578,44.939998626708984,215.38271919077323,2.1538,53.84531828495052,0.5819120854014064,4,time_stop,3,4,128934.76149545913
PCG,2005-08-19,2005-08-23,22.7433506093301,22.737138748168945,423.1258676206456,4.2313,-6.859657819559258,-0.02731286725451492,4,time_stop,3,4,128927.90183763957
TSCO,2005-08-19,2005-08-23,2.039357412676237,2.0222580432891846,4718.790291175462,47.1879,-127.87624116060076,-0.8384684940837845,4,time_stop,3,4,128800.02559647897
PLD,2005-08-22,2005-08-24,21.55317087929292,22.073680877685547,446.4911456911829,4.4649,227.93819406912755,2.4150042762046806,2,profit_target,3,4,129027.96379054809
STZ,2005-08-23,2005-08-25,22.641436902255283,23.389911651611328,426.289412660013,4.2629,314.80396716723897,3.3057740663159545,2,profit_target,2,5,129342.76775771534
TPR,2005-08-23,2005-08-25,20.77979506669273,22.11564826965332,464.4802707564579,4.6448,615.8326546944512,6.428615867833005,2,profit_target,2,5,129958.60041240978
ACN,2005-08-18,2005-08-26,17.369395547460158,17.229602813720703,554.8079889592259,5.5481,-83.10620536669175,-0.8048220984863006,8,time_stop,1,6,129875.49420704308
BBY,2005-08-22,2005-08-26,26.878641197478853,25.8829345703125,358.0277696506465,3.5803,-360.07090064724355,-3.704452988716363,4,time_stop,3,4,129515.42330639584
GNTX,2005-08-22,2005-08-26,5.690918078660807,5.613316059112549,1690.9925298798016,16.9099,-148.1343606584884,-1.363611608454558,4,time_stop,3,4,129367.28894573735
HRB,2005-08-22,2005-08-26,13.230303753655175,12.770115852355957,727.3680286074067,7.2737,-341.999646843066,-3.478286741315976,4,time_stop,3,4,129025.28929889429
ATI,2005-08-23,2005-08-29,23.771904095350344,22.83321189880371,406.01732196660635,4.0602,-385.18546501248113,-3.9487463552834874,6,time_stop,2,5,128640.1038338818
FISV,2005-08-23,2005-08-29,11.25,11.1899995803833,857.9382078969909,8.5794,-60.0560345579883,-0.5333370632595485,6,time_stop,2,5,128580.04779932382
MLM,2005-08-23,2005-08-29,52.97826975381938,52.14261245727539,182.18422163825608,2.0,-154.24357412719658,-1.5773586046262809,6,time_stop,2,5,128425.80422519663
AAP,2005-08-24,2005-08-29,34.743526281698,34.49751281738281,278.03746348063015,2.7804,-71.18133423508434,-0.7080843271938805,5,time_stop,3,4,128354.62289096155
APH,2005-08-24,2005-08-29,2.312761873541852,2.2872045040130615,4176.825132862566,41.7683,-148.51691470633284,-1.1050584074896892,5,time_stop,3,4,128206.10597625522
HSIC,2005-08-24,2005-08-29,16.27450942993164,15.83137321472168,593.5663966601356,5.9357,-268.9664304583883,-2.7228852403683312,5,time_stop,3,4,127937.13954579683
M,2005-08-25,2005-08-29,18.55607452777598,18.54558563232422,521.505627162996,5.2151,-10.6850742724478,-0.056525400542343986,4,time_stop,3,4,127926.45447152438
WSM,2005-08-25,2005-08-29,12.802257509655822,12.672338485717773,755.8899105874389,7.5589,-105.76337849401357,-1.0148133939663408,4,time_stop,3,4,127820.69109303037
CHE,2005-08-26,2005-08-30,35.14417749603674,35.19728088378906,277.34025165420087,2.7734,11.954304406377808,0.15110152388204665,4,time_stop,3,4,127832.64539743675
PAYX,2005-08-26,2005-08-30,17.335111159805273,17.39120864868164,562.2631975692633,5.6226,25.918921495540282,0.32360616761685806,4,time_stop,3,4,127858.56431893229
SLM,2005-08-26,2005-08-30,13.843586082178245,13.600325584411621,704.0729889691335,7.0407,-178.31387565035732,-1.7572072461758224,4,time_stop,3,4,127680.25044328193
EA,2005-08-25,2005-08-31,56.65057977844015,55.640350341796875,170.82079869505552,2.0,-174.56819923265962,-1.7832640735439405,6,time_stop,2,5,127505.68224404927
VMC,2005-08-25,2005-08-31,51.72757078778779,56.00700759887695,187.07813138937783,2.0,798.5890420174784,8.273028765734118,6,time_stop,2,5,128304.27128606675
NBIX,2005-08-29,2005-08-31,44.849998474121094,45.79999923706055,215.76136068322808,2.1576,202.8158436550889,2.118173456544515,2,profit_target,2,5,128507.08712972184
ASH,2005-08-30,2005-09-01,20.488866803005617,21.382293701171875,467.89077815523586,4.6789,413.34729882627664,4.360548129656426,2,profit_target,2,5,128920.43442854812
RMD,2005-08-30,2005-09-01,14.776565984657763,14.965188026428223,648.7672333295042,6.4877,115.8841278510882,1.2764944302099852,2,profit_target,3,4,129036.31855639922
ROP,2005-08-30,2005-09-01,32.95864888284975,34.368492126464844,290.866044480534,2.9087,407.1668671631226,4.277612376121141,2,profit_target,3,4,129443.48542356234
OSK,2005-08-31,2005-09-02,30.89857927018784,31.915481567382812,154.95888499451917,1.0,156.57804612169784,3.2910972647086005,2,partial_exit,1,8,129600.06346968403
BYD,2005-08-26,2005-09-06,43.30256658555054,41.538230895996094,225.0881598824938,2.2509,-399.3819553756453,-4.074436756696027,11,time_stop,1,6,129200.68151430838
MAR,2005-08-30,2005-09-06,24.676780270858266,23.805706024169922,388.4847101912398,3.8848,-342.2838733816865,-3.5299347691523137,7,time_stop,3,4,128858.39764092669
THG,2005-08-30,2005-09-06,24.780334804734615,25.180221557617188,386.8612715493109,3.8686,150.83208498038405,1.6137261906815277,7,time_stop,3,4,129009.22972590708
OI,2005-08-31,2005-09-06,25.590058237831123,23.98271369934082,374.20855764561776,3.7421,-605.2241669644735,-6.281128880410599,6,time_stop,2,5,128404.0055589426
ALL,2005-09-01,2005-09-06,34.03877750778692,33.92347717285156,283.1485805424206,2.8315,-35.47861197843576,-0.3387323029124022,5,time_stop,3,4,128368.52694696416
BWA,2005-09-01,2005-09-06,10.292347257389459,10.25352668762207,936.4269678920374,9.3643,-45.716898118037044,-0.3771789738197645,5,time_stop,3,4,128322.81004884612
HIG,2005-09-01,2005-09-06,46.501268543878695,48.193519592285156,207.2638411064995,2.0726,348.6698139981591,3.639150288576859,5,time_stop,3,4,128671.47986284428
KSS,2005-09-01,2005-09-06,27.481652560398544,26.75019645690918,350.70785912699006,3.5071,-260.0344826913949,-2.661616152383074,5,time_stop,3,4,128411.44538015289
NSC,2005-09-01,2005-09-06,22.459129026109263,22.881444931030273,429.13647824564794,4.2914,176.9397953624698,1.8803752560041762,5,time_stop,3,4,128588.38517551536
THC,2005-09-01,2005-09-06,48.31999969482422,47.720001220703125,199.46257441225757,2.0,-121.67724029161965,-1.2417187042850135,5,time_stop,3,4,128466.70793522373
CSX,2005-09-02,2005-09-06,1.7148798286971394,1.7458091974258423,5661.190506942354,56.6119,118.48514356322897,1.8035881121886614,4,time_stop,3,4,128585.19307878696
OSK,2005-08-31,2005-09-07,30.89857927018784,32.25967025756836,154.95888499451917,2.5496,208.363552930629,4.405027737614304,7,profit_target,1,8,128793.5566317176
AIZ,2005-09-06,2005-09-08,25.26144611075315,25.523365020751953,384.7762601401012,3.8478,96.93241604791089,1.0368326059026078,2,profit_target,3,4,128890.48904776551
EG,2005-09-06,2005-09-09,60.77977325474348,61.960411071777344,159.921701574754,2.0,186.80960864355825,1.9424847343301341,3,profit_target,3,4,129077.29865640907
CACI,2005-09-08,2005-09-12,61.459999084472656,60.31999969482422,157.16753809420757,2.0,-181.17089749994418,-1.8548639873579964,4,time_stop,3,4,128896.12775890912
MCK,2005-09-08,2005-09-12,39.45148997415174,38.739646911621094,244.84542291577952,2.4485,-176.73996992413782,-1.8043502615415552,4,time_stop,3,4,128719.38778898498
MSFT,2005-09-09,2005-09-15,18.46525661212431,18.222476959228516,523.5121764966532,5.2351,-132.3332262615461,-1.3147916543785556,6,time_stop,2,5,128587.05456272344
HRL,2005-09-14,2005-09-16,5.028709681869059,5.081524848937988,1919.7676332322517,19.1977,82.19517195036164,1.0502727421181923,2,profit_target,3,4,128669.2497346738
PRU,2005-09-14,2005-09-16,32.95289595817395,33.45645523071289,292.96223604830743,2.9296,144.5942281053849,1.528118418417899,2,profit_target,3,4,128813.84396277918
STRL,2005-09-14,2005-09-16,23.1299991607666,24.200000762939453,417.37805596417974,4.1738,442.42140803382057,4.626033899680385,2,profit_target,2,5,129256.265370813
APH,2005-09-14,2005-09-19,2.2485638802699044,2.117415428161621,4293.386622849723,42.9339,-606.0048761176482,-5.832542862537711,5,time_stop,3,4,128650.26049469535
MNST,2005-09-14,2005-09-19,0.9827079772949219,0.9470829963684082,9823.827939962484,98.2383,-448.21196238614044,-3.6251848717640165,5,time_stop,3,4,128202.04853230921
SYK,2005-09-14,2005-09-19,40.618570675253366,40.41121292114258,237.67340710625965,2.3767,-51.66015798047561,-0.5104998789066686,5,time_stop,3,4,128150.38837432874
LSTR,2005-09-15,2005-09-19,28.242822639908134,29.85939598083496,341.81973265421726,3.4182,549.1584698850006,5.7238377393715245,4,profit_target,2,5,128699.54684421375
AEIS,2005-09-16,2005-09-19,11.197059449185868,11.314720153808594,861.3001597401958,8.613,92.7281820892954,1.0508178969370428,3,profit_target,3,4,128792.27502630305
AME,2005-09-16,2005-09-19,10.247613075447497,10.52556037902832,941.1000416585418,9.411,252.16521856220717,2.7123126286526604,3,profit_target,3,4,129044.44024486525
EQT,2005-09-16,2005-09-19,16.38660355500236,16.856632232666016,588.5312999630245,5.8853,270.7412756856626,2.868371570020498,3,profit_target,3,4,129315.18152055092
HOLX,2005-09-16,2005-09-19,11.739999771118164,13.220000267028809,821.467570717484,8.2147,1207.5577363292139,12.606478064434267,3,profit_target,3,4,130522.73925688013
MDT,2005-09-14,2005-09-20,36.318941684349085,35.826866149902344,265.8104459121409,2.6581,-133.45692169286468,-1.3548729991182284,6,time_stop,2,5,130389.28233518726
NDAQ,2005-09-14,2005-09-20,6.580901419712102,6.559542655944824,1466.9653089251424,14.6697,-46.00221857737564,-0.32455681076305304,6,time_stop,2,5,130343.2801166099
EW,2005-09-16,2005-09-20,3.644166946411133,3.6424999237060547,2646.4290012020274,26.4643,-30.87594724440128,-0.04574495981090687,4,time_stop,3,4,130312.40416936549
FLEX,2005-09-16,2005-09-20,9.811605453491211,9.540316581726074,982.9205972374963,9.8292,-276.48462583164974,-2.7649794220843384,4,time_stop,3,4,130035.91954353383
FLS,2005-09-16,2005-09-20,8.880475495401274,8.537782669067383,1085.9811613914578,10.8598,-383.0177651565152,-3.8589468155320503,4,time_stop,3,4,129652.90177837732
MTB,2005-09-16,2005-09-20,57.517311859217315,57.95953369140625,167.67176316948778,2.0,72.14811431516002,0.7688499651571726,4,time_stop,3,4,129725.04989269248
NOC,2005-09-16,2005-09-20,32.837743837403266,32.65040969848633,293.68732334221426,2.9369,-57.95453506255628,-0.570484196004838,4,time_stop,3,4,129667.09535762992
NTRS,2005-09-16,2005-09-20,30.101469469334397,29.923572540283203,320.38399660285774,3.2038,-60.19916907882508,-0.5909908459200794,4,time_stop,3,4,129606.8961885511
USB,2005-09-16,2005-09-20,15.42855453491211,15.124627113342285,625.076644113453,6.2508,-196.22869917005494,-1.9699021115820659,4,time_stop,3,4,129410.66748938104
WAT,2005-09-16,2005-09-20,43.5,42.439998626708984,221.7018182115921,2.217,-237.22124994751863,-2.4367847661862427,4,time_stop,3,4,129173.44623943353
AON,2005-09-19,2005-09-21,25.009819326987206,25.66046142578125,387.6165507661339,3.8762,248.32348061012434,2.6015465777154168,2,profit_target,3,4,129421.76972004365
ADSK,2005-09-19,2005-09-23,42.099998474121094,42.27000045776367,230.26651435082638,2.3027,36.843099062594405,0.40380520143505105,4,time_stop,3,4,129458.61281910625
ARW,2005-09-19,2005-09-23,31.020000457763672,30.690000534057617,312.5151437702416,3.1252,-106.25512503886885,-1.0638295255842347,4,time_stop,3,4,129352.35769406738
AZO,2005-09-19,2005-09-23,92.83000183105469,88.05999755859375,104.42981483996846,2.0,-500.13066295895413,-5.1384295792022865,4,time_stop,3,4,128852.22703110843
BEN,2005-09-19,2005-09-23,13.937655315996762,14.018851280212402,695.5416591257325,6.9554,49.51975907360246,0.5825654485977156,4,time_stop,3,4,128901.74679018203
BWA,2005-09-19,2005-09-23,9.934150871409459,9.912979125976562,975.847863425448,9.7585,-30.418881179934086,-0.21312083646554,4,time_stop,3,4,128871.3279090021
CHE,2005-09-19,2005-09-23,35.9761069411792,37.285926818847656,269.4627275447282,2.6946,350.2530095533981,3.640804937037825,4,time_stop,3,4,129221.5809185555
FAST,2005-09-19,2005-09-23,2.430536275966572,2.339200735092163,3988.5106832877,39.8851,-404.17788737431675,-3.7578349180608956,4,time_stop,3,4,128817.40303118118
FISV,2005-09-19,2005-09-23,11.255000114440918,11.067500114440918,861.3256156588253,8.6133,-170.111809092618,-1.6659262380586293,4,time_stop,3,4,128647.29122208856
BBY,2005-09-21,2005-09-23,23.35145768482808,24.144641876220703,414.8781030595795,4.1488,324.92597167122193,3.3967223892321328,2,profit_target,3,4,128972.21719375979
GT,2005-09-21,2005-09-23,13.58282529923515,13.805496215820312,356.62714694942906,1.7831,77.62735795563361,1.6393564054578615,2,partial_exit,1,6,129049.84455171542
RL,2005-09-21,2005-09-23,36.2773324055998,36.953487396240234,133.52702397795468,1.0,89.28496364805896,1.8638498086922792,2,partial_exit,1,6,129139.12951536347
TPR,2005-09-21,2005-09-23,19.714996772415624,20.921772003173828,245.70149769216698,1.2285,295.2779740866403,6.121102857326723,2,partial_exit,1,6,129434.40748945011
ASH,2005-09-19,2005-09-26,20.69368519138453,19.129302978515625,468.462712810911,4.6846,-737.5393624418131,-7.559708183442411,7,time_stop,2,5,128696.8681270083
AVT,2005-09-19,2005-09-26,19.415323654034705,18.558874130249023,499.30766417053337,4.9931,-432.62488784309943,-4.411203949246048,7,time_stop,2,5,128264.24323916521
CPB,2005-09-19,2005-09-26,16.0188045501709,15.649757385253906,605.1774882731527,6.0518,-229.39081120152483,-2.303837116940508,7,time_stop,2,5,128034.85242796369
PAYX,2005-09-20,2005-09-26,16.967905332679628,17.386110305786133,576.9248031701545,5.7692,235.5035737625486,2.4646823806887697,6,time_stop,2,5,128270.35600172624
SSD,2005-09-20,2005-09-26,29.32685519416634,28.998790740966797,333.7966304076568,3.338,-112.84477533861389,-1.118648593678055,6,time_stop,2,5,128157.51122638762
WDC,2005-09-20,2005-09-26,7.836385538101735,7.697420120239258,1249.199059524236,12.492,-186.08745989544093,-1.7733356429032903,6,time_stop,3,4,127971.42376649218
CHRW,2005-09-21,2005-09-26,19.751047013478697,19.489641189575195,490.5060709615106,4.9051,-133.12620431897827,-1.3235036285676942,5,time_stop,3,4,127838.2975621732
MCO,2005-09-21,2005-09-26,39.116952999837814,39.25975799560547,247.66776870370455,2.4767,32.89151697448003,0.3650718801340355,5,time_stop,3,4,127871.18907914769
RSG,2005-09-21,2005-09-26,14.743789355765582,14.980066299438477,657.0908084880501,6.5709,148.68449986022733,1.6025523559212964,5,time_stop,3,4,128019.87357900792
TPR,2005-09-21,2005-09-26,19.714996772415624,20.83788299560547,245.70149769216698,3.6855,272.2093043102632,5.695594253207989,5,profit_target,1,6,128292.08288331819
AAP,2005-09-22,2005-09-26,32.00945207671947,32.70834732055664,303.2427017413061,3.0324,208.90245495791964,2.1834027091812636,4,time_stop,3,4,128500.9853382761
AVB,2005-09-22,2005-09-26,40.22286772848639,40.72029495239258,241.32125025309674,2.4132,117.62654708043695,1.2366776711793257,4,time_stop,3,4,128618.61188535654
BAX,2005-09-22,2005-09-26,14.720407342497948,14.676342010498047,659.3997369203322,6.594,-35.65066569724523,-0.29934859120837054,4,time_stop,3,4,128582.9612196593
GPC,2005-09-22,2005-09-26,22.621347919350356,22.658395767211914,429.09170415526813,4.2909,11.6060071326484,0.16377382989573006,4,time_stop,3,4,128594.56722679194
JEF,2005-09-22,2005-09-26,13.176880975186473,13.383892059326172,736.6411480290319,7.3664,145.1264711951123,1.5710173335368518,4,time_stop,3,4,128739.69369798705
KBH,2005-09-22,2005-09-26,52.06931175819145,54.20375442504883,186.41753465228476,2.0,395.89753981219974,4.099233492406567,4,time_stop,3,4,129135.59123779925
SPG,2005-09-22,2005-09-26,28.181961761766836,28.406497955322266,344.4271485092927,3.4443,73.89208939833443,0.7967372727758357,4,time_stop,3,4,129209.48332719758
RL,2005-09-21,2005-09-27,36.2773324055998,38.510955810546875,133.52702397795468,2.3353,295.9138157103093,6.157077317521535,6,profit_target,1,6,129505.3971429079
HP,2005-09-26,2005-09-28,15.51399481246942,16.19722557067871,625.7305535455162,6.2573,421.2610549981671,4.403964075456194,2,profit_target,3,4,129926.65819790606
NBIX,2005-09-26,2005-09-28,46.18000030517578,47.33000183105469,210.21179076563902,2.1021,239.64176223056583,2.490258809612905,2,profit_target,2,5,130166.29996013662
GT,2005-09-21,2005-09-29,13.58282529923515,13.796587944030762,356.62714694942906,5.3494,70.88415493358173,1.573771583498527,8,time_stop,1,6,130237.1841150702
LUMN,2005-09-21,2005-09-29,10.308760756988919,10.40731143951416,939.7840047252469,9.3978,83.21851504472505,0.9559896174564706,8,time_stop,1,6,130320.40263011491
TSCO,2005-09-21,2005-09-29,1.9782869363713091,1.8752802610397339,4897.170521546198,48.9717,-553.4129591717323,-5.206862232053971,8,time_stop,1,6,129766.98967094318
EQT,2005-09-27,2005-09-29,16.49872294221685,16.783321380615234,587.3612935667447,5.8736,161.28849398908247,1.7249725290565017,2,profit_target,3,4,129928.27816493226
TEX,2005-09-27,2005-09-30,20.685905868217215,21.5946044921875,468.4692713616703,4.6847,421.0126895450949,4.392839403598231,3,profit_target,2,5,130349.29085447735
TECH,2005-09-28,2005-09-30,11.379732096634589,11.904119491577148,853.5266650601169,8.5353,439.043357754284,4.608082075127589,2,profit_target,3,4,130788.33421223164
HAS,2005-09-26,2005-10-03,10.905122925905262,10.61560344696045,890.1853401989878,8.9019,-266.62784926071197,-2.6548942264287154,7,time_stop,2,5,130521.70636297093
REG,2005-09-26,2005-10-03,24.75127558771209,24.894582748413086,392.2052634139042,3.9221,52.283770077693674,0.578988990660915,7,time_stop,2,5,130573.99013304862
A,2005-09-30,2005-10-04,19.539721750485015,19.40224266052246,498.70827163278506,4.9871,-73.5490420572012,-0.7035877568683456,4,time_stop,3,4,130500.44109099141
EEFT,2005-09-30,2005-10-04,29.3700008392334,29.6200008392334,331.7882391529502,3.3179,79.62917739670804,0.8512086920543832,4,time_stop,3,4,130580.07026838812
FDS,2005-09-29,2005-10-05,28.045132170292355,27.4925537109375,348.0986446322202,3.481,-195.83279920070765,-1.9703186135816835,6,time_stop,2,5,130384.23746918741
GATX,2005-09-30,2005-10-06,23.305632143070547,21.926387786865234,418.12300145084384,4.1812,-580.8750199652104,-5.918073141025708,6,time_stop,2,5,129803.3624492222
OXY,2005-10-03,2005-10-07,24.26697393925554,21.8380184173584,404.2170684516051,4.0422,-985.8674511451169,-10.009305354582896,4,time_stop,3,4,128817.49499807709
FICO,2005-10-06,2005-10-10,41.32847419323718,41.250553131103516,94.64484717695406,2.0,-9.374827017506352,-0.1885408635444189,4,time_stop,3,4,128808.12017105958
LNC,2005-10-06,2005-10-10,29.141491757623516,28.492753982543945,134.22535663612186,2.0,-89.0770592233796,-2.226165292001082,4,time_stop,3,4,128719.0431118362
NBR,2005-10-06,2005-10-10,1411.5316469594595,1386.5390625,2.77112251255672,2.0,-71.2575134425835,-1.770600362612864,4,time_stop,3,4,128647.78559839362
RGLD,2005-10-06,2005-10-10,20.01395571066165,19.949934005737305,195.4399810124447,2.0,-14.51240079479867,-0.319885313277883,4,time_stop,3,4,128633.27319759881
RIG,2005-10-06,2005-10-10,51.76999539823497,52.05009078979492,75.55587158134036,2.0,19.162851435229094,0.5410380847155785,4,time_stop,3,4,128652.43604903405
BXP,2005-10-10,2005-10-14,28.60051778267658,28.43883514404297,135.12080023540926,2.0,-23.846687516345984,-0.5653136767039317,4,time_stop,3,4,128628.5893615177
MLM,2005-10-10,2005-10-14,59.89555597370045,58.06806182861328,64.52106148975706,2.0,-119.91186210734045,-3.0511347885135365,4,time_stop,3,4,128508.67749941036
NTRS,2005-10-10,2005-10-14,30.389783528662303,30.641298294067383,127.16526415192997,2.0,29.9839415808477,0.8276293418406959,4,time_stop,3,4,128538.66144099121
PTC,2005-10-10,2005-10-14,16.825000762939453,16.225000381469727,229.68943088874792,2.2969,-140.11064046170063,-3.5661239480675184,4,time_stop,3,4,128398.55080052951
RYN,2005-10-10,2005-10-14,7.003766706812855,6.787208557128906,551.7780662487128,5.5178,-125.0098177254957,-3.0920240314871386,4,time_stop,3,4,128273.54098280401
SPG,2005-10-10,2005-10-14,27.315438143655022,26.752193450927734,141.47768121522827,2.0,-81.68655308384047,-2.0620013113650955,4,time_stop,3,4,128191.85442972017
UTHR,2005-10-10,2005-10-14,31.329999923706055,31.440000534057617,123.34902200297147,2.0,11.568467706595174,0.3511031299694635,4,time_stop,3,4,128203.42289742678
WEC,2005-10-10,2005-10-14,10.052832425697943,9.904841423034668,384.421492997682,3.8442,-60.73513712401697,-1.4721323940998696,4,time_stop,3,4,128142.68776030275
EG,2005-10-10,2005-10-17,61.874688819644135,60.265316009521484,62.457281380547215,2.0,-102.51705044803235,-2.601019642803767,7,time_stop,2,5,128040.17070985472
PRU,2005-10-10,2005-10-17,32.36049465653194,31.990243911743164,119.4210685269071,2.0,-46.21573956555891,-1.1441442682460417,7,time_stop,2,5,127993.95497028917
TROW,2005-10-10,2005-10-17,16.886433537922372,16.57640266418457,228.85382169441715,2.2885,-73.24028851509935,-1.835976039828397,7,time_stop,2,5,127920.71468177407
CGNX,2005-10-20,2005-10-24,5.485653282882875,5.725454807281494,699.5741878962568,6.9957,160.76321480848614,4.37143056683664,4,time_stop,3,4,128081.47789658255
HUM,2005-10-26,2005-10-31,38.962071394706825,38.953311920166016,98.62012463278558,2.0,-2.8638604709323667,-0.02248205556648031,5,time_stop,3,4,128078.61403611163
QCOM,2005-10-31,2005-11-03,25.478379488634364,27.617795944213867,150.8119595522765,2.0,320.64958796433086,8.396987950249642,3,profit_target,3,4,128399.26362407596
CDNS,2005-11-03,2005-11-07,15.899999618530273,16.020000457763672,604.1444203252313,6.0414,66.45639325395045,0.754722277436701,4,time_stop,3,4,128465.7200173299
TDY,2005-11-03,2005-11-07,34.45000076293945,34.5099983215332,278.835873438998,2.7884,13.941112920305763,0.17415836651676955,4,time_stop,3,4,128479.66113025021
CAH,2005-11-04,2005-11-08,28.06589824836135,27.910987854003906,343.11906522956014,3.4312,-56.58390035856421,-0.5519523835888213,4,time_stop,3,4,128423.07722989166
CL,2005-11-04,2005-11-08,16.111995110400226,16.411170959472656,597.6879154828943,5.9769,172.83691044009677,1.8568516625188978,4,time_stop,3,4,128595.91414033175
ADM,2005-11-08,2005-11-10,14.380300319089155,14.761439323425293,670.0815957214381,6.7008,248.69341626002495,2.6504245104686315,2,profit_target,3,4,128844.60755659177
EIX,2005-11-07,2005-11-11,21.24732517100075,20.44230842590332,453.2309217420484,4.5323,-369.3907906157119,-3.7887910060140193,4,time_stop,3,4,128475.21676597606
SNPS,2005-11-07,2005-11-11,18.469999313354492,18.770000457763672,521.3830606286429,5.2138,151.20168425786716,1.6242618059669756,4,time_stop,3,4,128626.41845023393
KR,2005-11-09,2005-11-11,6.665780231798277,6.805888652801514,1446.8964209945095,14.469,188.2534086908296,2.101905795436618,2,profit_target,3,4,128814.67185892476
MIDD,2005-11-09,2005-11-11,11.984999656677246,12.873332977294922,804.7303993998446,8.0473,706.821523906854,7.412042937546147,2,profit_target,3,4,129521.49338283161
NVDA,2005-11-09,2005-11-11,0.25479013528518046,0.2600615322589874,37853.481060912374,378.5348,-178.99408509657104,2.0689172160871987,2,profit_target,3,4,129342.49929773505
RSG,2005-11-09,2005-11-11,15.183586161169856,15.364757537841797,635.2052445416348,6.3521,108.72895617742839,1.1932054440160131,2,profit_target,3,4,129451.22825391247
EQT,2005-11-09,2005-11-14,16.04431567511999,16.126699447631836,601.1283843960364,6.0113,43.51194022653657,0.5134763874011752,5,time_stop,3,4,129494.74019413901
FR,2005-11-09,2005-11-14,22.2595446323774,22.479408264160156,433.2835069094939,4.3328,90.93045035159604,0.9877274464229486,5,time_stop,3,4,129585.67064449062
VMC,2005-11-09,2005-11-14,50.66745041282955,50.854522705078125,190.35284945150383,2.0,33.609743882940265,0.3692159181571999,5,time_stop,3,4,129619.28038837356
BKR,2005-11-10,2005-11-14,25.983461505384273,25.60248565673828,371.18586215028796,3.7119,-145.12470745960303,-1.4662243849498129,4,time_stop,3,4,129474.15568091396
LAMR,2005-11-10,2005-11-14,23.66137641006431,24.04925537109375,407.61337774173325,4.0761,154.02851968274672,1.6392916215324496,4,time_stop,3,4,129628.1842005967
NFX,2005-11-10,2005-11-14,42.869998931884766,41.93000030517578,224.97536274374835,2.2498,-213.72628564991655,-2.1926723819203455,4,time_stop,3,4,129414.45791494679
FLO,2005-11-11,2005-11-15,3.9189947510728365,3.828171491622925,2465.771500229495,24.6577,-248.60711971183625,-2.3175141897051157,4,time_stop,3,4,129165.85079523496
UNM,2005-11-10,2005-11-16,12.98758797869224,13.084017753601074,742.6085256437303,7.4261,64.1834877167691,0.7424763941313786,6,time_stop,2,5,129230.03428295173
AVT,2005-11-15,2005-11-17,17.205385005475772,17.664199829101562,564.1306103020629,5.6413,253.19018036462967,2.6666931514741927,2,profit_target,2,5,129483.22446331636
CHE,2005-11-14,2005-11-18,41.75530748772304,42.04751205444336,232.517557723603,2.3252,65.61751663225688,0.6998022150986113,4,time_stop,3,4,129548.84197994861
PFG,2005-11-17,2005-11-21,26.89271990216444,27.056201934814453,360.4043252776862,3.604,55.315588419475596,0.6079044189087578,4,time_stop,3,4,129604.15756836809
MO,2005-11-18,2005-11-22,4.976026968523684,5.036642551422119,1951.6055471921836,19.5161,98.781652358951,1.2181522182629667,4,time_stop,3,4,129702.93922072704
BLKB,2005-11-29,2005-12-01,13.311538143555033,14.052897453308105,730.7735842881792,7.3077,534.4580641907812,5.569298617170035,2,profit_target,3,4,130237.39728491782
HRL,2005-11-29,2005-12-01,5.254786175412804,5.343167781829834,1851.2114702346269,18.5121,145.10092885462274,1.6819258380211324,2,profit_target,3,4,130382.49821377244
UFPI,2005-11-29,2005-12-01,15.743011725188591,16.18844985961914,617.9072093296047,6.1791,269.0603624816701,2.8294340511596965,2,profit_target,3,4,130651.55857625412
UNH,2005-11-29,2005-12-01,45.13093416583106,47.42219543457031,107.77220349362337,1.0,245.93427571162468,5.0769196585210175,2,partial_exit,1,6,130897.49285196574
UNH,2005-11-29,2005-12-02,45.13093416583106,47.80792999267578,107.77220349362337,2.0777,286.42801696735387,5.931620686175595,3,profit_target,1,6,131183.92086893308
AVT,2005-11-30,2005-12-02,17.32008556441611,18.268299102783203,561.6439021259804,5.6164,526.9419127159169,5.474646963148869,2,profit_target,3,4,131710.862781649
CAT,2005-11-30,2005-12-02,34.56052585451069,35.50226974487305,281.469109657222,2.8147,262.2571232488479,2.724911925029176,2,profit_target,3,4,131973.11990489785
COP,2005-11-30,2005-12-02,23.826183095864483,24.170991897583008,408.2785900878505,4.0828,136.69526551464205,1.4471843867361762,2,profit_target,3,4,132109.81517041248
SNPS,2005-11-30,2005-12-02,19.25,21.100000381469727,505.33612683400145,5.0534,929.8186661449968,9.610391592050528,2,profit_target,3,4,133039.63383655748
IRM,2005-11-29,2005-12-05,10.2704461818671,10.238882064819336,947.1565567160287,9.4716,-39.36772598590284,-0.3073295598733821,6,time_stop,2,5,133000.26611057157
ACGL,2005-12-01,2005-12-05,5.566982218643986,5.503589630126953,1747.3956372585685,17.474,-128.24588898177637,-1.1387244655592603,4,time_stop,3,4,132872.0202215898
EG,2005-12-01,2005-12-05,69.73719004122582,67.61114501953125,139.49114433495086,2.0,-298.5644529838004,-3.0486531224411735,4,time_stop,3,4,132573.455768606
GGG,2005-12-01,2005-12-05,8.708750238538089,8.94780158996582,1117.00533085761,11.1701,255.85158058491564,2.7449558763308852,4,time_stop,3,4,132829.30734919093
GLW,2005-12-01,2005-12-05,13.339443871804303,13.976849555969238,729.2448272237266,7.2924,457.5323497480424,4.778352758110295,4,time_stop,3,4,133286.83969893897
PVH,2005-12-01,2005-12-05,32.47361373901367,32.01381301879883,299.5576814990468,2.9956,-140.73241451414094,-1.4159210117796066,4,time_stop,3,4,133146.10728442483
SBUX,2005-12-01,2005-12-05,11.25658292325571,11.857626914978027,864.180587295048,8.6418,510.7687438838017,5.339488864605451,4,time_stop,3,4,133656.87602830862
XRAY,2005-12-01,2005-12-05,22.916729837765597,23.259756088256836,424.48117643398416,4.2448,141.3633745919196,1.4968376942069141,4,time_stop,3,4,133798.23940290054
TTEK,2005-12-01,2005-12-06,2.849192985664833,2.9255595207214355,1707.1010090396971,8.5355,121.82988400679345,2.680286503610892,5,partial_exit,1,8,133920.06928690732
POOL,2005-12-02,2005-12-06,28.458973072896093,28.289661407470703,344.96367591166853,3.4496,-61.85601123898574,-0.5949324488684373,4,time_stop,3,4,133858.21327566833
ZBRA,2005-12-02,2005-12-06,44.880001068115234,43.79999923706055,218.74580504125896,2.1875,-238.43332803050396,-2.4064211349183084,4,time_stop,3,4,133619.7799476378
TTEK,2005-12-01,2005-12-08,2.849192985664833,2.963742256164551,1707.1010090396971,25.6065,169.9406601192343,4.020411080472633,7,profit_target,1,8,133789.72060775704
LVS,2005-12-02,2005-12-08,25.991991470553508,26.09967041015625,377.70526260057926,3.7771,36.89384953319986,0.4142773735699797,6,time_stop,2,5,133826.61445729024
WMT,2005-12-02,2005-12-08,10.578533064233875,10.549775123596191,928.0409584472405,9.2804,-35.96895637683741,-0.27185187646588516,6,time_stop,2,5,133790.6455009134
NSC,2005-12-06,2005-12-12,27.546156575644613,27.166736602783203,364.2928525313776,3.6429,-141.86291274637455,-1.3773971400310705,6,time_stop,3,4,133648.78258816703
A,2005-12-08,2005-12-12,20.651490026086993,21.308998107910156,485.2668491916894,4.8527,314.21420669248107,3.1838287745465252,4,time_stop,3,4,133962.9967948595
AFL,2005-12-08,2005-12-12,14.685967506401447,14.670369148254395,682.3849699861166,6.8238,-17.467934855870105,-0.10621266961303769,4,time_stop,3,4,133945.52886000363
AVY,2005-12-08,2005-12-12,35.083794781890965,34.87599182128906,285.6442285783058,2.8564,-62.2141586632017,-0.5923046862341231,4,time_stop,3,4,133883.31470134042
BXP,2005-12-08,2005-12-12,31.66395756946245,31.855422973632812,316.49497615982835,3.1649,57.43288876673236,0.604679322697856,4,time_stop,3,4,133940.74759010714
DOV,2005-12-08,2005-12-12,18.389782953591418,18.846328735351562,544.9484380192588,5.4495,243.34442627427975,2.48260560177511,4,time_stop,3,4,134184.09201638142
EMN,2005-12-08,2005-12-12,14.672083412525057,13.881844520568848,683.0307062947745,6.8303,-546.587735577397,-5.386003267140705,4,time_stop,3,4,133637.50428080402
HOG,2005-12-08,2005-12-12,32.30415336970551,32.9692268371582,310.2227562314286,3.1022,203.21869660725346,2.058786249066016,4,time_stop,3,4,133840.72297741126
J,2005-12-08,2005-12-12,24.648817369047467,25.221601486206055,406.5705606086085,4.0657,228.81145401478759,2.3237793058496012,4,time_stop,3,4,134069.53443142606
MU,2005-12-08,2005-12-12,13.31826260338267,13.464616775512695,752.4617733192545,7.5246,102.60130216043714,1.0988983810309645,4,time_stop,3,4,134172.1357335865
PAYX,2005-12-08,2005-12-12,21.592771731725314,21.224016189575195,464.11288094842905,4.6411,-175.78532584247577,-1.7077730767112327,4,time_stop,3,4,133996.35040774403
PGR,2005-12-08,2005-12-12,15.694379235048066,15.782740592956543,638.5396546104388,6.3854,50.03683441368387,0.563012761353134,4,time_stop,3,4,134046.3872421577
PH,2005-12-08,2005-12-12,32.76708466560074,32.57627487182617,305.8399487884103,3.0584,-61.41565704422555,-0.5823215453002559,4,time_stop,3,4,133984.9715851135
SWK,2005-12-08,2005-12-12,28.173769277706228,27.889551162719727,355.70261817976865,3.557,-104.65415381661474,-1.0088040126437814,4,time_stop,3,4,133880.3174312969
TFX,2005-12-08,2005-12-12,50.934037032134185,51.16505432128906,196.7541565525289,2.0,43.45361187671959,0.45356170964639825,4,time_stop,3,4,133923.77104317362
WAB,2005-12-08,2005-12-12,11.843652505340458,11.973398208618164,846.1480520096327,8.4615,101.32259356495447,1.0954872512445128,4,time_stop,3,4,134025.09363673857
AMD,2005-12-09,2005-12-12,25.93000030517578,26.989999771118164,386.9764093510481,3.8698,406.3250231509014,4.087926931997762,3,profit_target,3,4,134431.4186598895
CCL,2005-12-09,2005-12-12,36.22638654350138,36.74713897705078,276.9886640644967,2.7699,141.47263423654007,1.4374948296984416,3,profit_target,3,4,134572.89129412602
ITW,2005-12-09,2005-12-12,26.876794644349992,27.36152458190918,373.3443122719213,3.7334,177.23772205292693,1.8035258444075164,3,profit_target,3,4,134750.12901617895
NKE,2005-12-09,2005-12-12,8.228141054832852,8.348482131958008,1219.5097708825488,12.1951,134.56202168383246,1.4625548629173382,3,profit_target,3,4,134884.6910378628
CNP,2005-12-09,2005-12-13,5.884292258491628,5.861690521240234,1705.268530482659,17.0527,-55.59471657386645,-0.3841029007146516,4,time_stop,3,4,134829.09632128893
HAS,2005-12-09,2005-12-13,10.920491543310039,10.925878524780273,918.8504356944976,9.1885,-4.238674085941793,0.049329111687601915,4,time_stop,3,4,134824.857647203
IEX,2005-12-09,2005-12-13,20.98018885944222,20.94042205810547,478.2749325944475,4.7827,-23.802213554775378,-0.18954453462344706,4,time_stop,3,4,134801.05543364823
SLAB,2005-12-09,2005-12-13,39.16999816894531,38.77000045776367,256.1730631002143,2.5617,-105.03036953747785,-1.021183890426541,4,time_stop,3,4,134696.02506411076
MHK,2005-12-09,2005-12-14,86.5,88.68000030517578,116.0034498562833,2.0,250.88755608814103,2.5202315666772037,5,profit_target,2,5,134946.91262019888
AEIS,2005-12-09,2005-12-15,12.059881561673338,11.550033569335938,832.039548751275,8.3204,-432.53408896366693,-4.227636811606115,6,time_stop,2,5,134514.3785312352
CI,2005-12-09,2005-12-15,33.77886032798412,33.86283493041992,297.0585246256986,2.9706,21.97478625935199,0.24860105290832832,6,time_stop,2,5,134536.35331749456
EQR,2005-12-09,2005-12-15,16.35575939744336,16.08490753173828,613.5024469812762,6.135,-172.3033068493231,-1.6560029963965943,6,time_stop,2,5,134364.05001064524
MBI,2005-12-09,2005-12-15,25.226855095663552,25.090269088745117,397.76255797708933,3.9776,-58.306425075524025,-0.5414309726697321,6,time_stop,2,5,134305.74358556973
TXT,2005-12-09,2005-12-15,34.960014295713414,34.90586853027344,287.0221484377039,2.8702,-18.411255409763044,-0.154879128429348,6,time_stop,2,5,134287.33233015996
ADBE,2005-12-13,2005-12-16,35.220001220703125,38.81999969482422,287.2331481321212,2.8723,1031.1665635113134,10.221460389969925,3,profit_target,3,4,135318.49889367126
SEIC,2005-12-13,2005-12-19,15.248120034427606,15.134186744689941,663.4491206128195,6.6345,-82.22343209110718,-0.7471956508764542,6,time_stop,3,4,135236.27546158017
DVA,2005-12-14,2005-12-19,25.834999084472656,25.405000686645508,391.02776225294815,3.9103,-172.05158889723228,-1.6644026052456333,5,time_stop,3,4,135064.22387268292
LHX,2005-12-14,2005-12-19,26.88465334241016,26.238407135009766,375.760912783362,3.7576,-246.591673903392,-2.4037736293997547,5,time_stop,3,4,134817.63219877952
MTN,2005-12-14,2005-12-19,24.671066345194227,23.046981811523438,409.4756885843385,4.0948,-669.1178896298642,-6.582952317288673,5,time_stop,3,4,134148.51430914967
FICO,2005-12-15,2005-12-19,43.31493643623367,42.311241149902344,233.66116354377272,2.3366,-236.86122008301618,-2.3172036459269068,4,time_stop,3,4,133911.65308906665
MET,2005-12-15,2005-12-19,25.82757102370239,25.431814193725586,391.86876834940034,3.9187,-159.00342921236728,-1.532303713785596,4,time_stop,3,4,133752.64965985427
NDAQ,2005-12-15,2005-12-19,9.651097272619815,9.896714210510254,1048.6909582010192,10.4869,247.08935236471467,2.544963862163683,4,time_stop,3,4,133999.73901221898
URBN,2005-12-15,2005-12-19,28.049999237060547,26.540000915527344,360.8206317931983,3.6082,-548.4467547002113,-5.3832383693549115,4,time_stop,3,4,133451.29225751877
BALL,2005-12-14,2005-12-20,8.231227399340606,8.165390014648438,1227.3020036620035,12.273,-93.07537418518399,-0.799848935013534,6,time_stop,2,5,133358.21688333357
EXPD,2005-12-14,2005-12-20,26.817975985492335,26.505908966064453,376.69516466392815,3.767,-121.32108891620666,-1.1636486645998212,6,time_stop,2,5,133236.89579441736
IBM,2005-12-14,2005-12-20,42.91240837846841,42.312191009521484,235.4144701157615,2.3541,-143.6539985660754,-1.398703525687204,6,time_stop,2,5,133093.2417958513
VFC,2005-12-14,2005-12-20,7.645389558287689,7.5403642654418945,1321.3456034895444,13.2135,-151.98816499188752,-1.3737075402775991,6,time_stop,2,5,132941.2536308594
ARW,2005-12-16,2005-12-20,32.09000015258789,31.860000610351562,313.8532214668681,3.1385,-75.32462948144526,-0.7167327551968861,4,time_stop,3,4,132865.92900137795
CRUS,2005-12-16,2005-12-20,6.639999866485596,6.710000038146973,1516.7997179633446,15.168,91.00824345372882,1.0542194739293946,4,time_stop,3,4,132956.93724483167
HAE,2005-12-16,2005-12-20,24.844999313354492,23.864999771118164,405.3753352027028,4.0538,-401.3213962845738,-3.9444538914097147,4,time_stop,3,4,132555.6158485471
AIZ,2005-12-19,2005-12-21,29.022570953450742,29.49904441833496,349.6894687001758,3.4969,163.1208580980925,1.6417341718224536,2,profit_target,3,4,132718.7367066452
PKG,2005-12-19,2005-12-21,11.720525963807065,11.876103401184082,865.9071656310532,8.6591,126.05654617896523,1.3273929673245026,2,profit_target,3,4,132844.79325282417
EG,2005-12-19,2005-12-22,65.70294009278798,66.66033935546875,154.4662598461002,2.0,145.88588328571203,1.4571635018595728,3,profit_target,3,4,132990.6791361099
PWR,2005-12-19,2005-12-22,12.957588090022455,13.418606758117676,783.2389289207415,7.8324,353.25537852216036,3.5579049503063973,3,profit_target,3,4,133343.93451463204
FCN,2005-12-20,2005-12-22,27.0,27.6299991607666,370.69803404866326,3.707,229.83247000800034,2.3333302250614874,2,profit_target,3,4,133573.76698464004
JEF,2005-12-20,2005-12-22,14.41268739560986,14.614583969116211,694.4469580574284,6.9445,133.26199173312943,1.400825314284202,2,profit_target,3,4,133707.02897637317
TECH,2005-12-20,2005-12-22,11.749519023839468,11.975147247314453,851.8516289055082,8.5185,183.68325340516665,1.9203188063885075,2,profit_target,3,4,133890.71222977835
TEX,2005-12-20,2005-12-22,25.522088102282243,26.21234130859375,392.16410817181116,3.9216,266.7708919841671,2.704532652443053,2,profit_target,3,4,134157.48312176252
AOS,2005-12-19,2005-12-23,4.278730054145014,4.242743492126465,2371.9391708746903,23.7194,-109.07732778565543,-0.8410570791603783,4,time_stop,3,4,134048.40579397685
OVV,2005-12-19,2005-12-23,78.00805720736659,75.72006225585938,130.10050218334302,2.0,-299.6692921840423,-2.9330238867827507,4,time_stop,3,4,133748.73650179282
SMG,2005-12-19,2005-12-23,22.929359394067532,23.14357566833496,442.6153928945414,4.4262,90.38926647033739,0.9342444792541935,4,time_stop,3,4,133839.12576826315
WTFC,2005-12-19,2005-12-23,45.707004284270845,44.8284797668457,222.0422794262603,2.2204,-197.2900091751964,-1.9220785329995216,4,time_stop,3,4,133641.83575908796
DINO,2005-12-21,2005-12-23,7.091581427924015,7.163578987121582,1401.8976288553104,14.019,86.91423123388594,1.0152539307250614,2,profit_target,3,4,133728.74999032184
GLW,2005-12-21,2005-12-23,13.017455380340692,13.227731704711914,763.7184763202806,7.6372,152.9547292918158,1.6153412339617979,2,profit_target,3,4,133881.70471961366
LNC,2005-12-21,2005-12-23,30.265230044067454,31.21516227722168,328.48490410168824,3.2848,308.75354946975136,3.138691600133499,2,profit_target,3,4,134190.4582690834
MLM,2005-12-21,2005-12-23,58.836823507831305,61.503273010253906,168.97022299848962,2.0,448.55056703855865,4.531939937355204,2,profit_target,3,4,134639.00883612197
ON,2005-12-21,2005-12-23,5.400000095367432,5.690000057220459,1841.0501876045935,18.4105,515.4939822987951,5.370369569100811,2,profit_target,3,4,135154.50281842076
RMD,2005-12-21,2005-12-23,15.84402217568855,16.41609764099121,627.4714260306813,6.2747,352.68629375031895,3.6106706930798587,2,profit_target,3,4,135507.1891121711
AME,2005-12-20,2005-12-27,11.037235654904602,11.055444717407227,906.825516121538,9.0683,7.444187340816069,0.16497846989914153,7,time_stop,3,4,135514.63329951192
BAX,2005-12-20,2005-12-27,14.146237591732092,13.967316627502441,707.5271325262964,7.0753,-133.66670809550766,-1.2647954134053472,7,time_stop,3,4,135380.96659141642
CLH,2005-12-20,2005-12-27,15.149999618530273,15.194999694824219,660.6499783057343,6.6065,23.122799644294012,0.2970302140397733,7,time_stop,3,4,135404.08939106073
MTD,2005-12-20,2005-12-27,55.33000183105469,55.29999923706055,180.89366687308353,2.0,-7.427279243304451,-0.05422482017215708,7,time_stop,2,5,135396.66211181742
PGR,2005-12-20,2005-12-27,15.521551179545263,15.357830047607422,644.8354809088829,6.4484,-112.02154965717314,-1.05479877651402,7,time_stop,3,4,135284.64056216026
AMG,2005-12-21,2005-12-27,77.5827443657969,77.45689392089844,128.1428141000889,2.0,-18.126830165036967,-0.162214479427391,6,time_stop,2,5,135266.51373199522
DOV,2005-12-21,2005-12-27,18.61804775833847,18.55870819091797,533.9803247732273,5.3398,-37.02596473083437,-0.3187206746417591,6,time_stop,3,4,135229.4877672644
HPQ,2005-12-21,2005-12-27,7.966030394542498,7.935660362243652,1248.0081918155922,12.4801,-50.382131012819634,-0.3812442433015601,6,time_stop,3,4,135179.10563625157
HSIC,2005-12-21,2005-12-27,17.035293579101562,17.01568603515625,583.5925951306883,5.8359,-17.27874340649082,-0.11509953646684731,6,time_stop,3,4,135161.82689284507
NTRS,2005-12-21,2005-12-27,33.12225988459655,32.5924072265625,300.1507512856751,3.0015,-162.03718089248937,-1.5996875209606674,6,time_stop,3,4,134999.7897119526
RVTY,2005-12-21,2005-12-27,20.250665075565,20.3201961517334,490.930601614508,4.9093,29.2256270381113,0.34335206230978177,6,time_stop,3,4,135029.0153389907
TROW,2005-12-21,2005-12-27,19.433570621671066,19.377443313598633,511.5720308009029,5.1157,-33.828881282011686,-0.28881624054122007,6,time_stop,3,4,134995.18645770868
BLK,2005-12-22,2005-12-27,66.2559797370947,67.02184295654297,150.37675895061335,2.0,113.16802874011222,1.1559156207292187,5,time_stop,3,4,135108.3544864488
CRM,2005-12-22,2005-12-27,8.163314073607681,8.052163124084473,1220.5042466972757,12.205,-147.86524838448366,-1.361590997491622,5,time_stop,3,4,134960.48923806433
EIX,2005-12-23,2005-12-27,21.393696205780305,21.144872665405273,470.3166361413328,4.7032,-121.72901686337532,-1.1630694293387351,4,time_stop,3,4,134838.76022120097
PFG,2005-12-23,2006-01-03,26.30419241183031,26.00991439819336,382.517397858103,3.8252,-116.39163400183902,-1.1187494716796544,11,time_stop,1,7,134722.36858719913
SEIC,2005-12-28,2006-01-03,14.929880638677814,14.717159271240234,677.3602054387,6.7736,-150.86259120310683,-1.4248028673886153,6,time_stop,2,5,134571.50599599603
TMO,2005-12-28,2006-01-03,28.874474938042233,28.647415161132812,350.23691472450906,3.5024,-83.02708487003599,-0.7863685050434243,6,time_stop,3,4,134488.478911126
AMKR,2006-01-03,2006-01-05,5.264505916093132,5.385422706604004,960.4801644989898,4.8024,111.33577801807739,2.2968307460960413,2,partial_exit,1,6,134599.81468914408
FRT,2006-01-03,2006-01-05,30.18461286325661,31.553237915039062,335.03517379546713,3.3504,455.1871803468092,4.5341812332748646,2,profit_target,3,4,135055.0018694909
MBI,2006-01-03,2006-01-05,25.11991619865843,25.415151596069336,402.58522108963757,4.0259,114.83155552926019,1.1753040697909392,2,profit_target,3,4,135169.83342502016
RF,2006-01-03,2006-01-05,18.136529673959412,18.491840362548828,557.5987908596578,5.576,192.54482242837418,1.9590886182574065,2,profit_target,3,4,135362.37824744853
AFG,2006-01-04,2006-01-06,9.641901894047855,9.845978736877441,418.45005390735776,4.1845,81.21146534421017,2.1165621168119033,2,profit_target,3,4,135443.58971279275
BDC,2006-01-04,2006-01-06,22.497149496516002,22.917997360229492,179.34069238232172,2.0,73.47514726599832,1.8706719434773922,2,profit_target,2,5,135517.06486005874
CME,2006-01-04,2006-01-06,35.4651981616602,36.83565902709961,113.76376212372219,2.0,153.90878389571972,3.8642413872677994,2,profit_target,2,5,135670.97364395446
ISRG,2006-01-04,2006-01-06,12.914443969726562,13.341111183166504,156.20704913009143,1.0,65.64842637201214,3.303798556407963,2,partial_exit,1,6,135736.62207032647
UNH,2006-01-04,2006-01-06,47.74621208223596,48.5254020690918,42.25104140601427,1.0,31.92158839779782,1.631940949606218,2,partial_exit,1,7,135768.54365872426
UTHR,2006-01-04,2006-01-06,33.97999954223633,35.665000915527344,59.36807565754675,1.0,99.03528901261119,4.958803401973562,2,partial_exit,1,6,135867.57894773688
PAYX,2006-01-03,2006-01-09,19.71826745697949,19.472414016723633,512.869958714882,5.1287,-131.21954334108193,-1.2468308424776668,6,time_stop,3,4,135736.3594043958
ISRG,2006-01-04,2006-01-09,12.914443969726562,13.744443893432617,156.20704913009143,2.5621,127.08976836902292,6.426911802410555,5,profit_target,1,6,135863.4491727648
ECL,2006-01-05,2006-01-09,28.01569306636994,28.403823852539062,144.01408374140786,2.0,53.896299541978294,1.3854049059205096,4,time_stop,3,4,135917.3454723068
FHI,2006-01-05,2006-01-09,13.326752637090465,13.453328132629395,302.74849974364326,3.0275,35.29305638128277,0.9497849850281613,4,time_stop,3,4,135952.63852868808
HOG,2006-01-05,2006-01-09,32.35186776889095,32.7523078918457,124.71163631589273,2.0,47.93954298022482,1.2377650830404678,4,time_stop,3,4,136000.5780716683
IBM,2006-01-05,2006-01-09,41.75815917717188,42.95342254638672,96.61954566089739,2.0,113.48580367865084,2.862346886852846,4,time_stop,3,4,136114.06387534697
TPR,2006-01-05,2006-01-09,21.04439044103784,22.283430099487305,191.72113246226218,2.0,235.55008648358574,5.887743158543861,4,time_stop,3,4,136349.61396183056
ADSK,2006-01-06,2006-01-09,41.95000076293945,43.63999938964844,96.80265252845992,2.0,161.59634983488425,4.028602135812132,3,profit_target,3,4,136511.21031166543
CSX,2006-01-06,2006-01-09,1.9472088282781124,1.9672304391860962,2085.483225245247,20.8548,20.899901438535053,1.0282210422026812,3,profit_target,3,4,136532.11021310397
HAE,2006-01-06,2006-01-09,23.700000762939453,23.975000381469727,171.3447770758551,2.0,45.11974833301489,1.1603359058127132,3,profit_target,3,4,136577.22996143697
FDX,2006-01-04,2006-01-10,83.4696191482452,82.39517211914062,48.33680096428955,2.0,-53.935332192500105,-1.2872312585928027,6,time_stop,2,5,136523.29462924448
UNP,2006-01-06,2006-01-10,13.100424629693823,13.156697273254395,309.98013134772447,3.0998,14.343600128712492,0.42954824100145983,4,time_stop,3,4,136537.6382293732
AMKR,2006-01-03,2006-01-11,5.264505916093132,5.255205154418945,960.4801644989898,14.4072,-23.340399570273373,-0.1766692225713882,8,time_stop,1,6,136514.29782980293
IRM,2006-01-04,2006-01-12,10.173328259630441,10.119911193847656,396.59138723990645,3.9659,-25.150662093479124,-0.5250697158249908,8,time_stop,1,7,136489.14716770945
UNH,2006-01-04,2006-01-12,47.74621208223596,48.23996353149414,42.25104140601427,2.0,18.861512926887087,1.0341164832254512,8,time_stop,1,7,136508.00868063633
UTHR,2006-01-04,2006-01-12,33.97999954223633,34.005001068115234,59.36807565754675,2.0,-0.5157075200669807,0.07357718132935802,8,time_stop,1,6,136507.49297311626
WTFC,2006-01-04,2006-01-12,43.16640069512704,42.739013671875,93.46747244064858,2.0,-41.946784817300696,-0.9900918686053082,8,time_stop,1,7,136465.54618829896
TGT,2006-01-09,2006-01-17,32.93149775883761,32.870731353759766,123.77291182689223,2.0,-9.521234897737013,-0.18452366036566012,8,time_stop,1,7,136456.0249534012
FFIV,2006-01-12,2006-01-17,29.104999542236328,28.934999465942383,140.7122143723425,2.0,-25.921087178788213,-0.5840923517186322,5,time_stop,3,4,136430.10386622243
ADSK,2006-01-13,2006-01-17,41.900001525878906,42.56999969482422,97.70802473886289,2.0,63.46419766630143,1.5990409177706073,4,time_stop,3,4,136493.56806388873
AES,2006-01-13,2006-01-17,10.473422049387652,10.473420143127441,390.89099688180045,3.9089,-3.9096551087722045,-1.820092995418644e-05,4,time_stop,3,4,136489.65840877994
CLH,2006-01-13,2006-01-17,13.9399995803833,13.614999771118164,293.6848284708771,2.9368,-98.38436152180822,-2.331419074950936,4,time_stop,3,4,136391.27404725814
DHR,2006-01-13,2006-01-17,10.96030852267066,11.024460792541504,373.52656425509144,3.7353,20.22731131147082,0.585314452947645,4,time_stop,3,4,136411.5013585696
JBL,2006-01-13,2006-01-17,29.336748965892774,29.212677001953125,139.55078629907695,2.0,-19.314340125448712,-0.4229233582899599,4,time_stop,3,4,136392.18701844415
MTCH,2006-01-13,2006-01-17,6.8159851747467775,6.680079460144043,600.6419146592502,6.0064,-87.63708777871256,-1.993926206093656,4,time_stop,3,4,136304.54993066544
ROP,2006-01-13,2006-01-17,35.57049420644639,35.49934387207031,115.09444771523656,2.0,-10.18900843976913,-0.20002627448224694,4,time_stop,3,4,136294.36092222566
SIGI,2006-01-13,2006-01-17,18.132368366690464,18.577314376831055,225.78222010808415,2.2578,98.20307579669579,2.4538769626915666,4,time_stop,3,4,136392.56399802235
SPGI,2006-01-13,2006-01-17,32.936521847395404,35.03886413574219,124.2986859577195,2.0,259.31838387485016,6.383012444627741,4,time_stop,3,4,136651.8823818972
TFX,2006-01-13,2006-01-17,49.10150701803074,49.27090835571289,83.37761169215456,2.0,12.124278953394105,0.34500231860489855,4,time_stop,3,4,136664.00666085057
TXN,2006-01-13,2006-01-17,20.669322599234537,20.017396926879883,198.06969318871552,2.0,-131.1267179051334,-3.1540737207265677,4,time_stop,3,4,136532.87994294544
FE,2006-01-17,2006-01-19,20.874499824251522,21.24991226196289,196.12284941518413,2.0,71.62695698985388,1.7984260263578755,2,profit_target,3,4,136604.50689993528
INTU,2006-01-17,2006-01-19,22.71226962795201,23.377424240112305,180.2535128682393,2.0,117.89645544240418,2.9286135778420266,2,profit_target,2,5,136722.4033553777
LPX,2006-01-17,2006-01-19,21.52914071100968,22.11776351928711,190.15930271454704,2.0,109.93210278391423,2.7340747881145813,2,profit_target,3,4,136832.3354581616
TKR,2006-01-17,2006-01-19,16.08503230836507,16.37409210205078,254.52024634851927,2.5452,71.02636743485455,1.7970731307476844,2,profit_target,3,4,136903.36182559645
WHR,2006-01-17,2006-01-19,41.96859815123593,42.77248764038086,97.548323413047,2.0,76.41807187545865,1.9154547079415736,2,profit_target,3,4,136979.77989747192
CTSH,2006-01-18,2006-01-20,10.732551778069903,11.017016410827637,381.6414290828577,3.8164,104.74707467836333,2.6504846064566667,2,profit_target,2,5,137084.52697215028
FDX,2006-01-18,2006-01-20,79.32525446231121,80.74705505371094,51.6353389100622,2.0,71.41515539945195,1.7923681443407815,2,profit_target,2,5,137155.94212754973
NBIX,2006-01-18,2006-01-20,58.630001068115234,59.970001220703125,69.86161220651732,2.0,91.61457101676925,2.285519577308388,2,profit_target,2,5,137247.5566985665
TEX,2006-01-18,2006-01-20,26.91133551966948,28.322439193725586,152.20301479629686,2.0,212.7742333814706,5.243528969510757,2,profit_target,3,4,137460.33093194797
CI,2006-01-17,2006-01-23,34.228687060532025,33.1251220703125,119.60629335296903,2.0,-133.99331795426286,-3.224093837627821,6,time_stop,2,5,137326.3376139937
GRMN,2006-01-17,2006-01-23,16.833308682454724,16.32783317565918,243.20628005331417,2.4321,-125.36688046634131,-3.0028291902138013,6,time_stop,3,4,137200.97073352736
PWR,2006-01-17,2006-01-23,12.839880012705638,12.73198413848877,318.8477136544738,3.1885,-37.590829943344026,-0.8403183994718092,6,time_stop,3,4,137163.37990358402
FOSL,2006-01-18,2006-01-23,22.229999542236328,22.56999969482422,184.25490250263445,2.0,60.646694965962624,1.5294654052596834,5,profit_target,2,5,137224.02659854997
IDXX,2006-01-18,2006-01-23,17.81999969482422,18.012500762939453,229.8533371736271,2.2985,41.94847954403805,1.0802529259927312,5,time_stop,3,4,137265.97507809402
MHK,2006-01-18,2006-01-23,86.31999969482422,83.0,47.451186431525905,2.0,-159.53792447171313,-3.846153506211478,5,time_stop,3,4,137106.4371536223
MTG,2006-01-18,2006-01-23,54.9832344517768,53.565818786621094,74.4951881992457,2.0,-107.59064673233352,-2.5779052092667567,5,time_stop,3,4,136998.84650688997
RL,2006-01-18,2006-01-23,41.7120512969442,40.897579193115234,98.19671464079812,2.0,-81.97848476258375,-1.9526062097277783,5,time_stop,3,4,136916.8680221274
RYN,2006-01-18,2006-01-23,8.070963663910694,8.070963859558105,507.4965727579176,5.075,-5.074866437188543,2.4240898523144862e-06,5,time_stop,3,4,136911.79315569022
TSCO,2006-01-18,2006-01-23,2.073148780187367,1.9868360757827759,1975.732006034886,19.7573,-190.28809267992767,-4.163362766312908,5,time_stop,3,4,136721.5050630103
TTC,2006-01-18,2006-01-23,8.585849742288755,8.262574195861816,477.06243659424723,4.7706,-158.99324423571426,-3.765213183672157,5,time_stop,3,4,136562.51181877457
VMC,2006-01-18,2006-01-23,53.266218308609865,53.861175537109375,76.89651205492646,2.0,43.7501356934782,1.116950381295122,5,time_stop,3,4,136606.26195446803
ACGL,2006-01-19,2006-01-23,5.605018294351945,5.674751281738281,730.771280874462,7.3077,43.65115170277111,1.24411703449041,4,time_stop,3,4,136649.9131061708
AIG,2006-01-19,2006-01-23,823.9853187594646,798.9179077148438,4.970945847014601,2.0,-126.60874282766584,-3.0422157378192844,4,time_stop,3,4,136523.30436334314
AJG,2006-01-19,2006-01-23,16.775486523189084,16.44118309020996,244.16498398579384,2.4416,-84.06684219960142,-1.992809165427237,4,time_stop,3,4,136439.23752114354
ARW,2006-01-19,2006-01-23,33.75,33.11000061035156,121.36255994928483,2.0,-79.6719642937142,-1.896294487847222,4,time_stop,3,4,136359.56555684982
BEN,2006-01-19,2006-01-23,16.759320547154697,16.85112190246582,244.40050458869925,2.444,19.99229251407793,0.5477629898707828,4,time_stop,3,4,136379.5578493639
BK,2006-01-19,2006-01-23,21.605823294218293,20.94784927368164,189.57789029888283,2.0,-126.73732668481242,-3.0453550025688036,4,time_stop,3,4,136252.82052267907
BRO,2006-01-19,2006-01-23,11.821042147531829,11.576774597167969,346.49960191061353,3.465,-88.10360497986439,-2.0663791509690355,4,time_stop,3,4,136164.7169176992
PCAR,2006-01-18,2006-01-24,10.62413806845995,10.892394065856934,192.7679390033618,1.0,50.71115574350788,2.524967161273632,6,partial_exit,1,6,136215.42807344272
SCHW,2006-01-18,2006-01-24,11.034755210760203,10.953070640563965,371.18960231163874,3.7119,-34.03235914925506,-0.7402481399549822,6,time_stop,2,5,136181.39571429347
UNM,2006-01-20,2006-01-24,13.578211151551505,13.56013298034668,302.64615500949844,3.0265,-8.497750554838843,-0.13314103752731654,4,time_stop,3,4,136172.89796373862
WTW,2006-01-20,2006-01-24,60.53898686713467,60.14651107788086,67.88011510570983,2.0,-28.641301750752817,-0.6483025395109066,4,time_stop,3,4,136144.25666198786
CCK,2006-01-20,2006-01-25,17.606851710709442,18.28877067565918,116.69869958706477,1.0,78.57905643339156,3.8730317955421714,5,partial_exit,1,7,136222.83571842127
PCAR,2006-01-18,2006-01-26,10.62413806845995,10.989396095275879,192.7679390033618,2.9277,67.48235764370781,3.4380015062142046,8,time_stop,1,6,136290.31807606498
EG,2006-01-20,2006-01-26,64.30981803633823,64.21073913574219,63.899938180545725,2.0,-8.331135623083446,-0.15406496802720912,6,time_stop,2,5,136281.98694044192
RMD,2006-01-24,2006-01-26,15.504100866698304,16.27516746520996,263.47490529458156,2.6347,200.52194996572823,4.9733074180899655,2,profit_target,3,4,136482.50889040765
CCK,2006-01-20,2006-01-30,17.606851710709442,18.17512321472168,116.69869958706477,2.167,64.14955853474292,3.2275588694064132,10,time_stop,1,7,136546.65844894238
UTHR,2006-01-25,2006-01-30,32.5,32.04999923706055,125.67162153414263,2.0,-58.55232557020239,-1.3846177321213942,5,time_stop,3,4,136488.10612337218
AES,2006-01-26,2006-01-30,10.913801351673754,10.849977493286133,374.4511137657732,3.7445,-27.64342599573163,-0.5847995242998765,4,time_stop,3,4,136460.46269737644
AN,2006-01-26,2006-01-30,22.030000686645508,22.309999465942383,185.505444583575,2.0,49.941298036325094,1.2709885182464342,4,time_stop,3,4,136510.40399541275
BIIB,2006-01-26,2006-01-30,44.439998626708984,44.72999954223633,91.9596129126901,2.0,24.66837193622027,0.6525673368339162,4,time_stop,3,4,136535.07236734897
FICO,2006-01-26,2006-01-30,44.581739211350346,42.993377685546875,91.66724187629232,2.0,-147.6007201728235,-3.5628074496453914,4,time_stop,3,4,136387.47164717613
LAMR,2006-01-26,2006-01-30,24.27242692216101,24.16615104675293,168.36738595024656,2.0,-19.893391332032586,-0.43784610310660466,4,time_stop,3,4,136367.5782558441
LNC,2006-01-26,2006-01-30,30.65422304201132,31.266733169555664,133.31556523066578,2.0,79.65713386308133,1.998126413789396,4,time_stop,3,4,136447.23538970717
MUR,2006-01-26,2006-01-30,25.69108964942739,26.924041748046875,159.07013393819688,2.0,194.1258554667824,4.799142875775086,4,time_stop,3,4,136641.36124517396
ROP,2006-01-26,2006-01-30,34.45892045243729,35.84616470336914,118.59585320420523,2.0,162.52141554189137,4.025791384981505,4,time_stop,3,4,136803.88266071584
RRC,2006-01-26,2006-01-30,25.650825174634885,26.605224609375,159.3198286499494,2.0,150.05475440640362,3.720735797941828,4,time_stop,3,4,136953.93741512226
VTRS,2006-01-26,2006-01-30,15.506476382350748,15.777267456054688,263.5469832594622,2.6355,68.7307007356694,1.7463095227240049,4,time_stop,3,4,137022.66811585793
WMB,2006-01-26,2006-01-30,8.135058794078518,8.20307731628418,502.3547063393472,5.0235,29.145877684868317,0.8361159264782774,4,time_stop,3,4,137051.8139935428
ZBRA,2006-01-26,2006-01-30,43.43000030517578,44.849998474121094,94.0982049927733,2.0,131.61927879077876,3.2696250494294468,4,time_stop,3,4,137183.43327233358
EFX,2006-01-25,2006-01-31,31.355237157745282,31.363428115844727,130.25982483601584,2.0,-0.9330472327272603,0.026123094072726023,6,time_stop,2,5,137182.50022510087
AFL,2006-01-25,2006-02-02,14.735843839766748,14.738965034484863,277.1695835183529,2.7717,-1.9065955950837563,0.02118097037437773,8,time_stop,1,6,137180.59362950578
WHR,2006-01-30,2006-02-02,42.59500360355102,45.084930419921875,96.12571711041915,2.0,237.34600077611128,5.845584236934485,3,profit_target,3,4,137417.93963028188
GGG,2006-01-31,2006-02-02,9.084619629425807,9.528525352478027,453.0187466340985,4.5302,196.5674268144789,4.886343525207966,2,profit_target,3,4,137614.50705709634
XRX,2006-01-31,2006-02-02,16.51313631019117,16.94955825805664,249.22600533673923,2.4923,106.27543865442209,2.6428774017696974,2,profit_target,3,4,137720.78249575075
CPB,2006-01-30,2006-02-06,16.22394998973536,16.023658752441406,252.37228105996013,2.5237,-53.07167924279638,-1.2345405244756948,7,time_stop,2,5,137667.71081650796
EIX,2006-01-31,2006-02-06,21.567084522361633,21.14487648010254,190.82333515700213,2.0,-82.56714675398871,-1.957650056136846,6,time_stop,3,4,137585.14366975398
CCL,2006-02-01,2006-02-06,34.56395327380098,34.52388381958008,119.06841136347968,2.0,-6.771006258284863,-0.11592844690968078,5,time_stop,3,4,137578.37266349568
ALGN,2006-02-02,2006-02-06,7.809999942779541,8.079999923706055,1317.3735713525332,13.1737,342.5171034247519,3.457106055117613,4,time_stop,3,4,137920.88976692045
C,2006-02-02,2006-02-06,297.2272769335872,292.5001525878906,34.61555622696594,2.0,-165.6320385803186,-1.5904073120290323,4,time_stop,3,4,137755.25772834013
L,2006-02-02,2006-02-06,29.295835250752216,28.84329605102539,351.1996646901674,3.512,-162.44361185011934,-1.544721957416133,4,time_stop,3,4,137592.81411649002
ZION,2006-02-02,2006-02-06,53.1124964672662,53.226463317871094,193.71500496542453,2.0,20.077089030821284,0.21457633925216693,4,time_stop,3,4,137612.89120552083
AKAM,2006-02-03,2006-02-06,21.40999984741211,21.950000762939453,482.44085758038017,4.8244,255.69409620539832,2.522190188584309,3,profit_target,3,4,137868.58530172624
KEX,2006-02-03,2006-02-06,27.049999237060547,27.44499969482422,381.85060918706847,3.8185,147.01265933435832,1.4602605135104454,3,profit_target,3,4,138015.5979610606
MRSH,2006-02-03,2006-02-06,19.030358007062606,19.31821060180664,542.7674394432282,5.4277,150.80934139187653,1.512596844668953,3,profit_target,3,4,138166.40730245246
FDX,2006-02-03,2006-02-07,79.17169391540861,79.18789672851562,130.46403552028886,2.0,0.11388438472213336,0.02046541169666827,4,time_stop,3,4,138166.52118683717
FR,2006-02-03,2006-02-07,21.50982230102301,21.286054611206055,480.20195344384854,4.802,-112.25570130215795,-1.0403046881810531,4,time_stop,3,4,138054.265485535
HAS,2006-02-03,2006-02-07,11.139478680078279,11.085379600524902,927.2479425499222,9.2725,-59.435739635211895,-0.48565180747754766,4,time_stop,3,4,137994.8297458998
JBL,2006-02-03,2006-02-07,30.329385772344942,29.856338500976562,340.5627388801124,3.4056,-164.50790174578023,-1.559699477329064,4,time_stop,3,4,137830.321844154
SLG,2006-02-03,2006-02-07,39.450268362907735,38.79069900512695,261.8248015999045,2.6182,-175.30986425832876,-1.6719008137367402,4,time_stop,3,4,137655.01197989567
VTR,2006-02-03,2006-02-07,13.990470232987931,14.055258750915527,738.2924601652463,7.3829,40.44994968957255,0.46309035256607795,4,time_stop,3,4,137695.46192958523
MBI,2006-02-06,2006-02-08,24.833001154771004,25.510791778564453,415.94081290480074,4.1594,277.7613749108511,2.729394725869568,2,profit_target,3,4,137973.2233044961
NFLX,2006-02-03,2006-02-09,0.3714289963245392,0.3511430025100708,27808.972345702932,278.0897,-842.2223644486813,-5.461607471470355,6,time_stop,2,5,137131.0009400474
ALV,2006-02-06,2006-02-09,21.575285571822228,22.814420700073242,478.744934930144,4.7874,588.4422169948862,5.743308120423447,3,profit_target,3,4,137719.4431570423
LH,2006-02-07,2006-02-09,45.35245459022968,46.26115798950195,228.4877553224282,2.2849,205.3427224003584,2.003647669090086,2,profit_target,3,4,137924.78587944264
PWR,2006-02-07,2006-02-09,12.408286385361116,12.565229415893555,835.1258365465552,8.3513,122.715921298089,1.26482437347348,2,profit_target,3,4,138047.50180074072
MDT,2006-02-02,2006-02-10,35.89924168787642,35.777400970458984,286.59902084664844,2.866,-37.7854205195564,-0.33939635404215657,8,time_stop,1,6,138009.71638022116
KBH,2006-02-06,2006-02-10,53.14298737621879,49.965206146240234,194.36353124181923,2.0,-619.6447813726039,-5.979681208890032,4,time_stop,3,4,137390.07159884856
EWBC,2006-02-07,2006-02-10,24.38277310035777,24.68730354309082,212.4959393468638,1.0625,63.64900279154144,1.2489573744529558,3,partial_exit,1,6,137453.7206016401
MTB,2006-02-07,2006-02-10,58.35929190685651,59.313133239746094,177.5635071827605,2.0,167.36741236375303,1.634429242924924,3,profit_target,3,4,137621.08801400385
CCK,2006-02-08,2006-02-10,16.565026314644825,16.792335510253906,623.4315266730874,6.2343,135.4774035786699,1.3722235708621915,2,profit_target,3,4,137756.56541758252
IEX,2006-02-08,2006-02-10,22.28432370081328,22.88229751586914,463.42710612940857,4.6343,272.4830035912048,2.6833832746471704,2,profit_target,3,4,138029.04842117373
LNC,2006-02-08,2006-02-10,30.916719646564946,31.890888214111328,334.03154548015925,3.3403,322.0627167209093,3.1509441450545954,2,profit_target,2,5,138351.11113789465
LVS,2006-02-08,2006-02-10,29.773896162133017,30.223676681518555,346.8528132321883,3.4685,152.5391103535867,1.5106538859955345,2,profit_target,2,5,138503.65024824825
CRS,2006-02-07,2006-02-13,30.597994256227043,27.55769920349121,338.6653537126882,3.3867,-1033.0292529628434,-9.936256041087063,6,time_stop,3,4,137470.6209952854
EQT,2006-02-07,2006-02-13,15.771129781555581,15.235925674438477,657.0537869647683,6.5705,-358.2284232500388,-3.393568593564101,6,time_stop,3,4,137112.39257203534
MUR,2006-02-07,2006-02-13,24.616930882881526,21.795265197753906,420.9493294263561,4.2095,-1191.9877713140947,-11.462296817389978,6,time_stop,2,5,135920.40480072124
WRB,2006-02-07,2006-02-13,6.739121187694383,7.147591590881348,1537.6605137485576,15.3766,612.7122048780636,6.061182041552108,6,time_stop,3,4,136533.1170055993
NFG,2006-02-08,2006-02-13,17.60429170681708,16.89030647277832,586.6273870433428,5.8663,-424.7095661021203,-4.0557453030744535,5,time_stop,3,4,136108.40743949718
HUM,2006-02-09,2006-02-13,45.262700260602365,44.244781494140625,228.62073381080012,2.2862,-235.0035426863755,-2.248913035680637,4,time_stop,3,4,135873.4038968108
CNO,2006-02-08,2006-02-14,18.344103236214753,18.613075256347656,281.48445066344567,1.4074,74.30401907763026,1.4662587572114243,6,partial_exit,1,6,135947.70791588843
LII,2006-02-08,2006-02-14,23.24797290427982,23.74407958984375,444.21763941482055,4.4422,215.93716436497152,2.133978250949354,6,time_stop,2,5,136163.6450802534
FLR,2006-02-10,2006-02-14,34.25953669479151,33.458499908447266,302.2096512072684,3.0221,-245.10314431735696,-2.338142495855827,4,time_stop,3,4,135918.54193593602
IT,2006-02-10,2006-02-14,13.40999984741211,13.579999923706055,772.0777593486406,7.7208,123.53250040064083,1.2677112470419027,4,time_stop,3,4,136042.07443633667
TKR,2006-02-10,2006-02-14,13.287634688667758,12.564973831176758,779.1877845562309,7.7919,-570.8803903794809,-5.438596668429748,4,time_stop,3,4,135471.19404595718
EWBC,2006-02-07,2006-02-15,24.38277310035777,24.742677688598633,212.4959393468638,3.1874,73.29082446328535,1.4760609335103951,8,time_stop,1,6,135544.48487042045
FDS,2006-02-09,2006-02-15,30.592295735840374,30.584280014038086,338.2548285094546,3.3825,-6.093904888706835,-0.02620176619467231,6,time_stop,2,5,135538.39096553175
WAB,2006-02-13,2006-02-15,14.109450887038891,14.939140319824219,736.2280681072393,7.3623,603.4783675474606,5.880380742155531,2,profit_target,2,5,136141.8693330792
CNO,2006-02-08,2006-02-16,18.344103236214753,18.720674514770508,281.48445066344567,4.2223,101.7766927199463,2.0528192286463547,8,time_stop,1,6,136243.64602579916
LKQ,2006-02-08,2006-02-16,4.634042062991959,4.762950897216797,1114.2712457438488,5.5714,138.06805107037792,2.7817795452121548,8,partial_exit,1,6,136381.71407686954
FIS,2006-02-09,2006-02-16,15.420423023530931,16.2791805267334,335.52878971110573,1.6776,286.46022175629923,5.56896203101587,7,partial_exit,1,6,136668.17429862585
TIE,2006-02-13,2006-02-16,17.4325008392334,18.450000762939453,595.8854592589496,5.9589,600.3545547409392,5.8367983635261345,3,profit_target,3,4,137268.5288533668
WEC,2006-02-13,2006-02-16,10.62742052078247,10.774466514587402,977.4501487265691,9.7745,133.95562702701125,1.383647080845027,3,profit_target,3,4,137402.4844803938
CMC,2006-02-14,2006-02-16,13.085515721478407,14.045976638793945,778.7622214640145,7.7876,740.1830553833738,7.339878211594286,2,profit_target,2,5,138142.66753577717
LKQ,2006-02-08,2006-02-17,4.634042062991959,4.825182914733887,1114.2712457438488,16.7141,196.26868629686015,4.12471119475592,9,time_stop,1,6,138338.93622207403
FIS,2006-02-09,2006-02-17,15.420423023530931,16.196603775024414,335.52878971110573,5.0329,255.39805629999813,5.0334595251314616,8,time_stop,1,6,138594.33427837404
HP,2006-02-13,2006-02-17,19.07957463865877,17.377662658691406,544.4447250711268,5.4444,-932.0414472792992,-8.920072969126748,4,time_stop,3,4,137662.29283109473
CCI,2006-02-15,2006-02-17,18.084668525756467,18.536781311035156,561.8206128011842,5.6182,248.38807595251185,2.499978280689987,2,profit_target,3,4,137910.68090704724
DINO,2006-02-15,2006-02-17,6.844399424282876,7.181576728820801,742.2374794053856,3.7112,246.55444523590472,4.926324190573566,2,partial_exit,1,6,138157.23535228314
CLF,2006-02-15,2006-02-21,18.803272844956574,18.61524200439453,540.349525171731,5.4035,-107.00587066705847,-0.9999899597929639,6,time_stop,3,4,138050.2294816161
DINO,2006-02-15,2006-02-21,6.844399424282876,7.199577808380127,742.2374794053856,11.1336,252.49314636054092,5.189328706286969,6,profit_target,1,6,138302.72262797662
NBR,2006-02-15,2006-02-21,1502.956103373269,1478.177490234375,6.760237062574675,2.0,-169.50929890075028,-1.6486584726779583,6,time_stop,3,4,138133.21332907586
ZBRA,2006-02-15,2006-02-21,44.810001373291016,44.099998474121094,226.7426744490763,2.2674,-163.25538296887672,-1.5844741740916768,6,time_stop,3,4,137969.957946107
JEF,2006-02-16,2006-02-21,16.152147498598037,16.291927337646484,632.1537245042615,6.3215,82.04080862003968,0.8653947659936859,5,time_stop,3,4,138051.99875472704
WSO,2006-02-21,2006-02-23,34.88210792073448,36.43808364868164,297.05179156509695,2.9705,459.23485970286004,4.460670013070705,2,profit_target,3,4,138511.2336144299
WEX,2006-02-21,2006-02-24,23.670000076293945,24.25,437.76056687886586,4.3776,249.5234897224728,2.4503587741300352,3,profit_target,3,4,138760.75710415238
ISRG,2006-02-22,2006-02-24,10.039999961853027,10.534443855285645,1031.2649348549962,10.3126,499.5900002016887,4.924739993140004,2,profit_target,3,4,139260.34710435406
TRV,2006-02-22,2006-02-27,26.74706124312701,26.784372329711914,387.10420604675176,3.871,10.572236488723188,0.1394960225564635,5,time_stop,3,4,139270.91934084278
LRCX,2006-02-23,2006-02-27,3.7389603382107994,3.5988776683807373,2769.192227259401,27.6919,-415.60776273974705,-3.7465674187144686,4,time_stop,3,4,138855.31157810302
PKG,2006-02-24,2006-02-28,11.870924366139567,11.82943344116211,875.1081382266894,8.7511,-45.0601274925932,-0.34951722121830553,4,time_stop,3,4,138810.25145061043
BLKB,2006-02-27,2006-03-01,14.81067017570733,15.45568561553955,705.2027969644354,7.052,447.8146642852836,4.355072607654073,2,profit_target,3,4,139258.06611489572
BLK,2006-02-24,2006-03-02,89.24304140735586,88.00782012939453,116.40507043752524,2.0,-145.78601986701852,-1.3841093473305992,6,time_stop,2,5,139112.2800950287
AMAT,2006-02-28,2006-03-02,13.402511925213604,13.854118347167969,388.5147958259231,1.9426,173.51320284014608,3.3695655297629385,2,partial_exit,1,7,139285.79329786883
ARE,2006-03-01,2006-03-03,44.53772695612805,45.04833221435547,233.75168807000242,2.3375,117.01732416737926,1.146455585239889,2,profit_target,3,4,139402.81062203622
AXON,2006-03-01,2006-03-03,9.5,9.8100004196167,1095.8704061890296,10.9587,328.76158170223147,3.263162311754728,2,profit_target,2,5,139731.57220373847
GNW,2006-03-01,2006-03-03,30.37659366080649,31.515710830688477,342.72338021324344,3.4272,386.9748531187661,3.7499832357824183,2,profit_target,3,4,140118.54705685723
LHX,2006-03-01,2006-03-03,28.509640332946585,29.714778900146484,365.16661512438617,3.6517,436.424705188996,4.227126519752007,2,profit_target,3,4,140554.97176204622
NRG,2006-03-01,2006-03-03,16.145307009870358,16.458881378173828,644.8170265471698,6.4482,195.7499215053792,1.9422013351109904,2,profit_target,3,4,140750.7216835516
EQR,2006-03-01,2006-03-06,18.39668199344625,18.388551712036133,565.9047029515746,5.659,-10.260011515821194,-0.044194281409083595,5,time_stop,3,4,140740.46167203577
IRM,2006-03-01,2006-03-06,10.52538611666781,10.263155937194824,989.1103987443727,9.8911,-269.2657013687777,-2.491406743337648,5,time_stop,3,4,140471.195970667
MAT,2006-03-01,2006-03-06,10.24893711898158,10.132817268371582,1015.7900997864921,10.1579,-128.1112956361872,-1.1329940779413865,5,time_stop,3,4,140343.0846750308
MCD,2006-03-01,2006-03-06,20.080814683035026,19.89148712158203,518.4435503800133,5.1844,-103.3400886482809,-0.9428280896040803,5,time_stop,3,4,140239.74458638253
MS,2006-03-01,2006-03-06,32.24395703528307,32.36275863647461,322.87503817858834,3.2288,35.12932113861075,0.36844609692769154,5,time_stop,3,4,140274.87390752113
SPG,2006-03-01,2006-03-06,33.34834280160327,33.64932632446289,312.18249496629466,3.1218,90.83996216039719,0.9025441673375959,5,time_stop,3,4,140365.71386968152
ROK,2006-03-01,2006-03-07,45.12244089792134,45.004390716552734,230.72264380261788,2.3072,-29.5440763847686,-0.26162188706870326,6,time_stop,2,5,140336.16979329675
PVH,2006-03-03,2006-03-07,33.43153638672591,31.659379959106445,312.4724624228742,3.1247,-556.8748073610067,-5.300852485867518,4,time_stop,3,4,139779.29498593573
AMAT,2006-02-28,2006-03-08,13.402511925213604,13.0237398147583,388.5147958259231,5.8277,-152.98629109548497,-2.8261277629810166,8,time_stop,1,7,139626.30869484023
MET,2006-03-02,2006-03-08,25.46779307973426,25.544885635375977,410.1005111011432,4.101,27.514691359749673,0.3027060703703524,6,time_stop,2,5,139653.82338619998
PGR,2006-03-02,2006-03-08,13.754344831820886,13.456762313842773,759.3495063795408,7.5935,-233.5626331976557,-2.1635528381522797,6,time_stop,2,5,139420.2607530023
PRU,2006-03-06,2006-03-08,37.40714022679505,37.78620147705078,282.20024471971794,2.822,104.14917513873233,1.0133392928663554,2,profit_target,3,4,139524.40992814105
BIIB,2006-03-06,2006-03-09,45.7400016784668,47.540000915527344,230.78932529283227,2.3079,413.11271619588814,3.9352845889989108,3,profit_target,3,4,139937.52264433695
HUM,2006-03-02,2006-03-10,44.929253819300556,44.13068771362305,232.4622394269661,2.3246,-187.9610876505346,-1.7773856402984893,8,time_stop,1,6,139749.5615566864
LNC,2006-03-06,2006-03-10,32.5500522367345,31.850069046020508,324.30989816824336,3.2431,-230.2545762816197,-2.150482541849885,4,time_stop,3,4,139519.3069804048
APH,2006-03-08,2006-03-10,2.690131045143622,2.7364165782928467,3897.0023943147667,38.97,141.40480956151725,1.7205679713180586,2,profit_target,3,4,139660.71178996633
J,2006-03-08,2006-03-10,29.937524622136895,31.220563888549805,350.17748649109546,3.5018,445.7896905169408,4.285722626059017,2,profit_target,3,4,140106.50148048328
KRC,2006-03-08,2006-03-10,33.47391086598121,34.28911590576172,313.182620516543,3.1318,252.17622441158687,2.4353444778063955,2,profit_target,3,4,140358.67770489486
RHI,2006-03-08,2006-03-10,22.575523133431208,23.033647537231445,464.37227886075664,4.6437,208.09655060583415,2.0292969562322964,2,profit_target,3,4,140566.7742555007
TECH,2006-03-08,2006-03-10,12.179887105198356,12.319865226745605,860.7179223747371,8.6072,111.87449873231985,1.1492563136115386,2,profit_target,3,4,140678.64875423303
BDX,2006-03-08,2006-03-13,34.2186074661276,34.82084655761719,306.36685418372326,3.0637,181.4424273842909,1.7599754522031104,5,time_stop,3,4,140860.09118161732
TER,2006-03-08,2006-03-13,14.51914933113019,14.390338897705078,722.0427922363089,7.2204,-100.22707294180037,-0.8871761732550866,5,time_stop,3,4,140759.8641086755
VMC,2006-03-08,2006-03-13,60.491824059686124,61.286293029785156,173.3035379062361,2.0,135.684283274886,1.313349336788299,5,time_stop,3,4,140895.5483919504
WAT,2006-03-08,2006-03-13,41.599998474121094,41.900001525878906,252.00594972297458,2.5201,73.0824944807885,0.7211612085621617,5,time_stop,3,4,140968.6308864312
WHR,2006-03-08,2006-03-13,45.08158095240238,45.25992965698242,232.54391045011744,2.3254,39.14846608225375,0.3956132433961022,5,time_stop,3,4,141007.77935251346
BEN,2006-03-09,2006-03-13,17.078030557903233,16.866708755493164,612.7363872040842,6.1274,-135.6119216182418,-1.2373897663057825,4,time_stop,3,4,140872.1674308952
FHI,2006-03-09,2006-03-13,13.850787295959837,13.643840789794922,755.5043999313266,7.555,-163.90403995732177,-1.4941136683636702,4,time_stop,3,4,140708.26339093788
RIG,2006-03-09,2006-03-13,70.02253798833766,72.49667358398438,149.44232307537075,2.0,367.7405710169112,3.5333417878380597,4,time_stop,3,4,141076.0039619548
RS,2006-03-09,2006-03-13,29.278384763141688,29.728057861328125,357.40806158760626,3.5741,157.14270975503186,1.5358535036144723,4,time_stop,3,4,141233.1466717098
ENTG,2006-03-10,2006-03-13,10.110775058405533,10.407585144042969,1038.0326075596008,10.3803,297.7182210686197,2.935581930394983,3,profit_target,3,4,141530.86489277842
HP,2006-03-10,2006-03-13,16.136016621058886,16.7220516204834,650.4278252061283,6.5043,374.66919191829913,3.631844297059577,3,profit_target,3,4,141905.53408469673
RGLD,2006-03-10,2006-03-13,22.52028512636577,23.13739013671875,466.0382468265383,4.6604,282.93415466450983,2.740218460336009,3,profit_target,3,4,142188.46823936125
TRMB,2006-03-10,2006-03-13,10.1850004196167,10.46500015258789,1030.467723703859,10.3047,278.2260102354734,2.7491381584226664,3,profit_target,2,5,142466.6942495967
AYI,2006-03-09,2006-03-14,28.377006190062716,29.254638671875,368.7609141895687,3.6876,319.9489471736624,3.0927592429381106,5,profit_target,2,5,142786.64319677037
CHRW,2006-03-09,2006-03-14,28.71301688835459,29.77165412902832,364.4455330242464,3.6445,382.1711581264122,3.6869592797930286,5,profit_target,2,5,143168.81435489678
CXT,2006-03-09,2006-03-14,8.83748447787444,9.01154613494873,1184.0847665202825,11.8408,194.26290891174145,1.9695837374319756,5,profit_target,2,5,143363.07726380852
MCO,2006-03-09,2006-03-14,53.07225613127717,54.980464935302734,197.17139438591934,2.0,374.2441906692077,3.5954921518796987,5,profit_target,2,5,143737.32145447773
CAT,2006-03-10,2006-03-14,43.2440862538488,43.601688385009766,242.69940950344784,2.427,84.3628319749066,0.8269388074517109,4,time_stop,3,4,143821.68428645263
STX,2006-03-10,2006-03-14,11.853168959814727,11.920740127563477,885.4437352497941,8.8544,50.976029814144944,0.5700683756203315,4,time_stop,3,4,143872.66031626676
TEX,2006-03-09,2006-03-15,32.459617475142124,32.48146438598633,322.3799772940719,3.2238,3.8192068489592668,0.06730489310582362,6,time_stop,2,5,143876.47952311573
WDC,2006-03-09,2006-03-15,11.97510895973273,12.186574935913086,873.8401278683755,8.7384,176.04905438656988,1.7658793493355924,6,time_stop,2,5,144052.5285775023
GS,2006-03-13,2006-03-15,102.73688276581962,108.14407348632812,102.69825570450092,2.0,553.3090552577875,5.263144622397939,2,profit_target,2,5,144605.83763276009
HXL,2006-03-13,2006-03-15,18.53653199677234,19.014888763427734,569.1948557801775,5.6919,266.58626225008777,2.58061630265407,2,profit_target,2,5,144872.42389501017
LHX,2006-03-13,2006-03-15,27.439668948525576,29.4885196685791,384.5126075084959,3.8451,783.9638066883557,7.466747226057979,2,profit_target,2,5,145656.38770169852
ACN,2006-03-09,2006-03-17,22.411431248034194,22.291170120239258,466.9193425800706,4.6692,-60.821440153750345,-0.5366061920096479,8,time_stop,1,7,145595.56626154477
LVS,2006-03-13,2006-03-17,33.25808380871284,31.99110221862793,317.24313154215423,3.1724,-405.1136385602165,-3.8095447632283332,4,time_stop,3,4,145190.45262298454
MAR,2006-03-15,2006-03-17,25.748426092612114,26.39643096923828,419.07219823490743,4.1907,267.37010613231894,2.5166776186451907,2,profit_target,3,4,145457.82272911686
DGX,2006-03-15,2006-03-20,37.813022679182865,37.545413970947266,285.3633155770023,2.8536,-79.21934141515922,-0.7077157266851488,5,time_stop,3,4,145378.6033877017
HRL,2006-03-17,2006-03-21,5.357604816322611,5.368900775909424,2039.01359882785,20.3901,2.6424792210433843,0.21083973107532358,4,time_stop,3,4,145381.24586692275
PG,2006-03-17,2006-03-21,33.827287763991094,33.62224578857422,322.94132340270426,3.2294,-69.44594012825766,-0.6061437051868565,4,time_stop,3,4,145311.79992679448
NKTR,2006-03-20,2006-03-22,286.5,294.75,38.07796406521384,2.0,312.1432035380142,2.8795811518324608,2,profit_target,3,4,145623.9431303325
CTAS,2006-03-22,2006-03-24,7.9893880390826295,8.176745414733887,1364.10760638946,13.6411,241.93454517515275,2.345077930058461,2,profit_target,3,4,145865.87767550765
ON,2006-03-22,2006-03-24,6.360000133514404,6.960000038146973,1713.582510333591,17.1358,1011.0135176768558,9.433960566617486,2,profit_target,3,4,146876.8911931845
BRO,2006-03-20,2006-03-27,12.949127857889968,12.848838806152344,842.4765609242673,8.4248,-92.9159410155121,-0.7744849910993614,7,time_stop,2,5,146783.97525216898
RVTY,2006-03-22,2006-03-27,20.111387144421503,20.21599769592285,541.9012083178251,5.419,51.269572178196675,0.5201558239127506,5,time_stop,3,4,146835.24482434717
APH,2006-03-23,2006-03-27,2.725519521824421,2.7440450191497803,4007.2344546862964,40.0723,34.16366662551631,0.6797051782978527,4,time_stop,3,4,146869.40849097268
SEIC,2006-03-23,2006-03-27,15.94654771669458,15.848034858703613,684.9003263158216,6.849,-74.32049184747547,-0.617769185789553,4,time_stop,3,4,146795.08799912521
SPGI,2006-03-23,2006-03-27,39.56520528506939,40.07148742675781,276.04547116798267,2.7605,136.99643763463638,1.2796145958061733,4,time_stop,3,4,146932.08443675985
AAPL,2006-03-24,2006-03-28,1.8052713731188894,1.7591280937194824,6049.946782187003,60.4995,-339.66385254386813,-2.556030084257484,4,time_stop,3,4,146592.420584216
AXP,2006-03-24,2006-03-28,39.329672358137735,38.93710708618164,277.6986198949379,2.777,-111.79182043983775,-0.9981402041221641,4,time_stop,3,4,146480.62876377616
BBY,2006-03-24,2006-03-28,30.924739559900118,31.14494514465332,353.17341035709643,3.5317,74.23902324339613,0.7120693266524425,4,time_stop,3,4,146554.86778701955
BXP,2006-03-24,2006-03-28,39.86376516194463,39.2025032043457,273.97802717344103,2.7398,-183.91102685953527,-1.6588045682904748,4,time_stop,3,4,146370.95676016
CBT,2006-03-24,2006-03-28,21.60751284735046,20.675893783569336,505.46288283772475,5.0546,-475.95348651376634,-4.311551590239412,4,time_stop,3,4,145895.00327364626
CINF,2006-03-24,2006-03-28,21.77086642828479,21.369443893432617,501.67023764315144,5.0167,-206.39844083103756,-1.8438519026079907,4,time_stop,3,4,145688.6048328152
SLM,2006-03-24,2006-03-28,15.008851858026873,14.947263717651367,727.6902882437247,7.2769,-52.09399450468376,-0.41034544786027394,4,time_stop,3,4,145636.51083831053
IP,2006-03-23,2006-03-29,15.224783984168496,15.251241683959961,717.369503970104,7.1737,11.806251935891776,0.17378046098372604,6,time_stop,2,5,145648.31709024642
URI,2006-03-24,2006-03-29,31.135048522019595,32.35261917114258,350.7878180132185,3.5079,423.6010731026572,3.9106110538478283,5,profit_target,2,5,146071.91816334907
DIS,2006-03-28,2006-03-30,21.973916213311924,22.342681884765625,501.49942439850867,5.015,179.9207777279757,1.6781973130046839,2,profit_target,2,5,146251.83894107703
SNPS,2006-03-28,2006-03-30,21.399999618530273,21.93000030517578,514.9489032333834,5.1495,267.77378326871053,2.47663876679035,2,profit_target,2,5,146519.61272434573
CB,2006-03-27,2006-03-31,36.43704843143834,34.733131408691406,302.32324827892194,3.0232,-518.1569615973924,-4.676331086347748,4,time_stop,3,4,146001.45576274834
MCK,2006-03-27,2006-03-31,45.13117887171184,44.8131103515625,244.08329485037015,2.4408,-80.0760453347357,-0.7047644845561609,4,time_stop,3,4,145921.3797174136
AMT,2006-03-29,2006-03-31,21.672117856257987,22.16931915283203,503.99958072022326,5.04,245.54924919966734,2.2941980099580963,2,profit_target,3,4,146166.92896661325
TROW,2006-03-29,2006-03-31,19.83169926284107,21.062414169311523,550.7716796280475,5.5077,672.3351993837265,6.205796538960536,2,profit_target,3,4,146839.26416599698
AN,2006-03-27,2006-04-03,21.440000534057617,21.639999389648438,513.795082327083,5.138,97.62047765033707,0.9328304599298889,7,time_stop,2,5,146936.88464364732
IRM,2006-03-28,2006-04-03,9.804266920929077,9.857684135437012,1123.9908523127717,11.2399,48.80055193981981,0.5448363956096028,6,time_stop,3,4,146985.68519558714
LNC,2006-03-28,2006-04-03,32.24672899541604,32.12422561645508,341.73718315192514,3.4174,-45.281331484231885,-0.37989396995390806,6,time_stop,2,5,146940.4038641029
CNO,2006-03-29,2006-04-03,19.06649823194772,19.3738956451416,572.8759513150248,5.7288,170.37182600207302,1.6122384375690402,5,time_stop,3,4,147110.775690105
GPC,2006-03-29,2006-04-03,23.606384778246447,23.466766357421875,462.7027143494974,4.627,-69.22884943221489,-0.5914434680961063,5,time_stop,3,4,147041.54684067276
PKG,2006-03-29,2006-04-03,11.74334941438506,11.911111831665039,930.1212054112466,9.3012,146.73816972904635,1.4285738366473026,5,time_stop,3,4,147188.2850104018
TAP,2006-03-29,2006-04-03,21.312775220878883,21.489919662475586,512.4972322784561,5.125,85.66106370903806,0.8311655322257817,5,time_stop,3,4,147273.94607411083
WAT,2006-03-29,2006-04-03,42.7599983215332,43.189998626708984,255.44290789583087,2.5544,107.28609927123793,1.005613475338329,5,time_stop,3,4,147381.23217338207
CAT,2006-03-30,2006-04-03,44.63806730328123,44.54716873168945,245.42715498450525,2.4543,-24.76324936777084,-0.20363464881710427,4,time_stop,3,4,147356.4689240143
CCK,2006-03-30,2006-04-03,17.11435329673659,16.95334243774414,640.1290000446692,6.4013,-109.46901016361562,-0.9407942923741671,4,time_stop,3,4,147246.99991385068
EW,2006-03-30,2006-04-03,3.6516671180725098,3.6191670894622803,3000.107487353299,30.0011,-127.50465404627892,-0.8900052375908858,4,time_stop,3,4,147119.49525980442
GPN,2006-03-30,2006-04-03,22.983173334536783,23.95285415649414,476.67020140289003,4.7667,457.4512506849047,4.2190902354646544,4,time_stop,3,4,147576.94651048933
CCI,2006-03-31,2006-04-03,17.082674914527058,17.559236526489258,643.2816294467408,6.4328,300.13051398034213,2.7897364689468724,3,profit_target,3,4,147877.07702446968
CLF,2006-03-31,2006-04-04,17.982405663232896,17.881303787231445,611.0957098912604,6.111,-67.89387978535737,-0.562226644726213,4,time_stop,3,4,147809.18314468433
MTB,2006-03-31,2006-04-04,62.87410492647806,63.0172004699707,174.77737404255535,2.0,23.009863328836197,0.2275905854404938,4,time_stop,3,4,147832.19300801316
RF,2006-03-31,2006-04-04,18.84435272216797,19.042593002319336,291.5719928495822,1.4579,56.3434535825457,1.0519877391074457,4,partial_exit,1,8,147888.5364615957
PCG,2006-04-03,2006-04-05,25.064400643674343,26.14133071899414,439.3859230473631,4.3939,468.7940559713819,4.296652015062602,2,profit_target,3,4,148357.33051756708
NBIX,2006-03-30,2006-04-07,65.27999877929688,59.4900016784668,167.82160029276244,2.0,-973.6865791517587,-8.86948101884208,8,time_stop,1,6,147383.64393841533
RF,2006-03-31,2006-04-10,18.84435272216797,18.999744415283203,291.5719928495822,4.3736,40.93428574113586,0.8246061587057641,10,time_stop,1,8,147424.57822415646
LMT,2006-04-03,2006-04-10,42.3009886689611,41.492897033691406,260.34722021829873,2.6035,-212.9878831263062,-1.910337466562899,7,time_stop,2,5,147211.59034103015
NTRS,2006-04-03,2006-04-10,32.5113915500048,32.67226028442383,338.7411084976505,3.3874,51.10544233473844,0.49480728676777314,7,time_stop,2,5,147262.6957833649
BF-B,2006-04-05,2006-04-10,10.899011740570339,10.64424991607666,407.0695765316887,4.0707,-107.77648377839915,-2.337476374535471,5,time_stop,3,4,147154.9192995865
BXP,2006-04-05,2006-04-10,38.934301946255395,38.185909271240234,113.9523728965835,2.0,-87.28112117639925,-1.922193638011634,5,time_stop,3,4,147067.6381784101
EMR,2006-04-05,2006-04-10,24.073509894011142,23.56883430480957,184.29618752650586,2.0,-95.0097870275427,-2.096393884495928,5,time_stop,3,4,146972.62839138255
RYN,2006-04-05,2006-04-10,8.82453312762779,8.77176570892334,502.76383233891636,5.0276,-31.557187973870665,-0.5979627243876067,5,time_stop,3,4,146941.07120340868
WTFC,2006-04-05,2006-04-10,45.86775940093048,45.07419967651367,96.72711620960209,2.0,-78.75874368292452,-1.7301035297588814,5,time_stop,3,4,146862.31245972574
TREX,2006-04-06,2006-04-10,3.5875000953674316,3.555000066757202,1240.618758804847,12.4062,-52.726332743593396,-0.9059241183630085,4,time_stop,3,4,146809.58612698215
XRAY,2006-04-06,2006-04-10,23.092586068867302,23.514240264892578,192.73371558533816,2.0,79.26697989210001,1.825928870711181,4,time_stop,3,4,146888.85310687424
LH,2006-04-05,2006-04-11,47.39905182092793,46.56404495239258,93.60221193051315,2.0,-80.15848987208015,-1.761653105825789,6,time_stop,2,5,146808.69461700215
EQR,2006-04-07,2006-04-11,18.379121682302735,17.726829528808594,242.16173071059282,2.4216,-160.38181412618678,-3.5490931763199187,4,time_stop,3,4,146648.31280287597
HSIC,2006-04-07,2006-04-11,18.196077346801758,18.0313720703125,244.59776855747955,2.446,-42.73252078448995,-0.9051691381066114,4,time_stop,3,4,146605.58028209148
TECH,2006-04-07,2006-04-11,12.083788552762996,11.835173606872559,368.32156538433816,3.6832,-95.25346170215198,-2.057425490398798,4,time_stop,3,4,146510.32682038934
ESRX,2006-04-06,2006-04-12,21.6299991607666,21.15250015258789,205.7660697278211,2.0577,-100.31075490914426,-2.207577562207301,6,time_stop,2,5,146410.0160654802
ORA,2006-04-10,2006-04-12,30.029342486793727,31.815357208251953,147.2396313737787,2.0,260.9721492156513,5.947565193089653,2,profit_target,3,4,146670.98821469583
BIIB,2006-04-10,2006-04-13,44.40999984741211,45.040000915527344,49.780559934072066,1.0,30.361805929839843,1.4186018245436816,3,partial_exit,1,7,146701.35002062566
IDXX,2006-04-10,2006-04-17,20.22249984741211,20.594999313354492,218.6430634943624,2.1864,79.25799374871285,1.8420050377206552,7,time_stop,2,5,146780.60801437436
IT,2006-04-10,2006-04-17,13.210000038146973,13.079999923706055,334.7092585453683,3.3471,-46.85933450078636,-0.9841038157873744,7,time_stop,2,5,146733.74867987356
PAG,2006-04-10,2006-04-17,13.952677512964687,14.11444091796875,316.89324963212533,3.1689,48.09279858697383,1.1593717754442034,7,time_stop,3,4,146781.84147846053
AIZ,2006-04-11,2006-04-17,33.14995879110042,33.44743728637695,132.93125403188316,2.0,37.54418942462758,0.8973721420021751,6,time_stop,3,4,146819.38566788516
BALL,2006-04-11,2006-04-17,8.639748600185081,8.701610565185547,510.0455808531081,5.1005,26.451966062846093,0.7160157993386578,6,time_stop,3,4,146845.83763394802
FLS,2006-04-11,2006-04-17,13.43165485758699,13.414395332336426,328.08061552572457,3.2808,-8.94332182314409,-0.1284988739925436,6,time_stop,3,4,146836.89431212487
HUM,2006-04-11,2006-04-17,43.43745501298409,41.243629455566406,101.44852160166867,2.0,-224.56035945198056,-5.050538888067719,6,time_stop,3,4,146612.3339526729
RVTY,2006-04-11,2006-04-17,19.68423605793623,19.396556854248047,223.86774778742617,2.2387,-66.64077289282771,-1.4614699947788732,6,time_stop,2,5,146545.69317978006
AYI,2006-04-12,2006-04-17,29.113928363888487,29.422266006469727,150.96931440084913,2.0,44.54952250446381,1.0590726154416412,5,time_stop,3,4,146590.24270228454
AZO,2006-04-12,2006-04-17,96.1500015258789,95.77999877929688,45.71304976452524,2.0,-18.913953967515415,-0.3848182430683004,5,time_stop,3,4,146571.32874831703
CAH,2006-04-12,2006-04-17,32.1837948131106,31.87801170349121,136.56903513507294,2.0,-43.760504241322444,-0.950115147685521,5,time_stop,3,4,146527.5682440757
CFR,2006-04-12,2006-04-17,28.57164032351137,28.872507095336914,153.83470304275164,2.0,44.28375049921374,1.0530258970744577,5,time_stop,3,4,146571.8519945749
CMC,2006-04-12,2006-04-17,16.13142598049698,16.35155487060547,272.46877058021056,2.7247,57.25356035124368,1.364596597812399,5,time_stop,3,4,146629.10555492615
CNO,2006-04-12,2006-04-17,19.089554195540572,19.235563278198242,230.2468543575758,2.3025,31.315663445988108,0.764863763511978,5,time_stop,3,4,146660.42121837212
DCI,2006-04-12,2006-04-17,12.452073868914121,12.52353572845459,352.9781344764036,3.5298,21.694692522045266,0.573895242613913,5,time_stop,3,4,146682.11591089418
DVA,2006-04-12,2006-04-17,27.5,27.579999923706055,159.82944744042473,2.0,10.786343601214856,0.2909088134765625,5,time_stop,3,4,146692.9022544954
FRT,2006-04-12,2006-04-17,34.1508975115095,33.4266357421875,128.70261471548085,2.0,-95.21438345020162,-2.1207693562897094,5,time_stop,3,4,146597.6878710452
GWW,2006-04-12,2006-04-17,52.03506182378368,53.406646728515625,84.4682345049644,2.0,113.85535537636733,2.6358859904439202,5,time_stop,3,4,146711.54322642158
HPQ,2006-04-12,2006-04-17,9.045500543244907,8.865588188171387,485.91117579381,4.8591,-92.28053575154597,-1.988970695578339,5,time_stop,3,4,146619.26269067003
INGR,2006-04-12,2006-04-17,17.867992932108276,18.405668258666992,245.98788578617766,2.4599,129.80173796170948,3.0091534544572656,5,time_stop,3,4,146749.06442863174
LECO,2006-04-12,2006-04-17,17.536331588147608,18.49994468688965,250.64020844487032,2.5064,239.0137858444638,5.494952544084671,5,time_stop,3,4,146988.0782144762
LHX,2006-04-12,2006-04-17,28.281835335476586,28.70922088623047,155.41105280031903,2.0,64.42043839430508,1.5111662510027148,5,time_stop,3,4,147052.4986528705
LIN,2006-04-12,2006-04-17,37.21258816401865,36.80862808227539,118.11352075912754,2.0,-49.71314750084106,-1.085546858398448,5,time_stop,3,4,147002.78550536965
LUV,2006-04-12,2006-04-17,14.699586518803665,14.469237327575684,299.00907749950744,2.9901,-71.86658994683143,-1.5670453786800014,5,time_stop,3,4,146930.91891542284
MLM,2006-04-12,2006-04-17,84.0786873396663,85.18437194824219,52.2761468296387,2.0,55.800930945184554,1.3150593135559687,5,time_stop,3,4,146986.719846368
MSM,2006-04-12,2006-04-17,25.792752227085774,25.564741134643555,170.40871660047307,2.0,-40.85507763375047,-0.884012262184173,5,time_stop,3,4,146945.86476873426
AMG,2006-04-13,2006-04-17,97.09945812286286,98.88072204589844,45.3156972397648,2.0,78.71921664039611,1.8344735979697175,4,profit_target,2,5,147024.58398537466
BIIB,2006-04-10,2006-04-18,44.40999984741211,45.86000061035156,49.780559934072066,2.0,70.18184988395767,3.2650321277223524,8,time_stop,1,7,147094.76583525861
CPT,2006-04-11,2006-04-19,29.43433292657769,29.79254722595215,74.85587671034385,1.0,25.814445429856757,1.2169947940318722,8,partial_exit,1,6,147120.58028068847
ARE,2006-04-13,2006-04-19,45.77806652816206,46.694637298583984,96.11873065311688,2.0,86.09961900670505,2.0022050731611065,6,time_stop,2,5,147206.67989969518
CPT,2006-04-11,2006-04-20,29.43433292657769,29.85369873046875,74.85587671034385,2.0,29.39199491260352,1.424750494387442,9,time_stop,1,6,147236.0718946078
HST,2006-04-18,2006-04-20,10.143266745605466,10.497750282287598,434.8438851292337,4.3484,149.79655945391707,3.4947669776673322,2,profit_target,3,4,147385.8684540617
MAT,2006-04-18,2006-04-20,10.157265663146973,10.71951961517334,434.2445758374192,4.3424,239.81328315222825,5.535485342933986,2,profit_target,3,4,147625.68173721395
SNA,2006-04-18,2006-04-20,23.577365965646138,24.01026153564453,187.0750755613664,2.0,78.98397146763025,1.836064175400902,2,profit_target,3,4,147704.66570868157
THO,2006-04-18,2006-04-20,32.97563592842346,33.929935455322266,133.75746654697232,2.0,125.64468704495881,2.8939533689970367,2,profit_target,2,5,147830.31039572653
MKC,2006-04-19,2006-04-21,11.037053292517838,11.371806144714355,399.82075451690366,3.9982,129.84293039672824,3.0329911736808506,2,profit_target,2,5,147960.15332612325
JBL,2006-04-20,2006-04-24,30.236312487307714,30.631811141967773,146.05618323479897,2.0,55.76502397414611,1.3080254241520943,4,time_stop,3,4,148015.9183500974
BK,2006-04-25,2006-04-27,22.888621811456904,23.454273223876953,194.0037101001966,2.0,107.73847263290595,2.4713214149788265,2,profit_target,3,4,148123.65682273032
CRL,2006-04-25,2006-04-27,46.650001525878906,47.22999954223633,95.18708264220709,2.0,53.20831911533009,1.2432968861440878,2,profit_target,3,4,148176.86514184566
CVS,2006-04-25,2006-04-27,19.24252257531786,19.598739624023438,230.7637958132717,2.3076,79.8943603345674,1.8511972497955775,2,profit_target,3,4,148256.7595021802
TREX,2006-04-25,2006-04-27,3.2637500762939453,3.737499952316284,1360.5446025895385,13.6054,630.9523907737607,14.515507160410134,2,profit_target,3,4,148887.711892954
ZION,2006-04-25,2006-04-27,54.962033451055156,55.61289978027344,80.79172606408859,2.0,50.58461417454232,1.1842107876119465,2,profit_target,3,4,148938.2965071285
AOS,2006-04-24,2006-04-28,5.858922355974985,5.728713035583496,757.6145116954762,7.5761,-106.22461580355261,-2.222410752016545,4,time_stop,3,4,148832.07189132497
ASB,2006-04-26,2006-05-01,18.53018735758929,18.59642791748047,239.63478969813352,2.3963,13.477194742027601,0.3574737730001838,5,time_stop,3,4,148845.549086067
CAT,2006-04-26,2006-05-01,46.245161235175466,45.98368453979492,96.02037125400615,2.0,-27.10708936471054,-0.5654141717677853,5,time_stop,3,4,148818.4419967023
FMC,2006-04-26,2006-05-01,9.980183588406042,9.939190864562988,444.9294455526264,4.4493,-22.688164346708245,-0.4107411800588041,5,time_stop,3,4,148795.7538323556
FR,2006-04-26,2006-05-01,22.62573976222527,21.94338607788086,196.25778415062067,2.0,-135.91722209644587,-3.015829279021546,5,time_stop,3,4,148659.83661025917
NDAQ,2006-04-26,2006-05-01,10.310522461018786,9.416159629821777,430.674349170096,4.3067,-389.48587373939733,-8.674272662499364,5,time_stop,3,4,148270.35073651976
THO,2006-04-26,2006-05-01,31.47338769468776,30.248188018798828,141.08673631127445,2.0,-174.85942360080045,-3.8928115644053345,5,time_stop,3,4,148095.49131291895
UPS,2006-04-26,2006-05-01,42.1051992098375,42.07919692993164,105.46150199582584,2.0,-4.742239494187913,-0.061755508568607245,5,time_stop,3,4,148090.74907342475
WMB,2006-04-26,2006-05-01,7.64755008491387,7.538296699523926,580.6405320917794,5.8064,-69.24334914656299,-1.4286063402901432,5,time_stop,3,4,148021.5057242782
WTS,2006-04-26,2006-05-01,27.744432938008472,26.715978622436523,160.0493172963608,2.0,-166.60341107778646,-3.7068853339691747,5,time_stop,3,4,147854.9023132004
DRI,2006-04-27,2006-05-01,19.636760466878595,19.456987380981445,226.1308609428064,2.2613,-42.91355129769564,-0.9154925844330271,4,time_stop,3,4,147811.9887619027
MLM,2006-04-27,2006-05-01,83.41049510660868,85.9400634765625,53.23643679164661,2.0,132.66520663719518,3.0326739659328577,4,time_stop,3,4,147944.6539685399
ORLY,2006-04-27,2006-05-01,2.2720000743865967,2.24399995803833,1954.4354776052458,19.5444,-74.26877554417933,-1.2323994468101496,4,time_stop,3,4,147870.38519299572
PENN,2006-04-27,2006-05-01,9.183812141418457,9.342076301574707,483.51136566444205,4.8351,71.68740655624,1.7232948335527016,4,time_stop,3,4,147942.07259955196
SMG,2006-04-27,2006-05-01,21.912968583485906,21.366369247436523,202.64153319004726,2.0264,-112.79014282960922,-2.4944102574094495,4,time_stop,3,4,147829.28245672234
WRB,2006-04-27,2006-05-01,7.620094299316407,7.758453845977783,582.7326245688683,5.8273,74.7992955144538,1.815719612207269,4,time_stop,3,4,147904.0817522368
J,2006-04-28,2006-05-01,31.312217376358667,32.30503463745117,142.69666186551817,2.0,139.671709000367,3.170702506179268,3,profit_target,3,4,148043.75346123715
NUE,2006-04-28,2006-05-01,30.272343567439552,32.498905181884766,147.5983808541247,2.0,326.63688916405937,7.355101561545658,3,profit_target,3,4,148370.3903504012
RIG,2006-04-28,2006-05-01,75.48430085174114,77.12748718261719,59.193088427615635,2.0,95.26527378659522,2.176858382915189,3,profit_target,3,4,148465.65562418778
RRC,2006-04-28,2006-05-01,24.40820053305028,24.91765022277832,183.05933242246567,2.0,91.25952010444728,2.0872070804163223,3,profit_target,3,4,148556.91514429223
SWK,2006-04-28,2006-05-01,30.471869177187223,30.995906829833984,146.6319269498222,2.0,74.84065080185621,1.7197423945331267,3,profit_target,3,4,148631.7557950941
TDY,2006-04-28,2006-05-01,35.58000183105469,36.560001373291016,125.58034472370366,2.0,121.06868034310988,2.7543549516654937,3,profit_target,3,4,148752.8244754372
SBUX,2006-04-27,2006-05-02,13.805454504413612,14.031767845153809,321.64660345541677,3.2165,69.57645133117835,1.6393038032021598,5,profit_target,2,5,148822.40092676837
BA,2006-04-28,2006-05-02,60.21968115801317,60.969913482666016,74.19748509610464,2.0,53.66535172704571,1.2458258001803102,4,time_stop,3,4,148876.06627849542
EME,2006-04-28,2006-05-02,23.067347052168824,23.081180572509766,193.7001634868867,2.0,0.6795551516396139,0.05997014008440658,4,time_stop,3,4,148876.74583364706
HXL,2006-04-28,2006-05-02,20.698359852875985,21.204320907592773,215.86970788861888,2.1587,107.06296800584448,2.4444499869224496,4,time_stop,3,4,148983.8088016529
SLAB,2006-04-28,2006-05-02,46.130001068115234,47.0099983215332,96.8599347876931,2.0,83.23647657941349,1.9076462888404686,4,profit_target,2,5,149067.0452782323
ASH,2006-04-27,2006-05-03,23.167575567608978,23.88042640686035,191.66777022241538,2.0,134.63053086048825,3.0769332646443326,6,time_stop,2,5,149201.6758090928
MAS,2006-04-28,2006-05-04,18.46591704735742,18.64504623413086,241.96734360686807,2.4197,40.92374004995932,0.9700530242502917,6,time_stop,2,5,149242.59954914276
CME,2006-05-02,2006-05-04,45.30181361207143,46.94587326049805,123.13482558549228,1.0,201.44099806115753,3.6291254529124024,2,partial_exit,1,6,149444.0405472039
MKSI,2006-05-02,2006-05-04,18.790429937085143,20.102142333984375,593.7310574059399,5.9373,772.8670778494012,6.980747121226916,2,profit_target,3,4,150216.9076250533
SEE,2006-05-02,2006-05-04,18.450355986816014,18.99241065979004,604.6746113532884,6.0467,321.7199525992696,2.9379090211666306,2,profit_target,3,4,150538.62757765257
CACI,2006-05-01,2006-05-05,62.25,63.099998474121094,71.72629970666263,2.0,58.96724530501549,1.365459396178464,4,time_stop,3,4,150597.5948229576
CME,2006-05-02,2006-05-05,45.30181361207143,47.816612243652344,123.13482558549228,2.2313,307.42794262649585,5.551209611861557,3,profit_target,1,6,150905.0227655841
DGX,2006-05-02,2006-05-05,39.96674346117354,41.090030670166016,279.1436296653979,2.7914,310.7670323782192,2.8105547555649895,3,profit_target,3,4,151215.7897979623
LH,2006-05-02,2006-05-05,46.52311718822545,47.26808166503906,239.80469302004087,2.398,176.24793074292364,1.6012780781640257,3,profit_target,3,4,151392.0377287052
RYN,2006-05-02,2006-05-05,7.991923674986785,8.214733123779297,1395.9670148722032,13.9597,297.0749709674824,2.787932641172036,3,profit_target,2,5,151689.1126996727
WY,2006-05-02,2006-05-05,12.982935621280852,13.260642051696777,859.3173501816326,8.5932,230.04478041159658,2.1390110720469533,3,profit_target,2,5,151919.15748008428
SON,2006-05-03,2006-05-05,15.512576783243498,15.800885200500488,720.7073687425004,7.2071,200.57892710017552,1.8585462704585474,2,profit_target,3,4,152119.73640718445
APA,2006-05-01,2006-05-08,50.60819594379217,50.74337387084961,88.22606839609033,2.0,9.926217038211512,0.26710678880467514,7,time_stop,2,5,152129.66262422266
BYD,2006-05-02,2006-05-08,44.79998517020965,45.007110595703125,249.02824840835947,2.4903,49.08979942739213,0.462333692090603,6,time_stop,2,5,152178.75242365006
GOOG,2006-05-02,2006-05-08,9.908211166041395,9.752577781677246,1125.9814358715475,11.2598,-186.50011595460876,-1.5707515893237582,6,time_stop,2,5,151992.25230769545
GOOGL,2006-05-02,2006-05-08,9.954761678194851,9.798395156860352,1120.7161151929104,11.2072,-186.44964148815853,-1.5707711182780835,6,time_stop,2,5,151805.80266620728
PRGO,2006-05-02,2006-05-08,11.753009220038496,11.738030433654785,949.2430088999154,9.4924,-23.710938345542253,-0.12744639354296475,6,time_stop,2,5,151782.09172786173
THG,2006-05-02,2006-05-08,31.709306204586436,31.233659744262695,351.8355704056407,3.5184,-170.86769938348382,-1.500021656906967,6,time_stop,3,4,151611.22402847823
UDR,2006-05-02,2006-05-08,11.321930119124247,11.54770278930664,985.3851523790137,9.8539,212.61918548690508,1.9941182095889642,6,time_stop,2,5,151823.84321396513
EWBC,2006-05-03,2006-05-08,27.220105140749634,27.289405822753906,410.7268630322244,4.1073,24.356383095286063,0.25459373373442945,5,time_stop,3,4,151848.19959706042
KMX,2006-05-03,2006-05-08,17.040000915527344,16.9950008392334,656.1049175578304,6.561,-36.08582052251337,-0.26408494058788423,5,time_stop,3,4,151812.1137765379
OLN,2006-05-03,2006-05-08,9.835842473149267,9.669419288635254,1136.6620018963938,11.3666,-200.53353009063483,-1.6920074204963058,5,time_stop,3,4,151611.58024644727
OSK,2006-05-03,2006-05-08,43.56356073262825,41.96231460571289,256.63715747399414,2.5664,-413.50562600253943,-3.675654836258723,5,time_stop,3,4,151198.07462044474
CPT,2006-05-04,2006-05-08,29.268338154834797,31.06813621520996,382.32870026593827,3.8233,684.2911661617337,6.149300485917262,4,time_stop,3,4,151882.36578660648
CRM,2006-05-04,2006-05-08,8.533812780674394,8.474533081054688,1311.26917982347,13.1127,-90.84433489874857,-0.6946449511284171,4,time_stop,3,4,151791.52145170773
FRT,2006-05-04,2006-05-08,33.21034162840861,34.1508903503418,336.9470212287658,3.3695,313.54561996362355,2.8320958948782127,4,time_stop,3,4,152105.06707167134
IDXX,2006-05-04,2006-05-08,19.774999618530273,19.739999771118164,565.8723591173265,5.6587,-25.46416981501005,-0.1769903822365315,4,time_stop,3,4,152079.60290185633
MRSH,2006-05-04,2006-05-08,19.449488599101574,19.018413543701172,575.34292630187,5.7534,-253.7694130928269,-2.2163824678676383,4,time_stop,3,4,151825.8334887635
RMBS,2006-05-04,2006-05-08,35.880001068115234,37.15999984741211,311.8764033601455,3.1188,396.0826515588846,3.5674435373257167,4,time_stop,3,4,152221.9161403224
WYNN,2006-05-05,2006-05-08,38.13371096955422,41.59651565551758,296.0739141631965,2.9607,1022.2853982141971,9.080691592612224,3,profit_target,3,4,153244.2015385366
POOL,2006-05-03,2006-05-09,34.41169148509193,34.323184967041016,324.8904053644359,3.2489,-32.00382258060025,-0.2571989757877971,6,time_stop,2,5,153212.19771595602
MCO,2006-05-05,2006-05-09,46.89440492797237,44.09566879272461,240.76213539046861,2.4076,-676.2373096706223,-5.968166435945795,4,time_stop,3,4,152535.9604062854
DVA,2006-05-04,2006-05-10,27.040000915527344,26.5049991607666,413.83599507410463,4.1384,-225.5413434985449,-1.978556718367287,6,time_stop,2,5,152310.41906278685
VTRS,2006-05-08,2006-05-10,17.23811402213324,17.77306365966797,661.846198249416,6.6185,347.43592187477,3.1032956206686544,2,profit_target,3,4,152657.85498466162
ACGL,2006-05-09,2006-05-15,6.2600817262048,6.10371208190918,1835.9688608024155,18.3597,-305.44948630953286,-2.4978850298559907,6,time_stop,3,4,152352.40549835208
GNW,2006-05-09,2006-05-15,31.158424516661956,31.015708923339844,368.8670173051978,3.6887,-56.331745404721126,-0.45803212304843954,6,time_stop,3,4,152296.07375294736
AON,2006-05-10,2006-05-15,29.80800999982466,28.980667114257812,383.796067920626,3.838,-321.36890698186636,-2.775572356462954,5,time_stop,3,4,151974.7048459655
IT,2006-05-10,2006-05-15,15.25,14.75,750.1768544571412,7.5018,-382.590195773142,-3.278688524590164,5,time_stop,3,4,151592.11465019235
SPGI,2006-05-10,2006-05-15,37.65270233154297,37.65973663330078,303.83468707603373,3.0383,-0.9010819973769824,0.018682063496727092,5,time_stop,3,4,151591.21356819497
VMI,2006-05-11,2006-05-15,47.033893430834254,42.73151397705078,243.4274156079904,2.4343,-1049.7513855555083,-9.147402309167415,4,time_stop,3,4,150541.46218263946
XRX,2006-05-11,2006-05-15,16.984939354781794,16.84339714050293,674.0877247010171,6.7409,-102.1527464193936,-0.8333395328786717,4,time_stop,3,4,150439.30943622006
EXC,2006-05-12,2006-05-15,18.38779580076363,18.80279541015625,622.6596840592573,6.2266,252.1769288285313,2.256929617281182,3,profit_target,3,4,150691.4863650486
GPN,2006-05-12,2006-05-15,20.722157317620205,21.84602928161621,552.5167552952685,5.5252,615.4329233614412,5.423527805381389,3,profit_target,3,4,151306.91928841005
OKE,2006-05-10,2006-05-16,5.238353661736755,5.100800037384033,2183.929869805402,21.8393,-322.24676762195537,-2.625894188043742,6,time_stop,2,5,150984.6725207881
WRB,2006-05-10,2006-05-16,7.397067278571967,7.308268070220947,1546.585504719105,15.4659,-152.80142351341004,-1.2004650627993596,6,time_stop,2,5,150831.87109727468
ARW,2006-05-12,2006-05-16,34.040000915527344,32.869998931884766,336.349553933972,3.3635,-396.8931408393833,-3.4371385199019833,4,time_stop,3,4,150434.9779564353
BBY,2006-05-12,2006-05-16,30.442540503576055,29.30602264404297,376.096703312415,3.761,-431.2015872592002,-3.7333213349903582,4,time_stop,3,4,150003.7763691761
EEFT,2006-05-12,2006-05-16,33.95000076293945,33.90999984741211,337.24120372768783,3.3724,-16.862368939927844,-0.11782301805132683,4,time_stop,3,4,149986.91400023617
EXP,2006-05-12,2006-05-16,49.01314564859867,43.98019027709961,233.5973129726467,2.336,-1178.0208242231565,-10.2685826524643,4,time_stop,3,4,148808.89317601302
FIS,2006-05-12,2006-05-16,15.410811347569474,15.563767433166504,742.9420077649163,7.4294,106.20808125567038,0.9925245475226269,4,time_stop,3,4,148915.1012572687
HPQ,2006-05-12,2006-05-16,9.023360646029225,8.610942840576172,1268.8553159944859,12.6886,-535.987078019831,-4.5705565989378885,4,time_stop,3,4,148379.11417924886
MAC,2006-05-12,2006-05-16,23.52518733137289,23.59413719177246,486.6842912906767,4.8668,28.68997103024914,0.2930895275278829,4,time_stop,3,4,148407.80415027912
NKTR,2006-05-12,2006-05-16,318.75,300.0,35.919495290508614,2.0,-675.4905366970365,-5.88235294117647,4,time_stop,3,4,147732.31361358208
NRG,2006-05-12,2006-05-16,17.772901433889793,16.903106689453125,644.2020266886614,6.442,-566.7655574361341,-4.893937816917851,4,time_stop,3,4,147165.54805614596
NTAP,2006-05-12,2006-05-16,25.640546388211074,24.039392471313477,446.53257190781864,4.4653,-719.4327022516403,-6.244616993161156,4,time_stop,3,4,146446.1153538943
ON,2006-05-12,2006-05-16,6.25,5.820000171661377,1831.8942598159392,18.3189,-806.0331598535221,-6.879997253417969,4,time_stop,3,4,145640.0821940408
RSG,2006-05-12,2006-05-16,18.179778676898678,18.01036262512207,629.7842964611264,6.2978,-112.99341194196404,-0.9318928177705896,4,time_stop,3,4,145527.0887820988
SBUX,2006-05-12,2006-05-16,13.54574356661919,13.749795913696289,845.2351890127505,8.4524,164.01987226007924,1.5063945812465047,4,time_stop,3,4,145691.1086543589
SEE,2006-05-12,2006-05-16,18.5018159642281,17.86028480529785,618.8224521304328,6.1882,-403.1821094085994,-3.4673956338696827,4,time_stop,3,4,145287.9265449503
SNPS,2006-05-12,2006-05-16,20.739999771118164,20.40999984741211,552.0414296143624,5.5204,-187.69404395146455,-1.5911279042808941,4,time_stop,3,4,145100.23250099883
UFPI,2006-05-12,2006-05-16,20.697380298932465,20.030603408813477,553.1781780344519,5.5318,-374.37820701184467,-3.221552102192276,4,time_stop,3,4,144725.85429398698
VZ,2006-05-12,2006-05-16,10.413619397309711,10.377609252929688,1099.4581890334384,10.9946,-50.58623001722778,-0.34579854521403547,4,time_stop,3,4,144675.26806396976
ALGN,2006-05-15,2006-05-17,7.639999866485596,7.760000228881836,1498.6046235516917,14.986,164.84705167936724,1.5706853991273755,2,profit_target,2,5,144840.11511564913
LSCC,2006-05-12,2006-05-18,6.059999942779541,5.539999961853027,1889.3299062636872,18.8933,-1001.3448142836462,-8.580857852087789,6,time_stop,2,5,143838.77030136547
AKAM,2006-05-16,2006-05-19,32.689998626708984,34.13999938964844,347.14039227150613,3.4714,499.8824297180699,4.435609739532833,3,profit_target,3,4,144338.65273108354
ANF,2006-05-17,2006-05-19,40.801742117383164,42.37287521362305,265.9358287590109,2.6594,415.16122375167413,3.8506519935346537,2,profit_target,3,4,144753.8139548352
PCG,2006-05-17,2006-05-19,24.724650631720724,24.98747444152832,438.8593904286273,4.3886,110.95410305800485,1.063003128830479,2,profit_target,3,4,144864.7680578932
STX,2006-05-17,2006-05-19,11.254598323943672,12.077510833740234,482.0538588975429,2.4103,394.2778815880075,7.31178924480896,2,partial_exit,1,6,145259.0459394812
AA,2006-05-16,2006-05-22,64.94089094470348,60.205623626708984,174.74381366731598,2.0,-829.4586698805617,-7.291657458205387,6,time_stop,3,4,144429.58726960066
AIT,2006-05-16,2006-05-22,18.47466508043248,16.98478126525879,614.2476140825987,6.1425,-921.3000548715452,-8.064469957572912,6,time_stop,3,4,143508.28721472912
ALV,2006-05-16,2006-05-22,25.50392943320456,23.82105827331543,444.95178581604466,4.4495,-753.2460457491479,-6.59847794943369,6,time_stop,3,4,142755.04116897998
AMG,2006-05-16,2006-05-22,91.02949226439732,85.71471405029297,124.66310274114419,2.0,-664.5567425512855,-5.838523408070268,6,time_stop,3,4,142090.48442642868
AMKR,2006-05-16,2006-05-22,9.487271386915108,8.826883316040039,1196.130951021597,11.9613,-801.8719207693296,-6.960779806361176,6,time_stop,2,5,141288.61250565934
CBRE,2006-05-16,2006-05-22,26.510000228881836,25.520000457763672,428.065592178586,4.2807,-428.06549420214736,-3.734438938403288,6,time_stop,3,4,140860.5470114572
CRM,2006-05-16,2006-05-22,7.639676423485846,7.2592973709106445,1485.4057053705499,14.8541,-579.8712719523542,-4.978994285750671,6,time_stop,2,5,140280.67573950486
HP,2006-05-17,2006-05-22,19.040482915489896,17.310016632080078,569.8723689392598,5.6987,-991.8436439856622,-9.08835291148021,5,time_stop,3,4,139288.8320955192
MLM,2006-05-17,2006-05-22,74.81172167620454,70.81062316894531,145.0393716610456,2.0,-582.3168134468261,-5.348224071859402,5,time_stop,3,4,138706.5152820724
PCAR,2006-05-17,2006-05-22,11.790764047419223,11.55715274810791,920.2664951278314,9.2027,-224.1873165907594,-1.9813075587959579,5,time_stop,3,4,138482.32796548164
PENN,2006-05-17,2006-05-22,8.652498245239258,8.494235038757324,1254.0476515863993,12.5405,-211.01007893706623,-1.829104173109917,5,time_stop,3,4,138271.31788654457
REGN,2006-05-17,2006-05-22,12.704175303757223,11.820147514343262,854.100706685674,8.541,-763.5897667350954,-6.958561010666413,5,time_stop,3,4,137507.72811980947
STX,2006-05-17,2006-05-22,11.254598323943672,12.058140754699707,482.0538588975429,7.2308,380.11992165039544,7.1396811119107975,5,profit_target,1,6,137887.84804145986
DKS,2006-05-17,2006-05-23,14.987682373829282,14.058833122253418,723.9708471367506,7.2397,-679.6994879970824,-6.197417508645449,6,time_stop,2,5,137208.1485534628
FAST,2006-05-17,2006-05-23,3.5103785495678497,3.3731026649475098,3091.018518824278,30.9102,-455.2324867376983,-3.91057211300586,6,time_stop,2,5,136752.9160667251
FLEX,2006-05-17,2006-05-23,8.55312728881836,8.19140911102295,1268.6172832927384,12.6862,-471.56810486534033,-4.229075115815125,6,time_stop,2,5,136281.34796185975
MKSI,2006-05-17,2006-05-23,17.88861443270745,17.052387237548828,606.567107006257,6.0657,-513.2935816373839,-4.674633680010832,6,time_stop,2,5,135768.05438022237
MSM,2006-05-17,2006-05-23,24.657674049442207,23.294557571411133,440.05144536506634,4.4005,-604.2418908121635,-5.5281632618625265,6,time_stop,2,5,135163.8124894102
OVV,2006-05-17,2006-05-23,79.0250591453781,77.87907409667969,137.30638385017076,2.0,-159.35106298314005,-1.450153990508505,6,time_stop,2,5,135004.46142642706
RS,2006-05-17,2006-05-23,31.226942943000456,29.007152557373047,347.47702087276883,3.4748,-774.8009203685544,-7.1085741235677915,6,time_stop,2,5,134229.6605060585
THO,2006-05-17,2006-05-23,29.527845718257346,29.558622360229492,367.4716133486391,3.6747,7.63482614547155,0.10422921558790364,6,time_stop,2,5,134237.295332204
WTS,2006-05-17,2006-05-23,29.648694400938187,28.845205307006836,365.9737915627873,3.6597,-297.71568810103275,-2.710031959808407,6,time_stop,2,5,133939.57964410295
AVY,2006-05-16,2006-05-24,37.17445800786312,36.07329177856445,305.263870806951,3.0526,-339.19890426567605,-2.962158127673985,8,time_stop,1,6,133600.38073983727
GWW,2006-05-17,2006-05-25,53.89985586432727,51.463626861572266,201.31120818041094,2.0131,-492.45331603057207,-4.519917472297702,8,time_stop,1,7,133107.92742380672
M,2006-05-17,2006-05-25,19.299801652756244,19.230823516845703,562.2153688428258,5.6222,-44.40272181146365,-0.35740334098558013,8,time_stop,1,6,133063.52470199525
