date,equity,peak,dd,window
2009-06-09,100075.84197782517,100075.84197782517,0.0,W1
2009-06-10,100019.40958955845,100075.84197782517,-0.05638962126266941,W1
2009-06-10,99740.04167524971,100075.84197782517,-0.3355458179905851,W1
2009-06-11,99822.80938012854,100075.84197782517,-0.2528408382041831,W1
2009-06-11,99881.94944758898,100075.84197782517,-0.19374558974897482,W1
2009-06-11,100178.15571293159,100178.15571293159,0.0,W1
2009-06-16,100229.9303232002,100229.9303232002,0.0,W1
2009-06-16,100278.96300608224,100278.96300608224,0.0,W1
2009-06-17,100040.52985306116,100278.96300608224,-0.23776986306351697,W1
2009-06-17,99840.8629202669,100278.96300608224,-0.43688134847263016,W1
2009-06-17,99809.47881182548,100278.96300608224,-0.4681781504145416,W1
2009-06-17,99523.11517546185,100278.96300608224,-0.7537451604625649,W1
2009-06-17,99435.05944479688,100278.96300608224,-0.8415559315608168,W1
2009-06-18,99354.42101830932,100278.96300608224,-0.9219700324552003,W1
2009-06-18,99426.52091680311,100278.96300608224,-0.8500707064824959,W1
2009-06-18,99479.70435481591,100278.96300608224,-0.7970352178630408,W1
2009-06-18,99559.27957892396,100278.96300608224,-0.7176813616577052,W1
2009-06-19,99348.7729247274,100278.96300608224,-0.9276024137768785,W1
2009-06-19,99276.43007364334,100278.96300608224,-0.9997440164774095,W1
2009-06-19,99178.66782106558,100278.96300608224,-1.0972343072095,W1
2009-06-19,98990.52782224525,100278.96300608224,-1.284850925072733,W1
2009-06-19,98936.00200848503,100278.96300608224,-1.3392250551252287,W1
2009-06-19,98989.26339789027,100278.96300608224,-1.2861118319639382,W1
2009-06-22,98589.47488535002,100278.96300608224,-1.6847881849653201,W1
2009-06-22,98557.47096009694,100278.96300608224,-1.716703079469308,W1
2009-06-22,98335.29992207167,100278.96300608224,-1.9382560666215458,W1
2009-06-23,98203.91710609783,100278.96300608224,-2.0692733927240097,W1
2009-06-23,98069.29508448804,100278.96300608224,-2.2035209134144864,W1
2009-06-24,98038.40761725645,100278.96300608224,-2.2343224557376895,W1
2009-06-24,97976.14228954409,100278.96300608224,-2.296414569423173,W1
2009-06-24,97913.8883739929,100278.96300608224,-2.358495302694632,W1
2009-06-24,97835.99603076008,100278.96300608224,-2.4361709595800063,W1
2009-06-24,97733.92802948404,100278.96300608224,-2.5379550209786585,W1
2009-06-24,97720.5394308203,100278.96300608224,-2.551306374305811,W1
2009-06-24,97553.5499033095,100278.96300608224,-2.7178313587142267,W1
2009-06-24,97391.56817169322,100278.96300608224,-2.8793624782636544,W1
2009-06-24,97426.16541292935,100278.96300608224,-2.8448614820437075,W1
2009-06-24,97439.22033447158,100278.96300608224,-2.8318428775918005,W1
2009-06-25,97513.31959671299,100278.96300608224,-2.757949749840858,W1
2009-06-25,97657.9024050093,100278.96300608224,-2.6137691520742625,W1
2009-06-25,97710.91055189403,100278.96300608224,-2.5609084669457975,W1
2009-06-25,97845.95125273986,100278.96300608224,-2.4262434317303483,W1
2009-06-25,97689.20435183082,100278.96300608224,-2.5825542831893276,W1
2009-06-25,97385.69659716963,100278.96300608224,-2.885217718832133,W1
2009-06-26,97310.44122915503,100278.96300608224,-2.9602637362206896,W1
2009-06-26,97384.6761006809,100278.96300608224,-2.886235376432637,W1
2009-06-26,97263.84818243879,100278.96300608224,-3.006727167153271,W1
2009-06-26,97170.50452963049,100278.96300608224,-3.099811150084601,W1
2009-06-26,97285.04625045808,100278.96300608224,-2.9855880693965378,W1
2009-06-26,97306.97007109829,100278.96300608224,-2.9637252379680974,W1
2009-06-26,97356.44649175233,100278.96300608224,-2.914386454268229,W1
2009-06-26,97488.88340440985,100278.96300608224,-2.7823179638416917,W1
2009-06-26,97621.53133147779,100278.96300608224,-2.6500390460193213,W1
2009-06-26,97705.2931672749,100278.96300608224,-2.5665102247330185,W1
2009-06-29,97782.59032333201,100278.96300608224,-2.4894280992901896,W1
2009-06-29,97897.66749097788,100278.96300608224,-2.374671061327114,W1
2009-06-29,97950.90812497507,100278.96300608224,-2.3215785358350387,W1
2009-06-29,97962.07459511778,100278.96300608224,-2.310443129356982,W1
2009-06-29,97816.03884914538,100278.96300608224,-2.45607262291641,W1
2009-06-29,97725.5297635466,100278.96300608224,-2.5463299240347816,W1
2009-06-30,97627.70083500003,100278.96300608224,-2.643886705251834,W1
2009-06-30,97569.00955752187,100278.96300608224,-2.7024147112450674,W1
2009-06-30,97629.0618892802,100278.96300608224,-2.642529437247284,W1
2009-06-30,97461.04263660854,100278.96300608224,-2.8100812822553594,W1
2009-06-30,97303.8371923752,100278.96300608224,-2.9668494014308755,W1
2009-06-30,97283.9555973899,100278.96300608224,-2.9866756884100254,W1
2009-07-01,97345.60820034232,100278.96300608224,-2.9251945949640494,W1
2009-07-09,97395.88653443432,100278.96300608224,-2.8750561286448977,W1
2009-07-13,97452.25706733133,100278.96300608224,-2.818842411223836,W1
2009-07-13,97518.11012116788,100278.96300608224,-2.7531725520006702,W1
2009-07-13,97617.2856549257,100278.96300608224,-2.6542729116525683,W1
2009-07-13,97778.42354570502,100278.96300608224,-2.493583285484862,W1
2009-07-13,97978.6326711058,100278.96300608224,-2.2939311157784004,W1
2009-07-13,98052.4283208004,100278.96300608224,-2.2203407559637274,W1
2009-07-13,98101.91045040758,100278.96300608224,-2.1709962791922894,W1
2009-07-13,98171.22306860943,100278.96300608224,-2.1018764796610143,W1
2009-07-13,98262.25852282812,100278.96300608224,-2.011094274211626,W1
2009-07-13,98316.11601040141,100278.96300608224,-1.9573866111497114,W1
2009-07-13,98368.07905332613,100278.96300608224,-1.9055681226382502,W1
2009-07-13,98474.00977256714,100278.96300608224,-1.7999320888525996,W1
2009-07-13,98545.04568667528,100278.96300608224,-1.729093787399648,W1
2009-07-13,98611.402192725,100278.96300608224,-1.6629218765017502,W1
2009-07-14,98673.583201785,100278.96300608224,-1.6009138469051207,W1
2009-07-14,98737.51823308038,100278.96300608224,-1.5371566745343834,W1
2009-07-14,98846.3970166553,100278.96300608224,-1.4285807775455797,W1
2009-07-14,98864.88721890042,100278.96300608224,-1.41014201263335,W1
2009-07-14,98727.45830877518,100278.96300608224,-1.547188613441239,W1
2009-07-14,98757.08293154297,100278.96300608224,-1.517646402513116,W1
2009-07-14,98827.2182825358,100278.96300608224,-1.4477061589262568,W1
2009-07-14,98824.78597179856,100278.96300608224,-1.4501317032920276,W1
2009-07-15,98887.99638779792,100278.96300608224,-1.3870971304319877,W1
2009-07-15,99032.13720030255,100278.96300608224,-1.2433572988823869,W1
2009-07-15,99072.50549909944,100278.96300608224,-1.2031012994316896,W1
2009-07-15,99191.54343735243,100278.96300608224,-1.0843945092091247,W1
2009-07-15,99296.07704517608,100278.96300608224,-0.9801517002589534,W1
2009-07-15,99366.13170176808,100278.96300608224,-0.9102919265916096,W1
2009-07-15,99480.37677447437,100278.96300608224,-0.7963646687884419,W1
2009-07-15,99535.26689485184,100278.96300608224,-0.7416272455722248,W1
2009-07-16,99594.46148202338,100278.96300608224,-0.6825973300275725,W1
2009-07-24,99675.14834610617,100278.96300608224,-0.60213492628503,W1
2009-07-27,99860.70435812301,100278.96300608224,-0.41709510691076807,W1
2009-07-29,99968.04031819258,100278.96300608224,-0.31005774149339815,W1
2009-07-30,99942.76711383848,100278.96300608224,-0.3352606390867556,W1
2009-07-30,99967.38058759637,100278.96300608224,-0.3107156368050658,W1
2009-07-31,100066.34662062136,100278.96300608224,-0.21202491438606025,W1
2009-08-03,100134.09473795899,100278.96300608224,-0.1444652634814932,W1
2009-08-03,100193.82096343748,100278.96300608224,-0.08490518857838043,W1
2009-08-03,100353.68140000004,100353.68140000004,0.0,W1
2009-08-03,100481.02253368557,100481.02253368557,0.0,W1
2009-08-03,100529.15565083567,100529.15565083567,0.0,W1
2009-08-03,100587.98615558363,100587.98615558363,0.0,W1
2009-08-03,100734.24824209623,100734.24824209623,0.0,W1
2009-08-03,100815.99920764643,100815.99920764643,0.0,W1
2009-08-03,101130.68158866711,101130.68158866711,0.0,W1
2009-08-03,101301.23184362656,101301.23184362656,0.0,W1
2009-08-04,101357.48886341238,101357.48886341238,0.0,W1
2009-08-05,101462.31226390916,101462.31226390916,0.0,W1
2009-08-06,101530.71112980967,101530.71112980967,0.0,W1
2009-08-07,101905.94065863115,101905.94065863115,0.0,W1
2009-08-07,101911.53864602461,101911.53864602461,0.0,W1
2009-08-10,101906.24779467372,101911.53864602461,-0.005191611687137105,W1
2009-08-10,101971.21592445148,101971.21592445148,0.0,W1
2009-08-10,102026.07632038284,102026.07632038284,0.0,W1
2009-08-11,101847.0181139253,102026.07632038284,-0.17550239401078532,W1
2009-08-11,101852.81712933787,102026.07632038284,-0.16981853786173312,W1
2009-08-11,101832.08802063554,102026.07632038284,-0.19013599928918185,W1
2009-08-11,101644.57527933252,102026.07632038284,-0.3739250344709178,W1
2009-08-11,101701.25436968097,102026.07632038284,-0.3183715011070876,W1
2009-08-12,101824.84093082015,102026.07632038284,-0.1972391733763896,W1
2009-08-12,101979.64315932832,102026.07632038284,-0.04551107200154392,W1
2009-08-13,102100.20158894181,102100.20158894181,0.0,W1
2009-08-13,102277.88046741116,102277.88046741116,0.0,W1
2009-08-13,102188.5701284353,102277.88046741116,-0.0873212649379439,W1
2009-08-13,102322.9472787586,102322.9472787586,0.0,W1
2009-08-14,102249.0150499704,102322.9472787586,-0.07225381085513628,W1
2009-08-14,102017.88192011416,102322.9472787586,-0.2981397299017869,W1
2009-08-14,102001.6690570223,102322.9472787586,-0.31398452671719806,W1
2009-08-14,101816.18011780652,102322.9472787586,-0.49526247477165597,W1
2009-08-14,101768.44157471976,102322.9472787586,-0.5419172519808227,W1
2009-08-17,101755.839453911,102322.9472787586,-0.5542332779983594,W1
2009-08-17,101730.2712628322,102322.9472787586,-0.5792210170723148,W1
2009-08-17,101696.67031398002,102322.9472787586,-0.61205915333186,W1
2009-08-17,101655.86624756214,102322.9472787586,-0.6519368811564131,W1
2009-08-17,101584.2157616366,102322.9472787586,-0.721960749536923,W1
2009-08-17,101525.83703634553,102322.9472787586,-0.779014154314278,W1
2009-08-18,101649.69150218574,102322.9472787586,-0.6579714467554421,W1
2009-08-18,101609.0001525663,102322.9472787586,-0.6977390166912366,W1
2009-08-18,101517.54490657347,102322.9472787586,-0.7871180352056975,W1
2009-08-18,101396.54341452786,102322.9472787586,-0.905372537508071,W1
2009-08-18,101418.05034619916,102322.9472787586,-0.8843538586649822,W1
2009-08-19,101351.80450319037,102322.9472787586,-0.9490957809517913,W1
2009-08-19,101419.9367431679,102322.9472787586,-0.8825102868964735,W1
2009-08-19,101569.08724941516,102322.9472787586,-0.7367458125396843,W1
2009-08-20,101627.99853920912,102322.9472787586,-0.6791719335998304,W1
2009-08-20,101715.82013983668,102322.9472787586,-0.593344069017012,W1
2009-08-21,101818.1391765922,102322.9472787586,-0.49334789076310215,W1
2009-08-21,101903.14107997555,102322.9472787586,-0.4102757103344233,W1
2009-08-21,102474.97990761556,102474.97990761556,0.0,W1
2009-08-24,102129.02243372309,102474.97990761556,-0.3376018948277548,W1
2009-08-24,102076.74482862372,102474.97990761556,-0.38861688906976455,W1
2009-08-24,102096.67935698037,102474.97990761556,-0.3691638202576287,W1
2009-08-25,102153.20214994185,102474.97990761556,-0.3140061681044547,W1
2009-08-25,102265.88459818985,102474.97990761556,-0.20404523095707747,W1
2009-08-26,102266.88495859837,102474.97990761556,-0.20306903129407367,W1
2009-09-03,102094.9304834424,102474.97990761556,-0.37087045493035614,W1
2009-09-03,102107.25457550664,102474.97990761556,-0.35884401484190476,W1
2009-09-03,102163.40547057948,102474.97990761556,-0.30404927848433966,W1
2009-09-04,102164.97495891301,102474.97990761556,-0.3025176964972648,W1
2009-09-04,102232.42354916404,102474.97990761556,-0.23669812735771278,W1
2009-09-04,102285.69133052809,102474.97990761556,-0.18471687162868491,W1
2009-09-08,102340.37305676818,102474.97990761556,-0.13135582067811669,W1
2009-09-08,102422.89955374191,102474.97990761556,-0.050822507035964276,W1
2009-09-08,102475.5373212416,102475.5373212416,0.0,W1
2009-09-08,102562.68402234325,102562.68402234325,0.0,W1
2009-09-08,102810.0060783711,102810.0060783711,0.0,W1
2009-09-08,102935.26902156054,102935.26902156054,0.0,W1
2009-09-08,102959.78083605929,102959.78083605929,0.0,W1
2009-09-08,102796.19161258517,102959.78083605929,-0.1588865303963674,W1
2009-09-08,102907.67079073751,102959.78083605929,-0.05061203986511415,W1
2009-09-08,102898.91898738102,102959.78083605929,-0.059112255469127586,W1
2009-09-08,102942.0566421808,102959.78083605929,-0.017214677162831444,W1
2009-09-08,103128.02964798518,103128.02964798518,0.0,W1
2009-09-08,103276.61235759893,103276.61235759893,0.0,W1
2009-09-09,103276.06554903087,103276.61235759893,-0.0005294602094120949,W1
2009-09-09,103371.75323822745,103371.75323822745,0.0,W1
2009-09-09,103371.7496971902,103371.75323822745,-3.425536609565402e-06,W1
2009-09-09,103305.20700372753,103371.75323822745,-0.06437564655265601,W1
2009-09-09,103072.96907095466,103371.75323822745,-0.28903850221464894,W1
2009-09-09,103030.01098269483,103371.75323822745,-0.33059539460944454,W1
2009-09-09,103067.69946974028,103371.75323822745,-0.29413622093305675,W1
2009-09-09,103128.64506629274,103371.75323822745,-0.23517853216096007,W1
2009-09-09,103098.68602667669,103371.75323822745,-0.2641603755345619,W1
2009-09-09,103102.10703112476,103371.75323822745,-0.2608509565289777,W1
2009-09-09,103132.15160347584,103371.75323822745,-0.231786370305081,W1
2009-09-09,103107.38115008065,103371.75323822745,-0.25574886742758385,W1
2009-09-09,103126.7236682908,103371.75323822745,-0.2370372584974606,W1
2009-09-11,103157.25512321138,103371.75323822745,-0.20750167071438638,W1
2009-09-14,103194.25245770121,103371.75323822745,-0.1717111057574694,W1
2009-09-21,103181.90116606605,103371.75323822745,-0.18365952614141762,W1
2009-09-21,103331.34637499238,103371.75323822745,-0.03908888257118723,W1
2009-09-23,103599.4495020032,103599.4495020032,0.0,W1
2009-09-23,103427.00571431279,103599.4495020032,-0.16645241699578506,W1
2009-09-23,103422.50041954342,103599.4495020032,-0.17080118022863364,W1
2009-09-23,103594.11294075723,103599.4495020032,-0.005151148265388754,W1
2009-09-23,103869.69025624206,103869.69025624206,0.0,W1
2009-09-24,103718.57256233219,103869.69025624206,-0.14548776793024515,W1
2009-09-24,103715.62931569232,103869.69025624206,-0.14832136320968733,W1
2009-09-24,103647.11284329441,103869.69025624206,-0.21428523797323326,W1
2009-09-25,103356.51237709264,103869.69025624206,-0.49405931401492253,W1
2009-09-25,103263.79405333502,103869.69025624206,-0.5833233943533663,W1
2009-09-25,103179.80308767721,103869.69025624206,-0.6641852564139994,W1
2009-09-28,103213.7001980976,103869.69025624206,-0.6315509909831765,W1
2009-09-28,103351.16535918067,103869.69025624206,-0.4992071274904273,W1
2009-09-28,103568.8221080453,103869.69025624206,-0.28965923307803876,W1
2009-09-28,103727.46801100139,103869.69025624206,-0.1369237213375867,W1
2009-09-28,103649.4657489466,103869.69025624206,-0.2120199903861939,W1
2009-09-28,103986.17362125558,103986.17362125558,0.0,W1
2009-09-28,103852.56307489026,103986.17362125558,-0.12848876125778613,W1
2009-09-28,103954.99905164664,103986.17362125558,-0.029979533358439607,W1
2009-09-28,104085.21274046402,104085.21274046402,0.0,W1
2009-09-28,103871.98216513147,104085.21274046402,-0.2048615453803591,W1
2009-09-28,104058.54079516405,104085.21274046402,-0.025625105236105096,W1
2009-09-29,104185.41366971841,104185.41366971841,0.0,W1
2009-09-29,104296.53126484458,104296.53126484458,0.0,W1
2009-09-29,104412.75795686796,104412.75795686796,0.0,W1
2009-09-29,104419.52955669224,104419.52955669224,0.0,W1
2009-09-29,104315.29292326016,104419.52955669224,-0.09982484490651745,W1
2009-09-29,104095.77053635473,104419.52955669224,-0.310056003615432,W1
2009-09-30,103957.91817157535,104419.52955669224,-0.4420738027423026,W1
2009-10-01,103775.50344301052,104419.52955669224,-0.616767875143575,W1
2009-10-01,103675.83808214708,104419.52955669224,-0.7122149254095178,W1
2009-10-01,103525.82959521071,104419.52955669224,-0.8558743419700183,W1
2009-10-01,103245.61128844947,104419.52955669224,-1.1242324814396196,W1
2009-10-02,103220.50014142864,104419.52955669224,-1.1482808056634837,W1
2009-10-02,102812.66319895505,104419.52955669224,-1.5388561551264026,W1
2009-10-02,102532.46787485146,104419.52955669224,-1.807192284673385,W1
2009-10-02,102249.12765117845,104419.52955669224,-2.078540206729642,W1
2009-10-05,102255.15539666408,104419.52955669224,-2.0727675840112516,W1
2009-10-05,102290.39665891367,104419.52955669224,-2.0390178990632295,W1
2009-10-06,102253.12912576954,104419.52955669224,-2.074708093514732,W1
2009-10-06,102316.41568149926,104419.52955669224,-2.014100124872852,W1
2009-10-06,102229.61288024878,104419.52955669224,-2.097229020031638,W1
2009-10-06,102356.2378197715,104419.52955669224,-1.9759634482939559,W1
2009-10-06,102458.11005860672,104419.52955669224,-1.8784029255950783,W1
2009-10-06,102579.52730514367,104419.52955669224,-1.7621246325856967,W1
2009-10-06,102655.16292844365,104419.52955669224,-1.689690267461577,W1
2009-10-07,102583.21416683355,104419.52955669224,-1.758593816362392,W1
2009-10-07,102688.8434365602,104419.52955669224,-1.6574352781319566,W1
2009-10-07,102868.2392624893,104419.52955669224,-1.4856323340938904,W1
2009-10-07,103115.79917942054,104419.52955669224,-1.2485503265592357,W1
2009-10-07,103189.31833023936,104419.52955669224,-1.178142854766424,W1
2009-10-07,103357.82344586203,104419.52955669224,-1.0167696745404178,W1
2009-10-07,103591.78199925687,104419.52955669224,-0.7927133563515691,W1
2009-10-07,103017.74660867495,104419.52955669224,-1.3424528476315616,W1
2009-10-07,102775.05721356397,104419.52955669224,-1.574870476921127,W1
2009-10-07,102721.91428242846,104419.52955669224,-1.6257641472537918,W1
2009-10-07,102561.31713057376,104419.52955669224,-1.7795640662311212,W1
2009-10-07,102465.43231843582,104419.52955669224,-1.8713905785176788,W1
2009-10-07,102445.18696833565,104419.52955669224,-1.8907790494159133,W1
2009-10-07,102533.9110863792,104419.52955669224,-1.8058101566999378,W1
2009-10-08,102631.85609052931,104419.52955669224,-1.7120106494947895,W1
2009-10-08,102688.83109549114,104419.52955669224,-1.657447096868461,W1
2009-10-08,102960.38277722098,104419.52955669224,-1.3973887697694092,W1
2009-10-08,103032.59960718172,104419.52955669224,-1.3282284984414912,W1
2009-10-08,103068.60760356957,104419.52955669224,-1.2937445311791191,W1
2009-10-08,103145.55724313293,104419.52955669224,-1.2200517651897997,W1
2009-10-12,103208.79371794646,104419.52955669224,-1.1594917578022959,W1
2009-10-13,103211.76551422526,104419.52955669224,-1.156645742031669,W1
2009-10-13,103208.98231127206,104419.52955669224,-1.1593111466403814,W1
2009-10-15,103040.50537981566,104419.52955669224,-1.3206573355876634,W1
2009-10-16,102857.15098461302,104419.52955669224,-1.4962513034795504,W1
2009-10-19,102974.30624483469,104419.52955669224,-1.3840546093179835,W1
2009-10-19,102952.0231413592,104419.52955669224,-1.4053945862074546,W1
2009-10-22,103034.57041557557,104419.52955669224,-1.3263411040027182,W1
2009-10-23,103034.53653241273,104419.52955669224,-1.3263735530694554,W1
2009-10-23,103446.05962079794,104419.52955669224,-0.9322680728663691,W1
2009-10-26,103389.66352139023,104419.52955669224,-0.9862772219662863,W1
2009-10-26,103405.73042324545,104419.52955669224,-0.9708903475727457,W1
2009-10-29,103470.30537388264,104419.52955669224,-0.9090485150043136,W1
2009-10-29,103557.48844676735,104419.52955669224,-0.8255554431097706,W1
2009-10-29,103696.08039673482,104419.52955669224,-0.6928293615464378,W1
2009-10-29,103617.21586701515,104419.52955669224,-0.7683559704619145,W1
2009-10-29,103487.77037235489,104419.52955669224,-0.8923227180711193,W1
2009-10-30,103207.3052738911,104419.52955669224,-1.1609172038483344,W1
2009-10-30,103053.56961183049,104419.52955669224,-1.3081460438108319,W1
2009-10-30,102889.48562371983,104419.52955669224,-1.4652852196022532,W1
2009-10-30,102495.60379674834,104419.52955669224,-1.8424961002140392,W1
2009-10-30,102427.1182360371,104419.52955669224,-1.9080830272975,W1
2009-10-30,102028.82885300521,104419.52955669224,-2.2895149153004537,W1
2009-10-30,101935.85641051755,104419.52955669224,-2.378552323228235,W1
2009-10-30,100918.3527570851,104419.52955669224,-3.3529903979372535,W1
2009-10-30,100812.237519434,104419.52955669224,-3.4546143356255463,W1
2009-11-02,100731.50866174832,104419.52955669224,-3.5319263653085105,W1
2009-11-02,100567.67333466376,104419.52955669224,-3.6888274045873777,W1
2009-11-02,100323.3217911338,104419.52955669224,-3.922836832294384,W1
2009-11-03,99886.82531348738,104419.52955669224,-4.340858709523234,W1
2009-11-03,99673.39795811308,104419.52955669224,-4.545252807332706,W1
2009-11-03,99351.37759113875,104419.52955669224,-4.853643745638458,W1
2009-11-03,99292.46070359217,104419.52955669224,-4.910066991171848,W1
2009-11-03,99221.0713937476,104419.52955669224,-4.978434766958284,W1
2009-11-03,99027.41262841105,104419.52955669224,-5.16389697518572,W1
2009-11-03,98781.43295286546,104419.52955669224,-5.399465624642277,W1
2009-11-03,98830.2116987256,104419.52955669224,-5.352751426572984,W1
2009-11-03,98599.62547534068,104419.52955669224,-5.573578147746561,W1
2009-11-03,98406.53526606449,104419.52955669224,-5.758495863901721,W1
2009-11-03,98278.58998469946,104419.52955669224,-5.88102589435504,W1
2009-11-04,98173.41230195301,104419.52955669224,-5.981751958907309,W1
2009-11-04,98068.29260640868,104419.52955669224,-6.082422490550776,W1
2009-11-05,98144.50827581936,104419.52955669224,-6.009432629617432,W1
2009-11-05,98169.53823015046,104419.52955669224,-5.985462061623724,W1
2009-11-05,98227.97060462236,104419.52955669224,-5.92950282227456,W1
2009-11-05,98301.01245230886,104419.52955669224,-5.859552451882549,W1
2009-11-05,98416.02212234087,104419.52955669224,-5.749410536361304,W1
2009-11-06,98483.67254331808,104419.52955669224,-5.684623401938829,W1
2009-11-06,98581.52721377427,104419.52955669224,-5.590910405077394,W1
2009-11-09,98672.12234717008,104419.52955669224,-5.504149687249585,W1
2009-11-09,98661.00466636685,104419.52955669224,-5.5147968150909294,W1
2009-11-09,98404.7031912656,104419.52955669224,-5.76025039660903,W1
2009-11-09,98384.4199713577,104419.52955669224,-5.779675134485182,W1
2009-11-09,98559.34829509743,104419.52955669224,-5.612150606762848,W1
2009-11-09,98657.40516939964,104419.52955669224,-5.518243964280822,W1
2009-11-11,98872.9153695915,104419.52955669224,-5.311855177521493,W1
2009-11-13,98873.09063979353,104419.52955669224,-5.311687325585389,W1
2009-11-16,99090.32946553561,104419.52955669224,-5.103643076904746,W1
2009-11-18,99199.5317694471,104419.52955669224,-4.999062732236369,W1
2009-11-20,99121.01371650893,104419.52955669224,-5.074257528910439,W1
2009-11-23,99338.73262477752,104419.52955669224,-4.865753517071936,W1
2009-11-23,99475.26094776056,104419.52955669224,-4.735003720015139,W1
2009-11-24,99405.17222986728,104419.52955669224,-4.802125951067924,W1
2009-11-24,99098.57121287008,104419.52955669224,-5.095750159392611,W1
2009-11-24,99080.65228289724,104419.52955669224,-5.1129106752931515,W1
2009-11-24,98947.74920837751,104419.52955669224,-5.240188661589352,W1
2009-11-25,99257.85870303352,104419.52955669224,-4.943204471014506,W1
2009-11-25,99416.99842146394,104419.52955669224,-4.790800299969069,W1
2009-11-25,99630.06277489342,104419.52955669224,-4.586753840141071,W1
2009-11-25,99834.19774738878,104419.52955669224,-4.391258827510766,W1
2009-11-25,99967.1022429697,104419.52955669224,-4.263979480299414,W1
2009-11-25,99872.44873657402,104419.52955669224,-4.3546268015404985,W1
2009-11-25,99993.06599424702,104419.52955669224,-4.239114638073495,W1
2009-11-27,99824.46546476241,104419.52955669224,-4.400579193794437,W1
2009-11-30,99828.88864753593,104419.52955669224,-4.396343221086747,W1
2009-12-01,99939.91722273982,104419.52955669224,-4.2900139015856364,W1
2009-12-01,100148.79169082078,104419.52955669224,-4.089979991293446,W1
2009-12-01,100388.05221727022,104419.52955669224,-3.860846104686982,W1
2009-12-01,100262.32887591995,104419.52955669224,-3.981248238161459,W1
2009-12-01,100147.80147727979,104419.52955669224,-4.09092829430266,W1
2009-12-01,100300.73017140699,104419.52955669224,-3.9444722675647017,W1
2009-12-01,100228.03996649626,104419.52955669224,-4.014085878370394,W1
2009-12-01,100477.8014917031,104419.52955669224,-3.7748954450604706,W1
2009-12-01,100404.17354729881,104419.52955669224,-3.845407105778415,W1
2009-12-01,100335.71382034346,104419.52955669224,-3.910969292513014,W1
2009-12-01,100407.55166010048,104419.52955669224,-3.84217197072656,W1
2009-12-01,100534.66984187404,104419.52955669224,-3.720434033088613,W1
2009-12-01,100459.28896497158,104419.52955669224,-3.7926244338905395,W1
2009-12-01,100645.79448627665,104419.52955669224,-3.614012710492756,W1
2009-12-01,100602.71607436592,104419.52955669224,-3.655267839771363,W1
2009-12-01,100432.50299821448,104419.52955669224,-3.8182766915389132,W1
2009-12-02,100600.54841028404,104419.52955669224,-3.6573437580321326,W1
2009-12-02,100846.1074940676,104419.52955669224,-3.422177898900157,W1
2009-12-02,101132.19083844552,104419.52955669224,-3.1482029580126962,W1
2009-12-02,101038.82571834735,104419.52955669224,-3.2376164235727747,W1
2009-12-03,100713.26870320289,104419.52955669224,-3.5493943223304028,W1
2009-12-03,100924.27239042075,104419.52955669224,-3.347321311550077,W1
2009-12-03,101043.58242501236,104419.52955669224,-3.2330610432859626,W1
2009-12-03,101140.59676908629,104419.52955669224,-3.1401528062101938,W1
2009-12-04,101310.56589646048,104419.52955669224,-2.977377578151049,W1
2009-12-04,101429.07795417299,104419.52955669224,-2.8638815126012016,W1
2009-12-04,101623.96728190346,104419.52955669224,-2.6772408252145925,W1
2009-12-04,101861.34549630937,104419.52955669224,-2.4499095822816996,W1
2009-12-07,102177.60402802278,104419.52955669224,-2.1470366110510626,W1
2009-12-08,102278.74857116425,104419.52955669224,-2.0501729845140733,W1
2009-12-09,102501.51060077063,104419.52955669224,-1.8368393001428562,W1
2009-12-09,102622.83838174751,104419.52955669224,-1.7206466860868765,W1
2009-12-09,102505.02056233658,104419.52955669224,-1.8334778967915453,W1
2009-12-09,102423.8168901467,104419.52955669224,-1.911244644577733,W1
2009-12-10,102291.90825101585,104419.52955669224,-2.0375702847054593,W1
2009-12-10,102229.00925035162,104419.52955669224,-2.097807101449666,W1
2009-12-10,102359.75166311373,104419.52955669224,-1.9725983274615377,W1
2009-12-11,102310.25695238079,104419.52955669224,-2.0199981873757342,W1
2009-12-11,102472.25064579243,104419.52955669224,-1.8648608351013303,W1
2009-12-11,102642.34645398558,104419.52955669224,-1.7019642879560992,W1
2009-12-14,102744.58944309443,104419.52955669224,-1.604048706892938,W1
2009-12-14,102871.26017666493,104419.52955669224,-1.4827392793286946,W1
2009-12-14,103115.9098447523,104419.52955669224,-1.2484443451089988,W1
2009-12-14,103353.60281698333,104419.52955669224,-1.020811666394448,W1
2009-12-14,103469.8962689389,104419.52955669224,-0.9094403046872188,W1
2009-12-14,103657.43342789811,104419.52955669224,-0.7298406074319352,W1
2009-12-14,103800.64204528928,104419.52955669224,-0.5926932576984597,W1
2009-12-14,103910.42235494456,104419.52955669224,-0.48755937122976145,W1
2009-12-15,103921.80018515253,104419.52955669224,-0.4766631047398839,W1
2009-12-16,103937.62299463595,104419.52955669224,-0.46150999157169176,W1
2009-12-16,104033.69417572397,104419.52955669224,-0.3695049983526245,W1
2009-12-16,103979.83894495218,104419.52955669224,-0.4210808204238698,W1
2009-12-16,104276.18477481786,104419.52955669224,-0.13727775109019444,W1
2009-12-16,104414.01864866767,104419.52955669224,-0.005277660269080912,W1
2009-12-17,104280.62625081155,104419.52955669224,-0.13302425941814058,W1
2009-12-17,104131.37339692228,104419.52955669224,-0.27596002490464583,W1
2009-12-18,103971.63811428449,104419.52955669224,-0.4289345530565519,W1
2009-12-18,104136.0956008079,104419.52955669224,-0.2714376870760228,W1
2009-12-18,104513.81378967274,104513.81378967274,0.0,W1
2009-12-21,104498.93765930833,104513.81378967274,-0.014233649911915475,W1
2009-12-21,104542.35945474268,104542.35945474268,0.0,W1
2009-12-21,104388.40458078205,104542.35945474268,-0.14726554361657937,W1
2009-12-22,104226.93594604643,104542.35945474268,-0.30171837553828423,W1
2009-12-22,103935.0804714614,104542.35945474268,-0.5808927466805137,W1
2009-12-22,103871.28192980294,104542.35945474268,-0.6419192454043058,W1
2009-12-22,103900.75982277821,104542.35945474268,-0.6137221651690539,W1
2009-12-22,104013.68731361668,104542.35945474268,-0.5057013672576044,W1
2009-12-23,104124.13429124957,104542.35945474268,-0.4000533043968222,W1
2009-12-23,104143.7348289567,104542.35945474268,-0.38130440891621825,W1
2009-12-23,104124.4925883989,104542.35945474268,-0.3997105752378483,W1
2009-12-23,104245.29219316189,104542.35945474268,-0.2841597062953112,W1
2009-12-23,104365.43679281331,104542.35945474268,-0.16923538253023038,W1
2009-12-23,104520.12913553989,104542.35945474268,-0.021264413122810733,W1
2009-12-23,104681.84841998061,104681.84841998061,0.0,W1
2009-12-24,104783.56177082694,104783.56177082694,0.0,W1
2009-12-24,104854.80084573678,104854.80084573678,0.0,W1
2009-12-24,104899.77073996744,104899.77073996744,0.0,W1
2009-12-28,104900.74779126525,104900.74779126525,0.0,W1
2009-12-28,104848.91241324432,104900.74779126525,-0.04941373547124058,W1
2009-12-28,104755.59616272582,104900.74779126525,-0.13837044215190825,W1
2009-12-28,104802.49408786085,104900.74779126525,-0.09366349189418115,W1
2009-12-28,104780.72551500882,104900.74779126525,-0.11441508166868478,W1
2009-12-28,104882.47729456135,104900.74779126525,-0.017416936569658977,W1
2009-12-29,104934.66245187982,104934.66245187982,0.0,W1
2009-12-29,104935.715264971,104935.715264971,0.0,W1
2009-12-29,104942.25597793884,104942.25597793884,0.0,W1
2009-12-29,104954.93679797457,104954.93679797457,0.0,W1
2009-12-29,104973.29501175186,104973.29501175186,0.0,W1
2009-12-29,104913.14591234145,104973.29501175186,-0.057299429729890765,W1
2009-12-29,105174.99539676227,105174.99539676227,0.0,W1
2009-12-29,105206.8667056891,105206.8667056891,0.0,W1
2009-12-30,105310.64127132087,105310.64127132087,0.0,W1
2010-01-07,105458.56104343546,105458.56104343546,0.0,W1
2010-01-07,105744.83152382945,105744.83152382945,0.0,W1
2010-01-08,105846.57350433832,105846.57350433832,0.0,W1
2010-01-08,105974.0513665345,105974.0513665345,0.0,W1
2010-01-11,106134.33736611948,106134.33736611948,0.0,W1
2010-01-11,106198.72749947883,106198.72749947883,0.0,W1
2010-01-12,106264.77665889662,106264.77665889662,0.0,W1
2010-01-13,106398.98183479832,106398.98183479832,0.0,W1
2010-01-13,106460.32717877396,106460.32717877396,0.0,W1
2010-01-13,106546.26422981874,106546.26422981874,0.0,W1
2010-01-13,106514.53647967186,106546.26422981874,-0.029778378788055542,W1
2010-01-13,106390.17677466263,106546.26422981874,-0.14649735144109355,W1
2010-01-13,106371.89238388614,106546.26422981874,-0.16365833865041676,W1
2010-01-13,106405.48707264515,106546.26422981874,-0.1321277270406587,W1
2010-01-13,106449.94912366272,106546.26422981874,-0.09039745020836198,W1
2010-01-13,106499.62310749375,106546.26422981874,-0.04377546473556746,W1
2010-01-13,106454.96092924247,106546.26422981874,-0.08569357286833641,W1
2010-01-13,106421.84172454705,106546.26422981874,-0.11677791443097084,W1
2010-01-13,106453.36817674125,106546.26422981874,-0.08718846573270514,W1
2010-01-14,106519.58880546596,106546.26422981874,-0.0250364708191406,W1
2010-01-14,106502.65189608713,106546.26422981874,-0.040932766668888766,W1
2010-01-14,106591.51655778644,106591.51655778644,0.0,W1
2010-01-14,106654.43281002187,106654.43281002187,0.0,W1
2010-01-14,106629.86112023192,106654.43281002187,-0.02303860153072399,W1
2010-01-14,106730.47990013717,106730.47990013717,0.0,W1
2010-01-14,106935.2108046992,106935.2108046992,0.0,W1
2010-01-15,106829.90222180769,106935.2108046992,-0.09847886594047206,W1
2010-01-15,106819.34749811499,106935.2108046992,-0.10834907016344844,W1
2010-01-15,106800.3271247092,106935.2108046992,-0.12613589011045784,W1
2010-01-15,106443.00205605087,106935.2108046992,-0.4602868830055238,W1
2010-01-19,106508.25402181606,106935.2108046992,-0.3992667893673682,W1
2010-01-19,106646.9409410576,106935.2108046992,-0.26957431651589797,W1
2010-01-19,106742.57002258465,106935.2108046992,-0.1801471944225965,W1
2010-01-19,106730.61716589553,106935.2108046992,-0.1913248566717074,W1
2010-01-19,106837.30218346766,106935.2108046992,-0.09155882379131437,W1
2010-01-19,106724.83992341539,106935.2108046992,-0.19672741999641827,W1
2010-01-19,106714.6037672509,106935.2108046992,-0.2062997171728727,W1
2010-01-19,106697.08283811342,106935.2108046992,-0.22268433829591605,W1
2010-01-19,106577.5929353438,106935.2108046992,-0.33442480420087684,W1
2010-01-21,106701.95853930574,106935.2108046992,-0.21812484740827942,W1
2010-01-22,106630.17898202935,106935.2108046992,-0.28524919002306187,W1
2010-01-22,106398.77087675552,106935.2108046992,-0.5016494790695429,W1
2010-01-25,106279.03123446864,106935.2108046992,-0.6136234878041992,W1
2010-01-25,105907.30151945815,106935.2108046992,-0.9612449234503058,W1
2010-01-25,105695.48004337109,106935.2108046992,-1.1593288609046593,W1
2010-01-25,105495.73089790194,106935.2108046992,-1.3461234105819957,W1
2010-01-25,105362.95943734812,106935.2108046992,-1.4702840678198694,W1
2010-01-25,105140.91717690794,106935.2108046992,-1.6779259275677396,W1
2010-01-26,105209.38454031906,106935.2108046992,-1.6138989687242495,W1
2010-01-27,104994.66134877164,106935.2108046992,-1.8146964328444493,W1
2010-01-27,104853.35696023912,106935.2108046992,-1.9468366207855266,W1
2010-01-27,104588.85876246387,106935.2108046992,-2.1941809667543324,W1
2010-01-27,104287.24844765742,106935.2108046992,-2.476230548493412,W1
2010-01-27,104240.92554547699,106935.2108046992,-2.519549210168874,W1
2010-01-27,104208.0756036154,106935.2108046992,-2.550268691258763,W1
2010-01-27,104303.78733658748,106935.2108046992,-2.460764278024023,W1
2010-01-29,104146.24565396771,106935.2108046992,-2.6080887013213236,W1
2010-01-29,103977.85823663269,106935.2108046992,-2.7655554665410165,W1
2010-01-29,103767.64034338958,106935.2108046992,-2.9621398204326863,W1
2010-01-29,103602.6387145584,106935.2108046992,-3.1164403801730365,W1
2010-01-29,103588.73345196251,106935.2108046992,-3.129443826363723,W1
2010-01-29,103321.1584804819,106935.2108046992,-3.379665403959245,W1
2010-01-29,103223.75478490928,106935.2108046992,-3.4707520487038948,W1
2010-02-01,103019.6842290022,106935.2108046992,-3.661587746666637,W1
2010-02-01,103022.015936731,106935.2108046992,-3.659407260266276,W1
2010-02-01,102907.9386954401,106935.2108046992,-3.7660860991935623,W1
2010-02-01,102785.5332871455,106935.2108046992,-3.88055298748366,W1
2010-02-01,102701.5929740703,106935.2108046992,-3.9590494083010337,W1
2010-02-01,102514.48267116417,106935.2108046992,-4.134024799005469,W1
2010-02-01,102437.14813087248,106935.2108046992,-4.206343859967466,W1
2010-02-03,102523.7624852512,106935.2108046992,-4.125346820987567,W1
2010-02-03,102632.89288789152,106935.2108046992,-4.023293996834414,W1
2010-02-03,102665.4086754433,106935.2108046992,-3.9928869987024695,W1
2010-02-03,102690.12456199144,106935.2108046992,-3.9697740442675764,W1
2010-02-03,102806.30812850593,106935.2108046992,-3.861125484415124,W1
2010-02-03,102857.15691274128,106935.2108046992,-3.813574463705755,W1
2010-02-03,103015.87411321669,106935.2108046992,-3.665150759968655,W1
2010-02-03,103092.41669081547,106935.2108046992,-3.5935722994945127,W1
2010-02-03,103186.42364226785,106935.2108046992,-3.5056621053265062,W1
2010-02-03,103223.53283634527,106935.2108046992,-3.47095960294383,W1
2010-02-03,103239.64778857018,106935.2108046992,-3.4558897750511868,W1
2010-02-03,103330.10612819548,106935.2108046992,-3.371298049889202,W1
2010-02-03,103473.60028018853,106935.2108046992,-3.237110114116458,W1
2010-02-03,103500.80437044236,106935.2108046992,-3.211670326745101,W1
2010-02-03,103650.55985746946,106935.2108046992,-3.0716271305890626,W1
2010-02-04,103737.7205458596,106935.2108046992,-2.990119189720712,W1
2010-02-04,103830.96881205167,106935.2108046992,-2.9029184767933587,W1
2010-02-05,103895.78517613572,106935.2108046992,-2.8423057341837916,W1
2010-02-08,103940.09224538482,106935.2108046992,-2.8008721699576715,W1
2010-02-09,103990.89433168773,106935.2108046992,-2.753364818617905,W1
2010-02-09,104095.78282711984,106935.2108046992,-2.6552787956486568,W1
2010-02-09,104062.10054501116,106935.2108046992,-2.686776636121612,W1
2010-02-09,104042.71070390819,106935.2108046992,-2.7049089621880733,W1
2010-02-09,104003.20656707228,106935.2108046992,-2.7418510849357034,W1
2010-02-09,103814.52733797836,106935.2108046992,-2.9182936501806656,W1
2010-02-09,103863.28480445569,106935.2108046992,-2.872698316229928,W1
2010-02-09,103832.35839499279,106935.2108046992,-2.9016190143144773,W1
2010-02-09,103821.984484104,106935.2108046992,-2.911320132225704,W1
2010-02-09,103663.93354955179,106935.2108046992,-3.059120780265638,W1
2010-02-09,103688.94004916388,106935.2108046992,-3.0357360602805965,W1
2010-02-09,103611.52208758394,106935.2108046992,-3.1081331322995864,W1
2010-02-09,103369.1933941269,106935.2108046992,-3.334745762165371,W1
2010-02-09,103235.71918712695,106935.2108046992,-3.459563589703691,W1
2010-02-09,103229.89499951687,106935.2108046992,-3.4650100535636787,W1
2010-02-09,103272.91088763461,106935.2108046992,-3.4247839317895235,W1
2010-02-10,103318.91860261907,106935.2108046992,-3.381760016057516,W1
2010-02-10,103370.6048721008,106935.2108046992,-3.3334258246412554,W1
2010-02-10,103469.8269492527,106935.2108046992,-3.240638728225352,W1
2010-02-10,103584.24094790888,106935.2108046992,-3.1336449721040514,W1
2010-02-10,103427.37230547522,106935.2108046992,-3.28034000478151,W1
2010-02-10,103155.04402704489,106935.2108046992,-3.535006616817929,W1
2010-02-10,102996.69822422607,106935.2108046992,-3.6830830096423774,W1
2010-02-10,102965.70282829099,106935.2108046992,-3.7120682201280895,W1
2010-02-11,101886.40557829355,106935.2108046992,-4.721368376620616,W1
2010-02-12,101796.41715695093,106935.2108046992,-4.805520659732455,W1
2010-02-12,101850.42635318077,106935.2108046992,-4.755014193411954,W1
2010-02-12,101925.47425366027,106935.2108046992,-4.684833473782973,W1
2010-02-12,102039.90759036552,106935.2108046992,-4.577821633768705,W1
2010-02-16,102349.37668220447,106935.2108046992,-4.288422950668756,W1
2010-02-16,102415.64762168466,106935.2108046992,-4.226449968167017,W1
2010-02-16,102440.74680689427,106935.2108046992,-4.202978573646233,W1
2010-02-16,102407.80857261377,106935.2108046992,-4.233780621009902,W1
2010-02-16,102463.84269755169,106935.2108046992,-4.181380551363745,W1
2010-02-16,102532.73546262963,106935.2108046992,-4.116955779990956,W1
2010-02-18,102517.10526288177,106935.2108046992,-4.131572293700744,W1
2010-02-18,102416.78951859618,106935.2108046992,-4.225382128207732,W1
2010-02-26,102738.90688463296,106935.2108046992,-3.9241554661823717,W1
2010-03-01,102912.73223149138,106935.2108046992,-3.761603444682287,W1
2010-03-01,103184.10159572713,106935.2108046992,-3.507833557108616,W1
2010-03-01,103420.28922304009,106935.2108046992,-3.2869637186937264,W1
2010-03-01,103534.30981537886,106935.2108046992,-3.1803378547890766,W1
2010-03-01,103654.77846711602,106935.2108046992,-3.0676821160191996,W1
2010-03-01,103918.73200547024,106935.2108046992,-2.820847105952875,W1
2010-03-01,104027.48364290307,106935.2108046992,-2.7191484824457457,W1
2010-03-03,104167.10427405368,106935.2108046992,-2.588582852939852,W1
2010-03-03,104274.66967288435,106935.2108046992,-2.4879935353322726,W1
2010-03-04,104133.86720533979,106935.2108046992,-2.6196643540317535,W1
2010-03-05,104285.64295588566,106935.2108046992,-2.4777319171816807,W1
2010-03-05,104234.18991442047,106935.2108046992,-2.525848006426754,W1
2010-03-09,104368.13936225051,106935.2108046992,-2.400585759481091,W1
2010-03-10,104484.78344942465,106935.2108046992,-2.291506545725045,W1
2010-03-15,104648.69037896498,106935.2108046992,-2.1382296892930865,W1
2010-03-16,104809.42527793441,106935.2108046992,-1.98791914353376,W1
2010-03-17,105074.08216412026,106935.2108046992,-1.740426400783938,W1
2010-03-18,105199.99493816249,106935.2108046992,-1.622679614580667,W1
2010-03-18,105306.24456587926,106935.2108046992,-1.5233207346409106,W1
2010-03-19,105409.56336912731,106935.2108046992,-1.426702602530291,W1
2010-03-22,105334.82970707816,106935.2108046992,-1.4965894634498853,W1
2010-03-22,105406.95798435132,106935.2108046992,-1.429139016837968,W1
2010-03-22,105474.07972567374,106935.2108046992,-1.366370410672306,W1
2010-03-23,105727.65679759748,106935.2108046992,-1.1292389083209868,W1
2010-03-23,105868.16508008025,106935.2108046992,-0.9978431955099966,W1
2010-03-24,106046.9376754196,106935.2108046992,-0.8306647759846882,W1
2010-03-24,106468.76528976057,106935.2108046992,-0.43619450640119406,W1
2010-03-25,106144.07811184468,106935.2108046992,-0.7398243168935386,W1
2010-03-25,106099.478336699,106935.2108046992,-0.7815316037731884,W1
2010-03-25,105579.76516283774,106935.2108046992,-1.267539131088436,W1
2010-03-25,105697.53541474578,106935.2108046992,-1.1574067892509678,W1
2010-03-26,105749.47374607193,106935.2108046992,-1.1088368832908,W1
2010-03-26,105702.57611955609,106935.2108046992,-1.1526929959434353,W1
2010-03-26,105398.17086563476,106935.2108046992,-1.4373562529105715,W1
2010-03-26,105042.82636184369,106935.2108046992,-1.7696551291339082,W1
2010-03-26,105037.05656447938,106935.2108046992,-1.775050730190744,W1
2010-03-26,105036.87101081893,106935.2108046992,-1.7752242498939923,W1
2010-03-29,105662.71944149846,106935.2108046992,-1.1899647960901882,W1
2010-03-29,105772.64646567356,106935.2108046992,-1.0871670147533448,W1
2010-03-29,105919.87515207271,106935.2108046992,-0.9494867452787399,W1
2010-03-30,105829.12201067543,106935.2108046992,-1.0343541530430753,W1
2010-03-30,105916.9111278856,106935.2108046992,-0.952258539680981,W1
2010-03-31,105614.15625184533,106935.2108046992,-1.2353784529088203,W1
2010-03-31,105487.42404194664,106935.2108046992,-1.3538915310100534,W1
2010-04-01,105509.9051653607,106935.2108046992,-1.3328684056569613,W1
2010-04-01,105617.24933818512,106935.2108046992,-1.2324859665925552,W1
2010-04-01,105731.64203205412,106935.2108046992,-1.125512133550865,W1
2010-04-01,105779.75484974183,106935.2108046992,-1.0805196401283004,W1
2010-04-05,105986.45118017934,106935.2108046992,-0.8872284604671793,W1
2010-04-05,106172.05989937927,106935.2108046992,-0.7136572692728114,W1
2010-04-05,106396.12929415678,106935.2108046992,-0.5041197436146416,W1
2010-04-05,106534.83878134169,106935.2108046992,-0.3744061664485173,W1
2010-04-05,106679.44856650001,106935.2108046992,-0.23917495114523823,W1
2010-04-05,106919.18593678893,106935.2108046992,-0.014985585935345054,W1
2010-04-05,107030.12868208255,107030.12868208255,0.0,W1
2010-04-05,106888.38529010785,107030.12868208255,-0.13243316972525215,W1
2010-04-05,106753.14758805945,107030.12868208255,-0.2587879669338981,W1
2010-04-05,106919.32388980375,107030.12868208255,-0.10352672994342092,W1
2010-04-06,107167.67101274147,107167.67101274147,0.0,W1
2010-04-06,107436.2997116896,107436.2997116896,0.0,W1
2010-04-06,107655.7951755278,107655.7951755278,0.0,W1
2010-04-06,107759.98612349766,107759.98612349766,0.0,W1
2010-04-06,107949.16728351217,107949.16728351217,0.0,W1
2010-04-06,108141.11522868914,108141.11522868914,0.0,W1
2010-04-06,108251.27113938736,108251.27113938736,0.0,W1
2010-04-06,108537.39032211705,108537.39032211705,0.0,W1
2010-04-06,108399.50807214125,108537.39032211705,-0.12703663646839916,W1
2010-04-06,108218.3743031261,108537.39032211705,-0.29392269156663525,W1
2010-04-07,108291.55692681517,108537.39032211705,-0.22649650463521356,W1
2010-04-07,108237.55570076592,108537.39032211705,-0.2762500742474795,W1
2010-04-07,108249.56185607663,108537.39032211705,-0.2651883053261187,W1
2010-04-07,108048.622719518,108537.39032211705,-0.45032186709896727,W1
2010-04-09,108040.7081948255,108537.39032211705,-0.4576138470046941,W1
2010-04-09,108143.20084291018,108537.39032211705,-0.3631831187731607,W1
2010-04-12,108202.31475192441,108537.39032211705,-0.3087190222633901,W1
2010-04-13,108267.2973184558,108537.39032211705,-0.2488478881421963,W1
2010-04-14,108385.35125485196,108537.39032211705,-0.14007989948335925,W1
2010-04-14,108518.24841314554,108537.39032211705,-0.017636234770981828,W1
2010-04-14,108595.6651977619,108595.6651977619,0.0,W1
2010-04-14,108492.56437569828,108595.6651977619,-0.09494008980549386,W1
2010-04-14,108634.6293390762,108634.6293390762,0.0,W1
2010-04-15,108700.206709878,108700.206709878,0.0,W1
2010-04-15,108760.63832641015,108760.63832641015,0.0,W1
2010-04-15,109117.19744758714,109117.19744758714,0.0,W1
2010-04-16,109104.04537096551,109117.19744758714,-0.0120531657055659,W1
2010-04-19,109034.90453391137,109117.19744758714,-0.07541699713768958,W1
2010-04-19,109065.18067281898,109117.19744758714,-0.04767055604882155,W1
2010-04-20,108992.12139837218,109117.19744758714,-0.11462542306865518,W1
2010-04-20,108958.23061002654,109117.19744758714,-0.14568449454262727,W1
2010-04-20,109036.63766199068,109117.19744758714,-0.07382867914579143,W1
2010-04-20,109118.89377098481,109118.89377098481,0.0,W1
2010-04-21,109198.69499152541,109198.69499152541,0.0,W1
2010-04-21,109440.1969936583,109440.1969936583,0.0,W1
2010-04-21,109516.79052802699,109516.79052802699,0.0,W1
2010-04-21,109584.45179629658,109584.45179629658,0.0,W1
2010-04-21,109520.1268278264,109584.45179629658,-0.05869899188777715,W1
2010-04-21,109557.5888134515,109584.45179629658,-0.024513498406703006,W1
2010-04-21,109557.05047349307,109584.45179629658,-0.025004754191259956,W1
2010-04-21,109499.6573304923,109584.45179629658,-0.07737819044065249,W1
2010-04-22,109567.6130594656,109584.45179629658,-0.015365990845379025,W1
2010-04-22,109652.94496386628,109652.94496386628,0.0,W1
2010-04-22,109720.01376011626,109720.01376011626,0.0,W1
2010-04-23,109741.03430812171,109741.03430812171,0.0,W1
2010-04-23,109814.32292040532,109814.32292040532,0.0,W1
2010-04-23,109954.16493853385,109954.16493853385,0.0,W1
2010-04-23,110090.84374783884,110090.84374783884,0.0,W1
2010-04-26,110199.13133670605,110199.13133670605,0.0,W1
2010-04-26,110375.02459887744,110375.02459887744,0.0,W1
2010-04-26,110463.24978539246,110463.24978539246,0.0,W1
2010-04-26,110453.36107396637,110463.24978539246,-0.008952037392796885,W1
2010-04-26,110473.68541011083,110473.68541011083,0.0,W1
2010-04-26,110353.91126881335,110473.68541011083,-0.10841870700054011,W1
2010-04-26,110348.00581784258,110473.68541011083,-0.11376427952203348,W1
2010-04-26,110346.97693092923,110473.68541011083,-0.1146956206912282,W1
2010-04-28,110496.4812812456,110496.4812812456,0.0,W1
2010-04-28,110564.94722864944,110564.94722864944,0.0,W1
2010-04-28,110660.2472351939,110660.2472351939,0.0,W1
2010-04-29,110579.31828752851,110660.2472351939,-0.07313280937588186,W1
2010-04-29,110546.50742487861,110660.2472351939,-0.10278289915036641,W1
2010-04-29,110567.6111588607,110660.2472351939,-0.08371215377489542,W1
2010-04-29,110728.456581493,110728.456581493,0.0,W1
2010-04-29,110935.19678196518,110935.19678196518,0.0,W1
2010-04-29,111022.43110418641,111022.43110418641,0.0,W1
2010-04-30,111002.22702957613,111022.43110418641,-0.0181981914909849,W1
2010-05-03,111125.71944336497,111125.71944336497,0.0,W1
2010-05-03,111191.5695164444,111191.5695164444,0.0,W1
2010-05-03,111250.84834713358,111250.84834713358,0.0,W1
2010-05-04,111146.5129816116,111250.84834713358,-0.09378388306435932,W1
2010-05-04,110914.53248463017,111250.84834713358,-0.3023040880137948,W1
2010-05-04,110842.18561106316,111250.84834713358,-0.36733448970678745,W1
2010-05-05,110570.98823087681,111250.84834713358,-0.6111055568182384,W1
2010-05-05,110374.45960076006,111250.84834713358,-0.7877591581494632,W1
2010-05-10,110522.52085557635,111250.84834713358,-0.6546714046482067,W1
2010-05-10,110800.66114118422,111250.84834713358,-0.404659571264259,W1
2010-05-11,110931.49905895464,111250.84834713358,-0.2870533509843304,W1
2010-05-12,111062.59961463501,111250.84834713358,-0.16921105348444812,W1
2010-05-13,111019.29568698413,111250.84834713358,-0.20813563544876593,W1
2010-05-14,110868.68599891399,111250.84834713358,-0.3435140980023214,W1
2010-05-14,110635.2230698561,111250.84834713358,-0.5533668160053513,W1
2010-05-14,110551.14816991663,111250.84834713358,-0.628939183487111,W1
2010-05-21,110612.07545006026,111250.84834713358,-0.5741735065967013,W1
2010-05-21,110683.51591775432,111250.84834713358,-0.5099578455429112,W1
2010-05-24,110777.04782775437,111250.84834713358,-0.4258848596828815,W1
2010-05-25,110543.1817604429,111250.84834713358,-0.636099946386537,W1
2010-05-25,110359.17701704743,111250.84834713358,-0.8014962072953208,W1
2010-05-25,110417.77978896028,111250.84834713358,-0.7488199600724772,W1
2010-05-27,110452.84696027589,111250.84834713358,-0.7172991475693805,W1
2010-05-27,110427.95787773434,111250.84834713358,-0.7396711859954453,W1
2010-05-27,110474.19712165724,111250.84834713358,-0.6981081376143476,W1
2010-05-27,110474.0698196512,111250.84834713358,-0.6982225655112478,W1
2010-05-27,110409.09983111429,111250.84834713358,-0.756622109876231,W1
2010-05-27,110360.83782002515,111250.84834713358,-0.8000033620699698,W1
2010-05-27,110359.8964481223,111250.84834713358,-0.8008495326087465,W1
2010-05-27,110363.33148831995,111250.84834713358,-0.7977618795717675,W1
2010-05-27,110145.59470034274,111250.84834713358,-0.9934788482170824,W1
2010-05-27,110070.99988847812,111250.84834713358,-1.0605298531962648,W1
2010-05-27,109979.2144769897,111250.84834713358,-1.1430329647249329,W1
2010-05-27,109910.0938434436,111250.84834713358,-1.2051633975018832,W1
2010-05-27,109893.15456363992,111250.84834713358,-1.2203896003177184,W1
2010-05-27,109948.92574801426,111250.84834713358,-1.1702585809116377,W1
2010-05-27,109945.81187999013,111250.84834713358,-1.1730575420614988,W1
2010-05-27,109939.0951026865,111250.84834713358,-1.179095048654416,W1
2010-05-27,110014.70528155354,111250.84834713358,-1.1111313611945914,W1
2010-05-27,110245.46391797996,111250.84834713358,-0.903709449492505,W1
2010-05-27,110301.37762602302,111250.84834713358,-0.8534503199004321,W1
2010-05-27,110441.35555730882,111250.84834713358,-0.7276284197841913,W1
2010-05-27,110468.89593268302,111250.84834713358,-0.7028732149625024,W1
2010-05-27,110375.23533542808,111250.84834713358,-0.7870618738774413,W1
2010-05-27,110290.35190008876,111250.84834713358,-0.8633610092102864,W1
2010-05-27,110270.3399757282,111250.84834713358,-0.8813491186565315,W1
2010-06-30,109855.47648443069,111250.84834713358,-1.254257278424465,W1
2010-06-30,109554.1540160381,111250.84834713358,-1.5251068700180364,W1
2010-08-02,109660.4010570458,111250.84834713358,-1.4296046400699218,W1
2010-08-09,109781.81449695863,111250.84834713358,-1.3204697959616059,W1
2010-08-11,110013.23625109604,111250.84834713358,-1.1124518279409854,W1
2010-08-11,109884.41921871527,111250.84834713358,-1.2282415358799548,W1
2010-08-11,109664.81117329892,111250.84834713358,-1.4256405208576761,W1
2010-08-11,109348.36297697724,111250.84834713358,-1.710086168709525,W1
2010-08-11,109399.64794331075,111250.84834713358,-1.663987674095368,W1
2010-08-12,109146.76417518647,111250.84834713358,-1.8912971929722089,W1
2010-08-17,108796.40077620602,111250.84834713358,-2.2062281837788764,W1
2010-08-17,108428.63976885086,111250.84834713358,-2.5367973549978196,W1
2010-08-17,108267.4384108318,111250.84834713358,-2.6816963471529722,W1
2010-08-17,107979.7119071115,111250.84834713358,-2.9403249400986335,W1
2010-08-17,107721.7205769741,111250.84834713358,-3.172225490944232,W1
2010-08-17,107643.00265801996,111250.84834713358,-3.242982631337906,W1
2010-08-17,107497.27474673104,111250.84834713358,-3.373973013392532,W1
2010-08-17,107328.10048604941,111250.84834713358,-3.526038604976836,W1
2010-08-17,107049.96467476786,111250.84834713358,-3.7760464165251038,W1
2010-08-17,107196.76077249995,111250.84834713358,-3.644095874202904,W1
2010-08-17,106890.49925639956,111250.84834713358,-3.9193850253874154,W1
2010-08-19,106849.46943444265,111250.84834713358,-3.9562654829897554,W1
2010-09-16,107133.20395200877,111250.84834713358,-3.70122516484244,W1
2010-09-17,107345.88962291925,111250.84834713358,-3.510048491522307,W1
2010-09-20,107497.56586681156,111250.84834713358,-3.3737113344167304,W1
2010-09-21,107473.34721559042,111250.84834713358,-3.395480742543471,W1
2010-09-21,107431.46728188224,111250.84834713358,-3.4331253397131896,W1
2010-09-22,107389.15348215098,111250.84834713358,-3.471159925839875,W1
2010-09-22,107503.0579783879,111250.84834713358,-3.368774642555118,W1
2010-09-22,107654.36759098891,111250.84834713358,-3.232767039153396,W1
2010-09-22,107994.02905552395,111250.84834713358,-2.927455691346684,W1
2010-09-23,108105.54952228723,111250.84834713358,-2.82721333956227,W1
2010-09-24,108230.51490118868,111250.84834713358,-2.7148857656533245,W1
2010-09-24,108687.224177184,111250.84834713358,-2.30436370422125,W1
2010-09-24,109036.36473674096,111250.84834713358,-1.9905318865370054,W1
2010-09-27,108882.47481784521,111250.84834713358,-2.128858848696938,W1
2010-09-28,109005.43864593745,111250.84834713358,-2.0183304078633406,W1
2010-09-28,109085.07435793696,111250.84834713358,-1.9467482912479035,W1
2010-09-28,109105.28838180595,111250.84834713358,-1.928578520707443,W1
2010-09-28,109020.87409704749,111250.84834713358,-2.004455950868751,W1
2010-09-28,109121.16900152461,111250.84834713358,-1.914303915205908,W1
2010-09-28,109240.4820676048,111250.84834713358,-1.8070570331795404,W1
2010-09-28,109195.92029045551,111250.84834713358,-1.8471122577565595,W1
2010-09-28,109163.10992458898,111250.84834713358,-1.8766044965610291,W1
2010-09-30,109255.54847919452,111250.84834713358,-1.7935142945725395,W1
2010-10-04,109428.85320592142,111250.84834713358,-1.6377359528324924,W1
2010-10-05,109569.38570312301,111250.84834713358,-1.5114155703010308,W1
2010-10-05,109877.24141213122,111250.84834713358,-1.234693447654732,W1
2010-10-05,109802.93123732667,111250.84834713358,-1.3014886010477884,W1
2010-10-06,110032.02572039688,111250.84834713358,-1.0955625461242628,W1
2010-10-06,110165.52258549897,111250.84834713358,-0.9755662790526244,W1
2010-10-07,110314.13640303959,111250.84834713358,-0.8419818437439544,W1
2010-10-07,110379.81152446505,111250.84834713358,-0.7829484768966858,W1
2010-10-08,110527.35126435089,111250.84834713358,-0.6503294972863298,W1
2010-10-08,110631.30008906625,111250.84834713358,-0.5568930639829048,W1
2010-10-11,109992.6453244312,111250.84834713358,-1.1309603849279741,W1
2010-10-11,110006.09332134936,111250.84834713358,-1.118872389988651,W1
2010-10-11,109975.49297017095,111250.84834713358,-1.1463781138847293,W1
2010-10-11,109980.54168819998,111250.84834713358,-1.1418399749814798,W1
2010-10-11,110055.97955762313,111250.84834713358,-1.074031171233975,W1
2010-10-12,109833.95724614323,111250.84834713358,-1.273600266462022,W1
2010-10-12,109931.36382997947,111250.84834713358,-1.186044454274138,W1
2010-10-13,109983.97696001147,111250.84834713358,-1.138752113753884,W1
2010-10-13,110045.67393307519,111250.84834713358,-1.0832945833346919,W1
2010-10-13,110059.85519055517,111250.84834713358,-1.070547482804065,W1
2010-10-13,110085.92609234604,111250.84834713358,-1.0471131430410836,W1
2010-10-13,110155.13355584121,111250.84834713358,-0.9849046614668802,W1
2010-10-13,110199.23443073615,111250.84834713358,-0.9452637278918553,W1
2010-10-13,110344.50062770877,111250.84834713358,-0.8146883667769929,W1
2010-10-14,110414.12973601115,111250.84834713358,-0.7521008815246374,W1
2010-10-18,110417.76776010258,111250.84834713358,-0.7488307724463875,W1
2010-10-19,110428.73991529613,111250.84834713358,-0.7389682362441334,W1
2010-10-20,110454.5812496851,111250.84834713358,-0.7157402476284085,W1
2010-10-20,110516.98918145825,111250.84834713358,-0.6596436580739432,W1
2010-10-20,110551.21555405341,111250.84834713358,-0.6288786139383986,W1
2010-10-20,110610.44952898062,111250.84834713358,-0.5756349975460271,W1
2010-10-20,110660.63346973315,111250.84834713358,-0.5305261813004755,W1
2010-10-20,110671.15436312776,111250.84834713358,-0.5210692705884022,W1
2010-10-20,110547.7782567849,111250.84834713358,-0.6319682957876402,W1
2010-10-20,110525.46389686126,111250.84834713358,-0.6520259944525736,W1
2010-10-21,110647.70767567331,111250.84834713358,-0.5421447839914865,W1
2010-10-21,110722.88015391196,111250.84834713358,-0.47457453229858654,W1
2010-10-22,110864.87218774483,111250.84834713358,-0.3469422167320464,W1
2010-10-22,110756.48337581585,111250.84834713358,-0.4443696193445402,W1
2010-10-22,110731.58985007758,111250.84834713358,-0.46674565162484644,W1
2010-10-22,110850.79134415819,111250.84834713358,-0.3595990582715361,W1
2010-10-22,110995.11483515998,111250.84834713358,-0.22987106684852843,W1
2010-10-22,111071.86787276938,111250.84834713358,-0.16088009846516657,W1
2010-10-22,111164.97946886293,111250.84834713358,-0.07718491997715843,W1
2010-10-22,111265.73536354033,111265.73536354033,0.0,W1
2010-10-25,111338.86107999075,111338.86107999075,0.0,W1
2010-10-25,111407.11445089633,111407.11445089633,0.0,W1
2010-10-25,111502.22658806172,111502.22658806172,0.0,W1
2010-10-25,111574.26189973776,111574.26189973776,0.0,W1
2010-10-26,111468.3746529565,111574.26189973776,-0.09490293278965488,W1
2010-10-26,111107.54741604361,111574.26189973776,-0.41829941399347165,W1
2010-10-26,111198.68049848924,111574.26189973776,-0.33662010830600303,W1
2010-10-28,111193.55418326531,111574.26189973776,-0.34121464035725046,W1
2010-10-28,111153.41058255632,111574.26189973776,-0.3771939065656775,W1
2010-10-28,111160.20947969185,111574.26189973776,-0.37110029947406464,W1
2010-10-28,111176.56104323997,111574.26189973776,-0.35644498088203125,W1
2010-11-01,111198.01371974194,111574.26189973776,-0.3372177181274304,W1
2010-11-02,111186.60621301585,111574.26189973776,-0.3474418563218972,W1
2010-11-02,111309.10314636583,111574.26189973776,-0.23765225855601355,W1
2010-11-03,111405.49558578244,111574.26189973776,-0.15125918028207494,W1
2010-11-03,111545.14156829266,111574.26189973776,-0.026099506238513717,W1
2010-11-03,111617.29796288103,111617.29796288103,0.0,W1
2010-11-03,111693.78684801738,111693.78684801738,0.0,W1
2010-11-04,111801.9150622039,111801.9150622039,0.0,W1
2010-11-04,111866.81662231796,111866.81662231796,0.0,W1
2010-11-04,111986.49404021999,111986.49404021999,0.0,W1
2010-11-04,112099.53694256753,112099.53694256753,0.0,W1
2010-11-04,112176.50004888856,112176.50004888856,0.0,W1
2010-11-04,112247.64837003082,112247.64837003082,0.0,W1
2010-11-04,112343.06014598804,112343.06014598804,0.0,W1
2010-11-04,112763.99676272653,112763.99676272653,0.0,W1
2010-11-04,112944.02259945945,112944.02259945945,0.0,W1
2010-11-04,113246.19151839959,113246.19151839959,0.0,W1
2010-11-05,113300.23538075342,113300.23538075342,0.0,W1
2010-11-05,113317.40050806833,113317.40050806833,0.0,W1
2010-11-05,113270.00093998788,113317.40050806833,-0.04182902878810398,W1
2010-11-09,113219.56150723402,113317.40050806833,-0.08634066824304351,W1
2010-11-09,113195.27470167399,113317.40050806833,-0.10777321562864763,W1
2010-11-09,113126.20835799105,113317.40050806833,-0.16872267561737808,W1
2010-11-09,113079.68828248502,113317.40050806833,-0.2097755724341592,W1
2010-11-10,112770.77897801873,113317.40050806833,-0.4823809296707939,W1
2010-11-12,112217.48845007953,113317.40050806833,-0.9706470966129175,W1
2010-11-12,112104.8342087936,113317.40050806833,-1.070061873849981,W1
2010-11-15,112005.98301799933,113317.40050806833,-1.1572957764554643,W1
2010-11-16,112133.20468227792,113317.40050806833,-1.0450255834328712,W1
2010-11-17,112273.85481576323,113317.40050806833,-0.9209050751484485,W1
2010-11-17,112129.48787154327,113317.40050806833,-1.0483055834310946,W1
2010-11-17,112215.14890634702,113317.40050806833,-0.9727116901546149,W1
2010-11-18,112460.8357780071,113317.40050806833,-0.7558986759498109,W1
2010-11-18,112595.3878132195,113317.40050806833,-0.6371595991539042,W1
2010-11-18,112633.4441522893,113317.40050806833,-0.6035757551024353,W1
2010-11-19,112746.19157827612,113317.40050806833,-0.5040787445097947,W1
2010-11-19,112692.98896482913,113317.40050806833,-0.5510288273818461,W1
2010-11-19,112675.96107473294,113317.40050806833,-0.566055548803128,W1
2010-11-19,112704.90246586555,113317.40050806833,-0.5405154366907334,W1
2010-11-19,112746.10246383859,113317.40050806833,-0.5041573859515637,W1
2010-11-19,112948.02960323612,113317.40050806833,-0.3259613291304769,W1
2010-11-19,113118.7913976674,113317.40050806833,-0.1752679725359421,W1
2010-11-19,113364.67705911747,113364.67705911747,0.0,W1
2010-11-22,113480.43916494661,113480.43916494661,0.0,W1
2010-11-22,113587.21191996339,113587.21191996339,0.0,W1
2010-11-22,113526.4963603618,113587.21191996339,-0.053452812667306594,W1
2010-11-22,113234.24538630503,113587.21191996339,-0.31074495772205973,W1
2010-11-22,113142.77884140563,113587.21191996339,-0.39127034729131455,W1
2010-11-22,113079.29497056188,113587.21191996339,-0.4471603280124524,W1
2010-11-22,113247.35046000751,113587.21191996339,-0.29920750250948513,W1
2010-11-23,113215.56762833681,113587.21191996339,-0.32718849714213527,W1
2010-11-23,113025.26734994144,113587.21191996339,-0.4947252076386139,W1
2010-11-23,112834.98502261491,113587.21191996339,-0.6622461143588193,W1
2010-11-23,112640.21732038261,113587.21191996339,-0.8337158590071366,W1
2010-11-23,112470.98768760129,113587.21191996339,-0.9827023777541303,W1
2010-11-23,112199.0894070746,113587.21191996339,-1.222076402286287,W1
2010-11-23,112230.44413396406,113587.21191996339,-1.194472302881545,W1
2010-11-26,112348.62194286878,113587.21191996339,-1.090430829455834,W1
2010-11-26,112400.1277265757,113587.21191996339,-1.0450861266179734,W1
2010-11-26,112341.84504684433,113587.21191996339,-1.0963970785695265,W1
2010-11-26,112205.88080423498,113587.21191996339,-1.2160973866509968,W1
2010-11-26,112199.5551155188,113587.21191996339,-1.2216664015156644,W1
2010-11-30,112242.33528278394,113587.21191996339,-1.1840035638229103,W1
2010-12-02,112491.86504629665,113587.21191996339,-0.9643223520958968,W1
2010-12-02,112721.97381398668,113587.21191996339,-0.7617390121225767,W1
2010-12-03,112843.74401790544,113587.21191996339,-0.6545348631162963,W1
2010-12-03,113062.93012286849,113587.21191996339,-0.46156762564461873,W1
2010-12-06,113181.2740547008,113587.21191996339,-0.35737990078374665,W1
2010-12-09,113205.12200117113,113587.21191996339,-0.3363846266967915,W1
2010-12-10,113098.82146820187,113587.21191996339,-0.42996957448488893,W1
2010-12-10,112879.5756855701,113587.21191996339,-0.6229893510300303,W1
2010-12-10,112798.95389766923,113587.21191996339,-0.6939672248048393,W1
2010-12-10,112939.01534231952,113587.21191996339,-0.570659818730836,W1
2010-12-13,113162.93203535858,113587.21191996339,-0.3735278623651481,W1
2010-12-13,113484.00429053654,113587.21191996339,-0.09086201490672297,W1
2010-12-14,113647.62847789176,113647.62847789176,0.0,W1
2010-12-15,113793.501493735,113793.501493735,0.0,W1
2010-12-16,113936.2574936688,113936.2574936688,0.0,W1
2010-12-16,113585.42637440603,113936.2574936688,-0.30791876701959286,W1
2010-12-16,113440.6193731569,113936.2574936688,-0.43501351669327215,W1
2010-12-16,113488.32771930606,113936.2574936688,-0.3931406772665233,W1
2010-12-17,113349.86052779327,113936.2574936688,-0.5146710790532351,W1
2010-12-17,113558.33283836253,113936.2574936688,-0.33169832292171775,W1
2010-12-17,113598.75326785403,113936.2574936688,-0.296221969405593,W1
2010-12-17,113732.6481347951,113936.2574936688,-0.17870462252546135,W1
2010-12-17,113857.59797825752,113936.2574936688,-0.06903817725947192,W1
2010-12-17,114090.04803832591,114090.04803832591,0.0,W1
2010-12-20,114340.8271900669,114340.8271900669,0.0,W1
2010-12-20,114486.55756733866,114486.55756733866,0.0,W1
2010-12-20,114781.095921658,114781.095921658,0.0,W1
2010-12-20,115007.87827784353,115007.87827784353,0.0,W1
2010-12-20,115057.02127088381,115057.02127088381,0.0,W1
2010-12-20,115305.61516674959,115305.61516674959,0.0,W1
2010-12-20,115191.94489978383,115305.61516674959,-0.09858172717900059,W1
2010-12-20,115197.73162961198,115305.61516674959,-0.09356312524900745,W1
2010-12-20,115098.8753269771,115305.61516674959,-0.179297287017213,W1
2010-12-20,115217.52625084673,115305.61516674959,-0.07639603307737375,W1
2010-12-20,115393.28698463022,115393.28698463022,0.0,W1
2010-12-21,115338.0862780556,115393.28698463022,-0.04783701722784549,W1
2010-12-21,115303.61022526225,115393.28698463022,-0.07771401760997869,W1
2010-12-21,115726.94737214754,115726.94737214754,0.0,W1
2010-12-21,115846.48808502023,115846.48808502023,0.0,W1
2010-12-21,115984.06937117375,115984.06937117375,0.0,W1
2010-12-21,116117.3563906128,116117.3563906128,0.0,W1
2010-12-22,116112.41063933315,116117.3563906128,-0.004259269616002512,W1
2010-12-22,116305.34589768607,116305.34589768607,0.0,W1
2010-12-22,116507.50375199968,116507.50375199968,0.0,W1
2010-12-22,116576.77173982438,116576.77173982438,0.0,W1
2010-12-22,116796.35097869036,116796.35097869036,0.0,W1
2010-12-27,116828.7118949358,116828.7118949358,0.0,W1
2010-12-27,116895.23138286071,116895.23138286071,0.0,W1
2010-12-27,116993.49385087467,116993.49385087467,0.0,W1
2010-12-27,117057.60401892837,117057.60401892837,0.0,W1
2010-12-27,117086.0678556899,117086.0678556899,0.0,W1
2010-12-27,116935.23664319856,117086.0678556899,-0.12882080272542495,W1
2010-12-27,117085.65943717306,117086.0678556899,-0.0003488190561968074,W1
2010-12-28,116980.24941400159,117086.0678556899,-0.09037662945409013,W1
2010-12-28,117127.56558480227,117127.56558480227,0.0,W1
2010-12-31,117015.12645931776,117127.56558480227,-0.09599715056239487,W1
2010-12-31,116944.3329571362,117127.56558480227,-0.15643851791097946,W1
2010-12-31,116747.13904342882,117127.56558480227,-0.3247967628064623,W1
2011-01-06,100016.56617723954,100016.56617723954,0.0,W2
2011-01-07,100116.68401539058,100116.68401539058,0.0,W2
2011-01-10,100271.17576690315,100271.17576690315,0.0,W2
2011-01-10,100337.26668522875,100337.26668522875,0.0,W2
2011-01-10,100398.82378978879,100398.82378978879,0.0,W2
2011-01-10,100484.01553399634,100484.01553399634,0.0,W2
2011-01-10,100549.99320404006,100549.99320404006,0.0,W2
2011-01-11,100656.77531332357,100656.77531332357,0.0,W2
2011-01-11,100750.03148832596,100750.03148832596,0.0,W2
2011-01-11,100814.18316451595,100814.18316451595,0.0,W2
2011-01-12,100824.07167911962,100824.07167911962,0.0,W2
2011-01-12,100816.40528189871,100824.07167911962,-0.007603736977916464,W2
2011-01-12,100804.50681874907,100824.07167911962,-0.019404949675921872,W2
2011-01-12,100826.11981556588,100826.11981556588,0.0,W2
2011-01-12,100972.09499826023,100972.09499826023,0.0,W2
2011-01-13,101031.87428443838,101031.87428443838,0.0,W2
2011-01-13,101091.89753879141,101091.89753879141,0.0,W2
2011-01-13,101183.40714401127,101183.40714401127,0.0,W2
2011-01-14,101248.00980389894,101248.00980389894,0.0,W2
2011-01-14,101229.17111096875,101248.00980389894,-0.018606482208074853,W2
2011-01-14,101210.23413819807,101248.00980389894,-0.03731003283327501,W2
2011-01-14,101240.39787381634,101248.00980389894,-0.007518103414910448,W2
2011-01-14,101262.69778554115,101262.69778554115,0.0,W2
2011-01-14,101278.50475024663,101278.50475024663,0.0,W2
2011-01-14,101229.87410969594,101278.50475024663,-0.04801674419524124,W2
2011-01-14,101311.54928565037,101311.54928565037,0.0,W2
2011-01-14,101458.26326906352,101458.26326906352,0.0,W2
2011-01-14,101595.54613644278,101595.54613644278,0.0,W2
2011-01-18,101670.28400590022,101670.28400590022,0.0,W2
2011-01-18,101739.68570030518,101739.68570030518,0.0,W2
2011-01-18,101834.76272275994,101834.76272275994,0.0,W2
2011-01-18,101905.13837230872,101905.13837230872,0.0,W2
2011-01-18,101980.33308564046,101980.33308564046,0.0,W2
2011-01-18,102123.94386553302,102123.94386553302,0.0,W2
2011-01-18,102194.42806769031,102194.42806769031,0.0,W2
2011-01-18,102270.73586040865,102270.73586040865,0.0,W2
2011-01-18,102275.77472002953,102275.77472002953,0.0,W2
2011-01-18,102277.19906269721,102277.19906269721,0.0,W2
2011-01-18,102260.64857250248,102277.19906269721,-0.016181993979500982,W2
2011-01-18,102267.04695953977,102277.19906269721,-0.009926066856029325,W2
2011-01-18,102252.2159393703,102277.19906269721,-0.024426874763740804,W2
2011-01-18,102267.54329724151,102277.19906269721,-0.009440780099753491,W2
2011-01-18,102178.71830088738,102277.19906269721,-0.09628809031958098,W2
2011-01-20,102258.70765808567,102277.19906269721,-0.01807969398947766,W2
2011-01-20,102283.65582989003,102283.65582989003,0.0,W2
2011-01-21,102285.54791262405,102285.54791262405,0.0,W2
2011-01-21,102256.02348057856,102285.54791262405,-0.028864715150879107,W2
2011-01-21,102263.41251634048,102285.54791262405,-0.021640785756439285,W2
2011-01-24,102128.93989122765,102285.54791262405,-0.15310864984580383,W2
2011-01-24,102232.94788473556,102285.54791262405,-0.05142469191583373,W2
2011-01-25,102260.49065409646,102285.54791262405,-0.024497359635791135,W2
2011-01-25,102386.71612503528,102386.71612503528,0.0,W2
2011-01-25,102451.02101982453,102451.02101982453,0.0,W2
2011-01-25,102556.48385038403,102556.48385038403,0.0,W2
2011-01-25,102651.21368812336,102651.21368812336,0.0,W2
2011-01-26,102738.13992851075,102738.13992851075,0.0,W2
2011-01-26,102874.9028913291,102874.9028913291,0.0,W2
2011-01-26,103031.71913929646,103031.71913929646,0.0,W2
2011-01-26,103119.1365558991,103119.1365558991,0.0,W2
2011-01-26,103248.462711278,103248.462711278,0.0,W2
2011-01-26,103097.40316217634,103248.462711278,-0.14630682640193632,W2
2011-01-26,103176.11037757157,103248.462711278,-0.07007594283388986,W2
2011-01-26,103407.76583397543,103407.76583397543,0.0,W2
2011-01-26,103338.35190975036,103407.76583397543,-0.06712641324880178,W2
2011-01-26,103388.93189934739,103407.76583397543,-0.018213269067508316,W2
2011-01-26,103501.98795837718,103501.98795837718,0.0,W2
2011-01-27,103561.38176103373,103561.38176103373,0.0,W2
2011-01-27,103689.5252706054,103689.5252706054,0.0,W2
2011-01-27,103749.77269047835,103749.77269047835,0.0,W2
2011-01-27,103813.357457891,103813.357457891,0.0,W2
2011-01-27,103889.73796633864,103889.73796633864,0.0,W2
2011-01-27,104039.66504277925,104039.66504277925,0.0,W2
2011-01-27,104193.14366988908,104193.14366988908,0.0,W2
2011-01-28,104431.17948007863,104431.17948007863,0.0,W2
2011-01-28,104260.41810802871,104431.17948007863,-0.1635156979937163,W2
2011-01-28,104200.56992433894,104431.17948007863,-0.22082442895675847,W2
2011-01-28,104134.4841956739,104431.17948007863,-0.2841060360343163,W2
2011-01-28,103978.30568228589,104431.17948007863,-0.4336576490349112,W2
2011-01-28,103877.34002469481,104431.17948007863,-0.5303391746997036,W2
2011-01-31,103834.58023172987,104431.17948007863,-0.5712846022796976,W2
2011-01-31,103661.89825534177,104431.17948007863,-0.7366394103435413,W2
2011-01-31,103897.34409742449,104431.17948007863,-0.5111839062930217,W2
2011-01-31,103922.18288287002,104431.17948007863,-0.48739906964825874,W2
2011-01-31,104009.66018730089,104431.17948007863,-0.40363356506774706,W2
2011-02-01,104084.88975050018,104431.17948007863,-0.33159611076164097,W2
2011-02-01,104108.73641739982,104431.17948007863,-0.30876129550975573,W2
2011-02-02,104100.98076509296,104431.17948007863,-0.31618786326995496,W2
2011-02-02,104161.15187690144,104431.17948007863,-0.25856990653706474,W2
2011-02-02,104286.00627971205,104431.17948007863,-0.1390132727499026,W2
2011-02-02,104385.54548197272,104431.17948007863,-0.043697675668423155,W2
2011-02-02,104455.53804503994,104455.53804503994,0.0,W2
2011-02-03,104448.27238289436,104455.53804503994,-0.0069557462261596375,W2
2011-02-04,104581.36601669896,104581.36601669896,0.0,W2
2011-02-04,104641.7523260533,104641.7523260533,0.0,W2
2011-02-07,105002.23562065305,105002.23562065305,0.0,W2
2011-02-07,105369.66414450236,105369.66414450236,0.0,W2
2011-02-07,105427.46932087367,105427.46932087367,0.0,W2
2011-02-07,105671.34629035821,105671.34629035821,0.0,W2
2011-02-08,105709.64524363878,105709.64524363878,0.0,W2
2011-02-08,105768.78777177737,105768.78777177737,0.0,W2
2011-02-08,105842.82751982592,105842.82751982592,0.0,W2
2011-02-08,105957.43456621809,105957.43456621809,0.0,W2
2011-02-09,106109.85451157806,106109.85451157806,0.0,W2
2011-02-09,106258.72969166686,106258.72969166686,0.0,W2
2011-02-09,106306.12150313077,106306.12150313077,0.0,W2
2011-02-09,106275.25762034503,106306.12150313077,-0.029033024955977545,W2
2011-02-11,106429.51973982793,106429.51973982793,0.0,W2
2011-02-14,106607.87284951724,106607.87284951724,0.0,W2
2011-02-14,106768.00739103438,106768.00739103438,0.0,W2
2011-02-14,106911.41069274629,106911.41069274629,0.0,W2
2011-02-14,107182.06911912278,107182.06911912278,0.0,W2
2011-02-15,107290.49995727882,107290.49995727882,0.0,W2
2011-02-15,107392.25057228113,107392.25057228113,0.0,W2
2011-02-16,107504.3224235407,107504.3224235407,0.0,W2
2011-02-16,107403.40601827035,107504.3224235407,-0.09387195137396975,W2
2011-02-17,107528.81652117563,107528.81652117563,0.0,W2
2011-02-17,107699.74358229373,107699.74358229373,0.0,W2
2011-02-18,107811.3262547888,107811.3262547888,0.0,W2
2011-02-18,108104.4623004501,108104.4623004501,0.0,W2
2011-02-22,108002.30594305438,108104.4623004501,-0.09449781740905924,W2
2011-02-24,107839.71028332588,108104.4623004501,-0.24490387490981397,W2
2011-02-25,107845.77066737827,108104.4623004501,-0.23929783060468598,W2
2011-02-28,108003.71748673737,108104.4623004501,-0.09319209546849234,W2
2011-02-28,108110.71075733683,108110.71075733683,0.0,W2
2011-02-28,108029.76405444727,108110.71075733683,-0.07487389762079268,W2
2011-02-28,107982.01672830498,108110.71075733683,-0.11903911104673927,W2
2011-03-02,107814.38756609193,108110.71075733683,-0.2740923532637007,W2
2011-03-02,107293.81597840921,108110.71075733683,-0.7556094795835719,W2
2011-03-03,107328.32357183003,108110.71075733683,-0.7236907240975688,W2
2011-03-08,107445.60224926524,108110.71075733683,-0.6152105590763113,W2
2011-03-09,106883.07063549985,108110.71075733683,-1.1355397751407896,W2
2011-03-09,107118.78273966243,108110.71075733683,-0.9175113277174306,W2
2011-03-14,107346.24930466665,108110.71075733683,-0.7071098204007485,W2
2011-03-14,107490.66478943893,108110.71075733683,-0.5735287128854771,W2
2011-03-14,107625.03615486687,108110.71075733683,-0.44923819209744065,W2
2011-03-14,107793.70336650204,108110.71075733683,-0.29322477728070123,W2
2011-03-14,107479.37018583517,108110.71075733683,-0.5839759697064159,W2
2011-03-14,107872.23162272842,108110.71075733683,-0.22058788896846207,W2
2011-03-15,107997.83699872157,108110.71075733683,-0.10440571320320957,W2
2011-03-17,108124.70132469242,108124.70132469242,0.0,W2
2011-03-17,108699.23887252904,108699.23887252904,0.0,W2
2011-03-18,108677.53513784232,108699.23887252904,-0.019966777055510428,W2
2011-03-18,108827.72989796734,108827.72989796734,0.0,W2
2011-03-18,108975.6900707928,108975.6900707928,0.0,W2
2011-03-18,109137.3541521814,109137.3541521814,0.0,W2
2011-03-18,109009.53297747842,109137.3541521814,-0.11711954691951876,W2
2011-03-18,108882.60673167298,109137.3541521814,-0.23341909146267978,W2
2011-03-18,109005.11223291262,109137.3541521814,-0.12117017156599082,W2
2011-03-18,109125.55844407566,109137.3541521814,-0.010808130907490535,W2
2011-03-18,108980.90957925077,109137.3541521814,-0.14334649593253376,W2
2011-03-18,108891.25968198787,109137.3541521814,-0.22549059586911194,W2
2011-03-21,109009.68246719432,109137.3541521814,-0.11698257299609868,W2
2011-03-21,109133.78266004995,109137.3541521814,-0.0032724745429233296,W2
2011-03-21,109331.08093256445,109331.08093256445,0.0,W2
2011-03-21,109502.60056648373,109502.60056648373,0.0,W2
2011-03-21,109623.43729157318,109623.43729157318,0.0,W2
2011-03-21,109812.0703680765,109812.0703680765,0.0,W2
2011-03-21,109768.6211479251,109812.0703680765,-0.03956688914593512,W2
2011-03-21,109493.45781141706,109812.0703680765,-0.29014347474871566,W2
2011-03-21,109620.31646536395,109812.0703680765,-0.1746200595889053,W2
2011-03-21,109563.03951467095,109812.0703680765,-0.22677912598390187,W2
2011-03-23,109694.16827201292,109812.0703680765,-0.10736715523930049,W2
2011-03-23,109825.31640913954,109825.31640913954,0.0,W2
2011-03-24,109808.39309291921,109825.31640913954,-0.015409303404403893,W2
2011-03-24,109831.94632620717,109831.94632620717,0.0,W2
2011-03-24,109891.43373541586,109891.43373541586,0.0,W2
2011-03-24,109933.75263403442,109933.75263403442,0.0,W2
2011-03-24,110033.01597850506,110033.01597850506,0.0,W2
2011-03-24,109845.12700652496,110033.01597850506,-0.17075690447021125,W2
2011-03-30,110023.40383425365,110033.01597850506,-0.008735690979596504,W2
2011-03-30,110164.93746247258,110164.93746247258,0.0,W2
2011-03-30,110617.10652355243,110617.10652355243,0.0,W2
2011-04-04,110787.8735160735,110787.8735160735,0.0,W2
2011-04-05,110722.94888793229,110787.8735160735,-0.05860264853967585,W2
2011-04-05,110774.81668225754,110787.8735160735,-0.011785435897960217,W2
2011-04-05,110958.72369087773,110958.72369087773,0.0,W2
2011-04-06,111082.29415300224,111082.29415300224,0.0,W2
2011-04-07,111178.8696852002,111178.8696852002,0.0,W2
2011-04-08,111266.22804953523,111266.22804953523,0.0,W2
2011-04-11,111247.4077487948,111266.22804953523,-0.016914656918232657,W2
2011-04-11,110980.98820449781,111266.22804953523,-0.2563579713607521,W2
2011-04-11,110612.09100050651,111266.22804953523,-0.5879026012614572,W2
2011-04-12,110307.17298761079,111266.22804953523,-0.861946233584443,W2
2011-04-13,109976.18321189945,111266.22804953523,-1.159421740315902,W2
2011-04-13,109814.55602275053,111266.22804953523,-1.3046834176300286,W2
2011-04-13,109818.19434080203,111266.22804953523,-1.3014134963652608,W2
2011-04-14,109535.9896802284,111266.22804953523,-1.5550436099411327,W2
2011-04-14,109459.43827852717,111266.22804953523,-1.6238438227668535,W2
2011-04-14,109450.46842567847,111266.22804953523,-1.6319054358959628,W2
2011-04-14,109437.74129059244,111266.22804953523,-1.6433438887932412,W2
2011-04-14,109420.64244355065,111266.22804953523,-1.6587113972830427,W2
2011-04-15,109428.5663454986,111266.22804953523,-1.651589827614635,W2
2011-04-15,109512.90751940361,111266.22804953523,-1.5757885935982738,W2
2011-04-15,109586.04336733416,111266.22804953523,-1.5100580936859471,W2
2011-04-15,109666.26869698976,111266.22804953523,-1.4379559553624612,W2
2011-04-18,109584.01354653889,111266.22804953523,-1.5118823855945118,W2
2011-04-18,109386.55783395442,111266.22804953523,-1.6893447801106327,W2
2011-04-18,109295.47267076324,111266.22804953523,-1.7712071428309977,W2
2011-04-18,109164.86010489553,111266.22804953523,-1.888594573102793,W2
2011-04-18,109148.90120236737,111266.22804953523,-1.9029375618136672,W2
2011-04-18,109043.54024194575,111266.22804953523,-1.9976302302617357,W2
2011-04-18,108829.90823439742,111266.22804953523,-2.1896309939195366,W2
2011-04-18,108747.05415224233,111266.22804953523,-2.2640957112084146,W2
2011-04-18,108715.55559949946,111266.22804953523,-2.2924048875820784,W2
2011-04-19,108688.46082777077,111266.22804953523,-2.31675618644756,W2
2011-04-19,108607.29953474393,111266.22804953523,-2.3896995174560605,W2
2011-04-19,108546.63495070915,111266.22804953523,-2.4442215275018846,W2
2011-04-19,108480.3939650248,111266.22804953523,-2.503755302345815,W2
2011-04-19,108550.6328415071,111266.22804953523,-2.440628441919642,W2
2011-04-19,108653.63366726063,111266.22804953523,-2.3480569334223227,W2
2011-04-19,108709.72288003673,111266.22804953523,-2.2976470168112075,W2
2011-04-19,108790.0467613152,111266.22804953523,-2.2254563056794257,W2
2011-04-20,108985.8329109505,111266.22804953523,-2.0494944230243077,W2
2011-04-20,109073.29387084662,111266.22804953523,-1.970889295997634,W2
2011-04-20,109202.6198649271,111266.22804953523,-1.8546581660784143,W2
2011-04-20,109221.63355514813,111266.22804953523,-1.8375697012725691,W2
2011-04-20,109261.59185492169,111266.22804953523,-1.8016573669784948,W2
2011-04-20,109372.12023819379,111266.22804953523,-1.7023205015076024,W2
2011-04-20,109250.66768424245,111266.22804953523,-1.8114754140811384,W2
2011-04-20,109289.44178638735,111266.22804953523,-1.7766273718453203,W2
2011-04-20,109400.36058300335,111266.22804953523,-1.676939624214822,W2
2011-04-21,109464.782213856,111266.22804953523,-1.6190409859829484,W2
2011-04-21,109484.9801510554,111266.22804953523,-1.6008881847660301,W2
2011-04-21,109519.30949029837,111266.22804953523,-1.5700348523175776,W2
2011-04-21,109561.92144295752,111266.22804953523,-1.531737559953016,W2
2011-04-21,109654.648655434,111266.22804953523,-1.448399413147869,W2
2011-04-21,109680.21394799766,111266.22804953523,-1.4254227265001596,W2
2011-04-21,109697.89581318758,111266.22804953523,-1.4095312331873358,W2
2011-04-21,109713.08778795115,111266.22804953523,-1.3958775172037168,W2
2011-04-25,109739.93216531331,111266.22804953523,-1.3717512590994125,W2
2011-04-25,109591.82064461906,111266.22804953523,-1.5048657928538145,W2
2011-04-25,109618.67472649571,111266.22804953523,-1.480730812862677,W2
2011-04-25,109658.65435038967,111266.22804953523,-1.4447993136155193,W2
2011-04-25,109634.43225139531,111266.22804953523,-1.4665688113498867,W2
2011-04-26,109721.06990332025,111266.22804953523,-1.3887036284964018,W2
2011-04-26,109796.69310681871,111266.22804953523,-1.3207376294469961,W2
2011-04-26,109864.74105707089,111266.22804953523,-1.2595798536824732,W2
2011-04-26,109870.28130315438,111266.22804953523,-1.2546005835296086,W2
2011-04-26,110071.67462240088,111266.22804953523,-1.0735992835153354,W2
2011-04-27,110116.33894056888,111266.22804953523,-1.0334574372867449,W2
2011-04-27,110126.36593492323,111266.22804953523,-1.024445723193328,W2
2011-04-27,110208.46252161091,111266.22804953523,-0.9506618013988993,W2
2011-04-27,110210.26678547762,111266.22804953523,-0.9490402277207596,W2
2011-04-27,110316.0139977782,111266.22804953523,-0.8540004172101582,W2
2011-04-27,110379.98539898788,111266.22804953523,-0.7965064207558152,W2
2011-04-27,110455.00078321203,111266.22804953523,-0.7290866964251228,W2
2011-04-28,110505.02933459733,111266.22804953523,-0.6841237707806685,W2
2011-04-29,110486.24571094717,111266.22804953523,-0.7010054643362353,W2
2011-05-03,110425.73067834636,111266.22804953523,-0.755393065733017,W2
2011-05-05,110449.94915002285,111266.22804953523,-0.733626828033553,W2
2011-05-05,110514.95401395386,111266.22804953523,-0.6752040118111212,W2
2011-05-05,110732.25457408855,111266.22804953523,-0.4799061537423148,W2
2011-05-06,110804.62008431571,111266.22804953523,-0.4148679912237276,W2
2011-05-06,110710.79040656978,111266.22804953523,-0.49919697351308867,W2
2011-05-06,110535.38089415051,111266.22804953523,-0.6568454491504372,W2
2011-05-06,110691.15129956833,111266.22804953523,-0.5168475287136365,W2
2011-05-06,110821.88134836755,111266.22804953523,-0.3993545112087944,W2
2011-05-09,110928.34362804484,111266.22804953523,-0.3036720372510247,W2
2011-05-09,110962.5458014017,111266.22804953523,-0.27293299454559355,W2
2011-05-09,111052.14693206233,111266.22804953523,-0.19240439909367146,W2
2011-05-09,110978.63177303765,111266.22804953523,-0.25847580307076484,W2
2011-05-10,111209.60476715083,111266.22804953523,-0.050889909163807936,W2
2011-05-10,111337.15841561607,111337.15841561607,0.0,W2
2011-05-10,111479.27518991157,111479.27518991157,0.0,W2
2011-05-10,111548.28706143143,111548.28706143143,0.0,W2
2011-05-10,111713.47401167439,111713.47401167439,0.0,W2
2011-05-10,111834.94581521876,111834.94581521876,0.0,W2
2011-05-11,111635.5583396381,111834.94581521876,-0.17828727338063222,W2
2011-05-11,111479.74781589245,111834.94581521876,-0.317609130792794,W2
2011-05-11,111268.94402881069,111834.94581521876,-0.5061045832161077,W2
2011-05-11,110872.31285114812,111834.94581521876,-0.8607622215520774,W2
2011-05-11,110578.0455637835,111834.94581521876,-1.123888639881846,W2
2011-05-11,110733.62415224394,111834.94581521876,-0.9847741731770481,W2
2011-05-12,110712.27728861045,111834.94581521876,-1.0038620025472687,W2
2011-05-12,110734.84045309985,111834.94581521876,-0.983686587497055,W2
2011-05-12,110893.5469855885,111834.94581521876,-0.8417751917953255,W2
2011-05-12,111013.92499655203,111834.94581521876,-0.7341361974845283,W2
2011-05-12,111134.91880538905,111834.94581521876,-0.625946572179984,W2
2011-05-12,111112.7947227926,111834.94581521876,-0.6457293712283275,W2
2011-05-12,111028.10705523362,111834.94581521876,-0.7214549567701805,W2
2011-05-12,111137.73331470454,111834.94581521876,-0.6234299086317767,W2
2011-05-12,111025.47569245595,111834.94581521876,-0.7238078552836886,W2
2011-05-12,110892.14010712056,111834.94581521876,-0.8430331871899535,W2
2011-05-12,110827.59437977373,111834.94581521876,-0.9007483556253023,W2
2011-05-12,110520.60447815261,111834.94581521876,-1.1752510161160066,W2
2011-05-12,110460.97751162476,111834.94581521876,-1.228567952153488,W2
2011-05-17,110560.89214207357,111834.94581521876,-1.1392267987953104,W2
2011-05-17,110460.46841868154,111834.94581521876,-1.229023170278295,W2
2011-05-17,110299.45691691204,111834.94581521876,-1.3729956116255106,W2
2011-05-18,110211.68282514217,111834.94581521876,-1.4514810001863407,W2
2011-05-18,110223.69812071424,111834.94581521876,-1.4407372246298864,W2
2011-05-18,109911.79284054165,111834.94581521876,-1.7196350931797963,W2
2011-05-19,110163.27674817224,111834.94581521876,-1.494764498575036,W2
2011-05-19,110355.02117515788,111834.94581521876,-1.3233114473056695,W2
2011-05-19,110931.72347618148,111834.94581521876,-0.807638732645918,W2
2011-05-19,111344.78052075054,111834.94581521876,-0.4382934966303805,W2
2011-05-19,111763.00983967206,111834.94581521876,-0.0643233427819232,W2
2011-05-19,111913.73531964778,111913.73531964778,0.0,W2
2011-05-19,112423.90774554462,112423.90774554462,0.0,W2
2011-05-19,112545.30359279863,112545.30359279863,0.0,W2
2011-05-19,112751.99243888624,112751.99243888624,0.0,W2
2011-05-19,112688.1489323337,112751.99243888624,-0.05662295199541183,W2
2011-05-19,112826.9312602082,112826.9312602082,0.0,W2
2011-05-20,113072.45577251242,113072.45577251242,0.0,W2
2011-05-23,113113.0574013201,113113.0574013201,0.0,W2
2011-05-25,112931.56066175377,113113.0574013201,-0.1604560461330152,W2
2011-05-25,112922.95242975079,113113.0574013201,-0.16806633640431448,W2
2011-05-25,112675.44293131486,113113.0574013201,-0.38688236359185524,W2
2011-05-25,112759.34645723873,113113.0574013201,-0.31270567006814687,W2
2011-05-25,112939.8448414953,113113.0574013201,-0.1531322411436943,W2
2011-05-25,112693.36942045485,113113.0574013201,-0.371034070254339,W2
2011-05-25,112706.18315796342,113113.0574013201,-0.3597058135499854,W2
2011-05-25,112564.40603070092,113113.0574013201,-0.48504689310323,W2
2011-05-25,112519.64863595311,113113.0574013201,-0.5246156182142588,W2
2011-05-25,112307.65942175628,113113.0574013201,-0.7120291839573383,W2
2011-05-26,112418.58345537187,113113.0574013201,-0.6139644369122301,W2
2011-05-26,112538.5619014003,113113.0574013201,-0.5078949443312366,W2
2011-05-26,112687.16715222264,113113.0574013201,-0.3765173171709241,W2
2011-05-26,112742.80671874044,113113.0574013201,-0.3273279770575258,W2
2011-05-26,112659.94750548116,113113.0574013201,-0.40058142379736067,W2
2011-05-26,112654.36479728404,113113.0574013201,-0.405516935510491,W2
2011-05-26,112616.90986861133,113113.0574013201,-0.4386297604426506,W2
2011-05-26,112749.96399759389,113113.0574013201,-0.32100043272454903,W2
2011-05-27,112934.03746437414,113113.0574013201,-0.15826637618927053,W2
2011-05-27,113300.71251592007,113300.71251592007,0.0,W2
2011-05-27,113441.8730879824,113441.8730879824,0.0,W2
2011-05-27,113596.71683950181,113596.71683950181,0.0,W2
2011-05-31,113668.23480756875,113668.23480756875,0.0,W2
2011-05-31,113790.7383414402,113790.7383414402,0.0,W2
2011-05-31,113993.95541843423,113993.95541843423,0.0,W2
2011-05-31,114182.72408154866,114182.72408154866,0.0,W2
2011-05-31,114351.03456550303,114351.03456550303,0.0,W2
2011-05-31,114595.88459291209,114595.88459291209,0.0,W2
2011-05-31,114742.51081490546,114742.51081490546,0.0,W2
2011-05-31,114853.72120026468,114853.72120026468,0.0,W2
2011-05-31,115008.3166280075,115008.3166280075,0.0,W2
2011-05-31,115281.27373199807,115281.27373199807,0.0,W2
2011-05-31,115430.83867723415,115430.83867723415,0.0,W2
2011-05-31,115375.90439455767,115430.83867723415,-0.047590646750894035,W2
2011-05-31,115019.70555164368,115430.83867723415,-0.3561726920654799,W2
2011-05-31,115203.46837420724,115430.83867723415,-0.19697535392831977,W2
2011-06-01,115120.18832944296,115430.83867723415,-0.2691224904462712,W2
2011-06-01,115085.9744178887,115430.83867723415,-0.29876267321399813,W2
2011-06-02,114965.61775124456,115430.83867723415,-0.40303001461371435,W2
2011-06-02,114838.41109275172,115430.83867723415,-0.5132316383310409,W2
2011-06-02,114776.45806093601,115430.83867723415,-0.566902765150917,W2
2011-06-06,114111.13053642563,115430.83867723415,-1.143289051636078,W2
2011-06-06,114128.94003264155,115430.83867723415,-1.127860335688062,W2
2011-06-06,113852.6750437407,115430.83867723415,-1.3671941151759976,W2
2011-06-06,113693.3025247945,115430.83867723415,-1.505261654814892,W2
2011-06-09,113575.76468682862,115430.83867723415,-1.6070869896325113,W2
2011-06-09,113746.61481780038,115430.83867723415,-1.4590761695348748,W2
2011-06-10,113872.94877694917,115430.83867723415,-1.3496305823793986,W2
2011-06-13,113249.06096080961,115430.83867723415,-1.8901168365632222,W2
2011-06-13,113071.58738210583,115430.83867723415,-2.0438656793659913,W2
2011-06-14,113242.71864380052,115430.83867723415,-1.8956113102080265,W2
2011-06-14,113434.29844000352,115430.83867723415,-1.7296419744582476,W2
2011-06-14,113667.60346437058,115430.83867723415,-1.527525255009104,W2
2011-06-14,113822.35424932181,115430.83867723415,-1.3934616141964917,W2
2011-06-14,113938.75390734784,115430.83867723415,-1.2926223069889067,W2
2011-06-14,113765.96445001464,115430.83867723415,-1.4423132035580224,W2
2011-06-14,113311.75954891126,115430.83867723415,-1.8357998197069545,W2
2011-06-14,113040.2255329837,115430.83867723415,-2.071035064498695,W2
2011-06-14,113152.29880865822,115430.83867723415,-1.9739437871946375,W2
2011-06-15,112925.7745367746,115430.83867723415,-2.17018620774659,W2
2011-06-15,112784.91519050786,115430.83867723415,-2.2922154227127938,W2
2011-06-15,112642.27576629793,115430.83867723415,-2.415786754121708,W2
2011-06-15,112491.90795602853,115430.83867723415,-2.54605333798484,W2
2011-06-15,112284.70068696137,115430.83867723415,-2.7255610600473577,W2
2011-06-15,112183.79536763048,115430.83867723415,-2.812977317684577,W2
2011-06-15,112044.0687709505,115430.83867723415,-2.9340252094621597,W2
2011-06-15,111819.19190871989,115430.83867723415,-3.128840446713798,W2
2011-06-15,111860.84286594228,115430.83867723415,-3.0927574053882023,W2
2011-06-15,111859.78700975054,115430.83867723415,-3.0936721143202712,W2
2011-06-15,111714.6996699845,115430.83867723415,-3.2193641229971925,W2
2011-06-15,111707.2707529437,115430.83867723415,-3.2257999395657384,W2
2011-06-15,111463.11967366509,115430.83867723415,-3.4373128091562517,W2
2011-06-15,111425.26997736133,115430.83867723415,-3.4701027435771534,W2
2011-06-15,110982.17717403197,115430.83867723415,-3.8539627314338896,W2
2011-06-15,110678.27302980263,115430.83867723415,-4.117240853391498,W2
2011-06-15,110469.28397831295,115430.83867723415,-4.298292168520599,W2
2011-06-17,110660.68221189229,115430.83867723415,-4.132480124033488,W2
2011-06-21,110813.2598618371,115430.83867723415,-4.000299112708216,W2
2011-06-21,110884.62283848983,115430.83867723415,-3.9384759660772937,W2
2011-06-21,111001.0350688732,115430.83867723415,-3.837625767189904,W2
2011-06-22,111052.71493693425,115430.83867723415,-3.792854483663534,W2
2011-06-22,111254.56642265234,115430.83867723415,-3.6179865817829118,W2
2011-06-22,111388.68588988933,115430.83867723415,-3.5017962562391354,W2
2011-06-23,111612.08804620696,115430.83867723415,-3.308258585649815,W2
2011-06-23,111753.58235544403,115430.83867723415,-3.1856792898060835,W2
2011-06-23,111970.17927043751,115430.83867723415,-2.998037133277075,W2
2011-06-24,112019.83438288842,115430.83867723415,-2.9550199352562254,W2
2011-06-28,112238.49149997236,115430.83867723415,-2.7655929852404366,W2
2011-06-29,112520.86860496082,115430.83867723415,-2.520964159681917,W2
2011-06-29,112450.34426047908,115430.83867723415,-2.5820607828113262,W2
2011-06-29,112632.9456548908,115430.83867723415,-2.423869612666304,W2
2011-06-30,112771.56806899389,115430.83867723415,-2.303778295916283,W2
2011-06-30,112961.60145225277,115430.83867723415,-2.139148648036613,W2
2011-07-01,113127.5811023314,115430.83867723415,-1.995357221082901,W2
2011-07-01,113262.61436926137,115430.83867723415,-1.8783752529387157,W2
2011-07-01,113369.73908331516,115430.83867723415,-1.7855710116446457,W2
2011-07-01,113517.8229822664,115430.83867723415,-1.6572830249608521,W2
2011-07-01,113663.67036526171,115430.83867723415,-1.5309325759243253,W2
2011-07-05,113700.30531107934,115430.83867723415,-1.4991950036798192,W2
2011-07-05,113750.90968718781,115430.83867723415,-1.4553554399303326,W2
2011-07-08,113830.25216293655,115430.83867723415,-1.386619496695446,W2
2011-07-14,113960.87287686623,115430.83867723415,-1.2734602097782692,W2
2011-07-15,114238.1446131841,115430.83867723415,-1.033254265253193,W2
2011-07-19,114343.25347316524,115430.83867723415,-0.9421963978880845,W2
2011-07-19,114440.68061312346,115430.83867723415,-0.8577933552742771,W2
2011-07-19,114572.7453231502,115430.83867723415,-0.7433831062107533,W2
2011-07-19,114640.30727422186,115430.83867723415,-0.6848528626069796,W2
2011-07-20,114573.49679336586,115430.83867723415,-0.742732092821027,W2
2011-07-20,114792.34009070376,115430.83867723415,-0.5531438511988545,W2
2011-07-20,114881.2229189505,115430.83867723415,-0.4761429134379528,W2
2011-07-21,114826.34090856096,115430.83867723415,-0.5236882756812278,W2
2011-07-21,114866.95329322785,115430.83867723415,-0.48850497013455996,W2
2011-07-21,115005.35095684063,115430.83867723415,-0.368608359143313,W2
2011-07-21,115032.83231477713,115430.83867723415,-0.34480071964989917,W2
2011-07-21,114947.32540335589,115430.83867723415,-0.4188770344381261,W2
2011-07-21,114930.71450005447,115430.83867723415,-0.43326738583102287,W2
2011-07-21,114714.15196006793,115430.83867723415,-0.6208797626171668,W2
2011-07-21,114637.68377032307,115430.83867723415,-0.6871256555008527,W2
2011-07-21,114720.98163477462,115430.83867723415,-0.6149630814382406,W2
2011-07-21,114621.6008579411,115430.83867723415,-0.701058598002416,W2
2011-07-22,114542.07428684061,115430.83867723415,-0.7699540266520001,W2
2011-07-22,114354.1540067958,115430.83867723415,-0.9327530517637128,W2
2011-07-22,114250.15545772253,115430.83867723415,-1.0228490350078996,W2
2011-07-22,114265.21979723132,115430.83867723415,-1.00979850216814,W2
2011-07-22,114210.61826768951,115430.83867723415,-1.0571008783507123,W2
2011-07-22,114130.14254249925,115430.83867723415,-1.1268185778082098,W2
2011-07-22,114203.5492479841,115430.83867723415,-1.0632249087973529,W2
2011-07-22,114126.47152382345,115430.83867723415,-1.1299988533029275,W2
2011-07-22,114087.50281398071,115430.83867723415,-1.1637582111047902,W2
2011-07-22,114024.67732061655,115430.83867723415,-1.2181851684795262,W2
2011-07-22,114084.47534888155,115430.83867723415,-1.1663809635112148,W2
2011-07-22,114103.9753236062,115430.83867723415,-1.1494877528682834,W2
2011-07-22,114071.8805907037,115430.83867723415,-1.1772920495971981,W2
2011-07-22,114171.05107144456,115430.83867723415,-1.0913787166635684,W2
2011-07-27,113981.24787739025,115430.83867723415,-1.255808947119595,W2
2011-07-27,114077.9102298488,115430.83867723415,-1.172068454919906,W2
2011-07-29,113846.0843728043,115430.83867723415,-1.37290374270009,W2
2011-08-02,114018.71505035042,115430.83867723415,-1.2233504001753648,W2
2011-08-03,114095.82046726292,115430.83867723415,-1.1565524648956091,W2
2011-08-03,114336.28930590405,115430.83867723415,-0.9482295926053678,W2
2011-08-03,114154.63234116441,115430.83867723415,-1.1056025847981952,W2
2011-08-03,113765.6948707342,115430.83867723415,-1.4425467453771181,W2
2011-08-04,113446.46046599765,115430.83867723415,-1.719105772752104,W2
2011-08-04,113173.88349887179,115430.83867723415,-1.9552445466269397,W2
2011-08-04,112784.05755309359,115430.83867723415,-2.292958410829401,W2
2011-08-04,112329.2115537382,115430.83867723415,-2.68700042297073,W2
2011-08-05,111799.01058395793,115430.83867723415,-3.1463239242603724,W2
2011-08-05,111465.96169450223,115430.83867723415,-3.434850710751955,W2
2011-08-05,111474.95551095504,115430.83867723415,-3.427059191123511,W2
2011-08-05,110948.02546703687,115430.83867723415,-3.883549025171725,W2
2011-08-05,110750.76016096435,115430.83867723415,-4.054443829656441,W2
2011-08-05,110633.38817032214,115430.83867723415,-4.156125487684067,W2
2011-08-05,110579.88001060567,115430.83867723415,-4.202480656137868,W2
2011-08-05,110331.65893070694,115430.83867723415,-4.417519447108458,W2
2011-08-05,110151.39958519481,115430.83867723415,-4.573681654346822,W2
2011-08-05,109839.31745186904,115430.83867723415,-4.844044528689627,W2
2011-08-05,109599.73001910893,115430.83867723415,-5.051603821774239,W2
2011-08-05,109060.8435665562,115430.83867723415,-5.518451727176328,W2
2011-08-05,108808.00193550882,115430.83867723415,-5.73749339225023,W2
2011-08-05,108476.11813978308,115430.83867723415,-6.025010835187419,W2
2011-08-05,108215.09330928986,115430.83867723415,-6.251141766474412,W2
2011-08-05,108042.97411050716,115430.83867723415,-6.400252004912497,W2
2011-08-05,107942.41659315437,115430.83867723415,-6.487366954873111,W2
2011-08-05,107253.90475862152,115430.83867723415,-7.083838263946814,W2
2011-08-05,106869.61053681518,115430.83867723415,-7.416759887154367,W2
2011-08-05,106479.49674670897,115430.83867723415,-7.75472311654494,W2
2011-08-10,106121.10184386527,115430.83867723415,-8.065207651657644,W2
2011-11-08,106121.88876739997,115430.83867723415,-8.06452592436213,W2
2011-11-17,105985.72842981727,115430.83867723415,-8.18248429592298,W2
2011-12-15,106010.70398440743,115430.83867723415,-8.16084748302587,W2
2011-12-16,105869.04517616359,115430.83867723415,-8.283569287586213,W2
2011-12-20,105936.3158527128,115430.83867723415,-8.225291380815298,W2
2011-12-20,105833.08343430141,115430.83867723415,-8.314723650037598,W2
2012-01-06,106029.43521103945,115430.83867723415,-8.144620253936425,W2
2012-01-10,106181.66993164585,115430.83867723415,-8.012736329024403,W2
2012-01-10,106243.86872320877,115430.83867723415,-7.958852295714351,W2
2012-01-12,106338.82026030966,115430.83867723415,-7.876593916420763,W2
2012-01-12,106252.79275317377,115430.83867723415,-7.951121233489333,W2
2012-01-12,106173.39838374141,115430.83867723415,-8.019902133240356,W2
2012-01-12,106276.75794951913,115430.83867723415,-7.930359713760297,W2
2012-01-17,106376.14652634793,115430.83867723415,-7.844257439907197,W2
2012-01-17,106421.46818371119,115430.83867723415,-7.804994399039947,W2
2012-01-17,106432.92101835784,115430.83867723415,-7.795072583710614,W2
2012-01-17,106444.9784033981,115430.83867723415,-7.784627034515593,W2
2012-01-17,106491.8959586941,115430.83867723415,-7.743981435961814,W2
2012-01-17,106423.25743225143,115430.83867723415,-7.8034443379291165,W2
2012-01-17,106448.97698094143,115430.83867723415,-7.7811629883480755,W2
2012-01-17,106484.51655507613,115430.83867723415,-7.750374358080841,W2
2012-01-17,106523.26772155592,115430.83867723415,-7.716803462361935,W2
2012-01-17,106517.33687667701,115430.83867723415,-7.721941469628341,W2
2012-01-17,106490.82844867073,115430.83867723415,-7.744906240836846,W2
2012-01-17,106454.82088088086,115430.83867723415,-7.776100303188377,W2
2012-01-17,106379.88816464542,115430.83867723415,-7.841015985248834,W2
2012-01-17,106292.85459148092,115430.83867723415,-7.916414877054398,W2
2012-01-17,106266.88946703523,115430.83867723415,-7.938908973730152,W2
2012-01-17,106219.24932207895,115430.83867723415,-7.9801805658819625,W2
2012-01-17,106181.25137002568,115430.83867723415,-8.013098937167053,W2
2012-01-17,106098.45739006076,115430.83867723415,-8.084824986213984,W2
2012-01-18,106181.59375588715,115430.83867723415,-8.012802321578539,W2
2012-01-18,106279.36434735883,115430.83867723415,-7.928101740180995,W2
2012-01-18,106423.03888360008,115430.83867723415,-7.803633670913138,W2
2012-01-18,106426.60875768609,115430.83867723415,-7.800541018960749,W2
2012-01-18,106386.9774043422,115430.83867723415,-7.834874437827012,W2
2012-01-18,106401.30145344169,115430.83867723415,-7.822465233091398,W2
2012-01-20,106497.67396734605,115430.83867723415,-7.738975833717075,W2
2012-01-20,106091.33990058332,115430.83867723415,-8.090991006974994,W2
2012-01-20,106128.93244412528,115430.83867723415,-8.05842384903631,W2
2012-01-20,106192.9056918484,115430.83867723415,-8.003002569544442,W2
2012-01-20,106441.69819979166,115430.83867723415,-7.787468739248944,W2
2012-01-23,106505.97248641458,115430.83867723415,-7.731786663852571,W2
2012-01-23,106641.3951292908,115430.83867723415,-7.6144673716876,W2
2012-01-23,106763.12241898365,115430.83867723415,-7.509012632652723,W2
2012-01-25,106783.82144817436,115430.83867723415,-7.491080657603496,W2
2012-01-25,106683.31803834513,115430.83867723415,-7.578148733155008,W2
2012-01-25,106804.68257287162,115430.83867723415,-7.473008256037058,W2
2012-01-26,106723.16966815354,115430.83867723415,-7.54362448446628,W2
2012-01-26,106779.7961673338,115430.83867723415,-7.494567837361256,W2
2012-01-27,106873.63303422944,115430.83867723415,-7.413275118733417,W2
2012-01-30,106853.82035922704,115430.83867723415,-7.4304392277613305,W2
2012-01-30,106960.41760765179,115430.83867723415,-7.338091940289209,W2
2012-02-01,106730.37876505555,115430.83867723415,-7.537379102396273,W2
2012-02-01,106711.4620036596,115430.83867723415,-7.5537670638914145,W2
2012-02-01,106773.88007238945,115430.83867723415,-7.4996930664699955,W2
2012-02-01,106853.61689382649,115430.83867723415,-7.430615493829294,W2
2012-02-01,106977.24618229197,115430.83867723415,-7.323513015945396,W2
2012-02-02,107133.50476326564,115430.83867723415,-7.188143141859503,W2
2012-02-02,107205.04183933968,115430.83867723415,-7.126169169484513,W2
2012-02-02,107276.58901523276,115430.83867723415,-7.064186447438163,W2
2012-02-02,107264.67160243825,115430.83867723415,-7.074510735930807,W2
2012-02-02,107099.30314961972,115430.83867723415,-7.217772670707983,W2
2012-02-03,107242.75057018835,115430.83867723415,-7.093501356202737,W2
2012-02-03,107288.22603510685,115430.83867723415,-7.054105068833066,W2
2012-02-03,107303.23040116287,115430.83867723415,-7.041106492171958,W2
2012-02-03,107383.8910764999,115430.83867723415,-6.971228566774075,W2
2012-02-03,107329.90123823122,115430.83867723415,-7.018001022806944,W2
2012-02-03,107415.94546285048,115430.83867723415,-6.9434592230545835,W2
2012-02-03,107495.33378041262,115430.83867723415,-6.874683566157444,W2
2012-02-03,107580.82688184551,115430.83867723415,-6.80061921523304,W2
2012-02-03,107738.52099257747,115430.83867723415,-6.66400571355616,W2
2012-02-03,108187.41698095758,115430.83867723415,-6.275118312646505,W2
2012-02-03,108396.17830954677,115430.83867723415,-6.094264278333437,W2
2012-02-03,108477.80475304861,115430.83867723415,-6.023549689028511,W2
2012-02-03,108563.77763135692,115430.83867723415,-5.94906969798495,W2
2012-02-03,108683.44074201843,115430.83867723415,-5.845403197738764,W2
2012-02-06,108763.03859210476,115430.83867723415,-5.77644601870544,W2
2012-02-06,108747.42839377906,115430.83867723415,-5.789969439746627,W2
2012-02-06,108857.71819507486,115430.83867723415,-5.694423221283991,W2
2012-02-08,108922.67063762184,115430.83867723415,-5.638153646106954,W2
2012-02-09,108962.46123350371,115430.83867723415,-5.603682272306113,W2
2012-02-09,109089.67280649664,115430.83867723415,-5.493476391060944,W2
2012-02-09,109047.46451469969,115430.83867723415,-5.530042262261945,W2
2012-02-09,109062.2211449708,115430.83867723415,-5.517258303971243,W2
2012-02-10,109001.26511792124,115430.83867723415,-5.570065706003555,W2
2012-02-13,108869.29704649531,115430.83867723415,-5.6843922351514,W2
2012-02-13,109064.45345326964,115430.83867723415,-5.51532441149985,W2
2012-02-13,109208.4218677112,115430.83867723415,-5.390601749781942,W2
2012-02-13,109340.75842378999,115430.83867723415,-5.275955995150607,W2
2012-02-14,109451.2505174238,115430.83867723415,-5.180234526867099,W2
2012-02-14,109915.62070301894,115430.83867723415,-4.777941525346421,W2
2012-02-14,110093.65251746109,115430.83867723415,-4.623709071972364,W2
2012-02-15,110248.85793490098,115430.83867723415,-4.489251574116114,W2
2012-02-16,110299.2907133817,115430.83867723415,-4.445560668757846,W2
2012-02-16,110095.162101764,115430.83867723415,-4.62240128947662,W2
2012-02-16,109898.93396939455,115430.83867723415,-4.792397570035698,W2
2012-02-16,109197.63439013345,115430.83867723415,-5.399947153229897,W2
2012-02-16,109359.87253506263,115430.83867723415,-5.259397065585785,W2
2012-02-16,109487.08373984559,115430.83867723415,-5.149191503328143,W2
2012-02-16,109595.09680259504,115430.83867723415,-5.055617668131921,W2
2012-02-17,109771.66372891975,115430.83867723415,-4.902654276071309,W2
2012-02-17,110031.93963907803,115430.83867723415,-4.677172149162349,W2
2012-02-17,110151.20096698319,115430.83867723415,-4.573853721199926,W2
2012-02-17,109752.44986529821,115430.83867723415,-4.919299623052859,W2
2012-02-17,109801.2027478256,115430.83867723415,-4.877064044514169,W2
2012-02-21,109855.61358754309,115430.83867723415,-4.829926866667243,W2
2012-02-21,109860.94884475331,115430.83867723415,-4.825304828682113,W2
2012-02-21,109848.20150373926,115430.83867723415,-4.8363481002723825,W2
2012-02-21,109895.27391781329,115430.83867723415,-4.795568344521271,W2
2012-02-21,109634.83265750579,115430.83867723415,-5.021193717508247,W2
2012-02-21,109487.53950016249,115430.83867723415,-5.14879666922478,W2
2012-02-22,109403.90864016756,115430.83867723415,-5.221247723859126,W2
2012-02-22,109395.1146052253,115430.83867723415,-5.228866168845779,W2
2012-02-23,109537.9010769013,115430.83867723415,-5.1051674473323265,W2
2012-02-23,109497.48907033511,115430.83867723415,-5.1401771613994525,W2
2012-02-23,109430.1492714959,115430.83867723415,-5.198514950166199,W2
2012-02-24,109429.11188207602,115430.83867723415,-5.199413660971539,W2
2012-02-24,109484.36533489854,115430.83867723415,-5.151546510861834,W2
2012-02-27,109943.4681707695,115430.83867723415,-4.753816717738962,W2
2012-02-27,110110.01834599231,115430.83867723415,-4.60953103366062,W2
2012-02-27,110408.1130820026,115430.83867723415,-4.35128571600871,W2
2012-02-27,110511.42273500137,115430.83867723415,-4.261786536948216,W2
2012-02-27,110625.27166594996,115430.83867723415,-4.163156974646472,W2
2012-02-27,110795.96341775435,115430.83867723415,-4.01528336152851,W2
2012-02-27,110861.94627445922,115430.83867723415,-3.958121118352431,W2
2012-02-28,111017.70586176885,115430.83867723415,-3.8231835322666523,W2
2012-02-28,111154.12432936937,115430.83867723415,-3.705001537607517,W2
2012-02-29,111301.37961529408,115430.83867723415,-3.5774313946438494,W2
2012-02-29,111457.86434044324,115430.83867723415,-3.4418656074223604,W2
2012-02-29,111853.68571621725,115430.83867723415,-3.098957784599722,W2
2012-02-29,111518.89409757362,115430.83867723415,-3.3889943315746365,W2
2012-02-29,111542.3995190085,115430.83867723415,-3.368631123870148,W2
2012-03-01,111690.92673268283,115430.83867723415,-3.239959084945057,W2
2012-03-02,111682.34981513328,115430.83867723415,-3.247389436875129,W2
2012-03-02,111684.84195677743,115430.83867723415,-3.2452304456794407,W2
2012-03-02,111626.89812208581,115430.83867723415,-3.2954283263806596,W2
2012-03-02,111911.38943068346,115430.83867723415,-3.0489679247603143,W2
2012-03-05,112083.27267370583,115430.83867723415,-2.9000620994262474,W2
2012-03-05,112011.76196649669,115430.83867723415,-2.9620132279362736,W2
2012-03-05,111673.27369320559,115430.83867723415,-3.2552522593510775,W2
2012-03-05,111654.6016373928,115430.83867723415,-3.2714282275990394,W2
2012-03-05,111694.90512987287,115430.83867723415,-3.2365125214134767,W2
2012-03-05,111651.58772740551,115430.83867723415,-3.274039236946132,W2
2012-03-05,111521.61842896175,115430.83867723415,-3.386634189848775,W2
2012-03-06,111441.41240897214,115430.83867723415,-3.4561182384000277,W2
2012-03-06,111367.08006118957,115430.83867723415,-3.5205138094921025,W2
2012-03-06,111228.44838661785,115430.83867723415,-3.6406131487677698,W2
2012-03-07,111148.73099299398,115430.83867723415,-3.7096738907127995,W2
2012-03-07,110799.46486592448,115430.83867723415,-4.012249988289382,W2
2012-03-07,110846.82271248451,115430.83867723415,-3.971222956776208,W2
2012-03-08,110904.00425573491,115430.83867723415,-3.9216854641047014,W2
2012-03-08,111040.71439735634,115430.83867723415,-3.803250786519369,W2
2012-03-08,111203.15613569261,115430.83867723415,-3.6625243219127213,W2
2012-03-08,111330.25802805915,115430.83867723415,-3.5524134591458485,W2
2012-03-08,111446.41668787862,115430.83867723415,-3.4517829334123644,W2
2012-03-08,111652.45657680959,115430.83867723415,-3.2732865356628014,W2
2012-03-08,111802.4869367293,115430.83867723415,-3.1433122916575065,W2
2012-03-08,111690.69349551456,115430.83867723415,-3.2401611428794395,W2
2012-03-08,111726.24191861734,115430.83867723415,-3.2093648465775644,W2
2012-03-08,111903.89802703788,115430.83867723415,-3.0554578747003998,W2
2012-03-09,112080.34885482915,115430.83867723415,-2.902595061076861,W2
2012-03-09,112199.28788270883,115430.83867723415,-2.799555847949203,W2
2012-03-09,112319.99901324563,115430.83867723415,-2.694981427525618,W2
2012-03-09,112358.51748934401,115430.83867723415,-2.6616121160489095,W2
2012-03-09,112463.96571282894,115430.83867723415,-2.5702602514230444,W2
2012-03-09,112440.85040066947,115430.83867723415,-2.5902854998093128,W2
2012-03-09,112575.97657755845,115430.83867723415,-2.473223041944981,W2
2012-03-09,112616.9686609993,115430.83867723415,-2.4377107959017366,W2
2012-03-09,112520.01321797872,115430.83867723415,-2.5217051982049896,W2
2012-03-09,112525.830067245,115430.83867723415,-2.516665947574103,W2
2012-03-09,112440.7668935825,115430.83867723415,-2.5903578436369434,W2
2012-03-09,112452.63738417727,115430.83867723415,-2.5800742047664342,W2
2012-03-09,112476.03936700818,115430.83867723415,-2.5598006079537603,W2
2012-03-09,112269.03643345823,115430.83867723415,-2.7391313101491894,W2
2012-03-12,112379.70879477868,115430.83867723415,-2.6432536724323636,W2
2012-03-12,112605.06116911108,115430.83867723415,-2.4480264897186257,W2
2012-03-12,112725.26769053136,115430.83867723415,-2.3438892220718115,W2
2012-03-13,112657.4002966792,115430.83867723415,-2.4026840767483186,W2
2012-03-13,112707.56638910437,115430.83867723415,-2.3592242067516733,W2
2012-03-13,112844.55013684367,115430.83867723415,-2.240552498818984,W2
2012-03-13,112983.88665844801,115430.83867723415,-2.1198425367316807,W2
2012-03-13,113110.6682652079,115430.83867723415,-2.0100091436690217,W2
2012-03-15,113154.77331102183,115430.83867723415,-1.971800077253722,W2
2012-03-20,113054.58255122084,115430.83867723415,-2.058597297952376,W2
2012-03-21,113115.41365341931,115430.83867723415,-2.0058981207692614,W2
2012-03-22,113254.8132266551,115430.83867723415,-1.8851335358167312,W2
2012-03-22,113453.29565164933,115430.83867723415,-1.713184317333423,W2
2012-03-23,113591.94365884189,115430.83867723415,-1.5930708287879167,W2
2012-03-26,113740.43798224111,115430.83867723415,-1.464427283353372,W2
2012-03-26,113900.11444854307,115430.83867723415,-1.326096428157525,W2
2012-03-26,114161.02373617084,115430.83867723415,-1.100065593921518,W2
2012-03-26,114283.59951201167,115430.83867723415,-0.9938757946915449,W2
2012-03-26,114474.87341539492,115430.83867723415,-0.8281714598923455,W2
2012-03-26,114649.19035994276,115430.83867723415,-0.6771572711838465,W2
2012-03-26,114898.93549674629,115430.83867723415,-0.460798159818591,W2
2012-03-26,115141.34421731746,115430.83867723415,-0.2507947297568995,W2
2012-03-27,115204.1187610213,115430.83867723415,-0.19641191107239833,W2
2012-03-27,115341.43652128792,115430.83867723415,-0.07745084153482763,W2
2012-03-28,115476.02285432394,115476.02285432394,0.0,W2
2012-03-28,115547.41156117564,115547.41156117564,0.0,W2
2012-03-28,115791.26427767589,115791.26427767589,0.0,W2
2012-03-29,115913.47367629137,115913.47367629137,0.0,W2
2012-03-29,115941.98888258758,115941.98888258758,0.0,W2
2012-03-30,115965.0789789647,115965.0789789647,0.0,W2
2012-03-30,114797.90931444484,115965.0789789647,-1.0064837404470448,W2
2012-03-30,114813.94582903605,115965.0789789647,-0.9926549958522033,W2
2012-04-02,115089.06016150466,115965.0789789647,-0.7554160486700807,W2
2012-04-02,115293.11204411903,115965.0789789647,-0.5794562818066608,W2
2012-04-02,115434.00407997795,115965.0789789647,-0.4579610548819408,W2
2012-04-02,115586.2673031359,115965.0789789647,-0.3266601283456274,W2
2012-04-03,114937.68185958931,115965.0789789647,-0.8859538823422398,W2
2012-04-03,114787.47574837532,115965.0789789647,-1.0154809024904683,W2
2012-04-03,114473.61218127127,115965.0789789647,-1.2861344215218196,W2
2012-04-03,114493.98998689748,115965.0789789647,-1.268562057663985,W2
2012-04-04,114684.46625299472,115965.0789789647,-1.1043089326936657,W2
2012-04-04,114802.82308934223,115965.0789789647,-1.0022464519972354,W2
2012-04-05,114920.34998570429,115965.0789789647,-0.900899652256444,W2
2012-04-05,114879.17205704791,115965.0789789647,-0.9364085563325173,W2
2012-04-09,114733.65735247353,115965.0789789647,-1.0618900425312852,W2
2012-04-09,114588.30816450465,115965.0789789647,-1.1872287990333579,W2
2012-04-09,114457.04124799721,115965.0789789647,-1.3004240106118745,W2
2012-04-10,114201.4937300593,115965.0789789647,-1.52078993472276,W2
2012-04-10,113933.80630873414,115965.0789789647,-1.7516244442855173,W2
2012-04-10,113685.03666693364,115965.0789789647,-1.966145612201621,W2
2012-04-10,113346.7962076382,115965.0789789647,-2.2578200216648314,W2
2012-04-10,113085.51277672529,115965.0789789647,-2.483132187373187,W2
2012-04-10,112854.16593528034,115965.0789789647,-2.6826291768823394,W2
2012-04-10,112705.36111034085,115965.0789789647,-2.8109478278500886,W2
2012-04-10,112513.74519640859,115965.0789789647,-2.9761837037011394,W2
2012-04-10,112173.64524084142,115965.0789789647,-3.269461609913634,W2
2012-04-10,111911.92903498569,115965.0789789647,-3.4951469698168536,W2
2012-04-10,111642.29721760176,115965.0789789647,-3.7276581876403108,W2
2012-04-10,111243.37049767745,115965.0789789647,-4.071664093070411,W2
2012-04-10,110629.09653416819,115965.0789789647,-4.601370077766618,W2
2012-04-10,110346.96293474323,115965.0789789647,-4.844661939341713,W2
2012-04-10,110094.74479412306,115965.0789789647,-5.062156846292039,W2
2012-04-11,110029.14123009155,115965.0789789647,-5.118728673439597,W2
2012-04-11,109768.2165037572,115965.0789789647,-5.3437315179439215,W2
2012-04-11,109857.01754482897,115965.0789789647,-5.26715584373783,W2
2012-04-12,109993.18110843745,115965.0789789647,-5.14973811349752,W2
2012-04-12,110129.12351208643,115965.0789789647,-5.032511095807445,W2
2012-04-12,110209.11334072128,115965.0789789647,-4.963533581766899,W2
2012-04-12,110290.61470722134,115965.0789789647,-4.893252625450003,W2
2012-04-12,110360.94264114142,115965.0789789647,-4.832606839201853,W2
2012-04-12,110481.55875355043,115965.0789789647,-4.728596120224209,W2
2012-04-12,110446.4065934606,115965.0789789647,-4.75890883194685,W2
2012-04-12,110580.48394906544,115965.0789789647,-4.643290098457988,W2
2012-04-12,110686.84640480694,115965.0789789647,-4.551570714762492,W2
2012-04-13,110351.76213934677,115965.0789789647,-4.840523448128849,W2
2012-04-17,110179.14047607934,115965.0789789647,-4.989380039084774,W2
2012-04-18,110189.43626867636,115965.0789789647,-4.980501683042009,W2
2012-04-25,110330.06208642983,115965.0789789647,-4.859236023593814,W2
2012-04-26,110411.02594153926,115965.0789789647,-4.789418578702386,W2
2012-04-26,110524.21395719436,115965.0789789647,-4.691813319729879,W2
2012-04-26,110726.78057924037,115965.0789789647,-4.51713433547915,W2
2012-04-26,110849.4018820522,115965.0789789647,-4.411394483541414,W2
2012-04-26,111005.5597020147,115965.0789789647,-4.276735134936288,W2
2012-04-26,111119.35890182242,115965.0789789647,-4.178602834411263,W2
2012-04-26,111288.1139039409,115965.0789789647,-4.033080575810382,W2
2012-04-26,111405.30346114337,115965.0789789647,-3.9320246732625774,W2
2012-04-26,111485.3410920072,115965.0789789647,-3.863005937994562,W2
2012-04-26,111760.47662074253,115965.0789789647,-3.6257487126662116,W2
2012-04-27,111907.11742229809,115965.0789789647,-3.4992961608750264,W2
2012-04-27,112110.22439042352,115965.0789789647,-3.3241512207657085,W2
2012-04-27,112194.06010182637,115965.0789789647,-3.251857292161517,W2
2012-04-27,111804.85962309207,115965.0789789647,-3.587475981995636,W2
2012-04-27,111876.34655444813,115965.0789789647,-3.525830759153137,W2
2012-04-30,111870.98646168997,115965.0789789647,-3.5304529202427952,W2
2012-05-01,111972.7094942603,115965.0789789647,-3.4427342436670823,W2
2012-05-01,112038.07510736963,115965.0789789647,-3.3863676083964878,W2
2012-05-01,112108.55913778435,115965.0789789647,-3.3255872156823094,W2
2012-05-02,112028.87145417929,115965.0789789647,-3.394304181433283,W2
2012-05-02,112230.53607668087,115965.0789789647,-3.220403017154193,W2
2012-05-02,112293.52515248574,115965.0789789647,-3.166085737884028,W2
2012-05-02,111896.52298894878,115965.0789789647,-3.5084320433687823,W2
2012-05-02,111911.95163640856,115965.0789789647,-3.4951274799643337,W2
2012-05-03,111890.0132034295,115965.0789789647,-3.5140456173658885,W2
2012-05-04,111857.1217994255,115965.0789789647,-3.542408814540068,W2
2012-05-07,111599.36147973419,115965.0789789647,-3.7646829008088036,W2
2012-05-07,112498.42100271075,115965.0789789647,-2.989398193643085,W2
2012-05-07,112959.55087757339,115965.0789789647,-2.591752730954883,W2
2012-05-09,112860.58252620726,115965.0789789647,-2.6770959672442163,W2
2012-05-09,112994.59949457785,115965.0789789647,-2.561529307392331,W2
2012-05-10,112705.809559047,115965.0789789647,-2.8105611177213974,W2
2012-05-10,112942.59948366479,115965.0789789647,-2.60637040211749,W2
2012-05-10,113068.61945098882,115965.0789789647,-2.4976997846923195,W2
2012-05-11,112875.41082554992,115965.0789789647,-2.6643091011693483,W2
2012-05-11,112649.07546706972,115965.0789789647,-2.859484545771297,W2
2012-05-11,112391.88525271197,115965.0789789647,-3.0812670139265586,W2
2012-05-11,112039.82058999295,115965.0789789647,-3.38486242887289,W2
2012-05-14,111895.03695855247,115965.0789789647,-3.509713489826104,W2
2012-05-14,111632.90127631767,115965.0789789647,-3.7357605761928134,W2
2012-05-14,111449.20157583347,115965.0789789647,-3.8941700750709365,W2
2012-05-14,111322.99924241265,115965.0789789647,-4.00299795199043,W2
2012-05-14,111002.60704088227,115965.0789789647,-4.279281298969825,W2
2012-05-14,110939.03403855259,115965.0789789647,-4.334102114761458,W2
2012-05-14,110236.99371370798,115965.0789789647,-4.939491539772718,W2
2012-05-14,110292.33128580773,115965.0789789647,-4.891772370703053,W2
2012-05-14,110043.9475680498,115965.0789789647,-5.105960745293805,W2
2012-05-14,109898.27379497913,115965.0789789647,-5.231579400800512,W2
2012-05-14,109859.09176474327,115965.0789789647,-5.265367184658251,W2
2012-05-14,109543.20032394493,115965.0789789647,-5.537769397099843,W2
2012-05-14,109547.20094126728,115965.0789789647,-5.534319550510182,W2
2012-05-14,109324.428787064,115965.0789789647,-5.726422342285706,W2
2012-05-14,109073.68531148869,115965.0789789647,-5.942645603445895,W2
2012-05-14,108924.98328343143,115965.0789789647,-6.0708756097258325,W2
2012-05-14,108856.50450893816,115965.0789789647,-6.129926812981331,W2
2012-05-15,108889.38594167425,115965.0789789647,-6.1015722143162865,W2
2012-05-15,108862.88073792729,115965.0789789647,-6.124428408595054,W2
2012-05-15,108426.55379431587,115965.0789789647,-6.500685595200831,W2
2012-05-16,108436.83874797846,115965.0789789647,-6.491816585880833,W2
2012-05-16,107859.55211598039,115965.0789789647,-6.989627338118395,W2
2012-05-16,107901.9122332483,115965.0789789647,-6.953098999034878,W2
2012-05-18,107637.29110215715,115965.0789789647,-7.181289358944129,W2
2012-05-18,107436.05748473541,115965.0789789647,-7.354818855231746,W2
2012-05-21,107178.1753024248,115965.0789789647,-7.577198027117955,W2
2012-05-21,106805.6361104783,115965.0789789647,-7.898449213446282,W2
2012-05-21,106717.75293525176,115965.0789789647,-7.97423338571635,W2
2012-05-21,106752.61560043923,115965.0789789647,-7.9441703137170725,W2
2012-05-22,106857.05140217848,115965.0789789647,-7.854112338800162,W2
2012-05-22,106667.33704733352,115965.0789789647,-8.017708445934591,W2
2012-05-22,106906.23165023254,115965.0789789647,-7.811702806131292,W2
2012-05-22,106913.95531524926,115965.0789789647,-7.805042469170612,W2
2012-05-22,107027.28757688962,115965.0789789647,-7.707312822764802,W2
2012-05-22,108202.61411149487,115965.0789789647,-6.693795180252398,W2
2012-05-23,108272.12629678613,115965.0789789647,-6.633852837347716,W2
2012-05-23,108309.15369170193,115965.0789789647,-6.601923057070917,W2
2012-05-23,108394.27855435974,115965.0789789647,-6.5285174565165836,W2
2012-05-23,108173.53570980481,115965.0789789647,-6.718870316617659,W2
2012-05-23,108254.67253883513,115965.0789789647,-6.648903711373472,W2
2012-05-23,108093.64530823416,115965.0789789647,-6.78776209186074,W2
2012-05-23,108054.50255877856,115965.0789789647,-6.821516002779646,W2
2012-05-23,107794.00850354796,115965.0789789647,-7.046147467289629,W2
2012-05-23,107708.65089604435,115965.0789789647,-7.119753770372554,W2
2012-05-24,107731.7695604935,115965.0789789647,-7.099817885662514,W2
2012-05-24,107401.92429830745,115965.0789789647,-7.384252876860063,W2
2012-05-24,107403.18977400988,115965.0789789647,-7.383161621015138,W2
2012-05-24,107083.14618617446,115965.0789789647,-7.659144348447655,W2
2012-05-24,107057.61204334002,115965.0789789647,-7.681163169164426,W2
2012-05-24,107137.04234806942,115965.0789789647,-7.612668148569646,W2
2012-05-24,107036.7000768427,115965.0789789647,-7.699196155199058,W2
2012-05-25,106927.91719947131,115965.0789789647,-7.793002737602298,W2
2012-05-25,106917.16317376622,115965.0789789647,-7.8022762411429945,W2
2012-05-25,106911.3220942278,115965.0789789647,-7.80731317087206,W2
2012-05-25,106688.9348337474,115965.0789789647,-7.999084057796342,W2
2012-05-25,106619.6004770848,115965.0789789647,-8.058873053995082,W2
2012-05-30,106604.09035762638,115965.0789789647,-8.0722478730311,W2
2012-05-31,106629.5997853585,115965.0789789647,-8.050250364853017,W2
2012-06-01,106414.33144315865,115965.0789789647,-8.235882405201043,W2
2012-06-05,106500.50143377746,115965.0789789647,-8.161575560953176,W2
2012-06-06,106549.34791299902,115965.0789789647,-8.11945384668227,W2
2012-06-06,106618.63353582071,115965.0789789647,-8.059706875066558,W2
2012-06-06,106757.1718558003,115965.0789789647,-7.940241324575517,W2
2012-06-06,106882.15646799836,115965.0789789647,-7.83246352344909,W2
2012-06-06,107099.6586674042,115965.0789789647,-7.644905164225016,W2
2012-06-07,107383.24100813962,115965.0789789647,-7.4003640116364355,W2
2012-06-07,107570.78608274485,115965.0789789647,-7.2386385368154835,W2
2012-06-07,107688.97504221018,115965.0789789647,-7.1367208211497415,W2
2012-06-07,107804.81165075515,115965.0789789647,-7.036831604874575,W2
2012-06-07,107959.62057207114,115965.0789789647,-6.903335450101913,W2
2012-06-07,108051.94923597196,115965.0789789647,-6.823717805968231,W2
2012-06-07,108140.97211058522,115965.0789789647,-6.746950838362912,W2
2012-06-07,108223.13378052798,115965.0789789647,-6.676100483526645,W2
2012-06-07,108318.63858835229,115965.0789789647,-6.59374395976518,W2
2012-06-07,108425.73864516444,115965.0789789647,-6.501388521597818,W2
2012-06-07,108574.1173836026,115965.0789789647,-6.373437297190793,W2
2012-06-07,108651.7500410303,115965.0789789647,-6.306492439211792,W2
2012-06-07,108779.13462525314,115965.0789789647,-6.196645073656218,W2
2012-06-07,108873.25906467154,115965.0789789647,-6.115478880999654,W2
2012-06-07,108993.8454218785,115965.0789789647,-6.011493820782657,W2
2012-06-07,109114.52074340767,115965.0789789647,-5.90743204408947,W2
2012-06-07,109195.41086567093,115965.0789789647,-5.837678181137393,W2
2012-06-07,109262.63864723538,115965.0789789647,-5.779705744817452,W2
2012-06-07,109375.0048605356,115965.0789789647,-5.682809149489298,W2
2012-06-07,109521.64854237573,115965.0789789647,-5.556354113946463,W2
2012-06-07,109656.6572289798,115965.0789789647,-5.439932267134657,W2
2012-06-07,109727.63781183027,115965.0789789647,-5.378723683071745,W2
2012-06-08,109779.69104593866,115965.0789789647,-5.3338366924650025,W2
2012-06-13,109735.14174365303,115965.0789789647,-5.3722528283206135,W2
2012-06-14,109516.6127676728,115965.0789789647,-5.5606966063133525,W2
2012-06-15,109707.92953466985,115965.0789789647,-5.395718693409291,W2
2012-06-18,109822.86303368107,115965.0789789647,-5.296608254281255,W2
2012-06-20,109974.16872856543,115965.0789789647,-5.166133031725847,W2
2012-06-22,110018.68676249255,115965.0789789647,-5.127743859468919,W2
2012-06-27,110137.72134042523,115965.0789789647,-5.025096942844763,W2
2012-06-27,110281.42400600291,115965.0789789647,-4.901178029631456,W2
2012-06-27,110400.9669785308,115965.0789789647,-4.798092709826189,W2
2012-06-27,110639.58088038744,115965.0789789647,-4.592329126549612,W2
2012-06-28,110763.85534490243,115965.0789789647,-4.4851637060547604,W2
2012-06-28,110915.57423196227,115965.0789789647,-4.354332176084126,W2
2012-06-28,111061.58787150524,115965.0789789647,-4.228420444010491,W2
2012-06-28,111190.24099608738,115965.0789789647,-4.117479179868831,W2
2012-06-28,111323.99503420017,115965.0789789647,-4.002139252288518,W2
2012-06-29,111477.86640368175,115965.0789789647,-3.8694515752426604,W2
2012-06-29,111667.45657358477,115965.0789789647,-3.705962556330845,W2
2012-06-29,111935.52274838222,115965.0789789647,-3.4748014368303117,W2
2012-06-29,112138.38323798841,115965.0789789647,-3.2998690421884858,W2
2012-06-29,112249.50783759182,115965.0789789647,-3.2040431258162223,W2
2012-06-29,112541.6988094802,115965.0789789647,-2.952078504689732,W2
2012-07-02,112693.13848822453,115965.0789789647,-2.8214877440247945,W2
2012-07-02,112804.82918212985,115965.0789789647,-2.7251736683662293,W2
2012-07-02,112933.79849725166,115965.0789789647,-2.6139597440906264,W2
2012-07-02,113083.48301764857,115965.0789789647,-2.4848825066025504,W2
2012-07-02,113162.20992683966,115965.0789789647,-2.416994044072062,W2
2012-07-02,113310.12416739504,115965.0789789647,-2.2894433694571483,W2
2012-07-03,113434.14275101996,115965.0789789647,-2.182498602362728,W2
2012-07-05,113354.34792562343,115965.0789789647,-2.251307959540852,W2
2012-07-05,113523.66814225458,115965.0789789647,-2.1052983003210564,W2
2012-07-12,113592.85677089724,115965.0789789647,-2.0456349695564473,W2
2012-07-13,113678.64265436151,115965.0789789647,-1.9716593518794834,W2
2012-07-13,113814.79790638319,115965.0789789647,-1.8542487889578845,W2
2012-07-13,113955.71687800124,115965.0789789647,-1.7327303345586793,W2
2012-07-13,114047.71349591404,115965.0789789647,-1.6533990231649427,W2
2012-07-16,114118.73202931233,115965.0789789647,-1.5921577132606244,W2
2012-07-17,114070.57896290126,115965.0789789647,-1.633681477858595,W2
2012-07-17,114205.40499367536,115965.0789789647,-1.5174171403863144,W2
2012-07-17,114319.09898058645,115965.0789789647,-1.4193755679473241,W2
2012-07-17,114445.7008916032,115965.0789789647,-1.3102031238534266,W2
2012-07-17,114517.48141624435,115965.0789789647,-1.2483047271350791,W2
2012-07-17,114534.2578075698,115965.0789789647,-1.2338379656986567,W2
2012-07-18,114616.24635636724,115965.0789789647,-1.1631368981709822,W2
2012-07-18,114709.42481545203,115965.0789789647,-1.0827864513768242,W2
2012-07-18,114833.86306836881,115965.0789789647,-0.9754797914647052,W2
2012-07-18,114919.29101843081,115965.0789789647,-0.9018128299844311,W2
2012-07-18,114815.92931194902,115965.0789789647,-0.9909445818806589,W2
2012-07-18,114926.18524201206,115965.0789789647,-0.8958677440655112,W2
2012-07-18,114892.11381748792,115965.0789789647,-0.92524850664001,W2
2012-07-18,114908.742676466,115965.0789789647,-0.9109089665607891,W2
2012-07-18,114815.20844818342,115965.0789789647,-0.9915662032963016,W2
2012-07-19,114887.62944436021,115965.0789789647,-0.9291155096785026,W2
2012-07-19,114951.69774513843,115965.0789789647,-0.8738675838871165,W2
2012-07-19,114928.39296494139,115965.0789789647,-0.89396396152272,W2
2012-07-19,114843.05151818729,115965.0789789647,-0.9675563287297316,W2
2012-07-19,114968.49282275188,115965.0789789647,-0.8593847087307949,W2
2012-07-19,114990.98200686535,115965.0789789647,-0.8399916428945305,W2
2012-07-19,115069.53953380717,115965.0789789647,-0.7722492435157756,W2
2012-07-19,114943.48476617616,115965.0789789647,-0.8809498702396831,W2
2012-07-19,114898.95641919324,115965.0789789647,-0.9193479357392053,W2
2012-07-19,114588.71613509115,115965.0789789647,-1.1868769943434523,W2
2012-07-23,114611.60294301214,115965.0789789647,-1.1671410461403342,W2
2012-07-24,114434.52780889402,115965.0789789647,-1.3198379922185903,W2
2012-07-24,114312.0133633442,115965.0789789647,-1.4254856980870496,W2
2012-07-26,114379.05438755645,115965.0789789647,-1.3676743079664029,W2
2012-07-27,114490.92485868261,115965.0789789647,-1.271205205275187,W2
2012-07-27,114662.53487447301,115965.0789789647,-1.1232209868351435,W2
2012-07-27,114812.81783778091,115965.0789789647,-0.9936276949311601,W2
2012-07-27,115082.51472293647,115965.0789789647,-0.761060367309645,W2
2012-07-27,115304.03888246977,115965.0789789647,-0.5700337569854375,W2
2012-07-27,115413.47810650786,115965.0789789647,-0.4756611881037869,W2
2012-07-27,115493.99740181642,115965.0789789647,-0.4062270998269445,W2
2012-07-27,115581.68678721733,115965.0789789647,-0.3306100380588784,W2
2012-07-27,115673.0794575987,115965.0789789647,-0.25179952787249615,W2
2012-07-27,115776.04635362643,115965.0789789647,-0.16300823230806893,W2
2012-07-30,115845.27452813867,115965.0789789647,-0.1033108000105382,W2
2012-07-30,115935.40906595314,115965.0789789647,-0.025585213473567618,W2
2012-07-30,116003.19602391857,116003.19602391857,0.0,W2
2012-07-30,116053.36618318602,116053.36618318602,0.0,W2
2012-07-30,115961.16079678637,116053.36618318602,-0.07945085044247006,W2
2012-07-30,116016.77996309179,116053.36618318602,-0.0315253415712954,W2
2012-07-30,115700.03544016337,116053.36618318602,-0.30445540240938485,W2
2012-07-31,115629.37218210552,116053.36618318602,-0.36534399218652663,W2
2012-07-31,115228.53937887833,116053.36618318602,-0.7107306159527831,W2
2012-08-01,114826.19444142678,116053.36618318602,-1.0574202042724021,W2
2012-08-01,114858.87221427083,116053.36618318602,-1.0292626644105514,W2
2012-08-01,114778.02861388985,116053.36618318602,-1.0989233757193193,W2
2012-08-01,114615.85165861652,116053.36618318602,-1.2386668063556534,W2
2012-08-01,114617.60642042565,116053.36618318602,-1.2371547762725585,W2
2012-08-01,114552.6509272491,116053.36618318602,-1.2931251417284213,W2
2012-08-01,114487.58343936638,116053.36618318602,-1.3491920099483448,W2
2012-08-01,114441.36512612617,116053.36618318602,-1.3890170617846347,W2
2012-08-02,114363.11007504756,116053.36618318602,-1.456447291214677,W2
2012-08-02,114189.04102405689,116053.36618318602,-1.6064378142951616,W2
2012-08-02,114500.01687311303,116053.36618318602,-1.3384784613839569,W2
2012-08-06,114955.70089760932,116053.36618318602,-0.9458280459043968,W2
2012-08-06,115072.48056394361,116053.36618318602,-0.8452022130009753,W2
2012-08-06,115194.03988114686,116053.36618318602,-0.7404578861441599,W2
2012-08-07,115322.97143344421,116053.36618318602,-0.6293611066730374,W2
2012-08-07,115466.90753183168,116053.36618318602,-0.5053353217076388,W2
2012-08-07,115592.64715478127,116053.36618318602,-0.39698894013769964,W2
2012-08-07,115753.01778788885,116053.36618318602,-0.25880196772843606,W2
2012-08-07,115629.29731686196,116053.36618318602,-0.36540850151186544,W2
2012-08-07,115744.74063874697,116053.36618318602,-0.26593415993802466,W2
2012-08-08,115916.0446652594,116053.36618318602,-0.1183261825511112,W2
2012-08-08,116029.50424789164,116053.36618318602,-0.020561174638151887,W2
2012-08-08,116154.4796040495,116154.4796040495,0.0,W2
2012-08-09,116124.03171147071,116154.4796040495,-0.026213274496666827,W2
2012-08-09,116739.43638187299,116739.43638187299,0.0,W2
2012-08-10,116824.99205647959,116824.99205647959,0.0,W2
2012-08-10,116977.45868238484,116977.45868238484,0.0,W2
2012-08-13,116846.89685483728,116977.45868238484,-0.11161280901310772,W2
2012-08-13,117085.15845570456,117085.15845570456,0.0,W2
2012-08-13,117093.36901502479,117093.36901502479,0.0,W2
2012-08-13,117157.42894021272,117157.42894021272,0.0,W2
2012-08-13,116725.0281073956,117157.42894021272,-0.3690767514519113,W2
2012-08-13,116625.83296748868,117157.42894021272,-0.45374499725094036,W2
2012-08-13,116693.02239760655,117157.42894021272,-0.39639530058581735,W2
2012-08-14,116650.48493465205,117157.42894021272,-0.43270325249231084,W2
2012-08-16,116715.3397312811,117157.42894021272,-0.3773462877520328,W2
2012-08-16,116869.22985571017,117157.42894021272,-0.2459930088168933,W2
2012-08-16,116926.4927368931,117157.42894021272,-0.19711614142494832,W2
2012-08-16,117132.47708809316,117157.42894021272,-0.02129771227080289,W2
2012-08-17,117708.49734500893,117708.49734500893,0.0,W2
2012-08-17,117867.06491025534,117867.06491025534,0.0,W2
2012-08-17,118083.94198430683,118083.94198430683,0.0,W2
2012-08-17,118211.68704837719,118211.68704837719,0.0,W2
2012-08-17,118291.48837288545,118291.48837288545,0.0,W2
2012-08-17,118303.1833069843,118303.1833069843,0.0,W2
2012-08-17,118337.45659214386,118337.45659214386,0.0,W2
2012-08-20,118375.08532041621,118375.08532041621,0.0,W2
2012-08-21,118360.46774164602,118375.08532041621,-0.012348526491556398,W2
2012-08-21,118412.6148864088,118412.6148864088,0.0,W2
2012-08-22,118594.13906165096,118594.13906165096,0.0,W2
2012-08-23,118396.3366338933,118594.13906165096,-0.16678937873551672,W2
2012-08-24,118400.15857073311,118594.13906165096,-0.16356667576718004,W2
2012-08-24,118530.30448637315,118594.13906165096,-0.05382607925053286,W2
2012-08-27,118671.02845922916,118671.02845922916,0.0,W2
2012-08-27,118833.42879046648,118833.42879046648,0.0,W2
2012-08-28,118736.1312608384,118833.42879046648,-0.08187723826402299,W2
2012-08-28,118787.12791170909,118833.42879046648,-0.03896284002629668,W2
2012-08-28,118898.31565630196,118898.31565630196,0.0,W2
2012-08-28,118788.18858239317,118898.31565630196,-0.09262290495950787,W2
2012-08-28,118963.71406160799,118963.71406160799,0.0,W2
2012-08-29,118939.71311552612,118963.71406160799,-0.02017501409668478,W2
2012-08-29,119110.4285404273,119110.4285404273,0.0,W2
2012-08-29,119286.18569285079,119286.18569285079,0.0,W2
2012-08-30,119282.04334868728,119286.18569285079,-0.003472610126187249,W2
2012-08-30,119193.81778102742,119286.18569285079,-0.07743387156431332,W2
2012-08-30,119172.48770567849,119286.18569285079,-0.09531530119092055,W2
2012-08-30,118956.45043949799,119286.18569285079,-0.27642367088661546,W2
2012-08-31,119008.95799289187,119286.18569285079,-0.2324055366081994,W2
2012-08-31,119085.33848751202,119286.18569285079,-0.16837423727834416,W2
2012-08-31,119276.65222471967,119286.18569285079,-0.007992097388099193,W2
2012-09-04,119119.94118637919,119286.18569285079,-0.13936610136873945,W2
2012-09-04,119212.98910033554,119286.18569285079,-0.061362170388883586,W2
2012-09-04,119278.82420634748,119286.18569285079,-0.006171281662296602,W2
2012-09-04,119183.05610601745,119286.18569285079,-0.08645559939261341,W2
2012-09-04,119082.45519086608,119286.18569285079,-0.17079136263883568,W2
2012-09-04,119060.6248940679,119286.18569285079,-0.18909213793094146,W2
2012-09-04,119052.58839750374,119286.18569285079,-0.19582929405466643,W2
2012-09-04,119081.72891884057,119286.18569285079,-0.17140021103254616,W2
2012-09-04,119077.53851366667,119286.18569285079,-0.17491311166689658,W2
2012-09-04,119132.44308436709,119286.18569285079,-0.128885509743414,W2
2012-09-04,119149.68527427164,119286.18569285079,-0.11443103640736882,W2
2012-09-04,119124.61237026265,119286.18569285079,-0.1354501543072015,W2
2012-09-04,119221.16451675224,119286.18569285079,-0.05450855496878528,W2
2012-09-04,119318.5731851108,119318.5731851108,0.0,W2
2012-09-05,119362.17004586771,119362.17004586771,0.0,W2
2012-09-05,119376.1212482453,119376.1212482453,0.0,W2
2012-09-06,119476.21783960603,119476.21783960603,0.0,W2
2012-09-06,119615.04517873752,119615.04517873752,0.0,W2
2012-09-06,119744.43617577817,119744.43617577817,0.0,W2
2012-09-06,119786.9184365617,119786.9184365617,0.0,W2
2012-09-06,119960.51707881155,119960.51707881155,0.0,W2
2012-09-06,120218.37854543532,120218.37854543532,0.0,W2
2012-09-07,120357.20791586036,120357.20791586036,0.0,W2
2012-09-07,120522.76210002392,120522.76210002392,0.0,W2
2012-09-07,120794.00411923476,120794.00411923476,0.0,W2
2012-09-10,120880.72427964203,120880.72427964203,0.0,W2
2012-09-10,120387.81148139742,120880.72427964203,-0.4077679060760072,W2
2012-09-11,120549.3462905253,120880.72427964203,-0.2741363365346286,W2
2012-09-12,120660.9238754014,120880.72427964203,-0.18183246795589939,W2
2012-09-14,120789.45464077077,120880.72427964203,-0.07550388154535224,W2
2012-09-17,120932.8104504083,120932.8104504083,0.0,W2
2012-09-17,121077.64120051301,121077.64120051301,0.0,W2
2012-09-17,121248.00707584055,121248.00707584055,0.0,W2
2012-09-17,121372.45566474157,121372.45566474157,0.0,W2
2012-09-20,121559.45260567174,121559.45260567174,0.0,W2
2012-09-20,121867.27249345476,121867.27249345476,0.0,W2
2012-09-21,121945.73576921229,121945.73576921229,0.0,W2
2012-09-21,122214.47858551,122214.47858551,0.0,W2
2012-09-21,122304.65365040062,122304.65365040062,0.0,W2
2012-09-21,122255.25218329935,122304.65365040062,-0.04039214014086559,W2
2012-09-21,122244.80661192688,122304.65365040062,-0.048932756593885116,W2
2012-09-21,121316.52053525393,122304.65365040062,-0.807927650873529,W2
2012-09-21,121383.69019049815,122304.65365040062,-0.75300770037335,W2
2012-09-21,121388.24936711836,122304.65365040062,-0.7492799790772785,W2
2012-09-24,121248.60146556994,122304.65365040062,-0.8634603453841859,W2
2012-09-24,121450.1817782411,122304.65365040062,-0.6986421584594613,W2
2012-09-25,121448.76981913121,122304.65365040062,-0.699796619117943,W2
2012-09-26,121673.24656379505,122304.65365040062,-0.5162576138847532,W2
2012-09-27,121785.64487214475,122304.65365040062,-0.42435734272174136,W2
2012-09-27,121921.19943738416,122304.65365040062,-0.31352381252191763,W2
2012-09-28,121871.71368941297,122304.65365040062,-0.35398486326218237,W2
2012-09-28,121676.56436421855,122304.65365040062,-0.513544879475662,W2
2012-09-28,121524.00311867379,122304.65365040062,-0.6382835880949114,W2
2012-09-28,121088.36544970762,122304.65365040062,-0.994474179346991,W2
2012-09-28,121094.89557826129,122304.65365040062,-0.9891349478796949,W2
2012-09-28,120998.12862458525,122304.65365040062,-1.0682545486371922,W2
2012-09-28,120696.05553769231,122304.65365040062,-1.315238680374643,W2
2012-09-28,120796.2159390605,122304.65365040062,-1.2333444937033162,W2
2012-09-28,120950.20131989558,122304.65365040062,-1.1074413688105826,W2
2012-09-28,120860.22204469668,122304.65365040062,-1.1810111574599176,W2
2012-10-01,120616.03516990787,122304.65365040062,-1.3806657638061313,W2
2012-10-01,120039.89243821564,122304.65365040062,-1.8517375623814318,W2
2012-10-01,119455.0417357313,122304.65365040062,-2.329929262393189,W2
2012-10-01,119028.43604213234,122304.65365040062,-2.6787350362261164,W2
2012-10-01,118750.56236930563,122304.65365040062,-2.905932991931868,W2
2012-10-01,118990.79385893008,122304.65365040062,-2.7095124286464065,W2
2012-10-01,118812.57420587257,122304.65365040062,-2.8552302306582016,W2
2012-10-02,118715.22463079475,122304.65365040062,-2.934826200371742,W2
2012-10-02,118379.64562660421,122304.65365040062,-3.209205787880956,W2
2012-10-02,118227.07730122132,122304.65365040062,-3.3339502851909244,W2
2012-10-02,117965.2736902364,122304.65365040062,-3.5480088701841557,W2
2012-10-02,117847.5385118482,122304.65365040062,-3.644272728405563,W2
2012-10-02,117915.42048150382,122304.65365040062,-3.5887703680050604,W2
2012-10-02,117883.32634620524,122304.65365040062,-3.6150115079295655,W2
2012-10-03,117549.09621062367,122304.65365040062,-3.8882882194903092,W2
2012-10-03,117386.7821659625,122304.65365040062,-4.021001112922091,W2
2012-10-03,117598.30721782855,122304.65365040062,-3.848051805146218,W2
2012-10-03,117826.3022638142,122304.65365040062,-3.661636129878982,W2
2012-10-04,117944.27839702218,122304.65365040062,-3.565175259677586,W2
2012-10-04,118159.43374877727,122304.65365040062,-3.3892577084369777,W2
2012-10-04,118288.28365086312,122304.65365040062,-3.283906114495055,W2
2012-10-04,118478.21656317804,122304.65365040062,-3.128611195907712,W2
2012-10-05,118643.42409638251,122304.65365040062,-2.9935324983491456,W2
2012-10-08,118716.02693824733,122304.65365040062,-2.934170209427295,W2
2012-10-08,118783.1673125893,122304.65365040062,-2.879274199882244,W2
2012-10-08,118905.28260948956,122304.65365040062,-2.7794290237131376,W2
2012-10-08,119004.36396051673,122304.65365040062,-2.698417101378288,W2
2012-10-09,119140.78140200042,122304.65365040062,-2.586878057350063,W2
2012-10-09,119079.14398184857,122304.65365040062,-2.637274684389321,W2
2012-10-09,119010.90196351058,122304.65365040062,-2.6930714315295012,W2
2012-10-09,118820.22548624901,122304.65365040062,-2.8489743114040533,W2
2012-10-09,118625.65860133669,122304.65365040062,-3.008058106750446,W2
2012-10-09,118595.83551789475,122304.65365040062,-3.0324423656905717,W2
2012-10-10,118636.70562998918,122304.65365040062,-2.999025720555174,W2
2012-10-12,118544.9640317214,122304.65365040062,-3.074036438078658,W2
2012-10-12,118403.56810631932,122304.65365040062,-3.189646041787,W2
2012-10-15,118515.99287548913,122304.65365040062,-3.097724135453681,W2
2012-10-15,118598.67214649907,122304.65365040062,-3.030123051977109,W2
2012-10-15,118717.62636219383,122304.65365040062,-2.932862471823896,W2
2012-10-15,118821.64077141705,122304.65365040062,-2.8478171312593905,W2
2012-10-16,118872.0622293825,122304.65365040062,-2.8065910156043175,W2
2012-10-16,118854.09483751505,122304.65365040062,-2.8212817009798807,W2
2012-10-16,118691.63989133888,122304.65365040062,-2.9541097997704058,W2
2012-10-16,118810.34404910833,122304.65365040062,-2.8570536745727866,W2
2012-10-16,118890.1961633748,122304.65365040062,-2.791764160328529,W2
2012-10-16,119058.8410360857,122304.65365040062,-2.653874989575505,W2
2012-10-17,119165.61102758425,122304.65365040062,-2.566576601238009,W2
2012-10-17,119284.29788587398,122304.65365040062,-2.469534620620503,W2
2012-10-17,119405.1981042453,122304.65365040062,-2.370682929566374,W2
2012-10-17,119334.6753731029,122304.65365040062,-2.428344456775289,W2
2012-10-17,119446.98654595535,122304.65365040062,-2.33651543024169,W2
2012-10-17,119389.38213309906,122304.65365040062,-2.3836145480078477,W2
2012-10-17,119467.75357415415,122304.65365040062,-2.3195356771587394,W2
2012-10-18,119561.38052272864,122304.65365040062,-2.242983439954331,W2
2012-10-18,119646.41994412905,122304.65365040062,-2.1734526258256235,W2
2012-10-18,119749.84683765411,122304.65365040062,-2.08888765594255,W2
2012-10-19,119852.25695796766,122304.65365040062,-2.005154030723119,W2
2012-10-19,119753.87913234065,122304.65365040062,-2.085590729320232,W2
2012-10-19,119773.52630630083,122304.65365040062,-2.069526603079914,W2
2012-10-19,119788.08345324748,122304.65365040062,-2.057624237542571,W2
2012-10-19,119552.32207418719,122304.65365040062,-2.2503899026448977,W2
2012-10-22,119565.11481410897,122304.65365040062,-2.239930169887434,W2
2012-10-22,119464.28601137701,122304.65365040062,-2.3223708618174097,W2
2012-10-22,119271.01182407046,122304.65365040062,-2.4803977083338262,W2
2012-10-22,118816.37496929245,122304.65365040062,-2.8521226110325926,W2
2012-10-22,118595.05530501746,122304.65365040062,-3.033080291439104,W2
2012-10-22,118579.14227456761,122304.65365040062,-3.046091268515528,W2
2012-10-23,118531.50457630953,122304.65365040062,-3.085041297673252,W2
2012-10-24,118386.4648602069,122304.65365040062,-3.2036301753436023,W2
2012-10-24,118373.76624443347,122304.65365040062,-3.214012949338232,W2
2012-10-24,118454.9640428373,122304.65365040062,-3.147623162866229,W2
2012-10-24,118365.80199765484,122304.65365040062,-3.2205247594296105,W2
2012-10-25,118299.29339204771,122304.65365040062,-3.274904215666199,W2
2012-10-25,118278.23419412054,122304.65365040062,-3.2921228555941338,W2
2012-10-25,118289.96185875038,122304.65365040062,-3.28253396074851,W2
2012-10-25,118574.40212304112,122304.65365040062,-3.049966960392342,W2
2012-10-26,118711.07735144153,122304.65365040062,-2.9382171419503598,W2
2012-10-26,119125.38902005389,122304.65365040062,-2.5994633363947384,W2
2012-10-26,119217.11387586009,122304.65365040062,-2.5244663080164176,W2
2012-10-31,119305.51048965745,122304.65365040062,-2.452190551404541,W2
2012-10-31,119400.90115745417,122304.65365040062,-2.3741962437885897,W2
2012-10-31,119505.71296324849,122304.65365040062,-2.2884989275655148,W2
2012-10-31,119446.73889235398,122304.65365040062,-2.3367179193489966,W2
2012-10-31,119435.37126939427,122304.65365040062,-2.346012433188357,W2
2012-10-31,119297.34512359809,122304.65365040062,-2.4588668027291214,W2
2012-10-31,119334.88075606995,122304.65365040062,-2.428176529422635,W2
2012-10-31,119335.32704341116,122304.65365040062,-2.427811631335856,W2
2012-10-31,119410.84246282447,122304.65365040062,-2.366067930536733,W2
2012-10-31,119121.89167893362,122304.65365040062,-2.6023228687313114,W2
2012-10-31,119184.67153389768,122304.65365040062,-2.5509921522865313,W2
2012-10-31,119238.48212407916,122304.65365040062,-2.5069949791819828,W2
2012-11-01,119327.31100706033,122304.65365040062,-2.434365786154647,W2
2012-11-01,119452.11839861023,122304.65365040062,-2.3323194716238436,W2
2012-11-01,119577.04491612186,122304.65365040062,-2.230175756088109,W2
2012-11-01,119687.63460421251,122304.65365040062,-2.1397542677882733,W2
2012-11-01,119773.04891761066,122304.65365040062,-2.069916930574346,W2
2012-11-01,119907.40056297854,122304.65365040062,-1.9600669442018654,W2
2012-11-01,119920.50599503047,122304.65365040062,-1.9493515448603216,W2
2012-11-01,119944.47571944262,122304.65365040062,-1.9297531700669432,W2
2012-11-01,120021.13724963668,122304.65365040062,-1.8670723742787523,W2
2012-11-01,119615.217352635,122304.65365040062,-2.1989648124536574,W2
2012-11-01,119750.42089118526,122304.65365040062,-2.088418292337802,W2
2012-11-01,119570.56282288455,122304.65365040062,-2.2354757124216103,W2
2012-11-02,119554.47661476592,122304.65365040062,-2.248628284820533,W2
2012-11-02,119549.82376956366,122304.65365040062,-2.252432592394602,W2
2012-11-05,119590.16155062961,122304.65365040062,-2.219451197278398,W2
2012-11-05,119679.58376573327,122304.65365040062,-2.1463368778844085,W2
2012-11-05,119716.44937807531,122304.65365040062,-2.1161944333888663,W2
2012-11-05,119822.12774042317,122304.65365040062,-2.02978859420475,W2
2012-11-05,119790.66406193533,122304.65365040062,-2.055514253489781,W2
2012-11-06,119901.76652100532,122304.65365040062,-1.964673508061095,W2
2012-11-08,119790.06125530285,122304.65365040062,-2.0560071265035935,W2
2012-11-08,119841.19242691858,122304.65365040062,-2.0142007274094995,W2
2012-11-09,119758.36351052331,122304.65365040062,-2.0819241654988074,W2
2012-11-09,119650.07927653915,122304.65365040062,-2.1704606444897725,W2
2012-11-12,119776.54312421399,122304.65365040062,-2.06705996111404,W2
2012-11-12,119607.54439116444,122304.65365040062,-2.2052384588289518,W2
2012-11-12,119233.52959593924,122304.65365040062,-2.5110443166291763,W2
2012-11-12,118695.61032926575,122304.65365040062,-2.9508634491137777,W2
2012-11-13,118513.72371005121,122304.65365040062,-3.099579474044805,W2
2012-11-14,118165.32313146617,122304.65365040062,-3.3844423702522746,W2
2012-11-15,117595.53993748527,122304.65365040062,-3.850314417614906,W2
2012-11-15,117368.4581195961,122304.65365040062,-4.035983409849883,W2
2012-11-16,117339.67649001414,122304.65365040062,-4.0595161444784615,W2
2012-11-16,116887.11619400243,122304.65365040062,-4.429543189651511,W2
2012-11-16,116833.47110842897,122304.65365040062,-4.473405041161103,W2
2012-11-16,116756.44874356088,122304.65365040062,-4.536380866339646,W2
2012-11-16,116531.83871557309,122304.65365040062,-4.720028848067159,W2
2012-11-16,116406.6659126146,122304.65365040062,-4.822373934065513,W2
2012-11-16,116247.49839026348,122304.65365040062,-4.952514135276566,W2
2012-11-16,116704.00224494016,122304.65365040062,-4.579262716747914,W2
2012-11-16,117033.86596023216,122304.65365040062,-4.309556123052069,W2
2012-11-16,117154.99720479072,122304.65365040062,-4.210515537969501,W2
2012-11-19,116974.93783709184,122304.65365040062,-4.357737546555999,W2
2012-11-20,117230.24449448023,122304.65365040062,-4.1489910681773745,W2
2012-11-20,117153.69876092287,122304.65365040062,-4.211577185117912,W2
2012-11-20,117254.61996064348,122304.65365040062,-4.129060946603317,W2
2012-11-20,117224.6034656828,122304.65365040062,-4.153603344676315,W2
2012-11-20,117270.86912515879,122304.65365040062,-4.115775136104435,W2
2012-11-20,117130.68447669939,122304.65365040062,-4.230394362990197,W2
2012-11-20,117176.00639789553,122304.65365040062,-4.193337783503296,W2
2012-11-20,117021.34428658307,122304.65365040062,-4.319794223790963,W2
2012-11-21,117079.31287079903,122304.65365040062,-4.272397348458932,W2
2012-11-21,117045.99793351172,122304.65365040062,-4.299636653172986,W2
2012-11-21,117153.23334367518,122304.65365040062,-4.211957724397323,W2
2012-11-21,117312.35252621004,122304.65365040062,-4.081857047288424,W2
2012-11-23,117255.09390085672,122304.65365040062,-4.128673438688373,W2
2012-11-23,117320.00262512996,122304.65365040062,-4.075602094029017,W2
2012-11-23,117471.19492344449,122304.65365040062,-3.9519826782488896,W2
2012-11-23,117617.15737586083,122304.65365040062,-3.832639343339033,W2
2012-12-05,117405.13370654301,122304.65365040062,-4.005996335889677,W2
2012-12-06,117189.66341104808,122304.65365040062,-4.182171394698836,W2
2012-12-06,117333.40750835536,122304.65365040062,-4.064641854311793,W2
2012-12-07,117472.52637128257,122304.65365040062,-3.950894046051881,W2
2012-12-07,117632.66811801132,122304.65365040062,-3.8199572893962364,W2
2012-12-10,117753.08053737186,122304.65365040062,-3.7215044376308986,W2
2012-12-10,118000.89855069033,122304.65365040062,-3.5188809021219103,W2
2012-12-10,118283.45785679459,122304.65365040062,-3.2878518303157493,W2
2012-12-10,118415.4305250699,122304.65365040062,-3.1799469678789167,W2
2012-12-10,118477.36298916201,122304.65365040062,-3.1293091039517265,W2
2012-12-10,118411.3591460059,122304.65365040062,-3.183275851075494,W2
2012-12-10,118261.88516275771,122304.65365040062,-3.3054903202611454,W2
2012-12-10,118340.3444858336,122304.65365040062,-3.24133959440229,W2
2012-12-10,118288.35547044822,122304.65365040062,-3.283847392620651,W2
2012-12-10,118598.78508423819,122304.65365040062,-3.0300307106509634,W2
2012-12-11,118762.16516593535,122304.65365040062,-2.896446192956179,W2
2012-12-11,118918.83644072653,122304.65365040062,-2.7683469995771484,W2
2012-12-11,119014.50247179446,122304.65365040062,-2.6901275465861088,W2
2012-12-11,119312.46448803373,122304.65365040062,-2.446504751094638,W2
2012-12-11,119358.6953148373,122304.65365040062,-2.4087050227738183,W2
2012-12-11,119377.1958215289,122304.65365040062,-2.393578446523917,W2
2012-12-11,119432.52863328576,122304.65365040062,-2.3483366588197265,W2
2012-12-12,119561.95882223378,122304.65365040062,-2.2425106047122685,W2
2012-12-12,119774.41720286229,122304.65365040062,-2.0687981789890366,W2
2012-12-12,119991.41513714359,122304.65365040062,-1.89137407630397,W2
2012-12-12,120119.58515158892,122304.65365040062,-1.786578379149469,W2
2012-12-12,120508.86514264872,122304.65365040062,-1.4682912335331402,W2
2012-12-13,120481.61726359859,122304.65365040062,-1.4905699271370811,W2
2012-12-13,120538.41612359529,122304.65365040062,-1.4441294538587197,W2
2012-12-13,120409.68568092008,122304.65365040062,-1.5493833741577592,W2
2012-12-14,120375.55330374942,122304.65365040062,-1.5772910425513362,W2
2012-12-14,120360.43726958663,122304.65365040062,-1.5896503712535717,W2
2012-12-14,120298.64928231885,122304.65365040062,-1.6401701065405088,W2
2012-12-14,120415.79451051292,122304.65365040062,-1.5443886095183887,W2
2012-12-17,120012.83229335115,122304.65365040062,-1.8738627588124996,W2
2012-12-17,120155.91829354723,122304.65365040062,-1.7568712986141952,W2
2012-12-17,120311.81264820135,122304.65365040062,-1.6294073387392707,W2
2012-12-17,120498.10341675305,122304.65365040062,-1.477090347527965,W2
2012-12-18,120625.2120631082,122304.65365040062,-1.3731624571645344,W2
2012-12-19,120709.80922319621,122304.65365040062,-1.3039932493191688,W2
2012-12-19,120913.6192192345,122304.65365040062,-1.137352005543708,W2
2012-12-19,121063.82460751476,122304.65365040062,-1.0145395173863816,W2
2012-12-19,121313.73423093866,122304.65365040062,-0.8102058179196008,W2
2012-12-19,121445.28895174256,122304.65365040062,-0.7026426820311281,W2
2012-12-20,121579.29798575086,122304.65365040062,-0.5930728251135389,W2
2012-12-20,121720.58203073159,122304.65365040062,-0.4775546982362273,W2
2012-12-20,121962.45918537313,122304.65365040062,-0.2797885892434114,W2
2012-12-20,122114.47881811054,122304.65365040062,-0.15549271970769296,W2
2012-12-20,122606.32460085525,122606.32460085525,0.0,W2
2012-12-20,122765.4100318643,122765.4100318643,0.0,W2
2012-12-20,122891.95193661642,122891.95193661642,0.0,W2
2012-12-20,123037.26733600827,123037.26733600827,0.0,W2
2012-12-21,123072.08041516572,123072.08041516572,0.0,W2
2012-12-21,122995.83636147282,123072.08041516572,-0.06195073117778457,W2
2012-12-21,122845.34828335536,123072.08041516572,-0.18422710581109564,W2
2012-12-24,122772.69656439664,123072.08041516572,-0.24325895016900165,W2
2012-12-24,122891.28141447938,123072.08041516572,-0.1469049682726099,W2
2012-12-26,123010.999727447,123072.08041516572,-0.04963001154500766,W2
2012-12-26,122817.48555175355,123072.08041516572,-0.206866466020023,W2
2012-12-26,122588.58254435833,123072.08041516572,-0.39285747764755485,W2
2012-12-26,122335.62019504314,123072.08041516572,-0.5983974737716611,W2
2012-12-26,122218.44970122134,123072.08041516572,-0.6936022459885157,W2
2012-12-27,122157.86474355443,123072.08041516572,-0.74282946101774,W2
2012-12-28,121849.58834320825,123072.08041516572,-0.9933138920164298,W2
2012-12-31,122013.56660618677,123072.08041516572,-0.8600763108970063,W2
2012-12-31,122156.26994842441,123072.08041516572,-0.7441252830471058,W2
2012-12-31,122294.10252745367,123072.08041516572,-0.632131906024226,W2
2012-12-31,122476.12514244569,123072.08041516572,-0.484232712008822,W2
2012-12-31,122913.58087411601,123072.08041516572,-0.12878594439537516,W2
2012-12-31,122990.64550652273,123072.08041516572,-0.06616846677839341,W2
2013-01-04,100027.39226839783,100027.39226839783,0.0,W3
2013-01-10,100110.47427503782,100110.47427503782,0.0,W3
2013-01-11,100173.02476419354,100173.02476419354,0.0,W3
2013-01-11,100250.88736410787,100250.88736410787,0.0,W3
2013-01-14,100317.4262835833,100317.4262835833,0.0,W3
2013-01-15,100406.2511211078,100406.2511211078,0.0,W3
2013-01-16,100659.09657273379,100659.09657273379,0.0,W3
2013-01-16,100798.75543034471,100798.75543034471,0.0,W3
2013-01-17,100872.55466932844,100872.55466932844,0.0,W3
2013-01-17,100913.16813592611,100913.16813592611,0.0,W3
2013-01-17,101147.95453192326,101147.95453192326,0.0,W3
2013-01-17,101228.41151695294,101228.41151695294,0.0,W3
2013-01-17,101343.37614559378,101343.37614559378,0.0,W3
2013-01-17,101469.28045217063,101469.28045217063,0.0,W3
2013-01-17,101537.24664275731,101537.24664275731,0.0,W3
2013-01-17,101620.1750484118,101620.1750484118,0.0,W3
2013-01-17,101682.4922917663,101682.4922917663,0.0,W3
2013-01-17,101726.39565779208,101726.39565779208,0.0,W3
2013-01-17,101726.18867732314,101726.39565779208,-0.00020346780950974627,W3
2013-01-17,101734.27524589266,101734.27524589266,0.0,W3
2013-01-17,101724.22531754401,101734.27524589266,-0.00987860612792656,W3
2013-01-17,101729.48079550567,101734.27524589266,-0.004712718870205824,W3
2013-01-17,101749.71188346676,101749.71188346676,0.0,W3
2013-01-18,101737.46339830634,101749.71188346676,-0.012037857340030732,W3
2013-01-18,101861.74771422375,101861.74771422375,0.0,W3
2013-01-18,101903.70051140341,101903.70051140341,0.0,W3
2013-01-18,101951.30967261754,101951.30967261754,0.0,W3
2013-01-18,102007.70037691508,102007.70037691508,0.0,W3
2013-01-18,101966.60678587342,102007.70037691508,-0.04028479309877566,W3
2013-01-22,101988.46069925341,102007.70037691508,-0.018861005189388734,W3
2013-01-22,102066.34849035266,102066.34849035266,0.0,W3
2013-01-22,102157.18173746875,102157.18173746875,0.0,W3
2013-01-22,102184.1835839232,102184.1835839232,0.0,W3
2013-01-22,102257.06633856375,102257.06633856375,0.0,W3
2013-01-22,102388.4604620372,102388.4604620372,0.0,W3
2013-01-23,102409.95923368452,102409.95923368452,0.0,W3
2013-01-24,102318.99635113875,102409.95923368452,-0.08882230129416681,W3
2013-01-24,102380.18787204502,102409.95923368452,-0.029070767982214522,W3
2013-01-25,102361.4439525883,102409.95923368452,-0.047373596727553084,W3
2013-01-25,102353.68994879472,102409.95923368452,-0.054945129664002904,W3
2013-01-25,102356.78172065123,102409.95923368452,-0.05192611483415773,W3
2013-01-28,102335.41229315897,102409.95923368452,-0.07279266692749281,W3
2013-01-28,102360.47733316584,102409.95923368452,-0.04831746920802583,W3
2013-01-28,102583.53909020165,102583.53909020165,0.0,W3
2013-01-28,102658.3067180232,102658.3067180232,0.0,W3
2013-01-30,102582.62684195484,102658.3067180232,-0.07372016789272919,W3
2013-01-31,102588.93992073616,102658.3067180232,-0.06757056443330935,W3
2013-01-31,102629.7700113872,102658.3067180232,-0.027797756994364018,W3
2013-02-01,103031.6031762537,103031.6031762537,0.0,W3
2013-02-01,103178.59779169803,103178.59779169803,0.0,W3
2013-02-04,103351.94370253997,103351.94370253997,0.0,W3
2013-02-04,103383.99159415993,103383.99159415993,0.0,W3
2013-02-04,103488.19275635849,103488.19275635849,0.0,W3
2013-02-05,103516.28461910927,103516.28461910927,0.0,W3
2013-02-05,103486.86558858104,103516.28461910927,-0.02841971254713458,W3
2013-02-05,103607.61476226518,103607.61476226518,0.0,W3
2013-02-05,103675.3421582911,103675.3421582911,0.0,W3
2013-02-05,103749.20760983782,103749.20760983782,0.0,W3
2013-02-06,104056.2461950241,104056.2461950241,0.0,W3
2013-02-06,104124.338975392,104124.338975392,0.0,W3
2013-02-06,104083.88706660325,104124.338975392,-0.03884961881805589,W3
2013-02-06,104111.11949250672,104124.338975392,-0.012695862480725987,W3
2013-02-06,103994.18655129026,104124.338975392,-0.12499711919660413,W3
2013-02-07,103893.62924097053,104124.338975392,-0.22157137965216284,W3
2013-02-07,103908.14581388999,104124.338975392,-0.20762980454849117,W3
2013-02-07,103979.48823553402,104124.338975392,-0.13911323834883144,W3
2013-02-07,104044.1452144961,104124.338975392,-0.07701730612173667,W3
2013-02-08,104112.52535430071,104124.338975392,-0.011345686520117582,W3
2013-02-11,104082.71174361533,104124.338975392,-0.03997838755692706,W3
2013-02-11,104131.56556229384,104131.56556229384,0.0,W3
2013-02-11,104164.37616731615,104164.37616731615,0.0,W3
2013-02-11,104094.37233921215,104164.37616731615,-0.06720515274008675,W3
2013-02-11,104102.01775732882,104164.37616731615,-0.05986538995554636,W3
2013-02-11,104142.51984445401,104164.37616731615,-0.02098253132820377,W3
2013-02-11,104083.37383618372,104164.37616731615,-0.07776394782254673,W3
2013-02-11,104095.20159121715,104164.37616731615,-0.06640905331001887,W3
2013-02-11,104028.34682656052,104164.37616731615,-0.1305910386648225,W3
2013-02-11,104016.7233207831,104164.37616731615,-0.1417498495799351,W3
2013-02-11,104013.95351969625,104164.37616731615,-0.14440891709299636,W3
2013-02-12,103914.33791470704,104164.37616731615,-0.2400420007387972,W3
2013-02-13,103713.67730454703,104164.37616731615,-0.43268042237892623,W3
2013-02-13,103834.36252091861,104164.37616731615,-0.31682006703274906,W3
2013-02-13,103901.20166078575,104164.37616731615,-0.25265308180569246,W3
2013-02-13,104070.20224343812,104164.37616731615,-0.0904089549067711,W3
2013-02-14,104273.86710145796,104273.86710145796,0.0,W3
2013-02-14,104550.3636985933,104550.3636985933,0.0,W3
2013-02-14,104538.80555935537,104550.3636985933,-0.011055092329707498,W3
2013-02-15,104494.63638401795,104550.3636985933,-0.05330188495182849,W3
2013-02-15,104852.04217029065,104852.04217029065,0.0,W3
2013-02-19,104988.71052597761,104988.71052597761,0.0,W3
2013-02-19,105328.77758016888,105328.77758016888,0.0,W3
2013-02-19,105488.14601469948,105488.14601469948,0.0,W3
2013-02-19,105699.45554329292,105699.45554329292,0.0,W3
2013-02-20,105551.5715876774,105699.45554329292,-0.1399098555951817,W3
2013-02-20,105553.53920185413,105699.45554329292,-0.13804833779775005,W3
2013-02-21,105606.96943268791,105699.45554329292,-0.08749913623455469,W3
2013-02-22,106007.43595454335,106007.43595454335,0.0,W3
2013-02-22,106227.30715958728,106227.30715958728,0.0,W3
2013-02-22,106485.61497330517,106485.61497330517,0.0,W3
2013-02-22,105706.58625331508,106485.61497330517,-0.7315811813505388,W3
2013-02-22,105322.86388649492,106485.61497330517,-1.0919325461018787,W3
2013-02-25,105160.82035436788,106485.61497330517,-1.2441066516537476,W3
2013-02-25,105019.23074861271,106485.61497330517,-1.3770725980782181,W3
2013-02-25,104553.30828231791,106485.61497330517,-1.8146175814185483,W3
2013-02-26,104875.48131809507,106485.61497330517,-1.512066822935419,W3
2013-02-26,105045.61153832634,106485.61497330517,-1.3522985572650603,W3
2013-02-27,105075.5448277558,106485.61497330517,-1.324188385354077,W3
2013-02-27,104851.5204337755,106485.61497330517,-1.534568345160352,W3
2013-02-27,105103.7415732225,106485.61497330517,-1.2977089914248863,W3
2013-02-27,105342.78950608878,106485.61497330517,-1.0732205166893987,W3
2013-02-27,105588.57423767753,106485.61497330517,-0.8424055548277761,W3
2013-02-28,105432.38908787862,106485.61497330517,-0.9890780888015583,W3
2013-02-28,105240.01670591137,106485.61497330517,-1.169733834664951,W3
2013-02-28,105216.93541154018,106485.61497330517,-1.191409339264309,W3
2013-02-28,105091.52903538506,106485.61497330517,-1.3091777121910753,W3
2013-02-28,104802.34045092156,106485.61497330517,-1.5807529710051345,W3
2013-03-01,104676.08205961087,106485.61497330517,-1.6993214662355423,W3
2013-03-01,104623.60403103504,106485.61497330517,-1.7486032669642018,W3
2013-03-01,104832.77292695481,106485.61497330517,-1.5521740159595334,W3
2013-03-01,104732.3667270489,106485.61497330517,-1.646464873866576,W3
2013-03-01,104679.28938952611,106485.61497330517,-1.6963094820196052,W3
2013-03-01,104716.99184586643,106485.61497330517,-1.660903332231414,W3
2013-03-04,104806.77838076615,106485.61497330517,-1.5765853378035062,W3
2013-03-04,104765.51707883307,106485.61497330517,-1.6153335780643325,W3
2013-03-04,104847.24509250412,106485.61497330517,-1.5385832924116316,W3
2013-03-04,104474.72364078164,106485.61497330517,-1.8884159452219371,W3
2013-03-05,104674.98341087959,106485.61497330517,-1.7003532006454456,W3
2013-03-05,104571.91665942258,106485.61497330517,-1.7971425664981444,W3
2013-03-05,104517.40987367061,106485.61497330517,-1.8483295608782206,W3
2013-03-06,104668.23712537023,106485.61497330517,-1.7066885967560403,W3
2013-03-08,104877.93366008275,106485.61497330517,-1.5097638433373828,W3
2013-03-11,104996.20015594763,106485.61497330517,-1.3987004890105752,W3
2013-03-14,105228.3418108105,106485.61497330517,-1.1806976583737256,W3
2013-03-15,105397.81732061491,106485.61497330517,-1.0215442273240036,W3
2013-03-15,105572.97661549224,106485.61497330517,-0.8570531879275154,W3
2013-03-18,105763.87791102898,106485.61497330517,-0.6777789304753769,W3
2013-03-19,105608.16487676633,106485.61497330517,-0.8240081035910914,W3
2013-03-20,105811.60210386716,106485.61497330517,-0.6329614282708317,W3
2013-03-20,106784.19168488722,106784.19168488722,0.0,W3
2013-03-20,106735.81006161733,106784.19168488722,-0.04530785175830057,W3
2013-03-20,107026.42664374002,107026.42664374002,0.0,W3
2013-03-20,107190.77909526973,107190.77909526973,0.0,W3
2013-03-22,107202.6965751461,107202.6965751461,0.0,W3
2013-03-25,107273.79484474515,107273.79484474515,0.0,W3
2013-03-25,107377.91201743123,107377.91201743123,0.0,W3
2013-03-25,107062.37872801059,107377.91201743123,-0.2938530685616373,W3
2013-03-25,106988.9966111572,107377.91201743123,-0.3621931167844766,W3
2013-03-25,106765.18193079713,107377.91201743123,-0.5706295411430872,W3
2013-03-25,106621.35173439987,107377.91201743123,-0.7045771973183291,W3
2013-03-25,106590.36959632582,107377.91201743123,-0.733430559701663,W3
2013-03-25,106841.19150937325,107377.91201743123,-0.49984256349745804,W3
2013-03-26,106839.18947729093,107377.91201743123,-0.5017070364087949,W3
2013-03-26,107000.64240328906,107377.91201743123,-0.35134750439263324,W3
2013-03-26,107012.80929034439,107377.91201743123,-0.34001660139151074,W3
2013-03-26,107252.9446900964,107377.91201743123,-0.11638085057431938,W3
2013-03-26,107480.78839046869,107480.78839046869,0.0,W3
2013-03-26,107724.89099667953,107724.89099667953,0.0,W3
2013-03-26,107853.34345230546,107853.34345230546,0.0,W3
2013-03-26,107967.82686913195,107967.82686913195,0.0,W3
2013-03-26,108039.60775452568,108039.60775452568,0.0,W3
2013-03-26,108111.36921180134,108111.36921180134,0.0,W3
2013-03-26,108257.70677632061,108257.70677632061,0.0,W3
2013-03-26,108321.86609726747,108321.86609726747,0.0,W3
2013-03-26,108438.90143114925,108438.90143114925,0.0,W3
2013-03-26,108703.70502675591,108703.70502675591,0.0,W3
2013-03-27,108394.40711061086,108703.70502675591,-0.2845330028713557,W3
2013-03-27,108619.45049101225,108703.70502675591,-0.07750843057550155,W3
2013-03-27,108755.87550011014,108755.87550011014,0.0,W3
2013-03-28,108838.04078966464,108838.04078966464,0.0,W3
2013-03-28,109019.72108748263,109019.72108748263,0.0,W3
2013-03-28,108606.70603216552,109019.72108748263,-0.37884435145975887,W3
2013-03-28,108855.6074447234,109019.72108748263,-0.15053573896738887,W3
2013-04-01,108879.59214440426,109019.72108748263,-0.1285354077964658,W3
2013-04-01,108726.50024082293,109019.72108748263,-0.2689612885951145,W3
2013-04-01,108501.14325138781,109019.72108748263,-0.4756734202967603,W3
2013-04-01,108692.09938893876,109019.72108748263,-0.3005159940566777,W3
2013-04-01,108893.6792344325,109019.72108748263,-0.11561380986197148,W3
2013-04-02,109080.63370548151,109080.63370548151,0.0,W3
2013-04-02,109315.22090849145,109315.22090849145,0.0,W3
2013-04-03,109152.99387033687,109315.22090849145,-0.14840297335206748,W3
2013-04-03,109449.16702281729,109449.16702281729,0.0,W3
2013-04-03,109342.53289088552,109449.16702281729,-0.09742799770193056,W3
2013-04-03,109316.00431382885,109449.16702281729,-0.1216662607954626,W3
2013-04-03,109123.96862206972,109449.16702281729,-0.29712277360664974,W3
2013-04-03,108714.57102881462,109449.16702281729,-0.6711754999921762,W3
2013-04-03,108536.89204315287,109449.16702281729,-0.8335147762926645,W3
2013-04-04,108200.50267655402,109449.16702281729,-1.1408623566801106,W3
2013-04-04,108152.74655545552,109449.16702281729,-1.184495508395687,W3
2013-04-04,108277.12476409336,109449.16702281729,-1.0708553482911294,W3
2013-04-04,108154.61257426627,109449.16702281729,-1.182790590156924,W3
2013-04-04,108440.67252628662,109449.16702281729,-0.9214272926539672,W3
2013-04-04,108585.25002663578,109449.16702281729,-0.7893317232842914,W3
2013-04-04,108076.79866389166,109449.16702281729,-1.253886526737588,W3
2013-04-04,108019.157041095,109449.16702281729,-1.3065517268159517,W3
2013-04-04,107630.46499183979,109449.16702281729,-1.661686498352559,W3
2013-04-05,107717.18005453148,109449.16702281729,-1.582457880126888,W3
2013-04-05,107526.21597192474,109449.16702281729,-1.7569352999202454,W3
2013-04-05,107568.50553536146,109449.16702281729,-1.7182967569444911,W3
2013-04-05,107636.0446952501,109449.16702281729,-1.6565885121713224,W3
2013-04-08,107721.23814879371,109449.16702281729,-1.5787501367309182,W3
2013-04-08,107838.15596736736,109449.16702281729,-1.4719262825582513,W3
2013-04-08,107974.31444077898,109449.16702281729,-1.3475228931900773,W3
2013-04-08,108095.02555764043,109449.16702281729,-1.237233230742226,W3
2013-04-08,108349.59501577869,109449.16702281729,-1.0046417318181777,W3
2013-04-08,108425.14581103291,109449.16702281729,-0.9356135269361119,W3
2013-04-08,108495.53194779553,109449.16702281729,-0.871304095738751,W3
2013-04-08,108586.98727617814,109449.16702281729,-0.7877444571683233,W3
2013-04-09,108698.20283182505,109449.16702281729,-0.6861305676594864,W3
2013-04-09,108778.54352974486,109449.16702281729,-0.6127259908087047,W3
2013-04-09,108843.9859050394,109449.16702281729,-0.5529335071611124,W3
2013-04-09,108924.83061007965,109449.16702281729,-0.47906843606066946,W3
2013-04-09,108992.58240225416,109449.16702281729,-0.417165916363656,W3
2013-04-10,109105.50468466463,109449.16702281729,-0.31399264836891283,W3
2013-04-10,109207.43518761676,109449.16702281729,-0.22086219728847212,W3
2013-04-10,109311.06570933168,109449.16702281729,-0.12617849659542257,W3
2013-04-10,109407.46136977644,109449.16702281729,-0.03810504380736853,W3
2013-04-10,109485.17163443906,109485.17163443906,0.0,W3
2013-04-11,109444.3389934466,109485.17163443906,-0.03729513356274348,W3
2013-04-11,109387.2353894386,109485.17163443906,-0.08945160658600934,W3
2013-04-11,109476.98532933311,109485.17163443906,-0.007477090261393062,W3
2013-04-11,109385.79600188804,109485.17163443906,-0.09076629379805387,W3
2013-04-11,109393.3384122183,109485.17163443906,-0.08387731493665312,W3
2013-04-11,109452.82701026287,109485.17163443906,-0.029542470175030287,W3
2013-04-11,109522.84143854775,109522.84143854775,0.0,W3
2013-04-11,109686.79271584711,109686.79271584711,0.0,W3
2013-04-12,109764.91992038871,109764.91992038871,0.0,W3
2013-04-12,109769.71501647701,109769.71501647701,0.0,W3
2013-04-12,109761.61390336987,109769.71501647701,-0.007380098514354999,W3
2013-04-15,109612.13322973404,109769.71501647701,-0.14355670570823517,W3
2013-04-16,109618.54800548477,109769.71501647701,-0.13771285729360833,W3
2013-04-16,109694.53289955438,109769.71501647701,-0.06849076442563977,W3
2013-04-16,109770.51711593034,109770.51711593034,0.0,W3
2013-04-17,109729.03499562087,109770.51711593034,-0.03778985596439001,W3
2013-04-18,109628.42444537561,109770.51711593034,-0.12944520467610213,W3
2013-04-19,109722.5565393486,109770.51711593034,-0.04369167408684763,W3
2013-04-25,109801.85221930609,109801.85221930609,0.0,W3
2013-04-25,109965.70543007647,109965.70543007647,0.0,W3
2013-04-25,110043.09841798742,110043.09841798742,0.0,W3
2013-04-25,110114.48783626885,110114.48783626885,0.0,W3
2013-04-29,110212.6928769019,110212.6928769019,0.0,W3
2013-04-30,110309.33117579728,110309.33117579728,0.0,W3
2013-05-01,110336.27784157849,110336.27784157849,0.0,W3
2013-05-01,110287.93145450176,110336.27784157849,-0.04381730834363116,W3
2013-05-02,110399.2576937479,110399.2576937479,0.0,W3
2013-05-03,110504.2235729531,110504.2235729531,0.0,W3
2013-05-03,110633.13653586256,110633.13653586256,0.0,W3
2013-05-06,110849.76244446887,110849.76244446887,0.0,W3
2013-05-06,111876.63065404557,111876.63065404557,0.0,W3
2013-05-06,112116.03519740424,112116.03519740424,0.0,W3
2013-05-06,113133.18580449307,113133.18580449307,0.0,W3
2013-05-06,113720.52050617932,113720.52050617932,0.0,W3
2013-05-06,114124.14095617598,114124.14095617598,0.0,W3
2013-05-06,114193.97395228004,114193.97395228004,0.0,W3
2013-05-06,114152.18858102751,114193.97395228004,-0.036591572923091606,W3
2013-05-07,113939.67533267391,114193.97395228004,-0.22269005167680067,W3
2013-05-07,114134.57715334452,114193.97395228004,-0.052013952120044574,W3
2013-05-07,114488.58754106186,114488.58754106186,0.0,W3
2013-05-08,114705.48415836738,114705.48415836738,0.0,W3
2013-05-08,114589.63583874288,114705.48415836738,-0.10099632155735619,W3
2013-05-08,114815.57718874163,114815.57718874163,0.0,W3
2013-05-08,114802.03336493777,114815.57718874163,-0.011796155308785382,W3
2013-05-08,115104.22173141797,115104.22173141797,0.0,W3
2013-05-13,115548.06401491832,115548.06401491832,0.0,W3
2013-05-14,115500.42410009744,115548.06401491832,-0.04122952230053997,W3
2013-05-14,115080.75215947042,115548.06401491832,-0.4044307097932565,W3
2013-05-14,114967.58975311168,115548.06401491832,-0.5023660645077471,W3
2013-05-14,115366.8424589976,115548.06401491832,-0.1568365142814624,W3
2013-05-14,115623.92207168479,115623.92207168479,0.0,W3
2013-05-15,115981.27347464437,115981.27347464437,0.0,W3
2013-05-15,115803.94669802581,115981.27347464437,-0.15289259317999024,W3
2013-05-15,116072.41053444026,116072.41053444026,0.0,W3
2013-05-15,116263.08296228923,116263.08296228923,0.0,W3
2013-05-17,116529.03425601263,116529.03425601263,0.0,W3
2013-05-17,116713.64160420759,116713.64160420759,0.0,W3
2013-05-17,116480.11452649994,116713.64160420759,-0.20008550371478803,W3
2013-05-21,116566.64994458458,116713.64160420759,-0.1259421414691803,W3
2013-05-22,116235.56309108225,116713.64160420759,-0.4096166536783829,W3
2013-05-22,116002.66249886455,116713.64160420759,-0.6091653859572547,W3
2013-05-22,115768.2247293097,116713.64160420759,-0.8100311685106412,W3
2013-05-23,115702.13202031895,116713.64160420759,-0.8666592610646194,W3
2013-05-23,116087.04516052552,116713.64160420759,-0.5368665008388153,W3
2013-05-23,116364.12760445024,116713.64160420759,-0.29946285194544237,W3
2013-05-24,116818.21810459024,116818.21810459024,0.0,W3
2013-05-28,116833.02873384675,116833.02873384675,0.0,W3
2013-05-28,117273.10315090996,117273.10315090996,0.0,W3
2013-05-28,117506.18247138466,117506.18247138466,0.0,W3
2013-05-28,117725.75776209844,117725.75776209844,0.0,W3
2013-05-28,118030.00855430092,118030.00855430092,0.0,W3
2013-05-28,117507.85777430829,118030.00855430092,-0.4423881573747511,W3
2013-05-28,117877.64109166313,118030.00855430092,-0.12909213894337082,W3
2013-05-28,118070.91221134261,118070.91221134261,0.0,W3
2013-05-28,117759.71401442516,118070.91221134261,-0.2635688935479882,W3
2013-05-28,117979.03264702186,118070.91221134261,-0.07781727319620842,W3
2013-05-29,118184.10146151083,118184.10146151083,0.0,W3
2013-05-29,118129.47767698803,118184.10146151083,-0.046219232407154066,W3
2013-05-30,118322.70613569599,118322.70613569599,0.0,W3
2013-05-30,118429.12326264734,118429.12326264734,0.0,W3
2013-05-30,118704.25989559064,118704.25989559064,0.0,W3
2013-05-30,118727.40919861094,118727.40919861094,0.0,W3
2013-05-30,118539.8148007381,118727.40919861094,-0.15800428825919435,W3
2013-05-30,118555.9535915314,118727.40919861094,-0.14441114165366875,W3
2013-05-30,117706.53700173271,118727.40919861094,-0.8598454255583787,W3
2013-05-30,117720.98081108998,118727.40919861094,-0.8476799033299722,W3
2013-05-30,117468.36053471692,118727.40919861094,-1.0604532452888313,W3
2013-05-31,117341.51209027441,118727.40919861094,-1.1672933130530627,W3
2013-05-31,116921.92563249792,118727.40919861094,-1.5206965083292185,W3
2013-05-31,116783.64485374815,118727.40919861094,-1.637165636800179,W3
2013-05-31,116630.58611279144,118727.40919861094,-1.7660817329146552,W3
2013-05-31,116669.40779186308,118727.40919861094,-1.733383572200395,W3
2013-05-31,116923.10058561173,118727.40919861094,-1.519706885863997,W3
2013-06-03,116881.48778445432,118727.40919861094,-1.5547559124015782,W3
2013-06-03,116777.97458271132,118727.40919861094,-1.6419415104380355,W3
2013-06-03,116760.39768672723,118727.40919861094,-1.656745923422985,W3
2013-06-03,116530.02554405737,118727.40919861094,-1.8507804300502522,W3
2013-06-06,116164.30317115264,118727.40919861094,-2.1588157652548916,W3
2013-06-06,116050.76629428168,118727.40919861094,-2.2544439589780714,W3
2013-06-06,115595.27180171089,118727.40919861094,-2.6380912529309204,W3
2013-06-06,114802.81148980594,118727.40919861094,-3.305553229279861,W3
2013-06-06,114523.18354911952,118727.40919861094,-3.5410741949724995,W3
2013-06-06,114451.23248440919,118727.40919861094,-3.601676094058808,W3
2013-06-06,114181.53708017367,118727.40919861094,-3.828831227027613,W3
2013-06-06,113668.33292330612,118727.40919861094,-4.261085379907378,W3
2013-06-06,113141.63722552829,118727.40919861094,-4.704702992161309,W3
2013-06-06,113329.07900199784,118727.40919861094,-4.546827251643806,W3
2013-06-06,113474.2709168173,118727.40919861094,-4.424537111734683,W3
2013-06-06,113518.07080937593,118727.40919861094,-4.387645973576889,W3
2013-06-07,113680.77352332414,118727.40919861094,-4.250607091783356,W3
2013-06-07,114225.95637138191,118727.40919861094,-3.791418390760015,W3
2013-06-07,113727.26009893883,118727.40919861094,-4.211453053193223,W3
2013-06-07,113512.03248847956,118727.40919861094,-4.3927318429116395,W3
2013-06-10,113632.35769900588,118727.40919861094,-4.291386069986502,W3
2013-06-10,113525.27500011449,118727.40919861094,-4.381578132303181,W3
2013-06-10,112915.21609493939,118727.40919861094,-4.895409697645078,W3
2013-06-10,113029.87608622044,118727.40919861094,-4.798835543408088,W3
2013-06-10,113056.37817468625,118727.40919861094,-4.77651374876547,W3
2013-06-10,113075.71439722803,118727.40919861094,-4.760227515727709,W3
2013-06-10,112908.47735882648,118727.40919861094,-4.901085502548421,W3
2013-06-10,112902.32360935168,118727.40919861094,-4.906268593391842,W3
2013-06-10,112768.1860170604,118727.40919861094,-5.019248058872202,W3
2013-06-10,112905.54402935221,118727.40919861094,-4.903556144748119,W3
2013-06-11,112776.83799687351,118727.40919861094,-5.0119607948179254,W3
2013-06-11,112749.76872411939,118727.40919861094,-5.03476030921551,W3
2013-06-11,112625.37720771316,118727.40919861094,-5.139530991272716,W3
2013-06-12,112147.57698971947,118727.40919861094,-5.5419656280754195,W3
2013-06-12,111850.84178413916,118727.40919861094,-5.7918954526906585,W3
2013-06-12,111807.57612211833,118727.40919861094,-5.828336626900443,W3
2013-06-13,111838.93668039989,118727.40919861094,-5.801922710776753,W3
2013-06-17,111915.71783496912,118727.40919861094,-5.7372525936677405,W3
2013-06-17,112132.92619971374,118727.40919861094,-5.5543054829620235,W3
2013-06-17,112211.45551103055,118727.40919861094,-5.488162953745834,W3
2013-06-17,112579.12486886594,118727.40919861094,-5.178487740316104,W3
2013-06-17,112775.01073224419,118727.40919861094,-5.013499836764223,W3
2013-06-17,113026.06184090662,118727.40919861094,-4.8020481506228485,W3
2013-06-17,112992.24855867295,118727.40919861094,-4.830527911498548,W3
2013-06-17,113316.04842706812,118727.40919861094,-4.557802455278484,W3
2013-06-17,113072.91934368688,118727.40919861094,-4.762581692880245,W3
2013-06-17,113043.35157073829,118727.40919861094,-4.787485607779229,W3
2013-06-17,113095.7055477094,118727.40919861094,-4.743389659485161,W3
2013-06-17,113116.34878385538,118727.40919861094,-4.726002573987948,W3
2013-06-17,112986.21417847047,118727.40919861094,-4.8356104617228,W3
2013-06-17,113043.83677599335,118727.40919861094,-4.787076936135224,W3
2013-06-17,112957.05749506495,118727.40919861094,-4.8601681300845785,W3
2013-06-18,113101.17129205854,118727.40919861094,-4.73878605161901,W3
2013-06-18,113181.47845900795,118727.40919861094,-4.671146095949574,W3
2013-06-18,113255.5774287445,118727.40919861094,-4.608735090574574,W3
2013-06-18,113155.55682082938,118727.40919861094,-4.692978997344065,W3
2013-06-19,113141.91687955057,118727.40919861094,-4.704467449227993,W3
2013-06-21,112827.07682864515,118727.40919861094,-4.969646360340881,W3
2013-06-21,112356.95696548169,118727.40919861094,-5.365612099285819,W3
2013-06-24,112032.80045161166,118727.40919861094,-5.638637945683062,W3
2013-06-25,111929.53270493048,118727.40919861094,-5.725616805390543,W3
2013-06-26,112163.83548169049,118727.40919861094,-5.528271661298276,W3
2013-06-26,112399.97092458811,118727.40919861094,-5.329382925755665,W3
2013-06-26,112548.52094089864,118727.40919861094,-5.20426437283413,W3
2013-06-26,112810.82435975147,118727.40919861094,-4.983335254087812,W3
2013-06-26,112944.28399877134,118727.40919861094,-4.870926805254724,W3
2013-06-26,112886.94128975352,118727.40919861094,-4.919224590412228,W3
2013-06-26,113214.77107270384,118727.40919861094,-4.643104876217245,W3
2013-06-27,113365.42457295148,118727.40919861094,-4.516214631357587,W3
2013-06-27,113559.89520266828,118727.40919861094,-4.352418730285169,W3
2013-06-27,113681.59502759531,118727.40919861094,-4.249915167082301,W3
2013-06-27,113815.33418967275,118727.40919861094,-4.137271285622949,W3
2013-06-27,113998.43894126455,118727.40919861094,-3.983048471508055,W3
2013-06-27,114156.83759344045,118727.40919861094,-3.849634752430838,W3
2013-06-27,114287.81246148958,118727.40919861094,-3.739319140447734,W3
2013-06-27,114488.81465783154,118727.40919861094,-3.570021926182986,W3
2013-06-27,114780.62561159616,118727.40919861094,-3.324239628957522,W3
2013-06-28,114795.74044264012,118727.40919861094,-3.3115089283164623,W3
2013-06-28,114454.86669221826,118727.40919861094,-3.5986151262219814,W3
2013-06-28,114464.98124360865,118727.40919861094,-3.5900959885951584,W3
2013-06-28,114545.84010879858,118727.40919861094,-3.5219913565344436,W3
2013-06-28,114744.51172657007,118727.40919861094,-3.3546571081814456,W3
2013-07-01,114911.79217679874,118727.40919861094,-3.213762557076702,W3
2013-07-01,115007.42582336838,118727.40919861094,-3.1332136364734926,W3
2013-07-01,114955.32987443572,118727.40919861094,-3.177092256654209,W3
2013-07-01,114994.48806372948,118727.40919861094,-3.144110664991358,W3
2013-07-01,114943.28662037833,118727.40919861094,-3.187235873986274,W3
2013-07-01,115147.336553865,118727.40919861094,-3.0153716558887322,W3
2013-07-02,115269.38452850765,118727.40919861094,-2.9125748581935245,W3
2013-07-03,115136.80032384387,118727.40919861094,-3.0242459588759236,W3
2013-07-03,114599.63893182976,118727.40919861094,-3.4766784642593516,W3
2013-07-05,114633.89174107788,118727.40919861094,-3.4478285049455564,W3
2013-07-08,114678.99456639128,118727.40919861094,-3.409839951486978,W3
2013-07-08,114760.10289759746,118727.40919861094,-3.341525202808767,W3
2013-07-09,114573.8222457393,118727.40919861094,-3.498422968131472,W3
2013-07-15,114710.70877165358,118727.40919861094,-3.3831281707142313,W3
2013-07-15,114782.03522962528,118727.40919861094,-3.3230523563313956,W3
2013-07-17,114851.64397191482,118727.40919861094,-3.2644233145967343,W3
2013-07-18,114969.00308936267,118727.40919861094,-3.1655757795245862,W3
2013-07-19,115096.09432340888,118727.40919861094,-3.058531218454777,W3
2013-07-19,115153.42276151768,118727.40919861094,-3.0102454531915086,W3
2013-07-22,115249.9402161945,118727.40919861094,-2.9289521315159996,W3
2013-07-23,115253.6574099092,118727.40919861094,-2.9258212675143485,W3
2013-07-24,115091.6740126504,118727.40919861094,-3.0622542936808874,W3
2013-07-24,115162.70332851532,118727.40919861094,-3.002428751841518,W3
2013-07-25,115210.98649505286,118727.40919861094,-2.9617615067096277,W3
2013-07-25,115180.11951206882,118727.40919861094,-2.9877597013913637,W3
2013-07-26,115235.44485075735,118727.40919861094,-2.941161077651513,W3
2013-07-26,115204.83968849035,118727.40919861094,-2.9669387497775914,W3
2013-07-26,115172.02720851461,118727.40919861094,-2.994575569444772,W3
2013-07-26,114564.6040701149,118727.40919861094,-3.5061871193806367,W3
2013-07-26,114639.43597823691,118727.40919861094,-3.443158785294083,W3
2013-07-29,114747.50209023082,118727.40919861094,-3.352138428054478,W3
2013-07-29,114845.89552448204,118727.40919861094,-3.2692650335153735,W3
2013-07-29,114720.8143983092,118727.40919861094,-3.3746165500835463,W3
2013-07-29,114689.67355579704,118727.40919861094,-3.400845407196119,W3
2013-07-30,114810.20883991903,118727.40919861094,-3.2993226965300835,W3
2013-07-30,114898.70079648343,118727.40919861094,-3.224788974989527,W3
2013-07-30,115003.84418939051,118727.40919861094,-3.136230323186396,W3
2013-07-30,115621.79764604571,118727.40919861094,-2.615749449539544,W3
2013-07-30,115691.81586096766,118727.40919861094,-2.556775523135727,W3
2013-07-30,115837.70144093152,118727.40919861094,-2.4339011330108544,W3
2013-07-30,115770.72084907044,118727.40919861094,-2.490316574325701,W3
2013-07-30,115724.7294250902,118727.40919861094,-2.5290535637796654,W3
2013-07-30,115678.7381133403,118727.40919861094,-2.5677904587059026,W3
2013-07-30,115612.85606655478,118727.40919861094,-2.6232806334096233,W3
2013-07-30,115573.87408194663,118727.40919861094,-2.6561138139458396,W3
2013-07-31,115645.55341038118,118727.40919861094,-2.5957407889481825,W3
2013-08-01,115726.13744876564,118727.40919861094,-2.527867634022635,W3
2013-08-01,115905.82263205115,118727.40919861094,-2.3765250042976653,W3
2013-08-01,115997.40072396366,118727.40919861094,-2.299391937442551,W3
2013-08-01,116221.69737174858,118727.40919861094,-2.110474610517885,W3
2013-08-01,116356.91708452319,118727.40919861094,-1.996583712293698,W3
2013-08-01,116570.00657850743,118727.40919861094,-1.8171057843050755,W3
2013-08-02,116666.16826209605,118727.40919861094,-1.7361121163410411,W3
2013-08-02,116789.84756946866,118727.40919861094,-1.631941303377608,W3
2013-08-02,117011.63439137668,118727.40919861094,-1.4451379161858604,W3
2013-08-02,117166.19896714826,118727.40919861094,-1.3149535073666445,W3
2013-08-02,117271.12108547111,118727.40919861094,-1.2265812275105803,W3
2013-08-02,117293.91062055055,118727.40919861094,-1.207386388481187,W3
2013-08-02,117338.89434151711,118727.40919861094,-1.1694981525041799,W3
2013-08-02,117280.43624379997,118727.40919861094,-1.2187353910759002,W3
2013-08-02,117260.66928040334,118727.40919861094,-1.2353844222727,W3
2013-08-05,117532.23294625698,118727.40919861094,-1.0066557170085613,W3
2013-08-05,117660.39928326188,118727.40919861094,-0.8987056338137822,W3
2013-08-05,117782.71554506304,118727.40919861094,-0.7956828671023979,W3
2013-08-05,117954.64129567324,118727.40919861094,-0.6508757397754656,W3
2013-08-05,117932.2896128746,118727.40919861094,-0.6697017909371151,W3
2013-08-05,117903.42138864937,118727.40919861094,-0.6940165000848133,W3
2013-08-05,117847.1884497734,118727.40919861094,-0.7413795641451938,W3
2013-08-06,117836.1820210637,118727.40919861094,-0.7506498992632564,W3
2013-08-06,117739.24156705361,118727.40919861094,-0.8322994986812943,W3
2013-08-06,117992.59429609303,118727.40919861094,-0.6189092371153269,W3
2013-08-07,117767.45197616213,118727.40919861094,-0.808538844508062,W3
2013-08-07,117746.75802275355,118727.40919861094,-0.8259686474055258,W3
2013-08-07,117777.9475561341,118727.40919861094,-0.7996987796546265,W3
2013-08-07,117750.81699918787,118727.40919861094,-0.8225499116125745,W3
2013-08-08,117638.04751265339,118727.40919861094,-0.9175317589346513,W3
2013-08-08,117695.89119547822,118727.40919861094,-0.8688120208259261,W3
2013-08-08,117655.4625092269,118727.40919861094,-0.9028637082367875,W3
2013-08-08,117709.52097892015,118727.40919861094,-0.8573321245375101,W3
2013-08-08,117790.77735072085,118727.40919861094,-0.7888926863747753,W3
2013-08-09,117814.56903148409,118727.40919861094,-0.7688537746156184,W3
2013-08-09,118005.87539596173,118727.40919861094,-0.6077230249690747,W3
2013-08-12,117652.45502494992,118727.40919861094,-0.9053968084680506,W3
2013-08-12,117567.9365449644,118727.40919861094,-0.9765838077936524,W3
2013-08-12,117401.87089783241,118727.40919861094,-1.116455172167638,W3
2013-08-12,117643.63280679192,118727.40919861094,-0.9128274584060385,W3
2013-08-12,117952.53436750013,118727.40919861094,-0.6526503326747167,W3
2013-08-13,118242.85506637889,118727.40919861094,-0.40812322571738446,W3
2013-08-13,118595.2392258868,118727.40919861094,-0.11132220741298048,W3
2013-08-13,118851.82994295997,118851.82994295997,0.0,W3
2013-08-13,119119.57166109899,119119.57166109899,0.0,W3
2013-08-13,118977.8387357174,119119.57166109899,-0.11898374331366915,W3
2013-08-14,119174.63112811305,119174.63112811305,0.0,W3
2013-08-14,119260.94847925127,119260.94847925127,0.0,W3
2013-08-15,119006.3180298827,119260.94847925127,-0.21350697995904355,W3
2013-08-15,119426.99532482323,119426.99532482323,0.0,W3
2013-08-16,119316.41536658017,119426.99532482323,-0.09259209606865021,W3
2013-08-16,119398.37906644469,119426.99532482323,-0.023961298114145983,W3
2013-08-16,119080.74414904599,119426.99532482323,-0.28992705948558284,W3
2013-08-16,118729.95565493694,119426.99532482323,-0.5836533591006354,W3
2013-08-16,118120.68502811922,119426.99532482323,-1.09381492279116,W3
2013-08-16,117673.70624226682,119426.99532482323,-1.4680843956491836,W3
2013-08-16,117664.39568338041,119426.99532482323,-1.4758804210461967,W3
2013-08-16,117056.25948728345,119426.99532482323,-1.9850920900184656,W3
2013-08-16,116930.83053098754,119426.99532482323,-2.090117721748339,W3
2013-08-16,116656.57220478955,119426.99532482323,-2.3197628915460458,W3
2013-08-16,116469.0913831324,119426.99532482323,-2.47674651249978,W3
2013-08-16,116440.48926882436,119426.99532482323,-2.5006959673363935,W3
2013-08-16,116339.20346527781,119426.99532482323,-2.5855057737550053,W3
2013-08-16,116025.16052266574,119426.99532482323,-2.8484638610433266,W3
2013-08-19,115877.44515495954,119426.99532482323,-2.972150609842824,W3
2013-08-19,115261.74871018506,119426.99532482323,-3.487692714121578,W3
2013-08-19,115023.67409297182,119426.99532482323,-3.6870401200960043,W3
2013-08-20,115013.53098120814,119426.99532482323,-3.6955332683461926,W3
2013-08-20,115111.88236440739,119426.99532482323,-3.613180544883842,W3
2013-08-21,115346.09341238937,119426.99532482323,-3.4170682276100437,W3
2013-08-21,115530.34988076179,119426.99532482323,-3.2627844596300566,W3
2013-08-21,115305.1350605154,119426.99532482323,-3.451363950919976,W3
2013-08-21,115356.28486316417,119426.99532482323,-3.4085346035771504,W3
2013-08-21,115004.46022191065,119426.99532482323,-3.7031285019638704,W3
2013-08-21,114557.56725975496,119426.99532482323,-4.077326111926516,W3
2013-08-22,114834.93001189477,119426.99532482323,-3.8450815081119174,W3
2013-08-22,114806.57084687825,119426.99532482323,-3.868827533823596,W3
2013-08-22,114469.8585661305,119426.99532482323,-4.150767374838562,W3
2013-08-22,114760.7360633786,119426.99532482323,-3.9072064475482433,W3
2013-08-22,114830.71783129734,119426.99532482323,-3.848608500134093,W3
2013-08-22,115039.74399780223,119426.99532482323,-3.673584280579402,W3
2013-08-23,114938.00617064732,119426.99532482323,-3.7587725806602994,W3
2013-08-23,115131.82107651635,119426.99532482323,-3.596485230683952,W3
2013-08-23,114677.30031331415,119426.99532482323,-3.9770698396879536,W3
2013-08-26,114677.80793870907,119426.99532482323,-3.976644788891405,W3
2013-08-26,114864.38682092317,119426.99532482323,-3.820416390356687,W3
2013-08-27,114746.98309595711,119426.99532482323,-3.9187222421004577,W3
2013-08-27,114756.89159483074,119426.99532482323,-3.9104255426426184,W3
2013-08-27,114781.10185415461,119426.99532482323,-3.8901535268743084,W3
2013-08-27,114758.59522961918,119426.99532482323,-3.9089990353577213,W3
2013-08-27,114722.3316091037,119426.99532482323,-3.9393637116328413,W3
2013-08-27,114714.54195886428,119426.99532482323,-3.9458862321218042,W3
2013-08-27,114468.68145850136,119426.99532482323,-4.151753004281831,W3
2013-08-27,114209.45867684575,119426.99532482323,-4.3688084371431914,W3
2013-08-27,114150.35842644887,119426.99532482323,-4.418294945814145,W3
2013-08-27,114084.51989128716,119426.99532482323,-4.473423633413332,W3
2013-08-28,114037.6636158738,119426.99532482323,-4.512657874621459,W3
2013-08-28,113919.49211032433,119426.99532482323,-4.611606613328368,W3
2013-08-30,113919.85601170869,119426.99532482323,-4.611301907191055,W3
2013-08-30,113974.77379467599,119426.99532482323,-4.565317510767172,W3
2013-09-03,114021.88755272295,119426.99532482323,-4.525867671207176,W3
2013-09-03,113882.00679468524,119426.99532482323,-4.642994253565933,W3
2013-09-04,113763.74782736368,119426.99532482323,-4.742016226780539,W3
2013-09-04,113719.0704600646,119426.99532482323,-4.779425999317784,W3
2013-09-04,113946.62405962513,119426.99532482323,-4.588888174145493,W3
2013-09-05,114088.8524442892,119426.99532482323,-4.469795849770066,W3
2013-09-05,114344.10707566372,119426.99532482323,-4.256063074629679,W3
2013-09-06,114422.49425045539,119426.99532482323,-4.1904270142243485,W3
2013-09-06,114618.85174702649,119426.99532482323,-4.026010672645095,W3
2013-09-09,114685.05873419445,119426.99532482323,-3.970573468528987,W3
2013-09-09,114817.85720380368,119426.99532482323,-3.8593771102449668,W3
2013-09-09,114763.22781745403,119426.99532482323,-3.905120023060507,W3
2013-09-09,114930.57927831978,119426.99532482323,-3.764991352477624,W3
2013-09-10,115094.1611285541,119426.99532482323,-3.628019096088355,W3
2013-09-11,115088.19693746236,119426.99532482323,-3.633013101903807,W3
2013-09-11,114837.93144387809,119426.99532482323,-3.842568314193616,W3
2013-09-11,114898.62788182116,119426.99532482323,-3.791745267211661,W3
2013-09-11,114863.60007762065,119426.99532482323,-3.821075155404224,W3
2013-09-11,114921.65516898772,119426.99532482323,-3.772463791441518,W3
2013-09-11,115057.24335122503,119426.99532482323,-3.658931518550849,W3
2013-09-12,115104.33380838459,119426.99532482323,-3.6195011895607565,W3
2013-09-13,115464.36415635173,119426.99532482323,-3.318036393441659,W3
2013-09-13,115573.95469120108,119426.99532482323,-3.2262727728705443,W3
2013-09-13,115592.1888350353,119426.99532482323,-3.2110047475931616,W3
2013-09-13,115538.22056256265,119426.99532482323,-3.2561940888521117,W3
2013-09-13,115538.22064229888,119426.99532482323,-3.256194022086445,W3
2013-09-13,115601.9374260076,119426.99532482323,-3.202841944078103,W3
2013-09-13,115553.54843503187,119426.99532482323,-3.243359576497906,W3
2013-09-16,115593.74029391665,119426.99532482323,-3.209705662007752,W3
2013-09-16,115648.55525877571,119426.99532482323,-3.1638073584374626,W3
2013-09-16,115790.89482543948,119426.99532482323,-3.0446219378576145,W3
2013-09-19,116118.30215924734,119426.99532482323,-2.7704734231793697,W3
2013-09-19,116402.40749793535,119426.99532482323,-2.532583038417294,W3
2013-09-19,116680.3520440835,119426.99532482323,-2.299851280080592,W3
2013-09-19,117075.35417765514,119426.99532482323,-1.969103501910925,W3
2013-09-23,117278.02060417016,119426.99532482323,-1.799404493773112,W3
2013-09-25,117605.35974019524,119426.99532482323,-1.525313083255105,W3
2013-09-25,117999.50259439959,119426.99532482323,-1.1952848068739277,W3
2013-09-25,118806.94261309932,119426.99532482323,-0.5191897443601103,W3
2013-09-25,118612.15402184543,119426.99532482323,-0.6822923919014775,W3
2013-09-25,118803.6086430668,119426.99532482323,-0.5219813829033582,W3
2013-09-26,119105.7573322392,119426.99532482323,-0.26898273016943747,W3
2013-09-26,119143.13659836489,119426.99532482323,-0.2376838885432017,W3
2013-09-26,119368.40063410431,119426.99532482323,-0.04906318756454709,W3
2013-09-26,119630.31113347445,119630.31113347445,0.0,W3
2013-09-26,119841.39312542714,119841.39312542714,0.0,W3
2013-09-26,120024.22086985993,120024.22086985993,0.0,W3
2013-09-27,120321.6657182447,120321.6657182447,0.0,W3
2013-09-27,120509.06205708311,120509.06205708311,0.0,W3
2013-10-01,120704.80815257815,120704.80815257815,0.0,W3
2013-10-01,120931.51982341279,120931.51982341279,0.0,W3
2013-10-01,121062.8040836052,121062.8040836052,0.0,W3
2013-10-01,121012.90173174553,121062.8040836052,-0.04122021808218129,W3
2013-10-01,121173.41278927316,121173.41278927316,0.0,W3
2013-10-01,120703.0412014714,121173.41278927316,-0.3881805232470995,W3
2013-10-01,120738.16860386198,121173.41278927316,-0.35919115868106666,W3
2013-10-01,120696.47033529391,121173.41278927316,-0.39360321955170163,W3
2013-10-01,120919.3315418767,121173.41278927316,-0.2096839905287821,W3
2013-10-01,121025.26892881596,121173.41278927316,-0.12225772720855271,W3
2013-10-02,120951.83995445397,121173.41278927316,-0.1828559827761211,W3
2013-10-02,120868.24200557277,121173.41278927316,-0.25184632228779436,W3
2013-10-02,120957.62968571582,121173.41278927316,-0.17807792863984542,W3
2013-10-02,120976.67324392239,121173.41278927316,-0.162361974316031,W3
2013-10-02,121036.27085318508,121173.41278927316,-0.11317824011986825,W3
2013-10-02,120854.172419559,121173.41278927316,-0.26345743869517957,W3
2013-10-02,120877.12226352625,121173.41278927316,-0.24451776914311615,W3
2013-10-02,120932.72755904513,121173.41278927316,-0.1986287459333966,W3
2013-10-03,120652.90680499759,121173.41278927316,-0.42955461292549346,W3
2013-10-03,120688.88362160743,121173.41278927316,-0.39986425777109824,W3
2013-10-03,121107.81140062402,121173.41278927316,-0.05413843444619827,W3
2013-10-04,121034.30705847584,121173.41278927316,-0.1147988883000566,W3
2013-10-04,120985.81746455742,121173.41278927316,-0.1548155823934603,W3
2013-10-04,120868.37520486212,121173.41278927316,-0.25173639777028867,W3
2013-10-04,120853.56822705803,121173.41278927316,-0.26395605673941047,W3
2013-10-04,121058.34518746856,121173.41278927316,-0.09496109679168274,W3
2013-10-07,120980.5536147421,121173.41278927316,-0.1591596457437917,W3
2013-10-07,120874.86748596361,121173.41278927316,-0.24637855486396204,W3
2013-10-07,120996.23497412179,121173.41278927316,-0.14621839153733596,W3
2013-10-07,121133.10308675421,121173.41278927316,-0.033266127932741904,W3
2013-10-08,121063.42305702863,121173.41278927316,-0.0907705161657946,W3
2013-10-10,121331.30514824025,121331.30514824025,0.0,W3
2013-10-10,121258.69743269784,121331.30514824025,-0.0598425241150278,W3
2013-10-10,121163.13048720804,121331.30514824025,-0.13860780680364615,W3
2013-10-10,121016.51741819928,121331.30514824025,-0.2594447736768124,W3
2013-10-10,120911.46520223755,121331.30514824025,-0.3460277176527089,W3
2013-10-10,121002.74896187785,121331.30514824025,-0.2707925922011462,W3
2013-10-11,121048.85289155632,121331.30514824025,-0.23279421278691007,W3
2013-10-11,121135.63507346326,121331.30514824025,-0.16126924089205813,W3
2013-10-11,121249.67750577205,121331.30514824025,-0.0672766540906067,W3
2013-10-11,121208.20778136578,121331.30514824025,-0.10145556970978928,W3
2013-10-11,121284.2865503411,121331.30514824025,-0.03875223945024239,W3
2013-10-11,121308.62324806474,121331.30514824025,-0.0186941862595101,W3
2013-10-11,121344.49668652832,121344.49668652832,0.0,W3
2013-10-11,121474.35623143948,121474.35623143948,0.0,W3
2013-10-11,121482.71118816556,121482.71118816556,0.0,W3
2013-10-11,121218.12621072108,121482.71118816556,-0.2177964048190049,W3
2013-10-14,121172.18789228566,121482.71118816556,-0.25561110123639763,W3
2013-10-14,121254.21358481623,121482.71118816556,-0.18809063537889573,W3
2013-10-14,121353.00138106885,121482.71118816556,-0.10677223600631981,W3
2013-10-15,121374.04478917924,121482.71118816556,-0.08945009369934229,W3
2013-10-16,121445.73068379922,121482.71118816556,-0.030440960696915126,W3
2013-10-16,121343.76309337634,121482.71118816556,-0.11437684706756125,W3
2013-10-16,121243.74709204082,121482.71118816556,-0.1967062586828521,W3
2013-10-16,121257.27104816416,121482.71118816556,-0.18557384651402536,W3
2013-10-21,121466.60418511597,121482.71118816556,-0.013258679273828528,W3
2013-10-22,121540.96409820252,121540.96409820252,0.0,W3
2013-10-28,122054.11866858182,122054.11866858182,0.0,W3
2013-10-28,122273.0329777313,122273.0329777313,0.0,W3
2013-10-28,122381.70795167971,122381.70795167971,0.0,W3
2013-10-29,122464.38253029846,122464.38253029846,0.0,W3
2013-10-29,122551.9692672737,122551.9692672737,0.0,W3
2013-10-31,122889.98506724068,122889.98506724068,0.0,W3
2013-10-31,123022.54195954904,123022.54195954904,0.0,W3
2013-10-31,123142.25910429291,123142.25910429291,0.0,W3
2013-10-31,123256.69162135471,123256.69162135471,0.0,W3
2013-10-31,123132.43797336049,123256.69162135471,-0.10080884563730536,W3
2013-10-31,123321.68349227282,123321.68349227282,0.0,W3
2013-10-31,123574.6937467811,123574.6937467811,0.0,W3
2013-10-31,123456.08777534722,123574.6937467811,-0.09597917489232427,W3
2013-11-01,123462.60475776152,123574.6937467811,-0.09070545564066046,W3
2013-11-01,123386.29943178449,123574.6937467811,-0.1524537988195617,W3
2013-11-01,123487.22581033668,123574.6937467811,-0.0707814308839384,W3
2013-11-01,123562.44459838959,123574.6937467811,-0.009912343717077917,W3
2013-11-04,123529.94061070449,123574.6937467811,-0.036215453762972714,W3
2013-11-04,123621.4648600625,123621.4648600625,0.0,W3
2013-11-04,123846.14979433855,123846.14979433855,0.0,W3
2013-11-04,123951.34908471575,123951.34908471575,0.0,W3
2013-11-04,123701.57541717739,123951.34908471575,-0.2015094384875583,W3
2013-11-04,123641.33081340243,123951.34908471575,-0.2501128657352817,W3
2013-11-04,123624.65473758889,123951.34908471575,-0.2635665924891048,W3
2013-11-04,123727.98700211491,123951.34908471575,-0.18020141309489254,W3
2013-11-05,123518.13830421334,123951.34908471575,-0.34950065788015855,W3
2013-11-05,123408.24258427402,123951.34908471575,-0.438161024024467,W3
2013-11-05,123376.4418754093,123951.34908471575,-0.46381682293229426,W3
2013-11-06,123702.16785534822,123951.34908471575,-0.201031478243312,W3
2013-11-06,123688.41032683662,123951.34908471575,-0.2121306140035859,W3
2013-11-06,123610.58014453248,123951.34908471575,-0.2749215258241151,W3
2013-11-06,123581.3310727563,123951.34908471575,-0.2985187452107249,W3
2013-11-07,123513.50494695583,123951.34908471575,-0.3532387029209937,W3
2013-11-07,123280.24829418729,123951.34908471575,-0.5414227400379432,W3
2013-11-07,123138.6477245688,123951.34908471575,-0.6556615689527534,W3
2013-11-07,123085.77929647082,123951.34908471575,-0.6983141326306576,W3
2013-11-07,123161.27314522004,123951.34908471575,-0.6374081002988746,W3
2013-11-07,124734.4805528114,124734.4805528114,0.0,W3
2013-11-07,125062.2292239774,125062.2292239774,0.0,W3
2013-11-08,125369.11480848613,125369.11480848613,0.0,W3
2013-11-08,125420.20529354853,125420.20529354853,0.0,W3
2013-11-08,125499.02747844426,125499.02747844426,0.0,W3
2013-11-11,125810.61301079973,125810.61301079973,0.0,W3
2013-11-11,125806.96622918664,125810.61301079973,-0.002898627966129375,W3
2013-11-11,125620.09182732506,125810.61301079973,-0.15143490593938902,W3
2013-11-11,125314.1467010917,125810.61301079973,-0.3946140137361993,W3
2013-11-11,125026.42419989982,125810.61301079973,-0.6233089499632247,W3
2013-11-11,125035.47428754572,125810.61301079973,-0.6161155284947827,W3
2013-11-11,124810.40447542538,125810.61301079973,-0.7950112565531232,W3
2013-11-11,125147.7728002165,125810.61301079973,-0.5268555606881405,W3
2013-11-11,125846.06510019135,125846.06510019135,0.0,W3
2013-11-12,125522.88879483764,125846.06510019135,-0.25680286872411945,W3
2013-11-13,125492.0928923879,125846.06510019135,-0.28127395760975255,W3
2013-11-13,125791.25803533682,125846.06510019135,-0.04355087686761693,W3
2013-11-13,125849.81324792998,125849.81324792998,0.0,W3
2013-11-13,126153.70126278888,126153.70126278888,0.0,W3
2013-11-13,126283.16751481504,126283.16751481504,0.0,W3
2013-11-13,126379.97120994603,126379.97120994603,0.0,W3
2013-11-14,126151.54590093545,126379.97120994603,-0.18074486552233102,W3
2013-11-14,124101.5994473177,126379.97120994603,-1.8027949688668912,W3
2013-11-14,124314.68105814837,126379.97120994603,-1.6341910288670172,W3
2013-11-14,124572.41479893542,126379.97120994603,-1.43025543818794,W3
2013-11-15,124966.75350448265,126379.97120994603,-1.118229171864347,W3
2013-11-15,125211.07132692059,126379.97120994603,-0.9249091227308733,W3
2013-11-15,125430.06148665778,126379.97120994603,-0.7516299570208251,W3
2013-11-18,125546.15782818125,126379.97120994603,-0.6597670293654532,W3
2013-11-18,125472.62075696979,126379.97120994603,-0.717954312134576,W3
2013-11-18,125564.29557850085,126379.97120994603,-0.645415269236099,W3
2013-11-18,125470.00435710787,126379.97120994603,-0.7200245767792556,W3
2013-11-18,125615.42384413104,126379.97120994603,-0.6049592815185073,W3
2013-11-18,125703.72303767818,126379.97120994603,-0.5350912536167987,W3
2013-11-18,125646.11364621266,126379.97120994603,-0.5806755269110367,W3
2013-11-19,124861.8657253571,126379.97120994603,-1.2012231606438728,W3
2013-11-19,124671.20054177506,126379.97120994603,-1.3520897748364802,W3
2013-11-20,124495.98389501985,126379.97120994603,-1.4907325083944276,W3
2013-11-21,124735.45651374351,126379.97120994603,-1.3012462975407728,W3
2013-11-21,125342.2353148308,126379.97120994603,-0.8211236995704887,W3
2013-11-22,125577.74121835335,126379.97120994603,-0.634776210116394,W3
2013-11-22,125630.97052529964,126379.97120994603,-0.5926577427384703,W3
2013-11-25,125940.4220790719,126379.97120994603,-0.3477996763774707,W3
2013-11-25,126167.64099887098,126379.97120994603,-0.16800938395714848,W3
2013-11-25,125646.87890894395,126379.97120994603,-0.5800700015861247,W3
2013-11-26,125579.53878801201,126379.97120994603,-0.6333538568420137,W3
2013-11-26,125799.58407232213,126379.97120994603,-0.4592398083868376,W3
2013-11-26,125993.33073448714,126379.97120994603,-0.3059349292116781,W3
2013-11-26,126233.31634244116,126379.97120994603,-0.11604280812917865,W3
2013-11-27,126475.97793075029,126475.97793075029,0.0,W3
2013-11-27,126697.27967760347,126697.27967760347,0.0,W3
2013-11-27,126881.51844799638,126881.51844799638,0.0,W3
2013-11-29,126869.15717822766,126881.51844799638,-0.009742372190940292,W3
2013-11-29,126862.1180290048,126881.51844799638,-0.01529018507098311,W3
2013-11-29,126710.45816208405,126881.51844799638,-0.13481891453123065,W3
2013-11-29,126848.6801193447,126881.51844799638,-0.025881096832188,W3
2013-11-29,126961.11419605333,126961.11419605333,0.0,W3
2013-11-29,126946.3991412543,126961.11419605333,-0.011590206097520823,W3
2013-11-29,126690.3204769197,126961.11419605333,-0.2132887072142928,W3
2013-11-29,126649.05586237623,126961.11419605333,-0.24579048132423745,W3
2013-11-29,126745.77374001725,126961.11419605333,-0.16961134706454362,W3
2013-11-29,126752.51498866135,126961.11419605333,-0.16430165150398576,W3
2013-11-29,125833.04100862973,126961.11419605333,-0.8885186575171536,W3
2013-11-29,125634.52935714462,126961.11419605333,-1.0448749188355357,W3
2013-11-29,125746.18442674834,126961.11419605333,-0.9569306137538255,W3
2013-12-02,125515.05980361412,126961.11419605333,-1.138974245457719,W3
2013-12-02,125203.85635107022,126961.11419605333,-1.3840913858628778,W3
2013-12-02,125097.07318672341,126961.11419605333,-1.4681983701336003,W3
2013-12-02,125057.20303570564,126961.11419605333,-1.4996018051697884,W3
2013-12-02,125070.58727193206,126961.11419605333,-1.4890598086607172,W3
2013-12-05,124781.9089153291,126961.11419605333,-1.716435220755152,W3
2013-12-05,124989.8002851881,126961.11419605333,-1.5526910923458992,W3
2013-12-05,125189.1212190903,126961.11419605333,-1.3956974056061875,W3
2013-12-05,125402.46215061915,126961.11419605333,-1.2276609695054428,W3
2013-12-06,125610.42339257261,126961.11419605333,-1.063861806848179,W3
2013-12-06,125910.53767502932,126961.11419605333,-0.8274789707671485,W3
2013-12-06,126256.04719944006,126961.11419605333,-0.5553409018800084,W3
2013-12-06,126477.69626733875,126961.11419605333,-0.3807606224753886,W3
2013-12-06,126703.02353606395,126961.11419605333,-0.20328323488941286,W3
2013-12-06,126982.28458227839,126982.28458227839,0.0,W3
2013-12-06,127193.52135052269,127193.52135052269,0.0,W3
2013-12-06,127288.21758197097,127288.21758197097,0.0,W3
2013-12-06,127525.43811756306,127525.43811756306,0.0,W3
2013-12-06,127883.51073554099,127883.51073554099,0.0,W3
2013-12-09,128123.2845166876,128123.2845166876,0.0,W3
2013-12-09,128313.68607082196,128313.68607082196,0.0,W3
2013-12-09,128543.72852616625,128543.72852616625,0.0,W3
2013-12-09,128776.54822202583,128776.54822202583,0.0,W3
2013-12-09,128933.35331395795,128933.35331395795,0.0,W3
2013-12-09,128990.74053188154,128990.74053188154,0.0,W3
2013-12-09,128999.03275234684,128999.03275234684,0.0,W3
2013-12-09,129260.897107579,129260.897107579,0.0,W3
2013-12-10,129474.01065064743,129474.01065064743,0.0,W3
2013-12-11,128325.78763948582,129474.01065064743,-0.8868366750913393,W3
2013-12-11,128351.6139620476,129474.01065064743,-0.8668895656815053,W3
2013-12-11,128224.76492342554,129474.01065064743,-0.9648621533727411,W3
2013-12-11,127995.97181372561,129474.01065064743,-1.1415718332151796,W3
2013-12-12,128187.36271729437,129474.01065064743,-0.993749963322562,W3
2013-12-12,127751.18556060102,129474.01065064743,-1.3306339097620203,W3
2013-12-12,127657.83650120474,129474.01065064743,-1.402732594994037,W3
2013-12-12,127151.60548369736,129474.01065064743,-1.793723045481676,W3
2013-12-13,127716.81114316062,129474.01065064743,-1.357183189627266,W3
2013-12-16,127900.95668555712,129474.01065064743,-1.2149573162870446,W3
2013-12-16,127937.21576580734,129474.01065064743,-1.186952406214351,W3
2013-12-16,127990.91699227472,129474.01065064743,-1.1454759537606751,W3
2013-12-16,127883.69764879683,129474.01065064743,-1.2282874330213225,W3
2013-12-16,128102.16424503252,129474.01065064743,-1.0595534955014925,W3
2013-12-16,128446.70872925638,129474.01065064743,-0.7934425729368628,W3
2013-12-16,128710.60794725134,129474.01065064743,-0.5896184875711742,W3
2013-12-16,128809.02073295024,129474.01065064743,-0.5136088040799839,W3
2013-12-16,128962.20284166446,129474.01065064743,-0.3952977175967367,W3
2013-12-17,128772.4792864767,129474.01065064743,-0.541831801336282,W3
2013-12-17,128671.37863158574,129474.01065064743,-0.6199174761237451,W3
2013-12-17,128354.38787817946,129474.01065064743,-0.8647471155342359,W3
2013-12-17,127947.36397981293,129474.01065064743,-1.1791143745085355,W3
2013-12-17,127515.25530560389,129474.01065064743,-1.512856005000678,W3
2013-12-17,126757.95368286336,129474.01065064743,-2.097762287686179,W3
2013-12-18,126967.3972586014,129474.01065064743,-1.9359973321669037,W3
2013-12-18,127125.94209673055,129474.01065064743,-1.8135443106435785,W3
2013-12-18,127304.75052841623,129474.01065064743,-1.675440585589326,W3
2013-12-18,127481.72294914974,129474.01065064743,-1.5387549141992394,W3
2013-12-18,127614.7159574384,129474.01065064743,-1.4360369960469206,W3
2013-12-18,127818.48118234417,129474.01065064743,-1.2786577475925103,W3
2013-12-18,128018.38156195928,129474.01065064743,-1.1242635347226484,W3
2013-12-18,127825.91089019606,129474.01065064743,-1.2729193698172718,W3
2013-12-19,127973.62038008723,129474.01065064743,-1.1588350920932033,W3
2013-12-19,128057.20975563572,129474.01065064743,-1.0942743550553808,W3
2013-12-19,128202.18857384186,129474.01065064743,-0.982299127380281,W3
2013-12-19,128310.8107323076,129474.01065064743,-0.8984041758607659,W3
2013-12-20,128459.07416500653,129474.01065064743,-0.7838920572094124,W3
2013-12-20,128695.5092064985,129474.01065064743,-0.6012800872057021,W3
2013-12-20,128756.05613548728,129474.01065064743,-0.5545163168671478,W3
2013-12-20,128889.3162764805,129474.01065064743,-0.45159207722743083,W3
2013-12-20,129023.85386518133,129474.01065064743,-0.3476811934718932,W3
2013-12-23,129064.03861145157,129474.01065064743,-0.3166442725730181,W3
2013-12-23,129052.29061116312,129474.01065064743,-0.3257179084551673,W3
2013-12-23,129070.40350966538,129474.01065064743,-0.3117283066723516,W3
2013-12-23,129289.59131413187,129474.01065064743,-0.14243733980957773,W3
2013-12-23,128966.94803271996,129474.01065064743,-0.39163274187562525,W3
2013-12-23,128978.76918335569,129474.01065064743,-0.3825026079002212,W3
2013-12-23,129034.8711803231,129474.01065064743,-0.339171906483405,W3
2013-12-23,129201.46544051853,129474.01065064743,-0.21050186733173126,W3
2013-12-23,129545.04283337116,129545.04283337116,0.0,W3
2013-12-24,129583.84967908717,129583.84967908717,0.0,W3
2013-12-26,129914.24528462971,129914.24528462971,0.0,W3
2013-12-26,130114.09633027042,130114.09633027042,0.0,W3
2013-12-26,130148.98159654948,130148.98159654948,0.0,W3
2013-12-26,130251.03116336765,130251.03116336765,0.0,W3
2013-12-26,130344.60233694818,130344.60233694818,0.0,W3
2013-12-30,130442.37050081871,130442.37050081871,0.0,W3
2014-01-02,129873.56329004496,130442.37050081871,-0.43606016096601324,W3
2014-01-06,130468.63250714158,130468.63250714158,0.0,W3
2014-01-06,130984.26729154543,130984.26729154543,0.0,W3
2014-01-06,131065.66979416346,131065.66979416346,0.0,W3
2014-01-08,130688.17328616473,131065.66979416346,-0.28802088952170524,W3
2014-01-08,130446.79552725298,131065.66979416346,-0.47218639929312933,W3
2014-01-08,130546.09029261944,131065.66979416346,-0.39642684645034415,W3
2014-01-09,130570.24025087658,131065.66979416346,-0.37800100061667274,W3
2014-01-09,130784.02489181118,131065.66979416346,-0.21488838594775134,W3
2014-01-09,130928.14555319432,131065.66979416346,-0.104927736748396,W3
2014-01-09,131072.7195714642,131072.7195714642,0.0,W3
2014-01-09,131129.5768839588,131129.5768839588,0.0,W3
2014-01-10,131255.82300410912,131255.82300410912,0.0,W3
2014-01-10,131341.88912309846,131341.88912309846,0.0,W3
2014-01-10,131427.16227875755,131427.16227875755,0.0,W3
2014-01-13,131194.53411138649,131427.16227875755,-0.17700159033918467,W3
2014-01-13,131182.5511978153,131427.16227875755,-0.1861191223344059,W3
2014-01-13,130948.2042869223,131427.16227875755,-0.3644284663313219,W3
2014-01-13,130888.72454566078,131427.16227875755,-0.40968527643832137,W3
2014-01-13,130808.80843520518,131427.16227875755,-0.4704916646079864,W3
2014-01-13,130747.30125718188,131427.16227875755,-0.5172911061822026,W3
2014-01-13,130776.17028368068,131427.16227875755,-0.4953253070290832,W3
2014-01-14,130723.6929607461,131427.16227875755,-0.5352541330226545,W3
2014-01-14,130722.1449115036,131427.16227875755,-0.5364320092056835,W3
2014-01-14,130801.98497556733,131427.16227875755,-0.4756834830415104,W3
2014-01-14,131270.34566739813,131427.16227875755,-0.11931826620954586,W3
2014-01-14,131339.955573509,131427.16227875755,-0.06635363933641855,W3
2014-01-15,131453.702085354,131453.702085354,0.0,W3
2014-01-15,131439.5235045591,131453.702085354,-0.010785988199620735,W3
2014-01-15,131095.22697556677,131453.702085354,-0.2727006574181231,W3
2014-01-15,131121.43536124242,131453.702085354,-0.25276330665516517,W3
2014-01-15,130539.74251262323,131453.702085354,-0.6952710788908166,W3
2014-01-15,130585.03805761594,131453.702085354,-0.6608136659202031,W3
2014-01-15,130561.35749069395,131453.702085354,-0.6788280440216387,W3
2014-01-15,130321.98326870082,131453.702085354,-0.8609257850481351,W3
2014-01-15,130406.18298826992,131453.702085354,-0.7968730286530082,W3
2014-01-15,130428.71605152302,131453.702085354,-0.7797315842542298,W3
2014-01-15,130386.61741729217,131453.702085354,-0.8117570301435447,W3
2014-01-16,130479.34022712494,131453.702085354,-0.7412205535271953,W3
2014-01-16,130605.93740852503,131453.702085354,-0.6449150258837864,W3
2014-01-17,130583.88095511848,131453.702085354,-0.661693901683136,W3
2014-01-17,130516.91204769097,131453.702085354,-0.7126387639160954,W3
2014-01-21,130461.1787306903,131453.702085354,-0.7550364416661576,W3
2014-01-21,130478.11267955879,131453.702085354,-0.7421543785520298,W3
2014-01-21,130434.204048132,131453.702085354,-0.7755567329401027,W3
2014-01-21,129005.84968876335,131453.702085354,-1.8621403260299387,W3
2014-01-21,128941.85469456785,131453.702085354,-1.9108228607781392,W3
2014-01-22,129292.60795364292,131453.702085354,-1.6439964013397306,W3
2014-01-22,129208.67928744898,131453.702085354,-1.7078429608983536,W3
2014-01-22,129119.06658114884,131453.702085354,-1.7760135067852598,W3
2014-01-22,129208.00297969101,131453.702085354,-1.7083574445129182,W3
2014-01-22,129175.44098478543,131453.702085354,-1.733128138977225,W3
2014-01-22,129110.77120589542,131453.702085354,-1.7823239987089006,W3
2014-01-22,129142.67395177505,131453.702085354,-1.7580548108704945,W3
2014-01-22,129038.83717736368,131453.702085354,-1.8370459482550898,W3
2014-01-23,128899.62944422472,131453.702085354,-1.9429446265962829,W3
2014-01-23,128766.44096614569,131453.702085354,-2.04426431251319,W3
2014-01-24,128747.54702740184,131453.702085354,-2.0586373871730244,W3
2014-01-24,128659.67418882952,131453.702085354,-2.1254843737381237,W3
2014-01-27,128446.02977716427,131453.702085354,-2.2880088278052564,W3
2014-01-27,128545.14390165608,131453.702085354,-2.2126103240587014,W3
2014-01-29,128354.96884322287,131453.702085354,-2.3572810753698525,W3
2014-01-29,128314.19977019963,131453.702085354,-2.3882950919981334,W3
2014-01-29,128326.18288704567,131453.702085354,-2.379179246148272,W3
2014-01-30,128073.75046337507,131453.702085354,-2.571210675971903,W3
2014-01-30,127798.70178486465,131453.702085354,-2.7804468360397445,W3
2014-01-30,127696.81161803432,131453.702085354,-2.8579571421125034,W3
2014-01-30,127547.45322054304,131453.702085354,-2.971577675518475,W3
2014-01-30,127547.50234390177,131453.702085354,-2.971540306195326,W3
2014-01-30,127405.62937985166,131453.702085354,-3.079466489938704,W3
2014-01-30,127371.20788972465,131453.702085354,-3.105651747242946,W3
2014-01-30,127321.24390353671,131453.702085354,-3.1436605559682405,W3
2014-01-30,127285.16448532684,131453.702085354,-3.171107039131148,W3
2014-01-31,127165.31759428944,131453.702085354,-3.262277458173113,W3
2014-01-31,126978.29475420002,131453.702085354,-3.4045502410027595,W3
2014-01-31,126905.00381800868,131453.702085354,-3.460304422915221,W3
2014-01-31,126879.33666873895,131453.702085354,-3.4798300420971513,W3
2014-01-31,126777.13791288614,131453.702085354,-3.5575750992781554,W3
2014-01-31,126583.88496531837,131453.702085354,-3.7045872750495854,W3
2014-01-31,126451.08648447583,131453.702085354,-3.80561028066742,W3
2014-01-31,126347.55630479885,131453.702085354,-3.8843681840467834,W3
2014-01-31,126172.4738301612,131453.702085354,-4.017557643042755,W3
2014-01-31,125999.8949022096,131453.702085354,-4.1488425937241225,W3
2014-01-31,125833.25139503957,131453.702085354,-4.275612326737679,W3
2014-01-31,125536.5175764147,131453.702085354,-4.501344895632693,W3
2014-02-03,125446.35136737577,131453.702085354,-4.569936504395741,W3
2014-02-03,125299.56488832003,131453.702085354,-4.681600517449117,W3
2014-02-06,125462.14625813924,131453.702085354,-4.557920950240244,W3
2014-02-06,125914.35956569266,131453.702085354,-4.213911386127857,W3
2014-02-07,126040.12978423588,131453.702085354,-4.118234949064449,W3
2014-02-07,126179.21951960267,131453.702085354,-4.012426034472995,W3
2014-02-07,126421.51545456296,131453.702085354,-3.828105675961551,W3
2014-02-10,126750.05810733119,131453.702085354,-3.5781753601497512,W3
2014-02-10,127098.2282255303,131453.702085354,-3.313313958244889,W3
2014-02-10,127345.3709090653,131453.702085354,-3.1253065612569166,W3
2014-02-10,127925.01753772485,131453.702085354,-2.68435539787075,W3
2014-02-10,128284.92323904755,131453.702085354,-2.4105664549857417,W3
2014-02-10,128433.69115566344,131453.702085354,-2.2973951146158096,W3
2014-02-10,128586.11228974008,131453.702085354,-2.1814446836590107,W3
2014-02-10,129022.39366583657,131453.702085354,-1.8495549238611382,W3
2014-02-10,129314.32108854757,131453.702085354,-1.62747869620081,W3
2014-02-10,130078.23856369642,131453.702085354,-1.0463482578561916,W3
2014-02-11,130134.09958300156,131453.702085354,-1.0038534338847285,W3
2014-02-11,130323.0643365832,131453.702085354,-0.8601033906497829,W3
2014-02-11,130500.41964228313,131453.702085354,-0.7251849342758584,W3
2014-02-12,130407.11970291458,131453.702085354,-0.7961604472423669,W3
2014-02-12,130484.93858684397,131453.702085354,-0.7369617463348347,W3
2014-02-12,130681.61102053126,131453.702085354,-0.587348285042139,W3
2014-02-13,130822.26838169138,131453.702085354,-0.48034683972050796,W3
2014-02-13,130854.91289507449,131453.702085354,-0.45551337146115195,W3
2014-02-13,131116.43884412342,131453.702085354,-0.2565642776736562,W3
2014-02-14,130876.04013916003,131453.702085354,-0.4394413675918193,W3
2014-02-14,130981.25650436162,131453.702085354,-0.3594007422366885,W3
2014-02-14,130874.08794471354,131453.702085354,-0.4409264489668775,W3
2014-02-14,131046.06760209992,131453.702085354,-0.31009737785047925,W3
2014-02-14,131468.79866942303,131468.79866942303,0.0,W3
2014-02-18,131814.53411109466,131814.53411109466,0.0,W3
2014-02-18,132307.4823441957,132307.4823441957,0.0,W3
2014-02-21,132135.13149365227,132307.4823441957,-0.13026538445881386,W3
2014-02-24,132437.81756066755,132437.81756066755,0.0,W3
2014-02-26,132633.96981390115,132633.96981390115,0.0,W3
2014-02-27,132677.97215416672,132677.97215416672,0.0,W3
2014-02-27,132704.62456429686,132704.62456429686,0.0,W3
2014-02-28,132722.2845353587,132722.2845353587,0.0,W3
2014-02-28,132682.57823043887,132722.2845353587,-0.029916833528615495,W3
2014-03-03,132682.5777989313,132722.2845353587,-0.029917158649272833,W3
2014-03-04,132959.5610909315,132959.5610909315,0.0,W3
2014-03-04,133190.93729322546,133190.93729322546,0.0,W3
2014-03-04,133559.56498771367,133559.56498771367,0.0,W3
2014-03-04,135077.59350041702,135077.59350041702,0.0,W3
2014-03-05,135562.72940896795,135562.72940896795,0.0,W3
2014-03-05,135771.25291533722,135771.25291533722,0.0,W3
2014-03-05,135975.98217492408,135975.98217492408,0.0,W3
2014-03-05,138460.12745417893,138460.12745417893,0.0,W3
2014-03-06,138740.7562384451,138740.7562384451,0.0,W3
2014-03-06,139107.13458259037,139107.13458259037,0.0,W3
2014-03-06,139385.3347047172,139385.3347047172,0.0,W3
2014-03-06,139527.81662411612,139527.81662411612,0.0,W3
2014-03-07,139331.1614967226,139527.81662411612,-0.14094331306229893,W3
2014-03-07,139227.24152235495,139527.81662411612,-0.21542306690781024,W3
2014-03-07,138922.7414075686,139527.81662411612,-0.43365920229195787,W3
2014-03-07,139022.8923323065,139527.81662411612,-0.3618807374947067,W3
2014-03-07,139514.4825612962,139527.81662411612,-0.009556562370529804,W3
2014-03-12,139363.87831348818,139527.81662411612,-0.11749507345161646,W3
2014-03-12,139484.0423489051,139527.81662411612,-0.03137315287385446,W3
2014-03-17,139750.41865333504,139750.41865333504,0.0,W3
2014-03-17,139979.13926499823,139979.13926499823,0.0,W3
2014-03-17,140194.7564847034,140194.7564847034,0.0,W3
2014-03-17,139822.89944159842,140194.7564847034,-0.2652431891384947,W3
2014-03-18,139603.44222850475,140194.7564847034,-0.4217805794064517,W3
2014-03-18,139251.03622578236,140194.7564847034,-0.6731494690559305,W3
2014-03-18,139553.12308060768,140194.7564847034,-0.4576728974636963,W3
2014-03-18,139784.75616503722,140194.7564847034,-0.29245053805625465,W3
2014-03-19,139735.50770251325,140194.7564847034,-0.3275791432615053,W3
2014-03-19,139738.7211332413,140194.7564847034,-0.3252870242061,W3
2014-03-19,139529.97238466202,140194.7564847034,-0.47418613699286954,W3
2014-03-19,138963.73414764446,140194.7564847034,-0.878080156438129,W3
2014-03-19,138997.43232518845,140194.7564847034,-0.8540434674855935,W3
2014-03-19,138633.74997667808,140194.7564847034,-1.11345570060292,W3
2014-03-19,138463.1783970496,140194.7564847034,-1.2351232892527775,W3
2014-03-19,138533.3956933066,140194.7564847034,-1.1850377525196933,W3
2014-03-19,138295.96471371388,140194.7564847034,-1.354395712507756,W3
2014-03-20,138533.63848319207,140194.7564847034,-1.1848645720873052,W3
2014-03-20,138333.20746139312,140194.7564847034,-1.3278307049332396,W3
2014-03-20,138444.2611647926,140194.7564847034,-1.248616826908059,W3
2014-03-20,138013.0534215452,140194.7564847034,-1.5561944810655217,W3
2014-03-20,138237.45142257947,140194.7564847034,-1.3961328591754318,W3
2014-03-20,138277.72274280168,140194.7564847034,-1.3674075906761056,W3
2014-03-20,138397.65550634247,140194.7564847034,-1.2818603373065525,W3
2014-03-21,138453.5605906851,140194.7564847034,-1.2419836074313253,W3
2014-03-21,137842.39498498355,140194.7564847034,-1.6779240241959485,W3
2014-03-21,137773.71098593745,140194.7564847034,-1.7269158700882699,W3
2014-03-21,137708.74315103405,140194.7564847034,-1.773257000478893,W3
2014-03-21,137527.75944653884,140194.7564847034,-1.9023514894835238,W3
2014-03-21,137439.89071547182,140194.7564847034,-1.9650276788577024,W3
2014-03-21,137380.05212095118,140194.7564847034,-2.007710155735622,W3
2014-03-26,137229.69017088276,140194.7564847034,-2.1149623482131776,W3
2014-03-26,137012.5462255661,140194.7564847034,-2.2698496997528625,W3
2014-03-26,137096.0051816376,140194.7564847034,-2.2103189739510016,W3
2014-03-26,136601.38230747095,140194.7564847034,-2.5631302249342793,W3
2014-03-26,136780.6779784468,140194.7564847034,-2.435239799164035,W3
2014-03-28,136328.70790546256,140194.7564847034,-2.757627086903676,W3
2014-03-31,136701.62156660404,140194.7564847034,-2.4916302190520883,W3
2014-03-31,136851.40986003654,140194.7564847034,-2.384787212089238,W3
2014-03-31,137016.2498377567,140194.7564847034,-2.267207937476242,W3
2014-04-01,137386.9083361363,140194.7564847034,-2.0028196624268686,W3
2014-04-01,137774.8097008259,140194.7564847034,-1.7261321639668752,W3
2014-04-01,137954.99577287512,140194.7564847034,-1.5976066209527997,W3
2014-04-01,138095.11892865252,140194.7564847034,-1.4976576932675552,W3
2014-04-01,138440.51778681902,140194.7564847034,-1.2512869538567772,W3
2014-04-01,138818.05081901883,140194.7564847034,-0.9819951189364055,W3
2014-04-01,138892.3850160785,140194.7564847034,-0.9289730238712509,W3
2014-04-01,138875.24585118235,140194.7564847034,-0.9411982777437297,W3
2014-04-01,138784.48696585413,140194.7564847034,-1.0059359951904758,W3
2014-04-01,138849.71960444536,140194.7564847034,-0.9594059820666622,W3
2014-04-01,139177.72427148419,140194.7564847034,-0.7254424050661101,W3
2014-04-01,139317.37540529756,140194.7564847034,-0.6258301675509298,W3
2014-04-02,139433.513796242,140194.7564847034,-0.5429894152599355,W3
2014-04-02,139334.06952922157,140194.7564847034,-0.6139223584840244,W3
2014-04-02,139353.5508532529,140194.7564847034,-0.6000264578670399,W3
2014-04-02,139488.28121279075,140194.7564847034,-0.5039241763579968,W3
2014-04-02,139298.20692894034,140194.7564847034,-0.6395029159745155,W3
2014-04-02,139337.7593098024,140194.7564847034,-0.6112904622039071,W3
2014-04-02,139413.31383108124,140194.7564847034,-0.5573979178796328,W3
2014-04-02,139625.84230942346,140194.7564847034,-0.40580274865130733,W3
2014-04-02,139643.89178322916,140194.7564847034,-0.39292817740607555,W3
2014-04-02,139166.3357832993,140194.7564847034,-0.7335657389699256,W3
2014-04-02,139023.1826518189,140194.7564847034,-0.8356759284448125,W3
2014-04-02,138833.30310975402,140194.7564847034,-0.9711157600233922,W3
2014-04-04,137771.92452066636,140194.7564847034,-1.7281901440453562,W3
2014-04-04,137477.13214200066,140194.7564847034,-1.9384636136510967,W3
2014-04-08,137208.26575457634,140194.7564847034,-2.130244243801595,W3
2014-04-09,136716.54799755372,140194.7564847034,-2.480983293786158,W3
2014-04-10,136837.60213473564,140194.7564847034,-2.394636171955581,W3
2014-04-10,136979.2288330217,140194.7564847034,-2.293614777263461,W3
2014-04-14,137092.67023474062,140194.7564847034,-2.212697769692433,W3
2014-04-15,137201.6320905975,140194.7564847034,-2.1349759927950456,W3
2014-04-15,137350.12447349547,140194.7564847034,-2.0290573503141704,W3
2014-04-15,137426.0950922982,140194.7564847034,-1.9748680063560582,W3
2014-04-15,137534.7737281789,140194.7564847034,-1.8973482484095063,W3
2014-04-15,137450.30275631318,140194.7564847034,-1.95760083843768,W3
2014-04-15,137511.713976098,140194.7564847034,-1.9137966182766242,W3
2014-04-15,137207.43482808853,140194.7564847034,-2.13083693821374,W3
2014-04-15,136947.36769908888,140194.7564847034,-2.3163411150607742,W3
2014-04-16,137053.37981843608,140194.7564847034,-2.2407233658628805,W3
2014-04-16,136556.84397493422,140194.7564847034,-2.594899125322211,W3
2014-04-16,136521.03228857977,140194.7564847034,-2.620443366242779,W3
2014-04-16,136401.2609620716,140194.7564847034,-2.7058754676361274,W3
2014-04-16,136347.02178528372,140194.7564847034,-2.744563916582355,W3
2014-04-16,136456.24649291308,140194.7564847034,-2.6666546492401957,W3
2014-04-16,136578.34834079468,140194.7564847034,-2.579560202241445,W3
2014-04-16,136604.41538435692,140194.7564847034,-2.5609667510911596,W3
2014-04-16,136663.96625059712,140194.7564847034,-2.5184895089079284,W3
2014-04-16,136626.85407921317,140194.7564847034,-2.544961377267714,W3
2014-04-16,136722.52573905588,140194.7564847034,-2.476719409991888,W3
2014-04-16,136917.5699109657,140194.7564847034,-2.337595681829407,W3
2014-04-16,137055.97725625394,140194.7564847034,-2.2388706305088673,W3
2014-04-16,136899.59447481824,140194.7564847034,-2.3504174424987787,W3
2014-04-16,136938.52965937997,140194.7564847034,-2.322645230799846,W3
2014-04-16,136988.37590195704,140194.7564847034,-2.287090233004683,W3
2014-04-16,136928.51415810807,140194.7564847034,-2.3297892221466245,W3
2014-04-16,136852.7471726301,140194.7564847034,-2.3838333157901936,W3
2014-04-17,136767.1919525675,140194.7564847034,-2.444859292943588,W3
2014-04-21,136947.81306137537,140194.7564847034,-2.316023441063783,W3
2014-04-21,137161.87629205122,140194.7564847034,-2.163333543065205,W3
2014-04-21,137391.1000258701,140194.7564847034,-1.999829757640893,W3
2014-04-21,137448.4203612282,140194.7564847034,-1.9589435385016314,W3
2014-04-21,137412.8267749075,140194.7564847034,-1.9843322100990466,W3
2014-04-21,138034.2164029729,140194.7564847034,-1.5410990652608514,W3
2014-04-22,138283.238132773,140194.7564847034,-1.3634734991953585,W3
2014-04-22,138375.8842719704,140194.7564847034,-1.297389615945767,W3
2014-04-22,138608.3708689294,140194.7564847034,-1.1315584516508532,W3
2014-04-23,138618.4793515117,140194.7564847034,-1.124348137345415,W3
2014-04-24,138497.93812134265,140194.7564847034,-1.2103294059688172,W3
2014-04-25,138634.70204253145,140194.7564847034,-1.112776598276096,W3
2014-04-25,138402.48184234937,140194.7564847034,-1.27841774349783,W3
2014-04-30,138720.737674727,140194.7564847034,-1.0514079463002135,W3
2014-04-30,138892.5417215811,140194.7564847034,-0.9288612468643754,W3
2014-05-01,139010.10930051428,140194.7564847034,-0.8450010641577558,W3
2014-05-01,139186.97694007185,140194.7564847034,-0.7188425372681478,W3
2014-05-01,139451.81784456878,140194.7564847034,-0.5299332576790592,W3
2014-05-01,139604.8105657521,140194.7564847034,-0.42080455342541195,W3
2014-05-01,139904.1373133991,140194.7564847034,-0.2072967481747561,W3
2014-05-01,140050.24669509483,140194.7564847034,-0.10307788481684896,W3
2014-05-01,140525.66500073735,140525.66500073735,0.0,W3
2014-05-01,140788.63726281677,140788.63726281677,0.0,W3
2014-05-01,140497.39472157002,140788.63726281677,-0.20686509004493045,W3
2014-05-01,140711.8849584936,140788.63726281677,-0.05451597928310505,W3
2014-05-02,140775.36878530387,140788.63726281677,-0.009424395157780376,W3
2014-05-02,140818.10347234478,140818.10347234478,0.0,W3
2014-05-05,140928.62200112204,140928.62200112204,0.0,W3
2014-05-05,141032.693450761,141032.693450761,0.0,W3
2014-05-05,141128.42969584503,141128.42969584503,0.0,W3
2014-05-05,140968.89674645985,141128.42969584503,-0.11304097248796346,W3
2014-05-05,140995.00856155145,141128.42969584503,-0.09453880736937173,W3
2014-05-05,141060.63188981544,141128.42969584503,-0.04803979338231267,W3
2014-05-06,141043.27097681063,141128.42969584503,-0.06034129283371953,W3
2014-05-06,140703.92386068942,141128.42969584503,-0.3007939903182421,W3
2014-05-06,140521.33615546444,141128.42969584503,-0.43017097383495223,W3
2014-05-06,140348.46370547992,141128.42969584503,-0.552663975675248,W3
2014-05-07,140818.76309685834,141128.42969584503,-0.21942184126477648,W3
2014-05-07,140874.27331798384,141128.42969584503,-0.18008871664549642,W3
2014-05-07,140881.67713699542,141128.42969584503,-0.17484255963266848,W3
2014-05-07,140799.97261271699,141128.42969584503,-0.23273629830355405,W3
2014-05-07,140812.18975118286,141128.42969584503,-0.2240795460870076,W3
2014-05-07,140609.9325353752,141128.42969584503,-0.36739384232310157,W3
2014-05-07,140621.10958344422,141128.42969584503,-0.3594740715915021,W3
2014-05-07,140477.67068386558,141128.42969584503,-0.4611112115269335,W3
2014-05-07,140505.63701203724,141128.42969584503,-0.4412949858154054,W3
2014-05-09,140454.66678547382,141128.42969584503,-0.4774111862672033,W3
2014-05-09,140686.42662504947,141128.42969584503,-0.3131920845063951,W3
2014-05-12,140943.04996461963,141128.42969584503,-0.13135534181520095,W3
2014-05-12,141153.81836554233,141153.81836554233,0.0,W3
2014-05-12,141990.0666310208,141990.0666310208,0.0,W3
2014-05-12,142426.8727613092,142426.8727613092,0.0,W3
2014-05-12,142863.96605126714,142863.96605126714,0.0,W3
2014-05-12,143275.6900003358,143275.6900003358,0.0,W3
2014-05-12,143494.73119992937,143494.73119992937,0.0,W3
2014-05-12,143789.3408897522,143789.3408897522,0.0,W3
2014-05-13,144112.25821138377,144112.25821138377,0.0,W3
2014-05-13,143898.82292410533,144112.25821138377,-0.1481034923242753,W3
2014-05-13,144147.6857556087,144147.6857556087,0.0,W3
2014-05-15,144194.09215476227,144194.09215476227,0.0,W3
2014-05-15,144238.85211029046,144238.85211029046,0.0,W3
2014-05-15,144400.1417790674,144400.1417790674,0.0,W3
2014-05-15,143779.90186596627,144400.1417790674,-0.42952860396086184,W3
2014-05-15,143225.47751727854,144400.1417790674,-0.8134786069573926,W3
2014-05-16,143412.3272216955,144400.1417790674,-0.68408143177813,W3
2014-05-16,143655.20578131796,144400.1417790674,-0.5158831484315299,W3
2014-05-16,143623.66794465212,144400.1417790674,-0.5377237340966697,W3
2014-05-19,143763.6626769385,144400.1417790674,-0.44077456870002774,W3
2014-05-19,143892.53464974885,144400.1417790674,-0.35152813775985936,W3
2014-05-19,143625.430494408,144400.1417790674,-0.5365031329710921,W3
2014-05-19,143457.02035050356,144400.1417790674,-0.6531305419400626,W3
2014-05-19,143475.60678321158,144400.1417790674,-0.6402590637828893,W3
2014-05-19,143377.70950408175,144400.1417790674,-0.7080548968919816,W3
2014-05-19,143457.11503614706,144400.1417790674,-0.6530649702291643,W3
2014-05-20,143532.35357586463,144400.1417790674,-0.6009607695056757,W3
2014-05-20,143482.36092309895,144400.1417790674,-0.6355816861818987,W3
2014-05-20,143161.18620407922,144400.1417790674,-0.8580016333251176,W3
2014-05-20,142965.80217868256,144400.1417790674,-0.9933089972857436,W3
2014-05-20,142983.11738905837,144400.1417790674,-0.9813178661396879,W3
2014-05-20,142857.24671219548,144400.1417790674,-1.0684858393231722,W3
2014-05-21,143104.1801831357,144400.1417790674,-0.8974794484028459,W3
2014-05-21,143620.5057819335,144400.1417790674,-0.5399135953251047,W3
2014-05-22,143865.35464431945,144400.1417790674,-0.3703508377202136,W3
2014-05-22,144085.22576999824,144400.1417790674,-0.21808566472945765,W3
2014-05-22,143940.2330029112,144400.1417790674,-0.31849606966443184,W3
2014-05-22,143887.5089045037,144400.1417790674,-0.3550085673378662,W3
2014-05-22,144155.61123824847,144400.1417790674,-0.1693423135228378,W3
2014-05-22,144320.6238647262,144400.1417790674,-0.05506775364727294,W3
2014-05-22,144217.6763127143,144400.1417790674,-0.12636100221583135,W3
2014-05-23,144488.66931708265,144488.66931708265,0.0,W3
2014-05-23,144490.39455824756,144490.39455824756,0.0,W3
2014-05-23,144816.80581852735,144816.80581852735,0.0,W3
2014-05-27,144992.7888485841,144992.7888485841,0.0,W3
2014-05-27,145235.57095379263,145235.57095379263,0.0,W3
2014-05-27,145364.10380433642,145364.10380433642,0.0,W3
2014-05-27,145511.62479688058,145511.62479688058,0.0,W3
2014-05-27,145735.13876617333,145735.13876617333,0.0,W3
2014-05-27,145572.47342300083,145735.13876617333,-0.11161710521543437,W3
2014-05-27,145728.33909739862,145735.13876617333,-0.0046657716404394835,W3
2014-05-27,145708.1254954831,145735.13876617333,-0.018535866448491922,W3
2014-05-27,145793.05993467476,145793.05993467476,0.0,W3
2014-05-28,145622.75846836407,145793.05993467476,-0.11681040674157914,W3
2014-05-28,145911.94404890222,145911.94404890222,0.0,W3
2014-06-02,146071.27547616157,146071.27547616157,0.0,W3
2014-06-02,146561.36125923513,146561.36125923513,0.0,W3
2014-06-04,146486.8053697204,146561.36125923513,-0.05087008531728047,W3
2014-06-06,147058.73726384455,147058.73726384455,0.0,W3
2014-06-06,147374.56613307318,147374.56613307318,0.0,W3
2014-06-06,147680.05322883258,147680.05322883258,0.0,W3
2014-06-06,147977.750275734,147977.750275734,0.0,W3
2014-06-06,148035.4691586256,148035.4691586256,0.0,W3
2014-06-06,148370.0868409865,148370.0868409865,0.0,W3
2014-06-06,148753.02183868625,148753.02183868625,0.0,W3
2014-06-09,149029.12498262653,149029.12498262653,0.0,W3
2014-06-09,149561.9490098672,149561.9490098672,0.0,W3
2014-06-09,149951.1354793421,149951.1354793421,0.0,W3
2014-06-11,149983.06409798336,149983.06409798336,0.0,W3
2014-06-12,149961.67326219205,149983.06409798336,-0.014262167478674677,W3
2014-06-13,150055.10665612316,150055.10665612316,0.0,W3
2014-06-16,150249.0428030704,150249.0428030704,0.0,W3
2014-06-17,149020.2466285202,150249.0428030704,-0.8178396025861971,W3
2014-06-17,149326.0333099082,150249.0428030704,-0.6143197160809627,W3
2014-06-17,149558.1732729791,150249.0428030704,-0.45981626052474056,W3
2014-06-18,149907.35876566454,150249.0428030704,-0.22741178980666996,W3
2014-06-18,150160.3368554927,150249.0428030704,-0.05903927633932232,W3
2014-06-18,150673.0903615014,150673.0903615014,0.0,W3
2014-06-18,151154.85178559704,151154.85178559704,0.0,W3
2014-06-18,151449.4884337761,151449.4884337761,0.0,W3
2014-06-18,151686.62841862137,151686.62841862137,0.0,W3
2014-06-19,151904.45488233017,151904.45488233017,0.0,W3
2014-06-19,152215.5037327379,152215.5037327379,0.0,W3
2014-06-19,152465.11734787183,152465.11734787183,0.0,W3
2014-06-19,152737.5509394014,152737.5509394014,0.0,W3
2014-06-19,152978.70525146747,152978.70525146747,0.0,W3
2014-06-20,153116.65304663856,153116.65304663856,0.0,W3
2014-06-20,153270.5373498914,153270.5373498914,0.0,W3
2014-06-20,153445.56430783632,153445.56430783632,0.0,W3
2014-06-20,153537.40775917628,153537.40775917628,0.0,W3
2014-06-20,153634.83848721944,153634.83848721944,0.0,W3
2014-06-23,153783.98838689126,153783.98838689126,0.0,W3
2014-06-23,153877.80122691902,153877.80122691902,0.0,W3
2014-06-23,153856.7567956509,153877.80122691902,-0.013676067048220634,W3
2014-06-23,153862.2318964934,153877.80122691902,-0.010117983426766822,W3
2014-06-23,153910.49772741276,153910.49772741276,0.0,W3
2014-06-23,154070.12622995308,154070.12622995308,0.0,W3
2014-06-23,154078.85164333083,154078.85164333083,0.0,W3
2014-06-23,154293.24981866818,154293.24981866818,0.0,W3
2014-06-23,154576.47334862145,154576.47334862145,0.0,W3
2014-06-23,154459.5195807497,154576.47334862145,-0.0756607815783042,W3
2014-06-23,154524.0940197778,154576.47334862145,-0.033885705702128344,W3
2014-06-23,154552.67517462224,154576.47334862145,-0.01539572839492677,W3
2014-06-23,154404.09145214915,154576.47334862145,-0.11151884419275408,W3
2014-06-26,154586.25527550527,154586.25527550527,0.0,W3
2014-06-26,154653.67081052557,154653.67081052557,0.0,W3
2014-06-26,154772.53065280223,154772.53065280223,0.0,W3
2014-06-27,155025.0758297927,155025.0758297927,0.0,W3
2014-06-27,155394.99521217137,155394.99521217137,0.0,W3
2014-06-27,155666.12672535394,155666.12672535394,0.0,W3
2014-06-27,155997.05388865035,155997.05388865035,0.0,W3
2014-06-27,156232.60660001653,156232.60660001653,0.0,W3
2014-06-27,156242.9282860408,156242.9282860408,0.0,W3
2014-06-27,156509.9410713891,156509.9410713891,0.0,W3
2014-06-30,156635.37483676596,156635.37483676596,0.0,W3
2014-06-30,156089.4165687745,156635.37483676596,-0.34855361923219347,W3
2014-06-30,156485.45007474237,156635.37483676596,-0.0957157744090851,W3
2014-06-30,156762.93671653312,156762.93671653312,0.0,W3
2014-07-01,157335.25894724953,157335.25894724953,0.0,W3
2014-07-01,157596.925165179,157596.925165179,0.0,W3
2014-07-01,158619.7856521398,158619.7856521398,0.0,W3
2014-07-01,158930.63717601355,158930.63717601355,0.0,W3
2014-07-01,159240.59459631084,159240.59459631084,0.0,W3
2014-07-02,159583.6643658687,159583.6643658687,0.0,W3
2014-07-02,160137.51049431204,160137.51049431204,0.0,W3
2014-07-02,159869.76467663256,160137.51049431204,-0.16719743978347,W3
2014-07-02,160115.5182406503,160137.51049431204,-0.013733355535409629,W3
2014-07-02,160415.96026549782,160415.96026549782,0.0,W3
2014-07-03,160320.76515069342,160415.96026549782,-0.05934267054652741,W3
2014-07-03,160438.61731474314,160438.61731474314,0.0,W3
2014-07-03,160728.52071856434,160728.52071856434,0.0,W3
2014-07-03,160995.750607347,160995.750607347,0.0,W3
2014-07-03,161307.41579491933,161307.41579491933,0.0,W3
2014-07-03,161646.54248667488,161646.54248667488,0.0,W3
2014-07-03,161727.01706599965,161727.01706599965,0.0,W3
2014-07-07,161573.13787456165,161727.01706599965,-0.09514748631961788,W3
2014-07-07,161471.15008195533,161727.01706599965,-0.1582091778394086,W3
2014-07-07,161319.4207626302,161727.01706599965,-0.25202734259490195,W3
2014-07-08,161448.08130802636,161727.01706599965,-0.17247319775857728,W3
2014-07-08,161422.92956398203,161727.01706599965,-0.18802517200544253,W3
2014-07-08,161403.82257752665,161727.01706599965,-0.19983951620223747,W3
2014-07-08,161594.7726961837,161727.01706599965,-0.08177011622119991,W3
2014-07-09,161399.39392886683,161727.01706599965,-0.20257786427799934,W3
2014-07-09,161327.0579826709,161727.01706599965,-0.24730505179943477,W3
2014-07-11,161501.10970083124,161727.01706599965,-0.13968437016075336,W3
2014-07-11,161312.12071041547,161727.01706599965,-0.2565411537979831,W3
2014-07-11,161539.97899502746,161727.01706599965,-0.11565047965725174,W3
2014-07-14,161657.2052580916,161727.01706599965,-0.043166447495640047,W3
2014-07-14,161775.90754409574,161775.90754409574,0.0,W3
2014-07-16,161649.3909270087,161775.90754409574,-0.07820485695779585,W3
2014-07-16,161590.91911030005,161775.90754409574,-0.11434856809272867,W3
2014-07-16,161313.222720458,161775.90754409574,-0.2860035407383671,W3
2014-07-16,161009.25119021125,161775.90754409574,-0.47390020277000966,W3
2014-07-16,160687.26238585063,161775.90754409574,-0.6729340448597864,W3
2014-07-16,160642.84157118018,161775.90754409574,-0.7003922834472224,W3
2014-07-17,160613.59137691048,161775.90754409574,-0.7184729696963323,W3
2014-07-17,160409.64953697677,161775.90754409574,-0.8445373775737083,W3
2014-07-17,160189.6261106338,161775.90754409574,-0.980542441419811,W3
2014-07-17,160014.9430111768,161775.90754409574,-1.0885208803040995,W3
2014-07-17,159417.20166674632,161775.90754409574,-1.4580081256577104,W3
2014-07-17,159291.34868846496,161775.90754409574,-1.5358027615784222,W3
2014-07-17,159261.4721678242,161775.90754409574,-1.5542706045930728,W3
2014-07-18,159421.29559556642,161775.90754409574,-1.4554775085329148,W3
2014-07-21,159526.17202398297,161775.90754409574,-1.3906492964655741,W3
2014-07-21,159547.85351253758,161775.90754409574,-1.3772471225054652,W3
2014-07-21,159362.01991337343,161775.90754409574,-1.4921181202858345,W3
2014-07-21,159367.50841467892,161775.90754409574,-1.4887254634997849,W3
2014-07-21,159262.7968598864,161775.90754409574,-1.5534517607477012,W3
2014-07-21,159286.04140159034,161775.90754409574,-1.5390834026548306,W3
2014-07-21,159401.3683903244,161775.90754409574,-1.467795291535666,W3
2014-07-21,159219.72611122645,161775.90754409574,-1.580075470862396,W3
2014-07-21,159164.20560836943,161775.90754409574,-1.6143948597626787,W3
2014-07-21,159177.18151078006,161775.90754409574,-1.6063739482390673,W3
2014-07-21,159017.9474152102,161775.90754409574,-1.7048027550912073,W3
2014-07-21,158958.21280447525,161775.90754409574,-1.7417270484806058,W3
2014-07-21,158866.15677072213,161775.90754409574,-1.7986304744298798,W3
2014-07-22,158903.88448753333,161775.90754409574,-1.7753095007546609,W3
2014-07-22,159026.49145815644,161775.90754409574,-1.6995213488076926,W3
2014-07-22,159050.51461604526,161775.90754409574,-1.6846716976739031,W3
2014-07-22,159162.38089075687,161775.90754409574,-1.6155227889087793,W3
2014-07-22,159287.23550204324,161775.90754409574,-1.5383452825780932,W3
2014-07-23,159879.4031978265,161775.90754409574,-1.1723033269044125,W3
2014-07-23,159859.99940820932,161775.90754409574,-1.1842975662888466,W3
2014-07-24,159623.94530542273,161775.90754409574,-1.3302118166677184,W3
2014-07-25,159672.99486935503,161775.90754409574,-1.2998923675748915,W3
2014-07-25,159566.4807684808,161775.90754409574,-1.3657328888806912,W3
2014-07-25,159344.60224439576,161775.90754409574,-1.502884661016207,W3
2014-07-25,159372.29832202106,161775.90754409574,-1.4857646348975175,W3
2014-07-25,159389.9970018468,161775.90754409574,-1.4748243903985623,W3
2014-07-25,159496.10561179608,161775.90754409574,-1.409234518853336,W3
2014-07-28,159450.15618307798,161775.90754409574,-1.4376376534211799,W3
2014-07-28,159546.31693408624,161775.90754409574,-1.3781969415945174,W3
2014-07-28,159416.902964693,161775.90754409574,-1.4581927650504685,W3
2014-07-28,159603.90308533906,161775.90754409574,-1.3426006948313063,W3
2014-07-29,159502.6914677946,161775.90754409574,-1.4051635443191883,W3
2014-07-30,159479.78768601638,161775.90754409574,-1.4193212654075187,W3
2014-07-30,159614.26874610432,161775.90754409574,-1.336193275505013,W3
2014-07-31,159903.33847718983,161775.90754409574,-1.1575079969157334,W3
2014-07-31,160211.74228859018,161775.90754409574,-0.9668715689814401,W3
2014-08-04,159801.70432194366,161775.90754409574,-1.2203320334419783,W3
2014-08-04,159475.48445800223,161775.90754409574,-1.42198125852978,W3
2014-08-04,159231.46811641293,161775.90754409574,-1.5728172793524675,W3
2014-08-04,158983.4343025681,161775.90754409574,-1.7261366565145055,W3
2014-08-04,158617.90968883352,161775.90754409574,-1.9520816808902368,W3
2014-08-04,158433.670753114,161775.90754409574,-2.0659669549810578,W3
2014-08-04,158522.72464993552,161775.90754409574,-2.0109192669949847,W3
2014-08-04,158421.60236864848,161775.90754409574,-2.073426894256774,W3
2014-08-05,158639.5541634764,161775.90754409574,-1.9387023866730337,W3
2014-08-05,158474.94690719165,161775.90754409574,-2.0404525537922464,W3
2014-08-05,158413.5321760242,161775.90754409574,-2.0784153951694275,W3
2014-08-05,158376.38354138134,161775.90754409574,-2.1013784155640014,W3
2014-08-05,158274.41760894592,161775.90754409574,-2.16440753651492,W3
2014-08-05,157942.0613598072,161775.90754409574,-2.36984990069892,W3
2014-08-05,157939.72230220868,161775.90754409574,-2.371295763456876,W3
2014-08-05,157462.7413680265,161775.90754409574,-2.66613628787314,W3
2014-08-05,157466.2352500264,161775.90754409574,-2.6639765830982243,W3
2014-08-06,157200.9119464841,161775.90754409574,-2.827983268376737,W3
2014-08-06,156890.62931254998,161775.90754409574,-3.019781069819784,W3
2014-08-06,156788.34941485585,161775.90754409574,-3.0830042649461955,W3
2014-08-06,156555.47575833276,161775.90754409574,-3.2269525574072464,W3
2014-08-06,156330.2515409387,161775.90754409574,-3.366172433106387,W3
2014-08-06,156350.60029703425,161775.90754409574,-3.353594073074629,W3
2014-08-06,156057.98570413023,161775.90754409574,-3.53447056905365,W3
2014-08-06,155890.220322012,161775.90754409574,-3.6381728969620895,W3
2014-08-06,155677.92291882623,161775.90754409574,-3.76940220447063,W3
2014-08-07,155573.70494049232,161775.90754409574,-3.8338234028530294,W3
2014-08-08,155557.6903864973,161775.90754409574,-3.8437226234713107,W3
2014-08-08,155734.01869872355,161775.90754409574,-3.7347272143877994,W3
2014-08-08,155901.28663453413,161775.90754409574,-3.631332377449556,W3
2014-08-08,156075.33964547812,161775.90754409574,-3.523743420857522,W3
2014-08-08,156248.52739577042,161775.90754409574,-3.4166893156316895,W3
2014-08-11,156435.94368499712,161775.90754409574,-3.3008399953763723,W3
2014-08-11,156611.41460501633,161775.90754409574,-3.192374573866453,W3
2014-08-11,156874.33303606723,161775.90754409574,-3.029854434098894,W3
2014-08-12,156913.98246359575,161775.90754409574,-3.0053455760554217,W3
2014-08-13,157089.38934722162,161775.90754409574,-2.8969197379385467,W3
2014-08-13,157177.07398771794,161775.90754409574,-2.842718440707419,W3
2014-08-13,157344.83279303112,161775.90754409574,-2.7390201781787726,W3
2014-08-13,157522.1530472896,161775.90754409574,-2.6294116110253736,W3
2014-08-13,157588.00102679429,161775.90754409574,-2.5887084058916146,W3
2014-08-13,157817.0743088268,161775.90754409574,-2.447109273171517,W3
2014-08-13,158033.24946268936,161775.90754409574,-2.3134829766825638,W3
2014-08-14,158218.40910791437,161775.90754409574,-2.1990285761257073,W3
2014-08-14,158184.377581465,161775.90754409574,-2.2200647903346082,W3
2014-08-14,157898.33277871954,161775.90754409574,-2.3968802427019433,W3
2014-08-14,158360.2574478025,161775.90754409574,-2.111346583150667,W3
2014-08-15,158468.73008899734,161775.90754409574,-2.0442954116619316,W3
2014-08-18,158590.25276521765,161775.90754409574,-1.9691775043881394,W3
2014-08-18,158757.53630068537,161775.90754409574,-1.8657730246932096,W3
2014-08-21,158968.02440019895,161775.90754409574,-1.7356621183728715,W3
2014-08-26,158994.264139026,161775.90754409574,-1.7194423120831772,W3
2014-08-26,158846.00488126083,161775.90754409574,-1.8110871435144302,W3
2014-08-26,159125.22637511365,161775.90754409574,-1.6384894445791232,W3
2014-08-27,159217.5528880166,161775.90754409574,-1.581418824914832,W3
2014-08-29,159332.16793374714,161775.90754409574,-1.5105707935419852,W3
2014-09-02,159500.1007697881,161775.90754409574,-1.406764955830831,W3
2014-09-03,159425.93664560674,161775.90754409574,-1.4526086944364467,W3
2014-09-03,159412.72388712692,161775.90754409574,-1.4607760159371546,W3
2014-09-04,159517.24605362644,161775.90754409574,-1.396166786981954,W3
2014-09-04,159600.6097488096,161775.90754409574,-1.3446364346268387,W3
2014-09-04,159574.59991552262,161775.90754409574,-1.360714127332653,W3
2014-09-04,159570.85275809123,161775.90754409574,-1.3630303915330941,W3
2014-09-05,159891.39638971048,161775.90754409574,-1.1648898670969208,W3
2014-09-05,160235.42538746615,161775.90754409574,-0.9522321215905978,W3
2014-09-08,160241.29327617653,161775.90754409574,-0.9486049506481169,W3
2014-09-09,160508.6297818214,161775.90754409574,-0.7833538266066716,W3
2014-09-10,160495.57449457335,161775.90754409574,-0.7914238089954208,W3
2014-09-10,160554.18944211057,161775.90754409574,-0.7551916231112246,W3
2014-09-10,160476.37756654713,161775.90754409574,-0.8032901791599524,W3
2014-09-11,160764.50593864179,161775.90754409574,-0.6251867912892237,W3
2014-09-11,160650.6218801213,161775.90754409574,-0.6955829709486995,W3
2014-09-11,160129.641160796,161775.90754409574,-1.0176214791754588,W3
2014-09-11,159613.88472923983,161775.90754409574,-1.336430651311044,W3
2014-09-11,159976.00401056497,161775.90754409574,-1.112590595753676,W3
2014-09-11,159643.722570852,161775.90754409574,-1.3179867173129995,W3
2014-09-11,159686.44539362533,161775.90754409574,-1.2915780737628568,W3
2014-09-11,159671.1336785824,161775.90754409574,-1.301042842204192,W3
2014-09-11,159617.19518191367,161775.90754409574,-1.3343843313588941,W3
2014-09-11,159399.97158928393,161775.90754409574,-1.4686587087537692,W3
2014-09-12,158994.54413432156,161775.90754409574,-1.7192692360672124,W3
2014-09-12,157877.79757647077,161775.90754409574,-2.4095738523750536,W3
2014-09-15,157476.0146647699,161775.90754409574,-2.657931545309862,W3
2014-09-15,157310.0527127753,161775.90754409574,-2.760519102699619,W3
2014-09-15,156455.7618774836,161775.90754409574,-3.2885895974108563,W3
2014-09-15,157153.20554348794,161775.90754409574,-2.8574724572926726,W3
2014-09-15,157396.50074245728,161775.90754409574,-2.7070822028581403,W3
2014-09-16,157479.91161895287,161775.90754409574,-2.6555226858930734,W3
2014-09-16,157506.05923355772,161775.90754409574,-2.639359825179265,W3
2014-09-16,157118.46023667,161775.90754409574,-2.8789498869949046,W3
2014-09-16,156899.08698723972,161775.90754409574,-3.0145530511252008,W3
2014-09-16,156395.26340109186,161775.90754409574,-3.3259860659642815,W3
2014-09-16,156441.56434426366,161775.90754409574,-3.2973656465985677,W3
2014-09-16,156412.81107421734,161775.90754409574,-3.3151391645981394,W3
2014-09-17,156208.31148980808,161775.90754409574,-3.441548336095769,W3
2014-09-17,156479.35699156468,161775.90754409574,-3.27400453685439,W3
2014-09-17,155708.73775886398,161775.90754409574,-3.750354349628985,W3
2014-09-18,155838.83499376805,161775.90754409574,-3.6699361731037774,W3
2014-09-18,155900.81286316196,161775.90754409574,-3.6316252340184736,W3
2014-09-18,155744.23866588165,161775.90754409574,-3.7284098539642034,W3
2014-09-18,155811.82559499852,161775.90754409574,-3.686631736231536,W3
2014-09-19,155441.5719416061,161775.90754409574,-3.9154999645191797,W3
2014-09-19,155403.15877401014,161775.90754409574,-3.9392446420667184,W3
2014-09-19,154743.67853515298,161775.90754409574,-4.346895106754978,W3
2014-09-22,154160.24074552988,161775.90754409574,-4.707540766841337,W3
2014-09-22,153904.96276194562,161775.90754409574,-4.865338047944325,W3
2014-09-22,153895.0490287998,161775.90754409574,-4.871466113177463,W3
2014-09-22,153451.2057223087,161775.90754409574,-5.145822977082024,W3
2014-09-22,153593.4232342486,161775.90754409574,-5.057912784458849,W3
2014-09-22,153585.03170953545,161775.90754409574,-5.063099913272112,W3
2014-09-22,152736.21575678542,161775.90754409574,-5.587786169486546,W3
2014-09-22,152500.53801661934,161775.90754409574,-5.733467775446222,W3
2014-09-23,152143.43801412778,161775.90754409574,-5.9542052189337324,W3
2014-09-23,151138.66117244848,161775.90754409574,-6.575296985274417,W3
2014-09-23,151104.92023866728,161775.90754409574,-6.596153572817901,W3
2014-09-24,151159.81265779084,161775.90754409574,-6.562222426977415,W3
2014-09-24,151202.8200150126,161775.90754409574,-6.535637901583828,W3
2014-09-24,150952.11900598436,161775.90754409574,-6.690605976147037,W3
2014-09-24,150807.36424077352,161775.90754409574,-6.780084544005721,W3
2014-09-24,150470.60117550264,161775.90754409574,-6.9882509331691285,W3
2014-09-25,150081.2663218158,161775.90754409574,-7.228913995795254,W3
2014-09-25,149067.6479944533,161775.90754409574,-7.855471029379649,W3
2014-09-25,148381.148767698,161775.90754409574,-8.279822984610169,W3
2014-09-25,147906.50368562853,161775.90754409574,-8.573219627704319,W3
2014-09-25,147426.40860649693,161775.90754409574,-8.869985126609487,W3
2014-09-25,147054.0978926278,161775.90754409574,-9.10012490423222,W3
2014-09-25,146699.04595156445,161775.90754409574,-9.319596361047608,W3
2014-09-26,146482.89928993167,161775.90754409574,-9.45320504537773,W3
2014-09-26,145940.31957844298,161775.90754409574,-9.788594733326656,W3
2014-09-26,145495.4463300068,161775.90754409574,-10.06358824452976,W3
2014-09-26,145779.48726624803,161775.90754409574,-9.888011460227792,W3
2014-09-26,146085.39590072224,161775.90754409574,-9.698917398498713,W3
2014-09-26,146351.3812918504,161775.90754409574,-9.534501451052604,W3
2014-09-29,145887.3187348923,161775.90754409574,-9.821356622507368,W3
2014-09-29,146141.49855000558,161775.90754409574,-9.664238162180387,W3
2014-09-29,146617.96329666095,161775.90754409574,-9.369716713413053,W3
2014-09-30,146488.7265832824,161775.90754409574,-9.449602968010835,W3
2014-09-30,145921.87272575844,161775.90754409574,-9.79999745265896,W3
2014-09-30,145862.20830448036,161775.90754409574,-9.836878359206693,W3
2014-10-01,145844.02705523386,161775.90754409574,-9.848116898691654,W3
2014-10-01,144998.2793435307,161775.90754409574,-10.370906555410237,W3
2014-10-01,144396.30986252244,161775.90754409574,-10.743007376939667,W3
2014-10-01,144207.60031978652,161775.90754409574,-10.859656107644195,W3
2014-10-01,144238.67590823004,161775.90754409574,-10.840447074040071,W3
2014-10-01,143815.74761646258,161775.90754409574,-11.10187555136274,W3
2014-10-01,143668.783457663,161775.90754409574,-11.192719831596202,W3
2014-10-02,143477.175018812,161775.90754409574,-11.31116048308738,W3
2014-10-03,143668.83829493306,161775.90754409574,-11.192685934540151,W3
2014-10-03,143601.9003152753,161775.90754409574,-11.234062911293943,W3
2014-10-03,143770.77004485315,161775.90754409574,-11.129677943135551,W3
2014-10-03,143624.54775530248,161775.90754409574,-11.220063645042872,W3
2014-10-06,143727.60625055397,161775.90754409574,-11.156359168389944,W3
2014-10-08,143829.37280590757,161775.90754409574,-11.093453290191825,W3
2014-10-09,143661.9643179399,161775.90754409574,-11.196935007901875,W3
2014-10-09,143459.78447588824,161775.90754409574,-11.321910256145538,W3
2014-10-09,143223.5061504642,161775.90754409574,-11.467963107284469,W3
2014-10-09,143092.96868876493,161775.90754409574,-11.548653405166863,W3
2014-10-10,142913.04025685036,161775.90754409574,-11.659874188685276,W3
2014-10-10,142498.88518084257,161775.90754409574,-11.915879599067479,W3
2014-10-13,142143.32647510746,161775.90754409574,-12.13566430689747,W3
2014-10-13,141921.20840303643,161775.90754409574,-12.27296415298888,W3
2014-10-13,141712.10870226554,161775.90754409574,-12.40221683587919,W3
2014-10-13,141035.1524972485,161775.90754409574,-12.820669877060576,W3
2014-10-13,140868.53391144882,161775.90754409574,-12.923663325423249,W3
2014-10-13,140241.32773703913,161775.90754409574,-13.31136393173184,W3
2014-10-13,140089.24364686955,161775.90754409574,-13.405373041294785,W3
2014-10-13,139511.46827408214,161775.90754409574,-13.762518540620711,W3
2014-10-13,139149.8996907731,161775.90754409574,-13.98601818824932,W3
2014-10-13,138846.42796461406,161775.90754409574,-14.173605901874925,W3
2014-10-13,138658.15831425818,161775.90754409574,-14.289982717937333,W3
2014-10-13,138082.73986209964,161775.90754409574,-14.645671312669336,W3
2014-10-13,137784.4022556517,161775.90754409574,-14.830085426598282,W3
2014-10-13,137137.16968839464,161775.90754409574,-15.230165127638207,W3
2014-10-13,136559.56367698743,161775.90754409574,-15.587205938087548,W3
2014-10-13,135966.55343243713,161775.90754409574,-15.95376870602545,W3
2014-10-14,134830.88580999803,161775.90754409574,-16.655769170544275,W3
2014-10-14,134106.61496076424,161775.90754409574,-17.103469239255908,W3
2014-10-14,133407.22047552466,161775.90754409574,-17.53579225685292,W3
2014-10-15,133173.9887138462,161775.90754409574,-17.67996190808167,W3
2014-10-17,132881.0671387903,161775.90754409574,-17.861028161705406,W3
2014-10-20,132721.36634917476,161775.90754409574,-17.959745450354838,W3
2014-10-20,132778.14019540916,161775.90754409574,-17.92465132101489,W3
2014-10-20,133017.40852338166,161775.90754409574,-17.77675023264839,W3
2014-10-20,133289.8508354778,161775.90754409574,-17.608343010440798,W3
2014-10-27,133348.69773680007,161775.90754409574,-17.571967444872584,W3
2014-10-30,133408.54488702744,161775.90754409574,-17.534973586432283,W3
2014-11-05,133484.48646808017,161775.90754409574,-17.488031132388542,W3
2014-11-06,133589.10773410875,161775.90754409574,-17.423360646148147,W3
2014-11-10,133683.92193400208,161775.90754409574,-17.364752290100146,W3
2014-11-10,133743.47646025667,161775.90754409574,-17.32793931395389,W3
2014-11-10,133577.39609550533,161775.90754409574,-17.43060006688836,W3
2014-11-12,133575.39673484655,161775.90754409574,-17.43183594971488,W3
2014-11-12,133682.08657126327,161775.90754409574,-17.365886799414096,W3
2014-11-12,133830.9857684657,161775.90754409574,-17.273846396449983,W3
2014-11-14,133884.8966027104,161775.90754409574,-17.24052200651881,W3
2014-11-17,133815.96041779278,161775.90754409574,-17.28313415190196,W3
2014-11-17,133632.7635412829,161775.90754409574,-17.396375288540273,W3
2014-11-17,133817.07080961255,161775.90754409574,-17.28244777539719,W3
2014-11-18,133814.7061778348,161775.90754409574,-17.28390944655308,W3
2014-11-18,133816.03070573002,161775.90754409574,-17.28309070418573,W3
2014-11-19,134163.46090781133,161775.90754409574,-17.06833054159069,W3
2014-11-19,134268.32751811002,161775.90754409574,-17.003508398485046,W3
2014-11-19,134332.19752057164,161775.90754409574,-16.964027858130656,W3
2014-11-19,134387.85016535845,161775.90754409574,-16.929626787148166,W3
2014-11-19,134568.2255689083,161775.90754409574,-16.81812971302378,W3
2014-11-20,134421.93635271295,161775.90754409574,-16.908556784901265,W3
2014-11-21,134327.59421715993,161775.90754409574,-16.966873339563335,W3
2014-11-21,134396.85508175238,161775.90754409574,-16.924060497006064,W3
2014-11-21,134454.48819833976,161775.90754409574,-16.888435219137246,W3
2014-11-21,134661.5425343676,161775.90754409574,-16.76044685599276,W3
2014-11-21,134679.20269313574,161775.90754409574,-16.74953042286236,W3
2014-11-21,134951.10269215034,161775.90754409574,-16.581458425528343,W3
2014-11-24,135021.8060728581,161775.90754409574,-16.537753907481676,W3
2014-11-24,135078.62951080696,161775.90754409574,-16.502629123568244,W3
2014-11-24,135077.99395816555,161775.90754409574,-16.503021983451436,W3
2014-11-24,135065.7712611657,161775.90754409574,-16.510577309324983,W3
2014-11-24,135148.9299841607,161775.90754409574,-16.459173658276182,W3
2014-11-25,135207.52556823083,161775.90754409574,-16.422953441706444,W3
2014-11-25,135163.23695999992,161775.90754409574,-16.450329958335683,W3
2014-11-25,135201.7143282128,161775.90754409574,-16.426545595882082,W3
2014-11-25,135198.7542356284,161775.90754409574,-16.428375344593952,W3
2014-11-25,135206.32680081934,161775.90754409574,-16.423694446612362,W3
2014-11-25,135264.53139850977,161775.90754409574,-16.387715913977907,W3
2014-11-25,135328.76204209254,161775.90754409574,-16.348012447276442,W3
2014-11-26,135405.55138091993,161775.90754409574,-16.30054596107765,W3
2014-11-26,135430.52559272986,161775.90754409574,-16.285108426410677,W3
2014-11-26,135390.78867663167,161775.90754409574,-16.309671364552354,W3
2014-11-28,135387.90780670536,161775.90754409574,-16.31145214264845,W3
2014-11-28,135481.6241072299,161775.90754409574,-16.253522441033887,W3
2014-11-28,135366.6023999189,161775.90754409574,-16.324621845795168,W3
2014-11-28,135432.62400716066,161775.90754409574,-16.283811314583176,W3
2014-11-28,135047.5462191592,161775.90754409574,-16.521842918823435,W3
2014-11-28,134910.2786512277,161775.90754409574,-16.606693357937235,W3
2014-11-28,134917.00045509083,161775.90754409574,-16.602538348724078,W3
2014-11-28,134937.7801839705,161775.90754409574,-16.589693587600426,W3
2014-11-28,134944.06401583008,161775.90754409574,-16.585809305969754,W3
2014-11-28,134979.42108807852,161775.90754409574,-16.563953720187424,W3
2014-11-28,134992.75912303044,161775.90754409574,-16.555708960411756,W3
2014-12-01,134999.70562561438,161775.90754409574,-16.551415056152834,W3
2014-12-02,134994.86022136777,161775.90754409574,-16.554410189556922,W3
2014-12-04,135113.060223962,161775.90754409574,-16.48134615648264,W3
2014-12-04,135197.95906342566,161775.90754409574,-16.428866871555424,W3
2014-12-05,135273.2201683289,161775.90754409574,-16.38234504636787,W3
2014-12-05,135372.6984533221,161775.90754409574,-16.32085363735439,W3
2014-12-05,135453.40230449665,161775.90754409574,-16.270967438352518,W3
2014-12-05,135530.63645504974,161775.90754409574,-16.223225996672124,W3
2014-12-08,135599.59869910267,161775.90754409574,-16.18059774312075,W3
2014-12-09,135708.60766615465,161775.90754409574,-16.11321504769543,W3
2014-12-09,135823.90012380935,161775.90754409574,-16.041948281583633,W3
2014-12-10,135669.0208441829,161775.90754409574,-16.137685206801763,W3
2014-12-10,135608.4434123651,161775.90754409574,-16.17513048078441,W3
2014-12-10,135565.54927198592,161775.90754409574,-16.20164502243054,W3
2014-12-10,135481.6207431891,161775.90754409574,-16.253524520478756,W3
2014-12-10,135405.8484432677,161775.90754409574,-16.300362335250863,W3
2014-12-11,135383.8887829218,161775.90754409574,-16.313936458047802,W3
2014-12-11,135200.59733311227,161775.90754409574,-16.427236054132326,W3
2014-12-11,135260.46408932592,161775.90754409574,-16.390230076466995,W3
2014-12-11,135333.1762933125,161775.90754409574,-16.345283826379184,W3
2014-12-12,135094.87643354863,161775.90754409574,-16.49258626676199,W3
2014-12-12,135232.6283374639,161775.90754409574,-16.40743644068068,W3
2014-12-15,135043.8957928645,161775.90754409574,-16.52409938973442,W3
2014-12-15,135019.54529770743,161775.90754409574,-16.539151380804494,W3
2014-12-15,134957.27287416556,161775.90754409574,-16.57764439530042,W3
2014-12-15,134767.45836690167,161775.90754409574,-16.694976147688923,W3
2014-12-15,134690.17122747307,161775.90754409574,-16.742750343860585,W3
2014-12-15,134533.11296189576,161775.90754409574,-16.839834185306195,W3
2014-12-15,134418.5240542631,161775.90754409574,-16.910666059700976,W3
2014-12-16,134297.81641207964,161775.90754409574,-16.985280162638748,W3
2014-12-16,134165.80336358657,161775.90754409574,-17.066882578287128,W3
2014-12-17,134239.81373990126,161775.90754409574,-17.02113387723625,W3
2014-12-17,134226.73968198564,161775.90754409574,-17.029215462506954,W3
2014-12-17,134179.4266891761,161775.90754409574,-17.05846146923799,W3
2014-12-17,134185.25865342573,161775.90754409574,-17.054856504606253,W3
2014-12-17,134085.8397410471,161775.90754409574,-17.11631121309029,W3
2014-12-18,134146.69575392187,161775.90754409574,-17.078693737287733,W3
2014-12-18,134252.95919340962,161775.90754409574,-17.013008159564244,W3
2014-12-18,134208.40463878875,161775.90754409574,-17.04054906803279,W3
2014-12-18,134262.54802623944,161775.90754409574,-17.007080927892122,W3
2014-12-18,134311.79326324697,161775.90754409574,-16.97664052563747,W3
2015-01-06,100114.63381557462,100114.63381557462,0.0,W4
2015-01-07,100179.65896544582,100179.65896544582,0.0,W4
2015-01-08,100308.48470914748,100308.48470914748,0.0,W4
2015-01-08,100413.68426849146,100413.68426849146,0.0,W4
2015-01-08,100504.09856597164,100504.09856597164,0.0,W4
2015-01-12,100258.21802499432,100504.09856597164,-0.2446472775594536,W4
2015-01-12,100098.47928240732,100504.09856597164,-0.4035848182828728,W4
2015-01-13,100045.91683624512,100504.09856597164,-0.45588362690081596,W4
2015-01-13,99951.90311019642,100504.09856597164,-0.5494258081552292,W4
2015-01-13,99894.36934396393,100504.09856597164,-0.606671002185524,W4
2015-01-13,99839.49431106122,100504.09856597164,-0.6612707982990024,W4
2015-01-13,99825.27654622382,100504.09856597164,-0.6754172510708489,W4
2015-01-13,99857.17933049171,100504.09856597164,-0.6436744816484156,W4
2015-01-13,99864.99379840714,100504.09856597164,-0.6358992087720501,W4
2015-01-13,99845.08618822136,100504.09856597164,-0.6557069683259668,W4
2015-01-16,99920.97706189839,100504.09856597164,-0.58019674062395,W4
2015-01-20,99980.7667195284,100504.09856597164,-0.5207069700741794,W4
2015-01-20,100045.61078590457,100504.09856597164,-0.45618814218418247,W4
2015-01-20,100115.1334618053,100504.09856597164,-0.387014171278822,W4
2015-01-21,100180.51273000281,100504.09856597164,-0.32196282598010073,W4
2015-01-22,100161.60037683864,100504.09856597164,-0.34078032042462125,W4
2015-01-22,100266.00575772821,100504.09856597164,-0.23689860576893768,W4
2015-01-22,100330.91778444033,100504.09856597164,-0.1723121584117593,W4
2015-01-22,100405.52029435184,100504.09856597164,-0.09808383242708599,W4
2015-01-22,100495.20586691,100504.09856597164,-0.008848095936911776,W4
2015-01-22,100614.77688492517,100614.77688492517,0.0,W4
2015-01-22,100686.36733822606,100686.36733822606,0.0,W4
2015-01-23,100702.70724600519,100702.70724600519,0.0,W4
2015-01-23,100756.77204014373,100756.77204014373,0.0,W4
2015-01-23,100812.78501263603,100812.78501263603,0.0,W4
2015-01-23,100901.78432556966,100901.78432556966,0.0,W4
2015-01-23,100957.05017580696,100957.05017580696,0.0,W4
2015-01-23,100985.12993250675,100985.12993250675,0.0,W4
2015-01-23,101048.28295498902,101048.28295498902,0.0,W4
2015-01-23,101139.30861587888,101139.30861587888,0.0,W4
2015-01-23,101025.45759493015,101139.30861587888,-0.11256851812298618,W4
2015-01-23,101043.76647228617,101139.30861587888,-0.09446588561879164,W4
2015-01-23,100952.43409135359,101139.30861587888,-0.18476943048427627,W4
2015-01-23,100997.06851307835,101139.30861587888,-0.14063780418031685,W4
2015-01-23,100935.75520309932,101139.30861587888,-0.2012604352998282,W4
2015-01-23,100939.96826686528,101139.30861587888,-0.19709483062681382,W4
2015-01-23,100962.37397144178,101139.30861587888,-0.1749415206199316,W4
2015-01-23,100966.70961253034,101139.30861587888,-0.17065471942671076,W4
2015-01-23,101009.65624778983,101139.30861587888,-0.12819186710230068,W4
2015-01-23,100926.29460087385,101139.30861587888,-0.2106144662448139,W4
2015-01-23,100814.10556322659,101139.30861587888,-0.32153972288597377,W4
2015-01-23,100804.48396559432,101139.30861587888,-0.33105293566540184,W4
2015-01-23,100862.61182320712,101139.30861587888,-0.2735798736005212,W4
2015-01-26,100953.6684259905,101139.30861587888,-0.18354900031344715,W4
2015-01-26,100972.19152288024,101139.30861587888,-0.16523456140415296,W4
2015-01-28,101038.52861073137,101139.30861587888,-0.0996447439939129,W4
2015-01-29,101051.73521454433,101139.30861587888,-0.08658690921761054,W4
2015-01-30,101023.03501121282,101139.30861587888,-0.11496381205022647,W4
2015-02-02,101096.12219826604,101139.30861587888,-0.04269993359047298,W4
2015-02-02,101191.58342630723,101191.58342630723,0.0,W4
2015-02-03,101295.55818463491,101295.55818463491,0.0,W4
2015-02-04,101361.78247555901,101361.78247555901,0.0,W4
2015-02-04,101454.38259949333,101454.38259949333,0.0,W4
2015-02-04,101477.955673289,101477.955673289,0.0,W4
2015-02-04,101585.89256431349,101585.89256431349,0.0,W4
2015-02-04,101781.8633219867,101781.8633219867,0.0,W4
2015-02-04,102127.44024902588,102127.44024902588,0.0,W4
2015-02-05,102202.05316771271,102202.05316771271,0.0,W4
2015-02-05,102263.24277959256,102263.24277959256,0.0,W4
2015-02-05,102340.36463171015,102340.36463171015,0.0,W4
2015-02-05,102440.94688419184,102440.94688419184,0.0,W4
2015-02-05,102557.3871483544,102557.3871483544,0.0,W4
2015-02-05,102643.41207018698,102643.41207018698,0.0,W4
2015-02-05,102812.88089499294,102812.88089499294,0.0,W4
2015-02-05,102883.87246791105,102883.87246791105,0.0,W4
2015-02-06,102925.36998022402,102925.36998022402,0.0,W4
2015-02-06,102903.75514410202,102925.36998022402,-0.021000493975537503,W4
2015-02-06,102888.47998595629,102925.36998022402,-0.03584149784918095,W4
2015-02-06,102959.69612058433,102959.69612058433,0.0,W4
2015-02-09,102815.98971947547,102959.69612058433,-0.13957539359920543,W4
2015-02-09,102951.07855277612,102959.69612058433,-0.00836984580657126,W4
2015-02-09,103030.32145673553,103030.32145673553,0.0,W4
2015-02-10,103131.14360967316,103131.14360967316,0.0,W4
2015-02-10,103075.75225608931,103131.14360967316,-0.05370962799898167,W4
2015-02-10,103110.97830537018,103131.14360967316,-0.019553069613288645,W4
2015-02-10,102903.39139580693,103131.14360967316,-0.22083747536846826,W4
2015-02-10,102950.10667314158,103131.14360967316,-0.1755405110378367,W4
2015-02-10,102849.96577082883,103131.14360967316,-0.2726410558468407,W4
2015-02-10,102772.86634851455,103131.14360967316,-0.3473996783305397,W4
2015-02-10,102752.19255672376,103131.14360967316,-0.36744579734676425,W4
2015-02-10,102701.27910372958,103131.14360967316,-0.41681347738226887,W4
2015-02-11,102791.25039369104,103131.14360967316,-0.3295737873988307,W4
2015-02-11,102987.20713853426,103131.14360967316,-0.1395664453054758,W4
2015-02-12,103306.57226072432,103306.57226072432,0.0,W4
2015-02-12,103454.01988463986,103454.01988463986,0.0,W4
2015-02-12,103594.58038531932,103594.58038531932,0.0,W4
2015-02-12,103805.18376461517,103805.18376461517,0.0,W4
2015-02-13,103859.09510727982,103859.09510727982,0.0,W4
2015-02-13,103619.46622258816,103859.09510727982,-0.23072498796964905,W4
2015-02-13,103352.85052046155,103859.09510727982,-0.4874340434945549,W4
2015-02-13,103447.55002167399,103859.09510727982,-0.3962532941200101,W4
2015-02-13,103583.76477132727,103859.09510727982,-0.2650998794743461,W4
2015-02-17,104033.88324381673,104033.88324381673,0.0,W4
2015-02-17,104236.44714728525,104236.44714728525,0.0,W4
2015-02-18,104190.2948465466,104236.44714728525,-0.04427654817650241,W4
2015-02-18,104332.88779614892,104332.88779614892,0.0,W4
2015-02-20,104321.68681808803,104332.88779614892,-0.01073580756508754,W4
2015-02-20,104432.20940634786,104432.20940634786,0.0,W4
2015-02-20,104541.01552416023,104541.01552416023,0.0,W4
2015-02-23,104696.67910826419,104696.67910826419,0.0,W4
2015-02-26,104537.8462305527,104696.67910826419,-0.15170765592978855,W4
2015-03-03,104468.26728709841,104696.67910826419,-0.21816529722932476,W4
2015-03-03,104437.81197965605,104696.67910826419,-0.24725438362801286,W4
2015-03-04,104759.80664185778,104759.80664185778,0.0,W4
2015-03-04,104984.1584697994,104984.1584697994,0.0,W4
2015-03-05,104779.6056398946,104984.1584697994,-0.1948416150458026,W4
2015-03-05,104393.35949174044,104984.1584697994,-0.562750596537772,W4
2015-03-05,104286.60515013085,104984.1584697994,-0.664436739633634,W4
2015-03-05,104647.07327756868,104984.1584697994,-0.3210819585963419,W4
2015-03-05,104826.33151689847,104984.1584697994,-0.1503340648735385,W4
2015-03-06,105023.83854299254,105023.83854299254,0.0,W4
2015-03-06,105223.44742458915,105223.44742458915,0.0,W4
2015-03-09,105029.7357373575,105223.44742458915,-0.1840955528191263,W4
2015-03-09,105884.30812621396,105884.30812621396,0.0,W4
2015-03-09,105845.65741011925,105884.30812621396,-0.03650278004237984,W4
2015-03-09,105758.30362967987,105884.30812621396,-0.11900204927806285,W4
2015-03-09,105714.83259213633,105884.30812621396,-0.16005727106949338,W4
2015-03-09,105437.49699572538,105884.30812621396,-0.4219804977674162,W4
2015-03-09,105333.09720971018,105884.30812621396,-0.5205784749962581,W4
2015-03-09,105156.18489894625,105884.30812621396,-0.6876592387984377,W4
2015-03-10,104997.55713003351,105884.30812621396,-0.8374715875023145,W4
2015-03-10,105092.4999046774,105884.30812621396,-0.74780506719912,W4
2015-03-10,104749.72703376746,105884.30812621396,-1.0715290230674075,W4
2015-03-10,104545.8846273347,105884.30812621396,-1.264043296466423,W4
2015-03-10,104113.9559077016,105884.30812621396,-1.671968443522435,W4
2015-03-10,103947.99743104266,105884.30812621396,-1.828704110587584,W4
2015-03-10,103735.34834445197,105884.30812621396,-2.029535650552145,W4
2015-03-11,103497.37667748213,105884.30812621396,-2.2542825192630187,W4
2015-03-11,103392.059196763,105884.30812621396,-2.35374719215259,W4
2015-03-11,103170.44948253248,105884.30812621396,-2.5630413908419407,W4
2015-03-11,103216.55994250515,105884.30812621396,-2.5194934272308416,W4
2015-03-11,103035.63042900768,105884.30812621396,-2.690368145779127,W4
2015-03-11,102705.25045782937,105884.30812621396,-3.0023879124706125,W4
2015-03-12,102871.88474831448,105884.30812621396,-2.8450139885776817,W4
2015-03-12,102898.79782189801,105884.30812621396,-2.8195965550978737,W4
2015-03-12,102949.92837187373,105884.30812621396,-2.771307482920373,W4
2015-03-12,103257.36342703004,105884.30812621396,-2.4809575145474874,W4
2015-03-12,103447.46013186176,105884.30812621396,-2.3014250529431393,W4
2015-03-12,103634.21121323576,105884.30812621396,-2.125052288480829,W4
2015-03-12,103500.24783118638,105884.30812621396,-2.251570924169219,W4
2015-03-12,103608.02114732053,105884.30812621396,-2.1497868939938694,W4
2015-03-13,103543.14602424519,105884.30812621396,-2.211056712178835,W4
2015-03-13,103797.71817989173,105884.30812621396,-1.970631893665507,W4
2015-03-13,103988.6391364451,105884.30812621396,-1.7903209864763225,W4
2015-03-16,104043.71080682665,105884.30812621396,-1.738309813757594,W4
2015-03-16,104181.63026147704,105884.30812621396,-1.608054956271076,W4
2015-03-16,104302.30570816799,105884.30812621396,-1.4940858055758632,W4
2015-03-16,104406.50563178146,105884.30812621396,-1.395676583796498,W4
2015-03-16,104455.39222449878,105884.30812621396,-1.3495067654518906,W4
2015-03-16,104522.9066989632,105884.30812621396,-1.2857442725393968,W4
2015-03-17,104428.13138062907,105884.30812621396,-1.3752526425814944,W4
2015-03-17,104473.9235821154,105884.30812621396,-1.3320052508794638,W4
2015-03-17,104366.94471029544,105884.30812621396,-1.4330389863905248,W4
2015-03-17,104583.54463861792,105884.30812621396,-1.2284761648019904,W4
2015-03-18,104685.80281783777,105884.30812621396,-1.13190077886477,W4
2015-03-18,104721.65092969732,105884.30812621396,-1.0980448539463947,W4
2015-03-18,104749.77933077369,105884.30812621396,-1.0714796323624431,W4
2015-03-18,104915.27151586834,105884.30812621396,-0.9151843436428065,W4
2015-03-18,104965.10571195526,105884.30812621396,-0.8681195830859236,W4
2015-03-18,105057.8410848852,105884.30812621396,-0.780537792572253,W4
2015-03-18,105281.14269038098,105884.30812621396,-0.5696457260824813,W4
2015-03-18,105436.42124250463,105884.30812621396,-0.4229964681598068,W4
2015-03-18,105213.64585333093,105884.30812621396,-0.6333915617445387,W4
2015-03-19,105202.6965782988,105884.30812621396,-0.6437323527700469,W4
2015-03-19,105241.3833858925,105884.30812621396,-0.6071954869413592,W4
2015-03-19,105209.15208883757,105884.30812621396,-0.6376355942861789,W4
2015-03-19,105334.58761403317,105884.30812621396,-0.5191708969052587,W4
2015-03-19,105459.32508679442,105884.30812621396,-0.40136545909424637,W4
2015-03-20,105477.87805567881,105884.30812621396,-0.3838435342569219,W4
2015-03-20,105573.9694923791,105884.30812621396,-0.2930921864880501,W4
2015-03-20,105618.73819779944,105884.30812621396,-0.2508114121102477,W4
2015-03-23,105981.72554346481,105981.72554346481,0.0,W4
2015-03-24,106199.72125894323,106199.72125894323,0.0,W4
2015-03-27,106071.75643391589,106199.72125894323,-0.12049450178436291,W4
2015-03-30,106210.9417309247,106210.9417309247,0.0,W4
2015-03-30,106384.29546194036,106384.29546194036,0.0,W4
2015-03-30,106545.36113890329,106545.36113890329,0.0,W4
2015-03-30,106655.72435987277,106655.72435987277,0.0,W4
2015-03-30,106781.65872868411,106781.65872868411,0.0,W4
2015-03-30,107052.30042192647,107052.30042192647,0.0,W4
2015-03-30,107177.58500637436,107177.58500637436,0.0,W4
2015-03-30,107329.97235579215,107329.97235579215,0.0,W4
2015-03-30,107688.27536780262,107688.27536780262,0.0,W4
2015-03-30,107813.13186148602,107813.13186148602,0.0,W4
2015-03-30,108051.22069925742,108051.22069925742,0.0,W4
2015-03-30,108248.67294768496,108248.67294768496,0.0,W4
2015-03-30,108407.63492420703,108407.63492420703,0.0,W4
2015-03-31,108426.45646937605,108426.45646937605,0.0,W4
2015-04-01,108748.01204861561,108748.01204861561,0.0,W4
2015-04-01,108886.7257249972,108886.7257249972,0.0,W4
2015-04-02,109010.89987856304,109010.89987856304,0.0,W4
2015-04-02,109147.9496043986,109147.9496043986,0.0,W4
2015-04-02,108890.73173369232,109147.9496043986,-0.23565982836925337,W4
2015-04-02,109040.7498271645,109147.9496043986,-0.09821510859584504,W4
2015-04-02,108532.5892453091,109147.9496043986,-0.5637855418446712,W4
2015-04-06,108607.83978781244,109147.9496043986,-0.49484192652611775,W4
2015-04-06,108575.03515293721,109147.9496043986,-0.5248971268245419,W4
2015-04-06,108608.80472744686,109147.9496043986,-0.4939578607805725,W4
2015-04-06,108696.43915926776,109147.9496043986,-0.4136682794017853,W4
2015-04-06,108680.93585591439,109147.9496043986,-0.42787221397825703,W4
2015-04-06,108700.78047358405,109147.9496043986,-0.40969082097766873,W4
2015-04-06,108492.61319229244,109147.9496043986,-0.6004111066505556,W4
2015-04-06,108511.32400301877,109147.9496043986,-0.5832684935330851,W4
2015-04-07,108436.61756513263,109147.9496043986,-0.6517136069382469,W4
2015-04-07,108501.77389925942,109147.9496043986,-0.5920181803517227,W4
2015-04-09,108624.49244541781,109147.9496043986,-0.4795849678148184,W4
2015-04-09,108728.33177566428,109147.9496043986,-0.3844486591412896,W4
2015-04-10,108867.03984389288,109147.9496043986,-0.2573660444597094,W4
2015-04-14,108993.85835764956,109147.9496043986,-0.14117649237345986,W4
2015-04-15,108948.86360787811,109147.9496043986,-0.18240012500652983,W4
2015-04-15,108921.9554755619,109147.9496043986,-0.20705302266859055,W4
2015-04-15,108906.71672421838,109147.9496043986,-0.22101457796922266,W4
2015-04-15,108980.23190684065,109147.9496043986,-0.15366087788715607,W4
2015-04-15,109029.15784483629,109147.9496043986,-0.10883553927753087,W4
2015-04-15,109049.18968287145,109147.9496043986,-0.09048261729615446,W4
2015-04-15,108891.94068971982,109147.9496043986,-0.23455219782567727,W4
2015-04-15,108956.5776828754,109147.9496043986,-0.1753325850066958,W4
2015-04-16,108921.52205306529,109147.9496043986,-0.20745011899352014,W4
2015-04-16,108813.29550932201,109147.9496043986,-0.3066059383520528,W4
2015-04-16,108848.08017398545,109147.9496043986,-0.2747366592776242,W4
2015-04-16,108873.32287641962,109147.9496043986,-0.2516096078527783,W4
2015-04-17,108763.43476800832,109147.9496043986,-0.35228773218731063,W4
2015-04-17,108573.87365736271,109147.9496043986,-0.5259612746887138,W4
2015-04-20,108725.69012404606,109147.9496043986,-0.38686890764599924,W4
2015-04-20,108796.42171598639,109147.9496043986,-0.32206549888138497,W4
2015-04-21,108795.88506944761,109147.9496043986,-0.32255716779566407,W4
2015-04-21,108780.67173846513,109147.9496043986,-0.33649543327625786,W4
2015-04-21,108730.61437684509,109147.9496043986,-0.38235736820171656,W4
2015-04-21,108858.96936873486,109147.9496043986,-0.2647601138739959,W4
2015-04-21,108941.09674101873,109147.9496043986,-0.1895160322567658,W4
2015-04-21,109006.69955526582,109147.9496043986,-0.1294115461121669,W4
2015-04-22,109016.25865899504,109147.9496043986,-0.12065361363256981,W4
2015-04-22,108955.98239570906,109147.9496043986,-0.17587797973788796,W4
2015-04-22,109069.50864796914,109147.9496043986,-0.07186663305519468,W4
2015-04-22,109088.29404086118,109147.9496043986,-0.05465568868095368,W4
2015-04-22,109151.82431481294,109151.82431481294,0.0,W4
2015-04-22,109242.4358861434,109242.4358861434,0.0,W4
2015-04-23,109186.14209504476,109242.4358861434,-0.05153106541610634,W4
2015-04-23,109260.04163246772,109260.04163246772,0.0,W4
2015-04-23,109309.24197030754,109309.24197030754,0.0,W4
2015-04-23,109521.2973956916,109521.2973956916,0.0,W4
2015-04-23,109516.25842092534,109521.2973956916,-0.004600908577671699,W4
2015-04-23,109378.56716809652,109521.2973956916,-0.13032189262642313,W4
2015-04-23,109361.31404022237,109521.2973956916,-0.14607510984025646,W4
2015-04-24,109413.40095551722,109521.2973956916,-0.09851640068191604,W4
2015-04-24,109445.35894289226,109521.2973956916,-0.06933669944118664,W4
2015-04-24,109526.89238882849,109526.89238882849,0.0,W4
2015-04-27,109616.21514900491,109616.21514900491,0.0,W4
2015-04-27,109548.78303507117,109616.21514900491,-0.06151655012178452,W4
2015-04-27,109437.16471035127,109616.21514900491,-0.1633430222073071,W4
2015-04-27,109387.89680061492,109616.21514900491,-0.2082888449301332,W4
2015-04-28,109434.78724708677,109616.21514900491,-0.16551191962933623,W4
2015-04-28,109345.0815730042,109616.21514900491,-0.24734805487688089,W4
2015-04-28,109373.52318225891,109616.21514900491,-0.221401520218613,W4
2015-04-28,109372.24725481715,109616.21514900491,-0.2225655153812153,W4
2015-04-28,109269.50745746473,109616.21514900491,-0.3162923396587756,W4
2015-04-29,109241.40599895787,109616.21514900491,-0.3419285637052483,W4
2015-04-29,109208.8141813183,109616.21514900491,-0.37166122469455654,W4
2015-04-30,109010.2671126819,109616.21514900491,-0.5527905114214402,W4
2015-04-30,109129.03742189745,109616.21514900491,-0.4444394713366369,W4
2015-04-30,109099.96332344746,109616.21514900491,-0.4709630093099786,W4
2015-04-30,109144.50538213052,109616.21514900491,-0.4303284566368077,W4
2015-05-01,109082.42507300405,109616.21514900491,-0.48696269550564664,W4
2015-05-01,109186.61329934288,109616.21514900491,-0.391914507427634,W4
2015-05-04,109373.49571461801,109616.21514900491,-0.22142657822747167,W4
2015-05-04,109202.23740070814,109616.21514900491,-0.37766104926542393,W4
2015-05-04,109382.30525277928,109616.21514900491,-0.21338986746411376,W4
2015-05-04,109475.43521051071,109616.21514900491,-0.12842984799542456,W4
2015-05-04,109539.1862783817,109616.21514900491,-0.07027141971514127,W4
2015-05-04,109818.2754768217,109818.2754768217,0.0,W4
2015-05-04,109906.9889437828,109906.9889437828,0.0,W4
2015-05-04,110046.18313552094,110046.18313552094,0.0,W4
2015-05-05,110050.07446371333,110050.07446371333,0.0,W4
2015-05-05,110034.02286973258,110050.07446371333,-0.014585718418613704,W4
2015-05-05,110004.37942102418,110050.07446371333,-0.041522046133847204,W4
2015-05-05,109922.91557081587,110050.07446371333,-0.11554639423655723,W4
2015-05-06,109882.52811580036,110050.07446371333,-0.15224555615199817,W4
2015-05-06,109829.1941951828,110050.07446371333,-0.20070887694252112,W4
2015-05-06,109885.62532634755,110050.07446371333,-0.1494311913618957,W4
2015-05-06,109892.88559464116,110050.07446371333,-0.14283395067033572,W4
2015-05-06,109758.72944264613,110050.07446371333,-0.26473859512313785,W4
2015-05-06,109734.78389686892,110050.07446371333,-0.286497368021659,W4
2015-05-06,109438.27801255372,110050.07446371333,-0.5559255222142846,W4
2015-05-07,109469.87922320659,110050.07446371333,-0.5272102207418763,W4
2015-05-07,109401.32112223901,110050.07446371333,-0.5895074080011056,W4
2015-05-07,109359.60434395577,110050.07446371333,-0.6274144957396017,W4
2015-05-07,109329.45582759441,110050.07446371333,-0.654809766945252,W4
2015-05-07,109595.71200243762,110050.07446371333,-0.41286883583666134,W4
2015-05-08,109794.3927645358,110050.07446371333,-0.23233214554691858,W4
2015-05-08,109960.29281707833,110050.07446371333,-0.08158254055939654,W4
2015-05-08,110128.42745752267,110128.42745752267,0.0,W4
2015-05-08,110189.2677709019,110189.2677709019,0.0,W4
2015-05-08,110181.37346583523,110189.2677709019,-0.007164313935804101,W4
2015-05-08,110235.85304828327,110235.85304828327,0.0,W4
2015-05-11,110244.51987908839,110244.51987908839,0.0,W4
2015-05-12,110237.06295952057,110244.51987908839,-0.0067639820791074315,W4
2015-05-12,110400.56202208382,110400.56202208382,0.0,W4
2015-05-13,109831.32595163083,110400.56202208382,-0.5156097578009787,W4
2015-05-13,110111.07494214697,110400.56202208382,-0.2622152230338681,W4
2015-05-13,109989.81137584396,110400.56202208382,-0.3720548507331835,W4
2015-05-13,110076.0417686311,110400.56202208382,-0.29394800851449004,W4
2015-05-13,109845.85190352036,110400.56202208382,-0.5024522596655733,W4
2015-05-13,109892.69965124645,110400.56202208382,-0.4600179215897233,W4
2015-05-14,109865.22855365441,110400.56202208382,-0.4849010354877767,W4
2015-05-14,109915.30606870499,110400.56202208382,-0.4395411984241189,W4
2015-05-14,110026.19220600318,110400.56202208382,-0.3391013679855647,W4
2015-05-15,110041.17502583146,110400.56202208382,-0.32553004230220395,W4
2015-05-15,110118.63113934963,110400.56202208382,-0.2553708763527786,W4
2015-05-18,110528.3347826855,110528.3347826855,0.0,W4
2015-05-18,110794.05528415814,110794.05528415814,0.0,W4
2015-05-19,110677.42177218782,110794.05528415814,-0.10527055054639853,W4
2015-05-21,110694.5118267227,110794.05528415814,-0.08984548600567127,W4
2015-05-21,110617.86896210285,110794.05528415814,-0.15902145796849745,W4
2015-05-22,110744.42818655784,110794.05528415814,-0.04479220249951052,W4
2015-05-26,110615.20524176303,110794.05528415814,-0.16142566668978797,W4
2015-05-26,110654.62799231449,110794.05528415814,-0.12584365784432408,W4
2015-05-26,110654.35631802496,110794.05528415814,-0.1260888644024119,W4
2015-05-28,111165.40739800576,111165.40739800576,0.0,W4
2015-05-29,111346.57440722235,111346.57440722235,0.0,W4
2015-05-29,111410.47427421593,111410.47427421593,0.0,W4
2015-06-01,111365.84179660547,111410.47427421593,-0.04006129396828961,W4
2015-06-01,111428.14823067722,111428.14823067722,0.0,W4
2015-06-01,111450.193291428,111450.193291428,0.0,W4
2015-06-01,111629.77088878729,111629.77088878729,0.0,W4
2015-06-03,111890.32290519723,111890.32290519723,0.0,W4
2015-06-03,112151.07124594701,112151.07124594701,0.0,W4
2015-06-03,112375.57885407099,112375.57885407099,0.0,W4
2015-06-03,112319.43965244958,112375.57885407099,-0.049956763020824996,W4
2015-06-03,112219.28110305389,112375.57885407099,-0.1390851576569582,W4
2015-06-03,112226.70948201208,112375.57885407099,-0.13247484335740456,W4
2015-06-04,112036.2801235326,112375.57885407099,-0.30193279892154706,W4
2015-06-04,111923.62942326351,112375.57885407099,-0.40217762205645485,W4
2015-06-04,111750.76669753993,112375.57885407099,-0.5560035044112457,W4
2015-06-04,111688.04191082087,112375.57885407099,-0.6118206021816726,W4
2015-06-04,111554.51223182221,112375.57885407099,-0.7306450659666911,W4
2015-06-04,111269.23707923843,112375.57885407099,-0.9845037383693798,W4
2015-06-04,111321.24462062391,112375.57885407099,-0.9382236284773405,W4
2015-06-04,111166.37854752287,112375.57885407099,-1.0760347745290575,W4
2015-06-04,111043.75830526317,112375.57885407099,-1.1851512244820588,W4
2015-06-04,111004.3559153741,112375.57885407099,-1.2202143496653701,W4
2015-06-04,111070.90199601892,112375.57885407099,-1.1609967853836856,W4
2015-06-04,111074.2675342769,112375.57885407099,-1.1580018835622146,W4
2015-06-04,111151.00819261491,112375.57885407099,-1.0897124392536242,W4
2015-06-04,111313.89437106124,112375.57885407099,-0.9447644175327806,W4
2015-06-04,111202.76372364545,112375.57885407099,-1.0436565865867904,W4
2015-06-04,111066.75266034964,112375.57885407099,-1.1646891674043993,W4
2015-06-04,111159.88869705379,112375.57885407099,-1.0818099176119744,W4
2015-06-05,111168.97492699884,112375.57885407099,-1.0737243263850302,W4
2015-06-08,111123.94176897296,112375.57885407099,-1.1137981204291598,W4
2015-06-08,111200.04095098011,112375.57885407099,-1.0460795086247467,W4
2015-06-09,110816.67495322762,112375.57885407099,-1.3872265813800537,W4
2015-06-10,110987.21749886518,112375.57885407099,-1.2354653647735252,W4
2015-06-10,110760.8915025249,112375.57885407099,-1.4368667712429724,W4
2015-06-10,110960.46174410528,112375.57885407099,-1.2592745900809592,W4
2015-06-11,111061.1849871132,112375.57885407099,-1.1696436898132827,W4
2015-06-11,111248.6753342495,112375.57885407099,-1.0028010812606019,W4
2015-06-11,111198.4395890989,112375.57885407099,-1.047504517418956,W4
2015-06-11,111367.88291009645,112375.57885407099,-0.8967214712042706,W4
2015-06-11,111561.98660746396,112375.57885407099,-0.7239938204576907,W4
2015-06-11,111726.14246315141,112375.57885407099,-0.5779159471676037,W4
2015-06-12,111958.5002704451,112375.57885407099,-0.37114699463973266,W4
2015-06-12,112210.85861056752,112375.57885407099,-0.14658010680182876,W4
2015-06-12,112434.48889884105,112434.48889884105,0.0,W4
2015-06-15,112442.08342188408,112442.08342188408,0.0,W4
2015-06-16,112346.15147878353,112442.08342188408,-0.08531676057673583,W4
2015-06-16,112432.22840633827,112442.08342188408,-0.008764525919384493,W4
2015-06-16,112225.72172464704,112442.08342188408,-0.19242056946352076,W4
2015-06-16,112402.64465381345,112442.08342188408,-0.03507473969746093,W4
2015-06-17,112720.75869438545,112720.75869438545,0.0,W4
2015-06-17,112917.60016624992,112917.60016624992,0.0,W4
2015-06-17,113006.03551722283,113006.03551722283,0.0,W4
2015-06-17,113008.08613028063,113008.08613028063,0.0,W4
2015-06-17,113096.64152252777,113096.64152252777,0.0,W4
2015-06-18,113297.43038569453,113297.43038569453,0.0,W4
2015-06-18,113522.66733460673,113522.66733460673,0.0,W4
2015-06-18,113393.39177140563,113522.66733460673,-0.1138764321138241,W4
2015-06-18,113569.27409934602,113569.27409934602,0.0,W4
2015-06-18,113598.29208870072,113598.29208870072,0.0,W4
2015-06-18,113736.66105004857,113736.66105004857,0.0,W4
2015-06-19,113533.25286112267,113736.66105004857,-0.17884135778910235,W4
2015-06-22,113821.19421978547,113821.19421978547,0.0,W4
2015-06-25,113900.70413183984,113900.70413183984,0.0,W4
2015-06-25,113767.09979424943,113900.70413183984,-0.11729895667349442,W4
2015-06-25,113744.5042833508,113900.70413183984,-0.13713685940715037,W4
2015-06-25,113447.48119602066,113900.70413183984,-0.3979105654119388,W4
2015-06-26,113350.65340023712,113900.70413183984,-0.48292127410032415,W4
2015-06-26,113457.68882324669,113900.70413183984,-0.38894870051054564,W4
2015-06-26,113542.11904307667,113900.70413183984,-0.3148225390671037,W4
2015-06-26,113404.72524047836,113900.70413183984,-0.43544848571557654,W4
2015-06-26,113083.57899466163,113900.70413183984,-0.7174013044137041,W4
2015-06-26,112942.25961075728,113900.70413183984,-0.8414737453889376,W4
2015-06-26,112877.01008668824,113900.70413183984,-0.8987600673360848,W4
2015-06-26,112896.20538489212,113900.70413183984,-0.8819074075126128,W4
2015-06-30,112855.84955622282,113900.70413183984,-0.9173381179519342,W4
2015-07-01,113126.13558612665,113900.70413183984,-0.6800384173364106,W4
2015-07-01,113412.26237348157,113900.70413183984,-0.42883120177457257,W4
2015-07-01,113521.66235351174,113900.70413183984,-0.3327826471462027,W4
2015-07-02,113753.85627018503,113900.70413183984,-0.12892621057446055,W4
2015-07-06,113325.48641480728,113900.70413183984,-0.5050168226938668,W4
2015-07-06,113242.85468383277,113900.70413183984,-0.5775639870018769,W4
2015-07-06,113028.93366339474,113900.70413183984,-0.7653775936591483,W4
2015-07-06,112821.79919894539,113900.70413183984,-0.9472328912432557,W4
2015-07-06,112691.9609160731,113900.70413183984,-1.0612254111858848,W4
2015-07-06,112779.73837163235,113900.70413183984,-0.9841605183669206,W4
2015-07-06,112955.23148601221,113900.70413183984,-0.8300849876513885,W4
2015-07-06,112197.05066746123,113900.70413183984,-1.4957356737730427,W4
2015-07-06,111655.10671159404,113900.70413183984,-1.9715395417104071,W4
2015-07-06,111424.84743011526,113900.70413183984,-2.1736974504203075,W4
2015-07-06,111042.43142254523,113900.70413183984,-2.5094425281042776,W4
2015-07-06,110912.16516419347,113900.70413183984,-2.623810792413662,W4
2015-07-06,110548.97138666445,113900.70413183984,-2.942679565260432,W4
2015-07-07,110532.79273748097,113900.70413183984,-2.956883734854285,W4
2015-07-07,110510.0631185463,113900.70413183984,-2.9768393787705483,W4
2015-07-07,110374.59964563277,113900.70413183984,-3.095770577612594,W4
2015-07-07,110003.22015646163,113900.70413183984,-3.421826059009156,W4
2015-07-07,109877.57648036297,113900.70413183984,-3.532135891644802,W4
2015-07-07,109943.84393004671,113900.70413183984,-3.4739558740682313,W4
2015-07-07,109912.48370870405,113900.70413183984,-3.50148882180696,W4
2015-07-07,109804.79203662947,113900.70413183984,-3.596037554315169,W4
2015-07-07,109121.56012167592,113900.70413183984,-4.195886273566901,W4
2015-07-07,109052.5256221726,113900.70413183984,-4.256495643833318,W4
2015-07-07,108873.6100726251,113900.70413183984,-4.41357592785018,W4
2015-07-07,108460.5043724112,113900.70413183984,-4.776265257440039,W4
2015-07-07,108225.78988804907,113900.70413183984,-4.982334645817527,W4
2015-07-10,108290.62442540731,113900.70413183984,-4.925412664647687,W4
2015-07-13,108325.71306326924,113900.70413183984,-4.8946063249245215,W4
2015-07-13,108463.33703605141,113900.70413183984,-4.77377829859128,W4
2015-07-13,108553.78087727858,113900.70413183984,-4.694372431949331,W4
2015-07-13,108617.28123266785,113900.70413183984,-4.638621806109676,W4
2015-07-13,108731.3029892754,113900.70413183984,-4.538515527156768,W4
2015-07-13,108831.29427413296,113900.70413183984,-4.450727408883309,W4
2015-07-13,108904.43410822019,113900.70413183984,-4.386513728516095,W4
2015-07-13,108991.09506665,113900.70413183984,-4.310429072946712,W4
2015-07-13,109073.00996983187,113900.70413183984,-4.238511253117388,W4
2015-07-13,109152.5751805139,113900.70413183984,-4.168656363906223,W4
2015-07-13,109237.54893390181,113900.70413183984,-4.094053002991481,W4
2015-07-13,109333.31028047913,113900.70413183984,-4.009978591593222,W4
2015-07-13,109428.37650879846,113900.70413183984,-3.9265144646205745,W4
2015-07-13,109530.24695139684,113900.70413183984,-3.837076525342816,W4
2015-07-14,109552.93669118157,113900.70413183984,-3.817155893633225,W4
2015-07-14,109655.42924422854,113900.70413183984,-3.727171767698123,W4
2015-07-14,109720.15891601965,113900.70413183984,-3.6703418540602017,W4
2015-07-14,109788.22530035279,113900.70413183984,-3.610582447959994,W4
2015-07-15,109868.49584630619,113900.70413183984,-3.5401083042176587,W4
2015-07-15,109873.41245409046,113900.70413183984,-3.535791730565422,W4
2015-07-15,109668.16072817944,113900.70413183984,-3.7159940633564807,W4
2015-07-15,109669.3152891824,113900.70413183984,-3.714980407636126,W4
2015-07-16,109729.34658362015,113900.70413183984,-3.662275470563687,W4
2015-07-16,109704.45504913606,113900.70413183984,-3.6841291848789917,W4
2015-07-16,109733.83326210943,113900.70413183984,-3.658336356645579,W4
2015-07-16,109656.84049948066,113900.70413183984,-3.7259327452856783,W4
2015-07-16,109623.62170900921,113900.70413183984,-3.7550974380982893,W4
2015-07-17,109516.37962508781,113900.70413183984,-3.8492514512264875,W4
2015-07-17,109465.0480897579,113900.70413183984,-3.8943183678194657,W4
2015-07-17,109437.60630983984,113900.70413183984,-3.918411089745301,W4
2015-07-17,109485.79623892506,113900.70413183984,-3.876102370538933,W4
2015-07-21,109264.07619132049,113900.70413183984,-4.070763193133961,W4
2015-07-22,109331.96637690476,113900.70413183984,-4.0111584820817034,W4
2015-07-22,109492.9456909262,113900.70413183984,-3.869825454118067,W4
2015-07-28,109570.19364986297,113900.70413183984,-3.8020050139148545,W4
2015-07-29,109699.88575249905,113900.70413183984,-3.688140834035895,W4
2015-07-29,109814.54876925511,113900.70413183984,-3.587471555799175,W4
2015-07-29,110067.97899556016,113900.70413183984,-3.364970537709152,W4
2015-07-29,109985.9002206106,113900.70413183984,-3.43703223001841,W4
2015-07-29,110066.90934591371,113900.70413183984,-3.3659096448504155,W4
2015-07-29,109971.22527461044,113900.70413183984,-3.449916211826962,W4
2015-07-29,110039.74766113277,113900.70413183984,-3.3897564550944463,W4
2015-07-30,109975.40581220253,113900.70413183984,-3.4462458766662096,W4
2015-07-30,109939.81485374569,113900.70413183984,-3.4774932326225407,W4
2015-07-30,110038.31377329506,113900.70413183984,-3.391015347959636,W4
2015-07-30,110111.5694557968,113900.70413183984,-3.3266999575850997,W4
2015-07-30,110560.4824717969,113900.70413183984,-2.932573319456075,W4
2015-07-31,110698.36192790615,113900.70413183984,-2.8115209895691096,W4
2015-07-31,110656.29975327976,113900.70413183984,-2.8484497995769096,W4
2015-07-31,110697.71257349485,113900.70413183984,-2.812091095273243,W4
2015-07-31,110674.03912180597,113900.70413183984,-2.8328753844216936,W4
2015-07-31,110555.02463767109,113900.70413183984,-2.9373650669412346,W4
2015-07-31,110484.64787235325,113900.70413183984,-2.9991528898122644,W4
2015-07-31,110435.75769137534,113900.70413183984,-3.042076400558357,W4
2015-07-31,110416.71827567893,113900.70413183984,-3.0587922021344203,W4
2015-08-03,110519.05296861485,113900.70413183984,-2.968946670699011,W4
2015-08-03,110676.70886161293,113900.70413183984,-2.8305314658065144,W4
2015-08-03,110537.71029877996,113900.70413183984,-2.9525663240564546,W4
2015-08-03,110468.94200868641,113900.70413183984,-3.012941973722279,W4
2015-08-03,110266.46196728048,113900.70413183984,-3.190710884765671,W4
2015-08-03,110184.29695682306,113900.70413183984,-3.2628482882028935,W4
2015-08-04,110127.66249920288,113900.70413183984,-3.3125709462425017,W4
2015-08-04,110300.29706160376,113900.70413183984,-3.161005103242042,W4
2015-08-04,110347.76631237287,113900.70413183984,-3.1193291091110824,W4
2015-08-04,110426.89400029139,113900.70413183984,-3.0498583463781967,W4
2015-08-04,110459.17031469065,113900.70413183984,-3.021521107688343,W4
2015-08-05,109910.06604014277,113900.70413183984,-3.5036114325315415,W4
2015-08-05,109862.15921272835,113900.70413183984,-3.5456716004467204,W4
2015-08-05,109935.44202820031,113900.70413183984,-3.4813323884721075,W4
2015-08-07,109957.53247828965,113900.70413183984,-3.461937907763922,W4
2015-08-07,109937.50289371864,113900.70413183984,-3.479523035725749,W4
2015-08-10,110173.1626903589,113900.70413183984,-3.2726237031566656,W4
2015-08-10,110153.78691044122,113900.70413183984,-3.28963481829012,W4
2015-08-10,110083.74197103045,113900.70413183984,-3.351131312051646,W4
2015-08-12,109929.53927425668,113900.70413183984,-3.4865147567363133,W4
2015-08-12,109879.53704010393,113900.70413183984,-3.5304146031278454,W4
2015-08-12,109483.05743011666,113900.70413183984,-3.878506928815611,W4
2015-08-12,109676.7464932879,113900.70413183984,-3.708456124786309,W4
2015-08-13,109549.51475245482,113900.70413183984,-3.8201602110804553,W4
2015-08-13,109763.45350420343,113900.70413183984,-3.6323310370825763,W4
2015-08-14,110034.29100877493,113900.70413183984,-3.3945471650373134,W4
2015-08-14,109952.50267721449,113900.70413183984,-3.4663538603372577,W4
2015-08-14,109883.5065211062,113900.70413183984,-3.5269295667248373,W4
2015-08-14,108522.72792417809,113900.70413183984,-4.72163561116949,W4
2015-08-17,108392.15489269723,113900.70413183984,-4.836273209309113,W4
2015-08-17,108778.01357065223,113900.70413183984,-4.497505612658996,W4
2015-08-18,108314.95967076524,113900.70413183984,-4.904047348653011,W4
2015-08-18,108351.74569375096,113900.70413183984,-4.87175077659395,W4
2015-08-19,108337.82351771138,113900.70413183984,-4.883973858220784,W4
2015-08-21,107876.6897302604,113900.70413183984,-5.288829816720581,W4
2015-08-21,106749.59319685347,113900.70413183984,-6.278372894612638,W4
2015-08-24,106160.96635900141,113900.70413183984,-6.795162358153378,W4
2015-08-26,104890.82889509485,113900.70413183984,-7.910289322106455,W4
2015-10-28,104969.68270199235,113900.70413183984,-7.841059015324303,W4
2015-10-28,105122.96676477957,113900.70413183984,-7.706482092419775,W4
2015-11-02,105187.61516342335,113900.70413183984,-7.649723533167191,W4
2015-11-02,105346.84480568499,113900.70413183984,-7.509926642994039,W4
2015-11-04,105410.23039353538,113900.70413183984,-7.454276778198622,W4
2015-11-04,105596.08534294051,113900.70413183984,-7.291103994657268,W4
2015-11-09,105546.73362376471,113900.70413183984,-7.334432716417122,W4
2015-11-09,105746.30328719833,113900.70413183984,-7.1592189941186035,W4
2015-11-12,105485.98449113441,113900.70413183984,-7.3877678850566255,W4
2015-11-12,105218.76921131478,113900.70413183984,-7.622371596997099,W4
2015-11-12,105187.11219530112,113900.70413183984,-7.650165117901957,W4
2015-11-12,105031.83351104544,113900.70413183984,-7.7864932340793125,W4
2015-11-12,104883.55778411846,113900.70413183984,-7.916673049961179,W4
2015-11-13,104215.18674555603,113900.70413183984,-8.503474548386325,W4
2015-11-16,104393.03775708421,113900.70413183984,-8.347328883718335,W4
2015-11-16,104330.51883630526,113900.70413183984,-8.402217851486775,W4
2015-11-17,104032.93375790022,113900.70413183984,-8.663484961881974,W4
2015-11-17,104210.57025860377,113900.70413183984,-8.507527628643775,W4
2015-11-17,103900.22460528876,113900.70413183984,-8.779997984012057,W4
2015-11-18,103879.86575903988,113900.70413183984,-8.797872189798634,W4
2015-11-19,103935.97822336,113900.70413183984,-8.748607819795119,W4
2015-11-19,104022.51377058025,113900.70413183984,-8.672633269962587,W4
2015-11-19,104048.70294962349,113900.70413183984,-8.649640278617312,W4
2015-11-19,104151.51062476294,113900.70413183984,-8.559379488815297,W4
2015-11-20,104384.73112072295,113900.70413183984,-8.354621759056178,W4
2015-11-20,104469.39862882963,113900.70413183984,-8.280287268543567,W4
2015-11-23,104612.21322958794,113900.70413183984,-8.154902090421222,W4
2015-11-25,104532.47613251142,113900.70413183984,-8.224907888615608,W4
2015-11-25,104542.50381630634,113900.70413183984,-8.216104006434762,W4
2015-11-25,104541.01027235424,113900.70413183984,-8.217415274844813,W4
2015-11-25,104586.38302718468,113900.70413183984,-8.177579915462024,W4
2015-11-25,104600.84992419933,113900.70413183984,-8.164878591861866,W4
2015-11-27,104530.31516060434,113900.70413183984,-8.22680513053659,W4
2015-11-27,104540.40029952516,113900.70413183984,-8.217950805185666,W4
2015-12-07,104558.73210104064,113900.70413183984,-8.20185625892697,W4
2015-12-07,104459.5444878326,113900.70413183984,-8.288938787489077,W4
2015-12-08,104562.25193090587,113900.70413183984,-8.19876599720115,W4
2015-12-08,104649.28141399987,113900.70413183984,-8.122357792565944,W4
2015-12-08,104769.59857794848,113900.70413183984,-8.016724412275913,W4
2015-12-09,104684.95524279357,113900.70413183984,-8.091037679959431,W4
2015-12-09,104654.57076211905,113900.70413183984,-8.117713968667312,W4
2015-12-09,104596.49418430746,113900.70413183984,-8.168702747230407,W4
2015-12-09,104590.40751760146,113900.70413183984,-8.174046583120093,W4
2015-12-10,104223.45456284599,113900.70413183984,-8.49621575455096,W4
2015-12-10,103899.31460223313,113900.70413183984,-8.78079692819995,W4
2015-12-11,103743.93683437572,113900.70413183984,-8.91721203558819,W4
2015-12-11,103575.1913852192,113900.70413183984,-9.06536340167738,W4
2015-12-14,103508.79260318716,113900.70413183984,-9.12365872350013,W4
2015-12-14,103526.60925502962,113900.70413183984,-9.108016456862487,W4
2015-12-14,103782.28720208256,113900.70413183984,-8.8835420350389,W4
2015-12-14,103823.49006098835,113900.70413183984,-8.847367667883017,W4
2015-12-14,103586.82126523544,113900.70413183984,-9.055152858990319,W4
2015-12-14,103238.71660805371,113900.70413183984,-9.36077402247215,W4
2015-12-14,103179.9678402753,113900.70413183984,-9.412352955391132,W4
2015-12-14,103141.76047114424,113900.70413183984,-9.44589740924002,W4
2015-12-14,103055.10321319653,113900.70413183984,-9.521978815942653,W4
2015-12-14,103037.81320282246,113900.70413183984,-9.537158713649042,W4
2015-12-14,102977.33460116018,113900.70413183984,-9.590256367542626,W4
2015-12-16,102860.98521395,113900.70413183984,-9.692406207701216,W4
2015-12-16,102733.37406026864,113900.70413183984,-9.804443402426234,W4
2015-12-16,102849.47458095716,113900.70413183984,-9.702512056546114,W4
2015-12-16,102925.28750772166,113900.70413183984,-9.635951513885425,W4
2015-12-16,102998.01464209493,113900.70413183984,-9.57210016640904,W4
2015-12-16,103067.21496702889,113900.70413183984,-9.51134520842927,W4
2015-12-16,103187.00672241814,113900.70413183984,-9.406173114628524,W4
2015-12-17,103033.98076219657,113900.70413183984,-9.540523434398663,W4
2015-12-17,102823.00336662433,113900.70413183984,-9.725752662944997,W4
2015-12-21,102734.4920807371,113900.70413183984,-9.803461827749437,W4
2015-12-21,102672.75134523168,113900.70413183984,-9.85766758176651,W4
2015-12-21,102735.3145324351,113900.70413183984,-9.802739749949938,W4
2015-12-21,102726.5811563668,113900.70413183984,-9.810407284698625,W4
2015-12-21,102621.39814975538,113900.70413183984,-9.902753515051751,W4
2015-12-21,102607.64639024691,113900.70413183984,-9.914826978173231,W4
2015-12-21,102569.48455768457,113900.70413183984,-9.948331452841071,W4
2015-12-21,102605.20957276385,113900.70413183984,-9.916966400841101,W4
2016-01-06,102422.25359187419,113900.70413183984,-10.077594012658047,W4
2016-03-21,102486.17333202068,113900.70413183984,-10.02147518474237,W4
2016-03-23,102549.08407534816,113900.70413183984,-9.966242213351203,W4
2016-03-28,102632.13321094781,113900.70413183984,-9.893328585439368,W4
2016-03-28,102731.25628535863,113900.70413183984,-9.80630271921111,W4
2016-03-28,102734.00815070384,113900.70413183984,-9.803886697847426,W4
2016-03-28,102740.26519021545,113900.70413183984,-9.79839328184153,W4
2016-03-29,102859.59131816088,113900.70413183984,-9.693629989239485,W4
2016-03-29,102928.10195360285,113900.70413183984,-9.633480549458437,W4
2016-03-29,103012.47320381853,113900.70413183984,-9.559406160841817,W4
2016-03-29,103101.2668503687,113900.70413183984,-9.481449095319737,W4
2016-03-29,103163.90681353032,113900.70413183984,-9.426453857459647,W4
2016-03-29,103248.37100887598,113900.70413183984,-9.352297866950675,W4
2016-03-29,103318.83289263645,113900.70413183984,-9.290435313687698,W4
2016-03-30,103404.95248279274,113900.70413183984,-9.214825956561507,W4
2016-04-01,103479.13177686186,113900.70413183984,-9.149699674301424,W4
2016-04-05,103451.57811099329,113900.70413183984,-9.17389062735882,W4
2016-04-05,103246.38960492746,113900.70413183984,-9.354037455800125,W4
2016-04-05,103208.07454031243,113900.70413183984,-9.387676461728201,W4
2016-04-12,103249.57585580576,113900.70413183984,-9.35124006231377,W4
2016-04-12,103352.50299820719,113900.70413183984,-9.260874385309446,W4
2016-04-13,103385.48681230273,113900.70413183984,-9.231915991814915,W4
2016-04-13,103492.43935427413,113900.70413183984,-9.138016184270612,W4
2016-04-13,103594.54459580877,113900.70413183984,-9.048372101459282,W4
2016-04-13,103726.95636980225,113900.70413183984,-8.932120165176059,W4
2016-04-13,103832.241915858,113900.70413183984,-8.839683909528437,W4
2016-04-13,103864.13980603246,113900.70413183984,-8.811678911299865,W4
2016-04-13,103999.95406022,113900.70413183984,-8.692439741337983,W4
2016-04-13,104544.66335476883,113900.70413183984,-8.214208023017502,W4
2016-04-14,104419.6403761327,113900.70413183984,-8.323972909537797,W4
2016-04-14,104302.01586715905,113900.70413183984,-8.427242252664506,W4
2016-04-14,104298.725576493,113900.70413183984,-8.430130988683413,W4
2016-04-14,104378.18503079814,113900.70413183984,-8.36036894909746,W4
2016-04-14,104445.93993488484,113900.70413183984,-8.300883009477387,W4
2016-04-15,104527.8059842684,113900.70413183984,-8.229008081216362,W4
2016-04-15,104611.59518352506,113900.70413183984,-8.155444708719847,W4
2016-04-15,104633.97537600328,113900.70413183984,-8.13579584645091,W4
2016-04-15,104712.51319772466,113900.70413183984,-8.066842961286582,W4
2016-04-18,104776.43100273408,113900.70413183984,-8.010725832339393,W4
2016-04-18,104818.2833518835,113900.70413183984,-7.9739812402243455,W4
2016-04-18,104824.63309290986,113900.70413183984,-7.96840643620995,W4
2016-04-18,104813.49796092854,113900.70413183984,-7.978182611051185,W4
2016-04-18,104852.1905648462,113900.70413183984,-7.944212141586066,W4
2016-04-18,104820.80819938064,113900.70413183984,-7.971764530927955,W4
2016-04-18,104826.84025956945,113900.70413183984,-7.9664686372504,W4
2016-04-18,104867.53262588341,113900.70413183984,-7.930742460995282,W4
2016-04-18,104919.11458536053,113900.70413183984,-7.885455682594501,W4
2016-04-18,104910.91161779936,113900.70413183984,-7.892657541111261,W4
2016-04-18,104955.08897730011,113900.70413183984,-7.853871688260328,W4
2016-04-18,105009.9408794108,113900.70413183984,-7.805714038552384,W4
2016-04-18,105188.19978471287,113900.70413183984,-7.649210260405649,W4
2016-04-19,105207.83693905875,113900.70413183984,-7.631969669580899,W4
2016-04-19,105264.39026097182,113900.70413183984,-7.582318245259927,W4
2016-04-21,105230.3576403345,113900.70413183984,-7.612197446531519,W4
2016-04-22,105387.27840153372,113900.70413183984,-7.474427656260881,W4
2016-04-22,105459.12621062156,113900.70413183984,-7.41134831918789,W4
2016-04-25,105432.23106506545,113900.70413183984,-7.434961119267661,W4
2016-04-27,105676.7911396312,113900.70413183984,-7.220247719179576,W4
2016-04-27,105753.43644192634,113900.70413183984,-7.15295638601413,W4
2016-04-27,105832.61418642667,113900.70413183984,-7.083441675719909,W4
2016-04-27,105915.44291694803,113900.70413183984,-7.010721554143237,W4
2016-04-27,106026.43464418646,113900.70413183984,-6.913275512800103,W4
2016-04-28,105891.09558201913,113900.70413183984,-7.032097484269811,W4
2016-04-28,105787.41772776165,113900.70413183984,-7.1231222545271295,W4
2016-04-28,105615.49955813918,113900.70413183984,-7.274059134972992,W4
2016-04-28,105988.04860324557,113900.70413183984,-6.946976832939848,W4
2016-04-28,106084.62391331213,113900.70413183984,-6.862187796030319,W4
2016-04-29,106174.72500201775,113900.70413183984,-6.783082851603172,W4
2016-05-02,106240.38336985365,113900.70413183984,-6.725437582123625,W4
2016-05-02,106262.45145793456,113900.70413183984,-6.706062734312882,W4
2016-05-03,106002.1345564807,113900.70413183984,-6.934609961863418,W4
2016-05-03,106025.01322660038,113900.70413183984,-6.914523457311875,W4
2016-05-03,105982.40241106109,113900.70413183984,-6.951933950832586,W4
2016-05-03,105996.87735470897,113900.70413183984,-6.939225562628841,W4
2016-05-03,105934.11266731456,113900.70413183984,-6.994330303089227,W4
2016-05-04,105752.33496046916,113900.70413183984,-7.153923440138666,W4
2016-05-04,105631.03017133437,113900.70413183984,-7.260423913563646,W4
2016-05-04,105609.82112107323,113900.70413183984,-7.27904456250765,W4
2016-05-04,105689.17511847173,113900.70413183984,-7.209375109624681,W4
2016-05-04,105774.17264580351,113900.70413183984,-7.134750876192903,W4
2016-05-05,105679.16283910656,113900.70413183984,-7.218165467367841,W4
2016-05-05,105558.16029520603,113900.70413183984,-7.324400582262712,W4
2016-05-05,105488.04515802133,113900.70413183984,-7.385958706700248,W4
2016-05-05,105634.56322177412,113900.70413183984,-7.2573220447326445,W4
2016-05-06,105876.70453226828,113900.70413183984,-7.044732217180847,W4
2016-05-06,105996.41264941824,113900.70413183984,-6.939633554216133,W4
2016-05-06,106197.39080444495,113900.70413183984,-6.763183235880896,W4
2016-05-06,106356.57518672824,113900.70413183984,-6.623426082054144,W4
2016-05-06,106092.30633419998,113900.70413183984,-6.855442955472562,W4
2016-05-09,106278.2274116811,113900.70413183984,-6.692212114277833,W4
2016-05-09,106447.09734541576,113900.70413183984,-6.5439514559949865,W4
2016-05-10,106646.65259187586,113900.70413183984,-6.3687503911893595,W4
2016-05-10,106758.38603062437,113900.70413183984,-6.270653158516253,W4
2016-05-10,106910.3401326959,113900.70413183984,-6.137243884860104,W4
2016-05-10,107115.70249973534,113900.70413183984,-5.956944413838628,W4
2016-05-10,107210.65776061037,113900.70413183984,-5.873577711587944,W4
2016-05-10,107326.93141601006,113900.70413183984,-5.771494360755355,W4
2016-05-11,107306.13867706085,113900.70413183984,-5.789749505978289,W4
2016-05-11,107096.12414666163,113900.70413183984,-5.974133379633825,W4
2016-05-11,107194.00222267373,113900.70413183984,-5.8882005693337165,W4
2016-05-11,107315.96752797496,113900.70413183984,-5.781120190655764,W4
2016-05-12,107205.6051089862,113900.70413183984,-5.878013725976685,W4
2016-05-12,107151.53714182267,113900.70413183984,-5.925483113963037,W4
2016-05-12,107073.62683546745,113900.70413183984,-5.993885067181023,W4
2016-05-12,106970.1141480932,113900.70413183984,-6.084764827901765,W4
2016-05-12,106750.51968897549,113900.70413183984,-6.277559473721977,W4
2016-05-13,106699.06124744422,113900.70413183984,-6.322737808591364,W4
2016-05-13,106641.43650928198,113900.70413183984,-6.373329891056049,W4
2016-05-13,106542.95772346426,113900.70413183984,-6.45979009915426,W4
2016-05-13,106008.42687515575,113900.70413183984,-6.929085572244392,W4
2016-05-16,106272.44585338923,113900.70413183984,-6.697288077886608,W4
2016-05-16,106461.99549830357,113900.70413183984,-6.530871507981178,W4
2016-05-17,106370.17512850756,113900.70413183984,-6.611485908476658,W4
2016-05-17,106390.19054562273,113900.70413183984,-6.593913218941746,W4
2016-05-17,106137.6386438953,113900.70413183984,-6.8156431052075,W4
2016-05-17,105712.21533362698,113900.70413183984,-7.1891467753655816,W4
2016-05-18,105496.07077794435,113900.70413183984,-7.378912551907622,W4
2016-05-20,105655.4533033477,113900.70413183984,-7.2389814368033,W4
2016-05-20,105815.16964980144,113900.70413183984,-7.09875724093805,W4
2016-05-20,106056.868837255,113900.70413183984,-6.886555578713212,W4
2016-05-20,106200.2676190434,113900.70413183984,-6.760657514358473,W4
2016-05-23,106320.81893763329,113900.70413183984,-6.654818556198608,W4
2016-05-23,106483.40739157496,113900.70413183984,-6.512072771454839,W4
2016-05-24,106643.05665789585,113900.70413183984,-6.371907469108597,W4
2016-05-24,106811.2733338072,113900.70413183984,-6.22422034356051,W4
2016-05-24,106873.87862251462,113900.70413183984,-6.169255548404412,W4
2016-05-24,107303.6802065489,113900.70413183984,-5.7919079390895565,W4
2016-05-24,107230.0323149329,113900.70413183984,-5.856567672475181,W4
2016-05-24,107617.02231708681,113900.70413183984,-5.516806821035697,W4
2016-05-25,107545.53736480049,113900.70413183984,-5.57956758518653,W4
2016-05-25,107652.61335707305,113900.70413183984,-5.485559393500011,W4
2016-05-25,107908.64707050349,113900.70413183984,-5.260772623846608,W4
2016-05-25,108128.38913088408,113900.70413183984,-5.06784839036141,W4
2016-05-25,108275.74597914783,113900.70413183984,-4.938475311075453,W4
2016-05-26,108355.6688852123,113900.70413183984,-4.868306380449737,W4
2016-05-26,108216.16357959034,113900.70413183984,-4.990786137432175,W4
2016-05-26,108329.37585872036,113900.70413183984,-4.891390545462016,W4
2016-05-27,108437.9456575364,113900.70413183984,-4.796070854821324,W4
2016-05-31,108321.10327781118,113900.70413183984,-4.898653521553545,W4
2016-05-31,108152.19951281123,113900.70413183984,-5.046943882256185,W4
2016-05-31,108294.59239284345,113900.70413183984,-4.921928957091721,W4
2016-06-07,108847.2028758081,113900.70413183984,-4.436760329578229,W4
2016-06-08,109063.06576385366,113900.70413183984,-4.247241845306434,W4
2016-06-08,109248.47838111843,113900.70413183984,-4.08445741067278,W4
2016-06-09,109427.6036555948,113900.70413183984,-3.9271929970401604,W4
2016-06-10,109323.94316900204,113900.70413183984,-4.0182025192225375,W4
2016-06-10,109251.3730489726,113900.70413183984,-4.081916014747064,W4
2016-06-13,109419.58103054659,113900.70413183984,-3.9342365224593903,W4
2016-06-14,109397.0668476238,113900.70413183984,-3.9540030226705913,W4
2016-06-14,109264.66051713978,113900.70413183984,-4.070250179782776,W4
2016-06-14,109023.03557126306,113900.70413183984,-4.282386661043723,W4
2016-06-14,108835.94433031061,113900.70413183984,-4.446644856266017,W4
2016-06-14,108807.2354764137,113900.70413183984,-4.471850015545526,W4
2016-06-14,108325.34047693726,113900.70413183984,-4.894933439962856,W4
2016-06-15,108104.08688511231,113900.70413183984,-5.089184734115391,W4
2016-06-15,107736.2413926863,113900.70413183984,-5.412137515864866,W4
2016-06-15,107299.75049006437,113900.70413183984,-5.795358063928104,W4
2016-06-16,107172.19112393763,113900.70413183984,-5.907349791370882,W4
2016-06-17,107058.50071178062,113900.70413183984,-6.007165163912753,W4
2016-06-17,107241.57807184337,113900.70413183984,-5.846430986316422,W4
2016-06-20,107367.31346111753,113900.70413183984,-5.736040633392327,W4
2016-06-20,107271.51358951486,113900.70413183984,-5.820148868133168,W4
2016-06-20,107267.36475238593,113900.70413183984,-5.823791371628254,W4
2016-06-20,106732.06641472579,113900.70413183984,-6.2937606679027756,W4
2016-06-21,106531.37561235031,113900.70413183984,-6.469958702765828,W4
2016-06-21,106350.96679955225,113900.70413183984,-6.628350008748662,W4
2016-06-21,106327.73370625083,113900.70413183984,-6.648747681860959,W4
2016-06-21,106186.01403660074,113900.70413183984,-6.7731715567880615,W4
2016-06-21,106170.50370347174,113900.70413183984,-6.78678897315719,W4
2016-06-21,105836.42498538911,113900.70413183984,-7.0800959554353105,W4
2016-06-27,105990.53532288267,113900.70413183984,-6.944793598291687,W4
2016-06-29,106042.86191675549,113900.70413183984,-6.898853062391009,W4
2016-07-01,106092.27539349366,113900.70413183984,-6.855470120103855,W4
2016-07-06,106367.22796090358,113900.70413183984,-6.614073396961867,W4
2016-07-11,106467.86308553655,113900.70413183984,-6.525720014601309,W4
2016-07-11,106592.54701100441,113900.70413183984,-6.416252802420125,W4
2016-07-19,106692.87595317753,113900.70413183984,-6.3281682353071895,W4
2016-07-22,106774.81641436492,113900.70413183984,-6.256227976630171,W4
2016-07-22,106860.38650050331,113900.70413183984,-6.181101060786571,W4
2016-07-25,106770.20222046963,113900.70413183984,-6.260279043680601,W4
2016-07-26,106738.73760558535,113900.70413183984,-6.287903644532808,W4
2016-07-26,106757.46523846188,113900.70413183984,-6.271461575083569,W4
2016-07-27,106736.63750149499,113900.70413183984,-6.289747447085542,W4
2016-07-27,106743.37493203479,113900.70413183984,-6.283832268078396,W4
2016-07-27,106566.57326498746,113900.70413183984,-6.43905665268157,W4
2016-07-28,106613.92063529881,113900.70413183984,-6.397487664436728,W4
2016-07-28,106657.7923036288,113900.70413183984,-6.35897019550238,W4
2016-07-28,106672.21881459866,113900.70413183984,-6.346304329141131,W4
2016-07-28,106609.10646138008,113900.70413183984,-6.401714305488179,W4
2016-07-29,106555.05066502362,113900.70413183984,-6.449173008020777,W4
2016-07-29,106579.59443110427,113900.70413183984,-6.427624619652396,W4
2016-07-29,106656.80365401602,113900.70413183984,-6.359838188040537,W4
2016-08-01,106681.06613516354,113900.70413183984,-6.338536755944537,W4
2016-08-01,106750.57490983265,113900.70413183984,-6.277510992145344,W4
2016-08-01,106814.62927083619,113900.70413183984,-6.221273972811912,W4
2016-08-01,106839.37749251872,113900.70413183984,-6.199546081073961,W4
2016-08-01,106692.54994731878,113900.70413183984,-6.328454454660469,W4
2016-08-01,106767.11785255597,113900.70413183984,-6.262986988233858,W4
2016-08-01,106698.32062035616,113900.70413183984,-6.323388047844674,W4
2016-08-01,106694.32569134342,113900.70413183984,-6.326895426524366,W4
2016-08-02,106638.37535380432,113900.70413183984,-6.376017456072428,W4
2016-08-03,106581.75980355956,113900.70413183984,-6.425723514236241,W4
2016-08-03,106397.8291239119,113900.70413183984,-6.587206870331003,W4
2016-08-03,106419.14130460788,113900.70413183984,-6.568495677227829,W4
2016-08-04,106361.00035909,113900.70413183984,-6.619540967914165,W4
2016-08-04,106372.8769192234,113900.70413183984,-6.609113850519302,W4
2016-08-05,106437.11081863135,113900.70413183984,-6.552719204061633,W4
2016-08-05,106737.50789569339,113900.70413183984,-6.2889832777987635,W4
2016-08-05,107101.84016990327,113900.70413183984,-5.969114953026892,W4
2016-08-05,107586.72189234827,113900.70413183984,-5.5434093121875225,W4
2016-08-08,107567.64324943107,113900.70413183984,-5.560159553604044,W4
2016-08-08,107725.68516057757,113900.70413183984,-5.421405441106575,W4
2016-08-08,107722.70917400203,113900.70413183984,-5.424018231429717,W4
2016-08-08,107626.67544130588,113900.70413183984,-5.50833178631783,W4
2016-08-08,107588.00707538877,113900.70413183984,-5.54228097584378,W4
2016-08-08,107610.97954724442,113900.70413183984,-5.5221121173360554,W4
2016-08-08,107612.7195712464,113900.70413183984,-5.520584449868816,W4
2016-08-08,107528.15567310262,113900.70413183984,-5.594827975216911,W4
2016-08-08,107520.45558483122,113900.70413183984,-5.6015883269900595,W4
2016-08-08,107498.44850393318,113900.70413183984,-5.620909613074968,W4
2016-08-08,107432.82729511736,113900.70413183984,-5.678522258506786,W4
2016-08-08,107286.9188113918,113900.70413183984,-5.806623734996924,W4
2016-08-08,107262.10076320068,113900.70413183984,-5.828412931455621,W4
2016-08-09,107431.44734778683,113900.70413183984,-5.679733793888454,W4
2016-08-09,107421.24095903814,113900.70413183984,-5.68869457145913,W4
2016-08-09,107302.00590084842,113900.70413183984,-5.793377908668094,W4
2016-08-09,107350.14154515612,113900.70413183984,-5.751116849200035,W4
2016-08-09,107356.36188800854,113900.70413183984,-5.745655651308561,W4
2016-08-09,107314.71433473183,113900.70413183984,-5.782220441310649,W4
2016-08-09,107521.56813566093,113900.70413183984,-5.6006115544247,W4
2016-08-10,107414.9149012199,113900.70413183984,-5.694248582618636,W4
2016-08-10,107533.80272975385,113900.70413183984,-5.589870098358931,W4
2016-08-11,107734.93966896964,113900.70413183984,-5.413280374222565,W4
2016-08-11,107907.4072105917,113900.70413183984,-5.261861168400602,W4
2016-08-12,107583.54108750018,113900.70413183984,-5.546201924289734,W4
2016-08-15,107518.15545502027,113900.70413183984,-5.603607743663974,W4
2016-08-15,107702.05284705677,113900.70413183984,-5.442153612683683,W4
2016-08-15,108120.1313184024,113900.70413183984,-5.075098400398328,W4
2016-08-16,107820.76833274662,113900.70413183984,-5.3379264381506415,W4
2016-08-16,107494.39590717867,113900.70413183984,-5.624467621592475,W4
2016-08-16,107517.44064213199,113900.70413183984,-5.604235319141872,W4
2016-08-16,107164.57356710348,113900.70413183984,-5.914037684033371,W4
2016-08-17,107388.21036749128,113900.70413183984,-5.717694033577143,W4
2016-08-17,107199.26500360286,113900.70413183984,-5.883580070304108,W4
2016-08-17,107239.97641204538,113900.70413183984,-5.847837175865642,W4
2016-08-17,106983.36944872276,113900.70413183984,-6.073127234674755,W4
2016-08-17,106835.70531750208,113900.70413183984,-6.20277009539821,W4
2016-08-17,106771.61209328451,113900.70413183984,-6.259041234989578,W4
2016-08-17,106185.02552676482,113900.70413183984,-6.774039426608057,W4
2016-08-18,106016.43845911721,113900.70413183984,-6.922051740432268,W4
2016-08-18,106042.33298064028,113900.70413183984,-6.899317445925106,W4
2016-08-19,105916.84847373178,113900.70413183984,-7.009487534744971,W4
2016-08-19,106114.15568874199,113900.70413183984,-6.83626014645611,W4
2016-08-19,106499.98955438667,113900.70413183984,-6.4975143339648325,W4
2016-08-19,106705.86228052447,113900.70413183984,-6.316766789244216,W4
2016-08-22,106779.5784576195,113900.70413183984,-6.25204710409661,W4
2016-08-22,106776.29902257687,113900.70413183984,-6.25492630933737,W4
2016-08-22,106778.08089376891,113900.70413183984,-6.253361901807477,W4
2016-08-22,106255.66035281074,113900.70413183984,-6.712025037334255,W4
2016-08-23,106419.98115243342,113900.70413183984,-6.567758326364248,W4
2016-08-23,107964.13051409424,113900.70413183984,-5.212060507434639,W4
2016-08-24,107836.08833728351,113900.70413183984,-5.324476122234109,W4
2016-08-24,107739.48932760941,113900.70413183984,-5.409285966396519,W4
2016-08-24,107593.65226862048,113900.70413183984,-5.537324734989308,W4
2016-08-24,107754.77440874012,113900.70413183984,-5.395866311753276,W4
2016-08-25,107793.6916129892,113900.70413183984,-5.361698652698213,W4
2016-08-25,107958.80541420694,113900.70413183984,-5.216735719873303,W4
2016-08-25,107157.64240855235,113900.70413183984,-5.920122948039384,W4
2016-08-25,107007.46208615735,113900.70413183984,-6.051974918173971,W4
2016-08-25,106992.17874276594,113900.70413183984,-6.06539304715561,W4
2016-08-26,107049.09895350887,113900.70413183984,-6.0154195099621575,W4
2016-08-26,106927.39013095142,113900.70413183984,-6.12227470764081,W4
2016-08-26,106797.41430055033,113900.70413183984,-6.236387988495197,W4
2016-08-26,106793.6477022459,113900.70413183984,-6.239694902471838,W4
2016-08-26,106662.07303043196,113900.70413183984,-6.355211898452516,W4
2016-08-26,106451.98501141471,113900.70413183984,-6.539660292005965,W4
2016-08-26,106244.78380059137,113900.70413183984,-6.721574190082936,W4
2016-08-26,106405.15261177186,113900.70413183984,-6.580777157788151,W4
2016-08-29,106487.50663893146,113900.70413183984,-6.5084738056822005,W4
2016-08-29,106561.56935198604,113900.70413183984,-6.443449876621281,W4
2016-08-29,106749.53431087491,113900.70413183984,-6.278424594010821,W4
2016-08-29,107279.79178114918,113900.70413183984,-5.812880966062306,W4
2016-08-29,107479.7055224239,113900.70413183984,-5.6373651579744815,W4
2016-08-29,107671.2475494753,113900.70413183984,-5.469199360834464,W4
2016-08-30,107941.10765744727,113900.70413183984,-5.232273601657766,W4
2016-08-30,107321.4183521241,113900.70413183984,-5.776334597633587,W4
2016-09-01,107330.32214210433,113900.70413183984,-5.768517446679091,W4
2016-09-01,107093.08647958601,113900.70413183984,-5.976800322826825,W4
2016-09-01,107155.2367092952,113900.70413183984,-5.9222350502212615,W4
2016-09-01,107677.63108213434,113900.70413183984,-5.463594889196041,W4
2016-09-02,107512.26228315292,113900.70413183984,-5.608781699270547,W4
2016-09-02,107830.89034255681,113900.70413183984,-5.329039741718567,W4
2016-09-02,108116.74771769076,113900.70413183984,-5.078069058690073,W4
2016-09-06,108147.43816493145,113900.70413183984,-5.0511241442800925,W4
2016-09-06,108072.88897049495,113900.70413183984,-5.116575183415198,W4
2016-09-06,107637.37287684529,113900.70413183984,-5.498939890437167,W4
2016-09-06,107654.28532050554,113900.70413183984,-5.484091480333677,W4
2016-09-06,107707.86634551077,113900.70413183984,-5.437049606963684,W4
2016-09-06,107784.55080789152,113900.70413183984,-5.369723892899635,W4
2016-09-06,107898.65190941624,113900.70413183984,-5.269547952465896,W4
2016-09-06,108214.40898969136,113900.70413183984,-4.992326593140812,W4
2016-09-07,108041.67812504017,113900.70413183984,-5.143976985443269,W4
2016-09-07,107855.15218677121,113900.70413183984,-5.307738868822893,W4
2016-09-07,107656.88317337772,113900.70413183984,-5.481810675406283,W4
2016-09-07,107703.68474742162,113900.70413183984,-5.4407208731959935,W4
2016-09-07,107739.57488524714,113900.70413183984,-5.4092108504098455,W4
2016-09-07,107712.84345811568,113900.70413183984,-5.432679912638404,W4
2016-09-08,107908.9080556545,113900.70413183984,-5.260543489924219,W4
2016-09-09,107646.59792436472,113900.70413183984,-5.49084068895308,W4
2016-09-09,107635.74562488635,113900.70413183984,-5.500368548821101,W4
2016-09-09,107591.2540272097,113900.70413183984,-5.539430289497568,W4
2016-09-12,107572.06149686423,113900.70413183984,-5.556280519258438,W4
2016-09-12,107540.9204004877,113900.70413183984,-5.5836210845463325,W4
2016-09-14,107127.12155569377,113900.70413183984,-5.946918965756054,W4
2016-09-14,106847.28335232296,113900.70413183984,-6.192605070599525,W4
2016-09-14,107032.68031326227,113900.70413183984,-6.029834381557328,W4
2016-09-14,107247.61563775454,113900.70413183984,-5.841130258847533,W4
2016-09-14,107355.52573298619,113900.70413183984,-5.746389760047152,W4
2016-09-15,107836.91663649425,113900.70413183984,-5.323748910565793,W4
2016-09-15,108098.07266438541,113900.70413183984,-5.0944649655000305,W4
2016-09-15,108321.2097065678,113900.70413183984,-4.89856008160739,W4
2016-09-15,108387.02245218062,113900.70413183984,-4.840779274970189,W4
2016-09-15,108235.67056960127,113900.70413183984,-4.973659825387304,W4
2016-09-15,108181.91799979024,113900.70413183984,-5.020852307840097,W4
2016-09-15,107860.08674271044,113900.70413183984,-5.303406537449847,W4
2016-09-16,107572.94989712269,113900.70413183984,-5.555500541412625,W4
2016-09-19,107310.77698500657,113900.70413183984,-5.78567726781166,W4
2016-09-19,107012.41111398344,113900.70413183984,-6.0476298810964435,W4
2016-09-19,106611.61149111517,113900.70413183984,-6.3995149953485475,W4
2016-09-20,106763.55846059752,113900.70413183984,-6.266111983803974,W4
2016-09-20,106749.01899092126,113900.70413183984,-6.278877023131056,W4
2016-09-20,106567.30208145776,113900.70413183984,-6.438416782651037,W4
2016-09-20,106528.72835218949,113900.70413183984,-6.472282885202629,W4
2016-09-20,106480.38579860871,113900.70413183984,-6.514725602259778,W4
2016-09-20,106463.64991053799,113900.70413183984,-6.529419004024306,W4
2016-09-20,106344.62556418491,113900.70413183984,-6.6339173451542335,W4
2016-09-20,106403.10186648175,113900.70413183984,-6.582577625402235,W4
2016-09-20,106389.6052363463,113900.70413183984,-6.594427095726699,W4
2016-09-20,106415.9709634057,113900.70413183984,-6.57127910269156,W4
2016-09-20,106492.0772691107,113900.70413183984,-6.504460985731635,W4
2016-09-20,106513.50495881717,113900.70413183984,-6.485648380603516,W4
2016-09-20,106599.95211243111,113900.70413183984,-6.409751436618091,W4
2016-09-21,106574.97676350149,113900.70413183984,-6.431678736471056,W4
2016-09-26,106920.27995653907,113900.70413183984,-6.12851714000024,W4
2016-09-29,107098.40718824834,113900.70413183984,-5.972128965697925,W4
2016-09-30,106775.82598343195,113900.70413183984,-6.2553416176961125,W4
2016-09-30,106303.55165044297,113900.70413183984,-6.669978503910901,W4
2016-10-03,106488.4183705045,113900.70413183984,-6.507673343929142,W4
2016-10-03,105726.9407116955,113900.70413183984,-7.176218516334393,W4
2016-10-03,105933.45662835147,113900.70413183984,-6.994906277547059,W4
2016-10-03,106342.84204478898,113900.70413183984,-6.635483199737421,W4
2016-10-04,106531.41815264402,113900.70413183984,-6.469921354187489,W4
2016-10-04,106255.90656269461,113900.70413183984,-6.7118088754713865,W4
2016-10-05,106360.83854698109,113900.70413183984,-6.619683032100814,W4
2016-10-05,106613.58952938039,113900.70413183984,-6.397778361426658,W4
2016-10-06,106467.985618836,113900.70413183984,-6.525612435547795,W4
2016-10-07,106329.97477479494,113900.70413183984,-6.646780118480912,W4
2016-10-07,105764.22940181565,113900.70413183984,-7.143480623795121,W4
2016-10-07,105532.09803823169,113900.70413183984,-7.347282141400552,W4
2016-10-07,105201.85273332895,113900.70413183984,-7.637223549067778,W4
2016-10-07,104679.23470863844,113900.70413183984,-8.096060066957591,W4
2016-10-07,104760.0782696859,113900.70413183984,-8.025082840202364,W4
2016-10-10,104664.37638285305,113900.70413183984,-8.109105048460243,W4
2016-10-10,104732.2592004675,113900.70413183984,-8.049506806173813,W4
2016-10-11,104294.72583032596,113900.70413183984,-8.433642596620809,W4
2016-10-11,103679.70008507358,113900.70413183984,-8.973609184132409,W4
2016-10-11,103262.61427697375,113900.70413183984,-9.339792880079585,W4
2016-10-11,102838.58356660261,113900.70413183984,-9.712073906437704,W4
2016-10-11,102509.68265666493,113900.70413183984,-10.00083499219621,W4
2016-10-11,102044.76860951625,113900.70413183984,-10.409009858798036,W4
2016-10-11,101702.35455204002,113900.70413183984,-10.709634916462196,W4
2016-10-11,101061.91275447783,113900.70413183984,-11.271915722751928,W4
2016-10-11,100766.71484739993,113900.70413183984,-11.531086997704024,W4
2016-10-11,100681.5355242839,113900.70413183984,-11.605870840144043,W4
2016-10-12,100568.05003941814,113900.70413183984,-11.705506295193027,W4
2016-10-12,100600.81096101864,113900.70413183984,-11.676743591880347,W4
2016-10-12,100622.75125168501,113900.70413183984,-11.65748094479348,W4
2016-10-13,100724.81024166607,113900.70413183984,-11.567877468889657,W4
2016-10-13,100755.38147324637,113900.70413183984,-11.541037220786441,W4
2016-10-13,100689.1720965575,113900.70413183984,-11.59916625273012,W4
2016-10-13,100634.84048425741,113900.70413183984,-11.646867109993648,W4
2016-10-13,100583.38239498132,113900.70413183984,-11.692045135597883,W4
2016-10-13,100588.2769059785,113900.70413183984,-11.687747961989968,W4
2016-10-13,100543.16576559683,113900.70413183984,-11.727353634953552,W4
2016-10-13,100527.01327630754,113900.70413183984,-11.741534837266924,W4
2016-10-13,100451.50103274512,113900.70413183984,-11.807831392795691,W4
2016-10-13,100470.03952498958,113900.70413183984,-11.791555380820379,W4
2016-10-13,100491.60431803307,113900.70413183984,-11.772622404762098,W4
2016-10-14,100561.87877090788,113900.70413183984,-11.710924407888033,W4
2016-10-14,100649.76601358512,113900.70413183984,-11.633763126623684,W4
2016-10-14,100603.43992104974,113900.70413183984,-11.674435476183314,W4
2016-10-14,100617.95090143563,113900.70413183984,-11.661695449248013,W4
2016-10-14,100679.86024188725,113900.70413183984,-11.607341667220506,W4
2016-10-18,100545.71956405588,113900.70413183984,-11.725111507937294,W4
2016-10-18,100587.48879353938,113900.70413183984,-11.688439891372788,W4
2016-10-18,100633.77996114029,113900.70413183984,-11.64779820442823,W4
2016-10-18,100676.45332210067,113900.70413183984,-11.610332798673593,W4
2016-10-18,100286.71728616278,113900.70413183984,-11.952504551612693,W4
2016-10-18,100212.18709557946,113900.70413183984,-12.017938906168615,W4
2016-10-19,100276.62140660064,113900.70413183984,-11.96136830679234,W4
2016-10-19,100341.02322639759,113900.70413183984,-11.90482623333649,W4
2016-10-19,100359.98383173133,113900.70413183984,-11.888179623925026,W4
2016-10-19,100440.91939475584,113900.70413183984,-11.817121623325813,W4
2016-10-19,100504.01547980116,113900.70413183984,-11.761725929746698,W4
2016-10-19,100529.6260447883,113900.70413183984,-11.739240937066157,W4
2016-10-19,100586.39581235524,113900.70413183984,-11.689399482617167,W4
2016-10-20,100716.00153683817,113900.70413183984,-11.575611139102707,W4
2016-10-20,100676.08055225805,113900.70413183984,-11.610660074826505,W4
2016-10-20,100506.38664582327,113900.70413183984,-11.759644146284362,W4
2016-10-20,100306.38622315845,113900.70413183984,-11.935236056965893,W4
2016-10-20,100275.24157039811,113900.70413183984,-11.962579744608327,W4
2016-10-20,100333.94144110581,113900.70413183984,-11.911043741248983,W4
2016-10-20,100329.48010490235,113900.70413183984,-11.914960605712169,W4
2016-10-20,100251.39695281377,113900.70413183984,-11.983514310172328,W4
2016-10-20,100058.2953696575,113900.70413183984,-12.153049331600076,W4
2016-10-20,99984.62181824182,113900.70413183984,-12.217731593204357,W4
2016-10-21,99874.5509726385,113900.70413183984,-12.314369139426997,W4
2016-10-24,99978.20508051108,113900.70413183984,-12.223365217491104,W4
2016-10-24,100074.58747282247,113900.70413183984,-12.138745554209802,W4
2016-10-24,99949.15140352682,113900.70413183984,-12.248873116854595,W4
2016-10-24,99967.45575162412,113900.70413183984,-12.232802673535726,W4
2016-10-24,99992.1955218596,113900.70413183984,-12.211082201810774,W4
2016-10-24,99997.1126461043,113900.70413183984,-12.206765174728119,W4
2016-10-24,100023.78751775155,113900.70413183984,-12.183345765822294,W4
2016-10-25,100000.91129068604,113900.70413183984,-12.203430125475624,W4
2016-10-25,99964.37735634863,113900.70413183984,-12.235505374365323,W4
2016-10-26,99997.0548190483,113900.70413183984,-12.206815944437095,W4
2016-10-27,99915.82689834606,113900.70413183984,-12.278130622710036,W4
2016-10-27,99894.61367902606,113900.70413183984,-12.296754931911355,W4
2016-10-27,99786.04159483266,113900.70413183984,-12.392076629016701,W4
2016-10-27,99879.64266516967,113900.70413183984,-12.30989884877342,W4
2016-10-27,99745.44028831022,113900.70413183984,-12.427722858626874,W4
2016-10-31,99763.52131243813,113900.70413183984,-12.411848484306079,W4
2016-10-31,99689.55119089567,113900.70413183984,-12.476791121936165,W4
2016-10-31,99734.66416553812,113900.70413183984,-12.437183838569208,W4
2016-10-31,99764.53603081552,113900.70413183984,-12.410957604495344,W4
2016-10-31,99880.56810682893,113900.70413183984,-12.309086350144625,W4
2016-10-31,99966.01776067288,113900.70413183984,-12.234065168761015,W4
2016-10-31,100031.26616867603,113900.70413183984,-12.17677982667251,W4
2016-11-01,99917.74142784043,113900.70413183984,-12.276449746802404,W4
2016-11-01,99745.76962076721,113900.70413183984,-12.427433718661053,W4
2016-11-02,99713.24497126602,113900.70413183984,-12.455988985065332,W4
2016-11-02,99663.66774587068,113900.70413183984,-12.499515691746572,W4
2016-11-02,99725.14656035212,113900.70413183984,-12.445539893308771,W4
2016-11-03,99678.26536071386,113900.70413183984,-12.486699603422585,W4
2016-11-03,99610.95960901928,113900.70413183984,-12.545791206242422,W4
2016-11-03,99585.87354721443,113900.70413183984,-12.567815707316454,W4
2016-11-03,99670.24762908465,113900.70413183984,-12.493738832626935,W4
2016-11-03,99581.74859771848,113900.70413183984,-12.571437238480277,W4
2016-11-03,99389.14212988285,113900.70413183984,-12.740537569600875,W4
2016-11-03,99274.22799368047,113900.70413183984,-12.841427320088606,W4
2016-11-03,99328.8839322424,113900.70413183984,-12.79344171808682,W4
2016-11-03,99118.4754077475,113900.70413183984,-12.978171501891635,W4
2016-11-03,99075.8121985812,113900.70413183984,-13.015627994800502,W4
2016-11-03,98872.6766386934,113900.70413183984,-13.193972423341233,W4
2016-11-03,98837.70128263041,113900.70413183984,-13.224679306436975,W4
2016-11-03,98668.40991593814,113900.70413183984,-13.373309965029142,W4
2016-11-04,98695.73773823786,113900.70413183984,-13.34931729307157,W4
2016-11-04,98642.94888343656,113900.70413183984,-13.395663674512894,W4
2016-11-07,98456.35827406043,113900.70413183984,-13.559482336388903,W4
2016-11-07,98254.74961634968,113900.70413183984,-13.736486209409202,W4
2016-11-07,98205.07228285301,113900.70413183984,-13.780100806768644,W4
2016-11-17,98309.61803527237,113900.70413183984,-13.688314058639017,W4
2016-11-17,98372.88863460033,113900.70413183984,-13.632765148902063,W4
2016-11-17,98438.62973095632,113900.70413183984,-13.575047247281455,W4
2016-11-17,98500.0201444006,113900.70413183984,-13.521149061214743,W4
2016-11-18,98558.77608724346,113900.70413183984,-13.469563828892692,W4
2016-11-18,98639.88843824241,113900.70413183984,-13.398350615930399,W4
2016-11-21,98698.39000630922,113900.70413183984,-13.346988713901167,W4
2016-11-21,98773.5461562363,113900.70413183984,-13.281004793520749,W4
2016-11-22,98802.3884054661,113900.70413183984,-13.255682518781855,W4
2016-11-22,98870.01764466881,113900.70413183984,-13.196306907614055,W4
2016-11-22,98946.40664617628,113900.70413183984,-13.12924059569815,W4
2016-11-23,98944.82771845946,113900.70413183984,-13.130626827441716,W4
2016-11-23,99108.63016545543,113900.70413183984,-12.986815208150619,W4
2016-11-23,99149.50532677438,113900.70413183984,-12.95092854561371,W4
2016-11-23,99326.67418067144,113900.70413183984,-12.79538178648921,W4
2016-11-23,99400.17643933678,113900.70413183984,-12.7308499126737,W4
2016-11-25,99407.90461758368,113900.70413183984,-12.724064899090322,W4
2016-11-25,99380.63385783801,113900.70413183984,-12.748007472539308,W4
2016-11-28,99442.2547636825,113900.70413183984,-12.693906923895494,W4
2016-11-29,99353.3285636908,113900.70413183984,-12.771980365731967,W4
2016-11-29,99416.70699338545,113900.70413183984,-12.716336785494487,W4
2016-11-29,99438.27613144033,113900.70413183984,-12.697399994700012,W4
2016-11-29,99326.7695201674,113900.70413183984,-12.795298082444805,W4
2016-11-30,99364.59224102994,113900.70413183984,-12.762091333504296,W4
2016-11-30,99370.36710708529,113900.70413183984,-12.757021245396091,W4
2016-12-01,99303.19309417346,113900.70413183984,-12.815997187137482,W4
2016-12-05,99371.83298513829,113900.70413183984,-12.755734266475132,W4
2016-12-05,99511.69472450022,113900.70413183984,-12.632941575746862,W4
2016-12-05,99579.58640826057,113900.70413183984,-12.573335549359383,W4
2016-12-05,99683.73565594814,113900.70413183984,-12.481896915611326,W4
2016-12-05,99743.7438727368,113900.70413183984,-12.42921223973856,W4
2016-12-05,99834.59218978795,113900.70413183984,-12.349451260433298,W4
2016-12-05,99924.97653521413,113900.70413183984,-12.270097628587823,W4
2016-12-05,99989.58410522228,113900.70413183984,-12.213374915150185,W4
2016-12-05,99965.80215874598,113900.70413183984,-12.234254458132444,W4
2016-12-05,99811.51999602554,113900.70413183984,-12.369707670556712,W4
2016-12-05,99902.47848456952,113900.70413183984,-12.289849965341212,W4
2016-12-06,99970.05202241104,113900.70413183984,-12.230523257612264,W4
2016-12-06,100044.53675166314,113900.70413183984,-12.165128816182046,W4
2016-12-06,100105.4471732512,113900.70413183984,-12.111652042660468,W4
2016-12-06,100166.2306690369,113900.70413183984,-12.058286704624157,W4
2016-12-07,100277.89098408392,113900.70413183984,-11.960253671467687,W4
2016-12-07,100185.45168773763,113900.70413183984,-12.041411463292476,W4
2016-12-07,100295.1942211357,113900.70413183984,-11.945062161297788,W4
2016-12-07,100473.76397642255,113900.70413183984,-11.788285470013985,W4
2016-12-07,100545.50384062708,113900.70413183984,-11.72530090398225,W4
2016-12-07,100675.12055790526,113900.70413183984,-11.61150290925857,W4
2016-12-07,100751.95303377393,113900.70413183984,-11.54404724561339,W4
2016-12-08,100835.89698327384,113900.70413183984,-11.470348008949545,W4
2016-12-08,100858.73315305286,113900.70413183984,-11.45029881789925,W4
2016-12-09,100770.71616763597,113900.70413183984,-11.527574007800634,W4
2016-12-09,100765.9001012357,113900.70413183984,-11.531802310370818,W4
2016-12-09,100770.74333656757,113900.70413183984,-11.52755015462799,W4
2016-12-09,100819.22349826105,113900.70413183984,-11.484986623468982,W4
2016-12-09,100882.12467346889,113900.70413183984,-11.429762052482108,W4
2016-12-09,101010.51398492976,113900.70413183984,-11.317041668144313,W4
2016-12-12,100956.18498290626,113900.70413183984,-11.364740233695422,W4
2016-12-16,100999.23587533974,113900.70413183984,-11.326943371277736,W4
2016-12-19,101071.0116082299,113900.70413183984,-11.26392731405733,W4
2016-12-20,101005.89535923905,113900.70413183984,-11.321096626123644,W4
2016-12-20,101070.92438819776,113900.70413183984,-11.264003889555973,W4
2016-12-20,101139.69178143663,113900.70413183984,-11.203629027290615,W4
2016-12-20,101220.48140749021,113900.70413183984,-11.132699153178455,W4
2016-12-21,101229.3200735327,113900.70413183984,-11.124939178286414,W4
2016-12-21,101254.61573019484,113900.70413183984,-11.102730661793958,W4
2016-12-22,101279.92515879839,113900.70413183984,-11.080510054119529,W4
2016-12-22,101193.13250706832,113900.70413183984,-11.156710330835644,W4
2016-12-22,100842.35323269563,113900.70413183984,-11.464679695069481,W4
2016-12-22,100740.36006955344,113900.70413183984,-11.554225377793387,W4
2016-12-22,100625.37170193209,113900.70413183984,-11.655180300326835,W4
2016-12-22,100543.4683998705,113900.70413183984,-11.727087934863304,W4
2016-12-22,100542.63430845458,113900.70413183984,-11.727820231842747,W4
2016-12-22,100540.09963737545,113900.70413183984,-11.730045565828567,W4
2016-12-22,100460.06634494802,113900.70413183984,-11.800311411011393,W4
2016-12-22,100402.0371847821,113900.70413183984,-11.851258558887457,W4
2016-12-22,100386.42290441522,113900.70413183984,-11.864967236534262,W4
2016-12-23,100452.15713953618,113900.70413183984,-11.807255358787765,W4
2016-12-23,100356.68842718522,113900.70413183984,-11.891072849714302,W4
2016-12-23,100394.18119343556,113900.70413183984,-11.85815578696555,W4
2016-12-23,100360.55775550421,113900.70413183984,-11.887675743130558,W4
2016-12-23,100324.75865300259,113900.70413183984,-11.919105840753295,W4
2016-12-23,100248.0944669958,113900.70413183984,-11.986413753018747,W4
2016-12-23,100250.79166641433,113900.70413183984,-11.984045726026213,W4
2016-12-23,100195.90970044599,113900.70413183984,-12.032229770529405,W4
2016-12-23,100150.96664998592,113900.70413183984,-12.071687867652365,W4
2016-12-23,100048.95908382627,113900.70413183984,-12.161246195616322,W4
2016-12-23,100010.60065567317,113900.70413183984,-12.194923272896451,W4
2016-12-23,99761.86174963364,113900.70413183984,-12.413305510245591,W4
2016-12-27,99749.84512569757,113900.70413183984,-12.423855597734217,W4
2016-12-27,99865.8350084257,113900.70413183984,-12.322021387303112,W4
2016-12-28,99673.3521673573,113900.70413183984,-12.491013179351738,W4
2016-12-29,99664.01668581628,113900.70413183984,-12.499209337235193,W4
2016-12-29,99567.80586454378,113900.70413183984,-12.583678368402143,W4
2016-12-29,99562.58766508226,113900.70413183984,-12.588259726789081,W4
2016-12-30,99426.40273511484,113900.70413183984,-12.707824334405366,W4
2016-12-30,99524.62028241524,113900.70413183984,-12.621593482674442,W4
2017-01-05,100563.6318023663,100563.6318023663,0.0,W5
2017-01-06,100622.48542078148,100622.48542078148,0.0,W5
2017-01-06,100652.50964638017,100652.50964638017,0.0,W5
2017-01-06,100834.24566848998,100834.24566848998,0.0,W5
2017-01-09,100897.16244018478,100897.16244018478,0.0,W5
2017-01-09,100975.96181541683,100975.96181541683,0.0,W5
2017-01-10,101093.74211367322,101093.74211367322,0.0,W5
2017-01-11,100994.83460959638,101093.74211367322,-0.09783741506533777,W5
2017-01-11,100620.44747144882,101093.74211367322,-0.46817402573960515,W5
2017-01-11,100686.65409392874,101093.74211367322,-0.4026836985485561,W5
2017-01-12,100609.09613821625,101093.74211367322,-0.4794025478965984,W5
2017-01-12,100592.62763360163,101093.74211367322,-0.49569287830706144,W5
2017-01-12,100591.59608932743,101093.74211367322,-0.4967132622127631,W5
2017-01-12,100586.42037083324,101093.74211367322,-0.5018329841520067,W5
2017-01-12,100485.70300903931,101093.74211367322,-0.6014606759241404,W5
2017-01-12,100452.68697691587,101093.74211367322,-0.6341195046836092,W5
2017-01-12,100352.4500833683,101093.74211367322,-0.7332719264377254,W5
2017-01-12,100275.16375958105,101093.74211367322,-0.8097220826702926,W5
2017-01-12,100063.28508465439,101093.74211367322,-1.019308423522543,W5
2017-01-12,99985.50043630767,101093.74211367322,-1.0962515128972057,W5
2017-01-12,100037.31704186139,101093.74211367322,-1.0449955157698558,W5
2017-01-12,100014.36738965235,101093.74211367322,-1.067696873667191,W5
2017-01-12,100033.40051739803,101093.74211367322,-1.048869667009562,W5
2017-01-12,99910.79715443634,101093.74211367322,-1.1701465733722005,W5
2017-01-13,99930.61499787515,101093.74211367322,-1.1505431409297393,W5
2017-01-13,99995.47762672414,101093.74211367322,-1.0863822665839695,W5
2017-01-13,100082.34632442554,101093.74211367322,-1.0004534089859174,W5
2017-01-17,100109.15459425343,101093.74211367322,-0.9739351801941248,W5
2017-01-17,100175.44298596226,101093.74211367322,-0.9083639684426634,W5
2017-01-17,100193.54900135446,101093.74211367322,-0.8904538436281701,W5
2017-01-18,100212.56752789237,101093.74211367322,-0.8716410802065467,W5
2017-01-18,100285.13693022712,101093.74211367322,-0.7998568126371987,W5
2017-01-18,100137.50062915783,101093.74211367322,-0.9458958235418304,W5
2017-01-18,100051.46228067693,101093.74211367322,-1.0310033155408451,W5
2017-01-18,100059.9091641361,101093.74211367322,-1.0226478196589437,W5
2017-01-19,100023.37773510096,101093.74211367322,-1.058784011940817,W5
2017-01-19,100013.30516313427,101093.74211367322,-1.0687476078628764,W5
2017-01-19,99924.30015233095,101093.74211367322,-1.1567896656029462,W5
2017-01-19,99914.02561108914,101093.74211367322,-1.1669530456767219,W5
2017-01-19,99926.74046601685,101093.74211367322,-1.1543757538860768,W5
2017-01-19,99948.20979269785,101093.74211367322,-1.1331387057443125,W5
2017-01-19,100009.9526190346,101093.74211367322,-1.0720638804921998,W5
2017-01-20,99992.15565866511,101093.74211367322,-1.0896682939775257,W5
2017-01-20,99990.15725911736,101093.74211367322,-1.0916450726642868,W5
2017-01-20,100029.98710471136,101093.74211367322,-1.052246149683269,W5
2017-01-23,99966.99549704597,101093.74211367322,-1.1145562455886713,W5
2017-01-23,99949.47132092084,101093.74211367322,-1.1318908261064435,W5
2017-01-23,99982.7440210096,101093.74211367322,-1.0989781062950228,W5
2017-01-23,100027.58492272075,101093.74211367322,-1.0546223422550147,W5
2017-01-23,100077.25902781135,101093.74211367322,-1.0054856656892752,W5
2017-01-23,100031.80685109612,101093.74211367322,-1.0504460912951696,W5
2017-01-24,100090.82082271138,101093.74211367322,-0.9920705970445904,W5
2017-01-25,100285.9309412426,101093.74211367322,-0.7990713920969428,W5
2017-01-25,100411.78255659364,101093.74211367322,-0.6745813764740856,W5
2017-01-25,100493.88733114566,101093.74211367322,-0.5933649007206233,W5
2017-01-25,100708.12293332892,101093.74211367322,-0.3814471324156636,W5
2017-01-25,100812.4043294708,101093.74211367322,-0.27829396589758687,W5
2017-01-25,100891.84259991375,101093.74211367322,-0.19971514511000937,W5
2017-01-25,100922.17422897901,101093.74211367322,-0.16971167661524103,W5
2017-01-25,101007.87792740509,101093.74211367322,-0.08493521406258422,W5
2017-01-26,100891.47321209988,101093.74211367322,-0.2000805364845393,W5
2017-01-31,100964.99450993088,101093.74211367322,-0.1273546720602793,W5
2017-01-31,100997.50454794033,101093.74211367322,-0.09519636301984788,W5
2017-01-31,100916.64932229888,101093.74211367322,-0.17517680884263548,W5
2017-01-31,100945.76136604261,101093.74211367322,-0.14637973086821424,W5
2017-01-31,100990.5494416043,101093.74211367322,-0.10207622144691134,W5
2017-01-31,101065.59249106169,101093.74211367322,-0.02784506936134037,W5
2017-01-31,101059.97479915268,101093.74211367322,-0.0334019829660321,W5
2017-01-31,100871.66862356318,101093.74211367322,-0.21967085743084858,W5
2017-01-31,100940.24736024346,101093.74211367322,-0.1518340801522203,W5
2017-02-02,101212.1870053114,101212.1870053114,0.0,W5
2017-02-02,101188.78861141992,101212.1870053114,-0.02311815857733356,W5
2017-02-03,101150.00968391408,101212.1870053114,-0.061432642883270695,W5
2017-02-03,101308.39824281064,101308.39824281064,0.0,W5
2017-02-03,101510.38631451195,101510.38631451195,0.0,W5
2017-02-03,101583.17093919935,101583.17093919935,0.0,W5
2017-02-03,101645.63873279348,101645.63873279348,0.0,W5
2017-02-03,101726.7696953808,101726.7696953808,0.0,W5
2017-02-06,101810.99294392204,101810.99294392204,0.0,W5
2017-02-06,101978.85659168687,101978.85659168687,0.0,W5
2017-02-07,102038.31302351596,102038.31302351596,0.0,W5
2017-02-07,102013.93828616198,102038.31302351596,-0.023887828631940864,W5
2017-02-07,102073.66026570431,102073.66026570431,0.0,W5
2017-02-08,102154.1328800107,102154.1328800107,0.0,W5
2017-02-08,101975.01356978151,102154.1328800107,-0.17534220611473364,W5
2017-02-08,102019.6331216475,102154.1328800107,-0.13166355053024512,W5
2017-02-08,102051.74123537696,102154.1328800107,-0.10023250332319611,W5
2017-02-08,102045.65917806752,102154.1328800107,-0.10618630777336237,W5
2017-02-08,102018.4622588401,102154.1328800107,-0.1328097232541356,W5
2017-02-08,102106.58751840587,102154.1328800107,-0.04654276852477317,W5
2017-02-09,102126.8982758986,102154.1328800107,-0.02666030570108696,W5
2017-02-09,102162.37844532134,102162.37844532134,0.0,W5
2017-02-09,102390.15431236244,102390.15431236244,0.0,W5
2017-02-09,102143.7723320305,102390.15431236244,-0.240630539124211,W5
2017-02-09,102067.779333792,102390.15431236244,-0.3148495875755498,W5
2017-02-09,102070.49840801004,102390.15431236244,-0.3121939863253123,W5
2017-02-09,101913.24857786651,102390.15431236244,-0.46577304009234044,W5
2017-02-09,101932.16721212567,102390.15431236244,-0.4472960347726285,W5
2017-02-09,101968.8581592127,102390.15431236244,-0.4114615863010526,W5
2017-02-09,101950.74015458139,102390.15431236244,-0.42915665156683647,W5
2017-02-09,101978.25140148685,102390.15431236244,-0.4022876160719493,W5
2017-02-09,102081.4100007644,102390.15431236244,-0.301537109374944,W5
2017-02-10,102367.64292534685,102390.15431236244,-0.021985890310229794,W5
2017-02-10,102651.96026832068,102651.96026832068,0.0,W5
2017-02-13,102839.2432581579,102839.2432581579,0.0,W5
2017-02-13,102990.33551154191,102990.33551154191,0.0,W5
2017-02-13,103279.61477544725,103279.61477544725,0.0,W5
2017-02-13,103836.72996398168,103836.72996398168,0.0,W5
2017-02-14,104051.54784772114,104051.54784772114,0.0,W5
2017-02-14,104248.42992264742,104248.42992264742,0.0,W5
2017-02-15,104111.53551926468,104248.42992264742,-0.13131555408970558,W5
2017-02-15,104367.86639770554,104367.86639770554,0.0,W5
2017-02-15,104580.8320894728,104580.8320894728,0.0,W5
2017-02-15,104767.60606059781,104767.60606059781,0.0,W5
2017-02-15,104922.86692472288,104922.86692472288,0.0,W5
2017-02-15,105121.75929731946,105121.75929731946,0.0,W5
2017-02-16,105326.30727309587,105326.30727309587,0.0,W5
2017-02-16,105531.37103916971,105531.37103916971,0.0,W5
2017-02-17,105547.57866181339,105547.57866181339,0.0,W5
2017-02-21,105794.29597358954,105794.29597358954,0.0,W5
2017-02-21,105971.02842421916,105971.02842421916,0.0,W5
2017-02-21,106176.49692154063,106176.49692154063,0.0,W5
2017-02-21,106431.86088119661,106431.86088119661,0.0,W5
2017-02-21,106574.37770246621,106574.37770246621,0.0,W5
2017-02-21,106720.457894694,106720.457894694,0.0,W5
2017-02-21,106937.48682826688,106937.48682826688,0.0,W5
2017-02-21,106930.03826909585,106937.48682826688,-0.006965339650245573,W5
2017-02-21,107123.20860324513,107123.20860324513,0.0,W5
2017-02-22,107291.0807900663,107291.0807900663,0.0,W5
2017-02-22,108028.03877316027,108028.03877316027,0.0,W5
2017-02-24,108204.23121068084,108204.23121068084,0.0,W5
2017-02-27,108312.94594861384,108312.94594861384,0.0,W5
2017-02-27,108474.86655673689,108474.86655673689,0.0,W5
2017-02-27,108790.6905664875,108790.6905664875,0.0,W5
2017-02-27,109049.64111298199,109049.64111298199,0.0,W5
2017-02-28,109252.91921325219,109252.91921325219,0.0,W5
2017-03-01,109390.92011811245,109390.92011811245,0.0,W5
2017-03-01,109662.06105480233,109662.06105480233,0.0,W5
2017-03-01,109772.87784191499,109772.87784191499,0.0,W5
2017-03-01,109821.1714075514,109821.1714075514,0.0,W5
2017-03-01,109787.55794148729,109821.1714075514,-0.030607455405269594,W5
2017-03-01,109931.61606994492,109931.61606994492,0.0,W5
2017-03-01,109907.57069794807,109931.61606994492,-0.02187302693844775,W5
2017-03-01,109590.79018261522,109931.61606994492,-0.3100344555226482,W5
2017-03-01,109818.57518524818,109931.61606994492,-0.10282836615885307,W5
2017-03-02,110012.0514982191,110012.0514982191,0.0,W5
2017-03-03,110232.64063428353,110232.64063428353,0.0,W5
2017-03-03,110205.32539345488,110232.64063428353,-0.02477963030865215,W5
2017-03-03,110035.87881557738,110232.64063428353,-0.17849687494917021,W5
2017-03-03,109927.66990999594,110232.64063428353,-0.2766609985325338,W5
2017-03-03,109849.64827220178,110232.64063428353,-0.3474400684570264,W5
2017-03-03,109800.14676809683,110232.64063428353,-0.39234646262495565,W5
2017-03-03,109278.57050564687,110232.64063428353,-0.8655060090612825,W5
2017-03-03,109091.65739182832,110232.64063428353,-1.0350684115793036,W5
2017-03-06,108471.08256820336,110232.64063428353,-1.5980367121245402,W5
2017-03-06,108537.61544488963,110232.64063428353,-1.5376799282323712,W5
2017-03-07,108101.14853321588,110232.64063428353,-1.9336306277368913,W5
2017-03-07,107976.27222115688,110232.64063428353,-2.0469149610708812,W5
2017-03-07,108007.73575433798,110232.64063428353,-2.0183721147777525,W5
2017-03-08,107855.49921574163,110232.64063428353,-2.1564768882099896,W5
2017-03-08,107946.25897923007,110232.64063428353,-2.0741421432867,W5
2017-03-08,107890.34875357567,110232.64063428353,-2.124862352230883,W5
2017-03-08,107819.8554889459,110232.64063428353,-2.188811890429502,W5
2017-03-08,107821.73400290885,110232.64063428353,-2.1871077545654436,W5
2017-03-08,107414.65785681311,110232.64063428353,-2.5563959651656885,W5
2017-03-08,107117.54236561392,110232.64063428353,-2.825930913697788,W5
2017-03-08,107208.92585499278,110232.64063428353,-2.743030341913393,W5
2017-03-08,107408.32745811512,110232.64063428353,-2.5621387276193164,W5
2017-03-09,107396.93883581382,110232.64063428353,-2.572470170498454,W5
2017-03-10,107249.7681762413,110232.64063428353,-2.7059793187196157,W5
2017-03-10,106636.24241071257,110232.64063428353,-3.2625529088998686,W5
2017-03-13,106348.95812046347,110232.64063428353,-3.5231692640883576,W5
2017-03-13,106518.91666539563,110232.64063428353,-3.3689875771087014,W5
2017-03-14,106081.75866187851,110232.64063428353,-3.76556521600195,W5
2017-03-14,106009.06106466342,110232.64063428353,-3.8315144636991767,W5
2017-03-14,105519.91942744104,110232.64063428353,-4.275250216020661,W5
2017-03-14,105299.0507377425,110232.64063428353,-4.475616176980733,W5
2017-03-14,104910.81133158243,110232.64063428353,-4.827816218571062,W5
2017-03-15,104709.30856991044,110232.64063428353,-5.010613945734753,W5
2017-03-15,104950.56956759913,110232.64063428353,-4.791748647488732,W5
2017-03-15,105118.97124240319,110232.64063428353,-4.638979309990266,W5
2017-03-15,105327.47835260096,110232.64063428353,-4.449827431746211,W5
2017-03-15,105607.17039150851,110232.64063428353,-4.196098556797564,W5
2017-03-15,105766.80782097101,110232.64063428353,-4.051279900051307,W5
2017-03-15,105961.07558311457,110232.64063428353,-3.875045564172449,W5
2017-03-16,106141.60990525823,110232.64063428353,-3.711269824877027,W5
2017-03-16,106177.65753743386,110232.64063428353,-3.6785684108782255,W5
2017-03-16,105927.99044890425,110232.64063428353,-3.905059482028302,W5
2017-03-16,106024.72465489755,110232.64063428353,-3.8173048882558165,W5
2017-03-16,106107.73968609762,110232.64063428353,-3.741995950066193,W5
2017-03-16,106242.99221883841,110232.64063428353,-3.6192985965758444,W5
2017-03-16,106048.80246981807,110232.64063428353,-3.7954621611089667,W5
2017-03-16,106045.68433011658,110232.64063428353,-3.7982908511263207,W5
2017-03-16,105982.11366850848,110232.64063428353,-3.855960395502934,W5
2017-03-16,105721.78440483384,110232.64063428353,-4.092123896782308,W5
2017-03-16,105827.72684732804,110232.64063428353,-3.9960158457689237,W5
2017-03-17,105905.7912729562,110232.64063428353,-3.9251979599059297,W5
2017-03-17,105998.43090067276,110232.64063428353,-3.8411578541953975,W5
2017-03-17,106082.9514058279,110232.64063428353,-3.764483191709939,W5
2017-03-17,106120.34394442158,110232.64063428353,-3.730561715839891,W5
2017-03-17,106134.49969581363,110232.64063428353,-3.7177200100523833,W5
2017-03-17,106254.44653865056,110232.64063428353,-3.6089075547335683,W5
2017-03-17,106442.96384813225,110232.64063428353,-3.43788987031909,W5
2017-03-21,106210.8837953115,110232.64063428353,-3.648426469538113,W5
2017-03-22,106187.44239871143,110232.64063428353,-3.6696918556027027,W5
2017-03-22,106427.1133242224,110232.64063428353,-3.4522690268181453,W5
2017-03-23,106349.79821801373,110232.64063428353,-3.5224071508472843,W5
2017-03-23,106330.52642514762,110232.64063428353,-3.5398899878320687,W5
2017-03-24,105902.12390774874,110232.64063428353,-3.92852489209802,W5
2017-03-24,105413.28826610817,110232.64063428353,-4.371983053698605,W5
2017-03-24,104942.27598694872,110232.64063428353,-4.7992723542625955,W5
2017-03-24,104172.19742242771,110232.64063428353,-5.497866309818724,W5
2017-03-24,103976.50368780852,110232.64063428353,-5.675394248452102,W5
2017-03-24,103460.15794166038,110232.64063428353,-6.143808815296431,W5
2017-03-24,102833.76580805356,110232.64063428353,-6.712054418415914,W5
2017-03-24,102282.95717857509,110232.64063428353,-7.211732758977381,W5
2017-03-24,101641.04086553886,110232.64063428353,-7.794061467917504,W5
2017-03-27,101343.52532855068,110232.64063428353,-8.063959326914862,W5
2017-03-27,101545.80850361605,110232.64063428353,-7.880453630324973,W5
2017-03-28,101626.23613819806,110232.64063428353,-7.807491906720035,W5
2017-03-28,101459.92776832114,110232.64063428353,-7.958362255937809,W5
2017-03-28,101677.22786764994,110232.64063428353,-7.761233621371454,W5
2017-03-28,101173.48761150506,110232.64063428353,-8.218212836644117,W5
2017-03-28,100986.30264346056,110232.64063428353,-8.38802185779015,W5
2017-03-29,101176.71902274371,110232.64063428353,-8.215281389823957,W5
2017-03-29,101488.81871614748,110232.64063428353,-7.932153187861332,W5
2017-03-29,101687.67528452302,110232.64063428353,-7.75175601400129,W5
2017-03-29,101846.65774394933,110232.64063428353,-7.607531527940253,W5
2017-03-29,101984.34382843271,110232.64063428353,-7.482626523677329,W5
2017-03-29,102044.80895116013,110232.64063428353,-7.427774238202269,W5
2017-03-30,102242.06636218958,110232.64063428353,-7.2488277756169355,W5
2017-03-30,102404.38449131319,110232.64063428353,-7.101577262348248,W5
2017-03-30,102388.61333529981,110232.64063428353,-7.115884418488777,W5
2017-03-30,102526.41564758397,110232.64063428353,-6.990873975582544,W5
2017-03-30,102556.33935370849,110232.64063428353,-6.9637280177679255,W5
2017-03-30,102718.62718290306,110232.64063428353,-6.81650499175607,W5
2017-03-30,102715.67302423216,110232.64063428353,-6.819184922721975,W5
2017-03-30,102878.7997874344,110232.64063428353,-6.671200839002673,W5
2017-03-30,102770.27404040661,110232.64063428353,-6.769652392375,W5
2017-03-30,102654.25622275521,110232.64063428353,-6.8749005448131815,W5
2017-03-30,102631.37500573197,110232.64063428353,-6.895657751473188,W5
2017-04-03,102524.35805604381,110232.64063428353,-6.99274056566722,W5
2017-04-03,102702.27447606622,110232.64063428353,-6.831339714704507,W5
2017-04-03,102783.9976180109,110232.64063428353,-6.757202742683845,W5
2017-04-04,102951.89740190734,110232.64063428353,-6.604888706722862,W5
2017-04-04,103012.6224792155,110232.64063428353,-6.5498005976485025,W5
2017-04-04,103013.40386409179,110232.64063428353,-6.5490917469199035,W5
2017-04-04,103074.3184808545,110232.64063428353,-6.493831692899413,W5
2017-04-04,103178.84652288567,110232.64063428353,-6.399006746831078,W5
2017-04-04,103169.89779019158,110232.64063428353,-6.407124789402313,W5
2017-04-04,103216.36345521915,110232.64063428353,-6.364972424403883,W5
2017-04-05,103410.27840072526,110232.64063428353,-6.189058154011449,W5
2017-04-06,103501.80839885327,110232.64063428353,-6.106024673545642,W5
2017-04-06,103520.715450903,110232.64063428353,-6.088872719332327,W5
2017-04-06,103259.55114348965,110232.64063428353,-6.325793749174846,W5
2017-04-06,103342.00202908275,110232.64063428353,-6.250996588262543,W5
2017-04-07,103252.84728977698,110232.64063428353,-6.331875299679387,W5
2017-04-07,103375.02074243486,110232.64063428353,-6.221042925570513,W5
2017-04-10,103436.01513739687,110232.64063428353,-6.165710498976138,W5
2017-04-10,103503.76921163787,110232.64063428353,-6.104245878468868,W5
2017-04-11,103539.9558889058,110232.64063428353,-6.071418326611541,W5
2017-04-11,103533.36387554344,110232.64063428353,-6.077398418646375,W5
2017-04-11,103641.01035208572,110232.64063428353,-5.979744515117544,W5
2017-04-11,103703.34870562227,110232.64063428353,-5.923192886509316,W5
2017-04-11,103825.5778867532,110232.64063428353,-5.8123099570724195,W5
2017-04-12,103909.28485771989,110232.64063428353,-5.73637331028157,W5
2017-04-12,103930.46198943025,110232.64063428353,-5.717162002643014,W5
2017-04-12,103915.75840207757,110232.64063428353,-5.7305006900481885,W5
2017-04-12,103904.63167082057,110232.64063428353,-5.7405945526219,W5
2017-04-12,103944.53125526184,110232.64063428353,-5.704398754161764,W5
2017-04-12,103946.17595770235,110232.64063428353,-5.702906725638232,W5
2017-04-12,103888.68093116817,110232.64063428353,-5.755064622068316,W5
2017-04-12,103873.48890159269,110232.64063428353,-5.768846410736415,W5
2017-04-12,103774.91290014995,110232.64063428353,-5.858271830353985,W5
2017-04-13,103695.05745062986,110232.64063428353,-5.930714483510621,W5
2017-04-13,103619.43805207378,110232.64063428353,-5.9993143084998115,W5
2017-04-13,103380.9272760362,110232.64063428353,-6.215684681798666,W5
2017-04-17,103473.19895365577,110232.64063428353,-6.131978370230115,W5
2017-04-17,103494.65599113255,110232.64063428353,-6.112513139828925,W5
2017-04-17,103510.69842784044,110232.64063428353,-6.097959885352223,W5
2017-04-17,103580.86486576304,110232.64063428353,-6.034306835294765,W5
2017-04-17,103632.57946293062,110232.64063428353,-5.987392784365738,W5
2017-04-17,103602.9573589483,110232.64063428353,-6.014265137066234,W5
2017-04-17,103649.01884196825,110232.64063428353,-5.972479434796099,W5
2017-04-17,103636.53454186769,110232.64063428353,-5.983804846242954,W5
2017-04-17,103622.51784338993,110232.64063428353,-5.996520407076032,W5
2017-04-17,103621.41251958003,110232.64063428353,-5.99752312623756,W5
2017-04-17,103637.95360753205,110232.64063428353,-5.98251750915641,W5
2017-04-18,103653.67420100505,110232.64063428353,-5.968256221952779,W5
2017-04-18,103414.00378327195,110232.64063428353,-6.1856785900953035,W5
2017-04-18,103508.23316095785,110232.64063428353,-6.100196307221827,W5
2017-04-19,103513.91104376434,110232.64063428353,-6.095045489121295,W5
2017-04-19,103343.07667450266,110232.64063428353,-6.250021699687139,W5
2017-04-19,103362.57778950142,110232.64063428353,-6.232330828011975,W5
2017-04-19,103477.20775939686,110232.64063428353,-6.128341692638049,W5
2017-04-19,103558.42708060694,110232.64063428353,-6.054661772840479,W5
2017-04-19,103720.94964471782,110232.64063428353,-5.9072258018107355,W5
2017-04-20,103789.08235752193,110232.64063428353,-5.845417690880921,W5
2017-04-20,103860.37526763901,110232.64063428353,-5.780742736432886,W5
2017-04-20,103930.19430419298,110232.64063428353,-5.717404839279901,W5
2017-04-20,104057.91865369094,110232.64063428353,-5.601536845223847,W5
2017-04-21,104083.45860517747,110232.64063428353,-5.578367708260811,W5
2017-04-21,104132.53341558545,110232.64063428353,-5.533848398802556,W5
2017-04-21,104164.47453700297,110232.64063428353,-5.50487229768248,W5
2017-04-21,104132.46266822811,110232.64063428353,-5.533912578846629,W5
2017-04-21,104035.01364944174,110232.64063428353,-5.622315630996741,W5
2017-04-21,104044.44637709344,110232.64063428353,-5.61375852159845,W5
2017-04-21,104084.80550284252,110232.64063428353,-5.57714583998541,W5
2017-04-21,104170.15586674401,110232.64063428353,-5.499718352618341,W5
2017-04-21,104244.64325302721,110232.64063428353,-5.432145457825475,W5
2017-04-25,104341.12962079226,110232.64063428353,-5.3446156960327285,W5
2017-04-25,104419.76954899223,110232.64063428353,-5.273275730168281,W5
2017-04-26,104523.59986803446,110232.64063428353,-5.179083739080355,W5
2017-04-26,104695.65861849237,110232.64063428353,-5.022996803787987,W5
2017-04-26,104769.47568230082,110232.64063428353,-4.956032006987594,W5
2017-04-27,104849.96273113025,110232.64063428353,-4.883016384422173,W5
2017-04-27,104901.95269835118,110232.64063428353,-4.835852525403849,W5
2017-04-27,104825.8629513675,110232.64063428353,-4.904879037465844,W5
2017-04-27,104924.99125031025,110232.64063428353,-4.814952588845573,W5
2017-04-27,105004.87707994104,110232.64063428353,-4.742482375693533,W5
2017-04-28,105076.54502730448,110232.64063428353,-4.677467197837807,W5
2017-05-01,105144.11816716111,110232.64063428353,-4.616166715995215,W5
2017-05-01,105134.6783630616,110232.64063428353,-4.624730244951065,W5
2017-05-02,105073.00160097225,110232.64063428353,-4.680681696113317,W5
2017-05-02,104774.59663410085,110232.64063428353,-4.951386421278535,W5
2017-05-02,104532.07887795332,110232.64063428353,-5.17139181600742,W5
2017-05-02,104497.3340596736,110232.64063428353,-5.20291135330581,W5
2017-05-02,104518.7937527243,110232.64063428353,-5.183443713841464,W5
2017-05-02,104269.49774066228,110232.64063428353,-5.409598154692709,W5
2017-05-03,104111.3556708629,110232.64063428353,-5.553060262548802,W5
2017-05-03,103824.1113034039,110232.64063428353,-5.813640400887307,W5
2017-05-03,103727.28084834137,110232.64063428353,-5.901482309150926,W5
2017-05-04,103912.01390426708,110232.64063428353,-5.733897594802483,W5
2017-05-04,104257.43668241278,110232.64063428353,-5.420539612848931,W5
2017-05-05,104414.89371858734,110232.64063428353,-5.277698948533406,W5
2017-05-05,104582.21755987908,110232.64063428353,-5.12590739175952,W5
2017-05-05,104797.72914774639,110232.64063428353,-4.930401245279451,W5
2017-05-05,104697.0717998192,110232.64063428353,-5.0217148048095535,W5
2017-05-05,104624.88970462019,110232.64063428353,-5.087196403348488,W5
2017-05-09,104572.3790225804,110232.64063428353,-5.134832640435475,W5
2017-05-09,104590.57814060833,110232.64063428353,-5.118322904368906,W5
2017-05-09,104462.56203658452,110232.64063428353,-5.234455570054125,W5
2017-05-09,104448.58232744144,110232.64063428353,-5.247137575186762,W5
2017-05-09,104443.98525305036,110232.64063428353,-5.251307913812994,W5
2017-05-09,104402.71022997021,110232.64063428353,-5.288751472129885,W5
2017-05-09,104574.23339820698,110232.64063428353,-5.133150402201939,W5
2017-05-10,104521.8678225254,110232.64063428353,-5.1806550028177565,W5
2017-05-10,104680.97619733433,110232.64063428353,-5.036316289807333,W5
2017-05-10,104996.13942939216,110232.64063428353,-4.7504089303860475,W5
2017-05-10,105049.13542966216,110232.64063428353,-4.702332426035745,W5
2017-05-10,104634.58573091672,110232.64063428353,-5.078400436708537,W5
2017-05-10,104536.09735360742,110232.64063428353,-5.1677463661379655,W5
2017-05-10,104419.98654748833,110232.64063428353,-5.273078875139821,W5
2017-05-10,104456.84970968828,110232.64063428353,-5.239637634879369,W5
2017-05-11,104570.29971861932,110232.64063428353,-5.136718927427339,W5
2017-05-11,104649.52383936732,110232.64063428353,-5.0648489982556,W5
2017-05-11,104552.56587577102,110232.64063428353,-5.15280657873122,W5
2017-05-11,104583.40935739898,110232.64063428353,-5.1248262260421376,W5
2017-05-11,104613.18786837079,110232.64063428353,-5.097811985250606,W5
2017-05-11,104672.35720867233,110232.64063428353,-5.044135197720999,W5
2017-05-12,104583.98085687082,110232.64063428353,-5.124307777542169,W5
2017-05-12,104512.65798022255,110232.64063428353,-5.189009916797733,W5
2017-05-12,104447.93505083503,110232.64063428353,-5.247724766605462,W5
2017-05-15,104332.89301204118,110232.64063428353,-5.352087719476675,W5
2017-05-15,104501.44116906662,110232.64063428353,-5.199185497362063,W5
2017-05-15,104899.8977842611,110232.64063428353,-4.8377166865799275,W5
2017-05-15,105066.577561333,110232.64063428353,-4.686509407036576,W5
2017-05-16,105239.7263336749,110232.64063428353,-4.529433634066255,W5
2017-05-16,104717.32193094607,110232.64063428353,-5.003344446438066,W5
2017-05-16,104878.11284622723,110232.64063428353,-4.857479379289203,W5
2017-05-16,104267.2799553737,110232.64063428353,-5.411610068111292,W5
2017-05-16,104063.87979706256,110232.64063428353,-5.59612906098016,W5
2017-05-16,103861.22451311752,110232.64063428353,-5.779972324444555,W5
2017-05-17,104230.04219058744,110232.64063428353,-5.445391137467874,W5
2017-05-18,103879.03097937339,110232.64063428353,-5.763818791195767,W5
2017-05-18,103843.0648563802,110232.64063428353,-5.796446262320694,W5
2017-05-18,103892.45077295013,110232.64063428353,-5.751644725964701,W5
2017-05-19,104097.92598219372,110232.64063428353,-5.565243304333806,W5
2017-05-19,104523.18523739636,110232.64063428353,-5.17945988051697,W5
2017-05-19,104903.37620633612,110232.64063428353,-4.834561158367049,W5
2017-05-19,104821.20547194195,110232.64063428353,-4.909104173867134,W5
2017-05-19,104514.34431214817,110232.64063428353,-5.187480123157736,W5
2017-05-19,104564.90930421132,110232.64063428353,-5.141608962154788,W5
2017-05-19,104525.89095217094,110232.64063428353,-5.1770053309760975,W5
2017-05-19,104460.18283595885,110232.64063428353,-5.236613914998037,W5
2017-05-19,104167.74886103305,110232.64063428353,-5.501901921565899,W5
2017-05-19,104053.6542899307,110232.64063428353,-5.605405357976247,W5
2017-05-22,103902.21623191335,110232.64063428353,-5.742785771931645,W5
2017-05-22,103839.09389756506,110232.64063428353,-5.800048606229251,W5
2017-05-22,103649.67811764893,110232.64063428353,-5.971881358149396,W5
2017-05-22,103610.75089153959,110232.64063428353,-6.007195060048719,W5
2017-05-22,103483.70900593817,110232.64063428353,-6.1224439417505545,W5
2017-05-22,103473.36784963535,110232.64063428353,-6.131825152473002,W5
2017-05-22,103633.88247677484,110232.64063428353,-5.986210726277745,W5
2017-05-23,103827.74229764238,110232.64063428353,-5.810346463431404,W5
2017-05-23,103998.3720401501,110232.64063428353,-5.655555884592042,W5
2017-05-23,103703.24646812801,110232.64063428353,-5.923285633533851,W5
2017-05-23,103877.2138060318,110232.64063428353,-5.765467280546234,W5
2017-05-23,103834.098972096,110232.64063428353,-5.80457986433966,W5
2017-05-24,103399.73846874412,110232.64063428353,-6.198619688526538,W5
2017-05-25,103300.02445935221,110232.64063428353,-6.2890774774519915,W5
2017-05-25,103125.30149557121,110232.64063428353,-6.447581313317332,W5
2017-05-30,103317.95506092813,110232.64063428353,-6.272811332077312,W5
2017-05-31,103401.211852102,110232.64063428353,-6.197283075932117,W5
2017-06-01,103694.86530169254,110232.64063428353,-5.930888795707276,W5
2017-06-02,104226.13317598106,110232.64063428353,-5.448937287305065,W5
2017-06-02,104390.27384717227,110232.64063428353,-5.300033414326298,W5
2017-06-05,104643.65433437863,110232.64063428353,-5.070173650695127,W5
2017-06-05,104818.80853254719,110232.64063428353,-4.911278610931302,W5
2017-06-06,104977.55572112287,110232.64063428353,-4.767267556072919,W5
2017-06-06,105149.93092561129,110232.64063428353,-4.6108935424445034,W5
2017-06-07,104903.36119281626,110232.64063428353,-4.834574778216648,W5
2017-06-07,104716.66237041133,110232.64063428353,-5.003942781496488,W5
2017-06-07,104936.96317388187,110232.64063428353,-4.804091991201599,W5
2017-06-08,105138.53951632086,110232.64063428353,-4.621227513603031,W5
2017-06-08,105406.87394007959,110232.64063428353,-4.377801952703173,W5
2017-06-08,105789.82553989998,110232.64063428353,-4.030398862641223,W5
2017-06-08,106032.12650735017,110232.64063428353,-3.8105901326171714,W5
2017-06-08,106196.05710590162,110232.64063428353,-3.661876831721731,W5
2017-06-08,106245.53721369467,110232.64063428353,-3.6169898476956432,W5
2017-06-08,106467.49487289412,110232.64063428353,-3.4156360037504183,W5
2017-06-08,106678.55543652599,110232.64063428353,-3.224167703238507,W5
2017-06-09,106619.69853516758,110232.64063428353,-3.277561054808188,W5
2017-06-09,106583.40792598884,110232.64063428353,-3.310482890817855,W5
2017-06-09,106723.3244434346,110232.64063428353,-3.183554499516809,W5
2017-06-09,106850.21042495346,110232.64063428353,-3.0684470496827534,W5
2017-06-09,107035.04919733605,110232.64063428353,-2.9007664322911926,W5
2017-06-12,107228.2926086181,110232.64063428353,-2.725461359156668,W5
2017-06-12,107389.9431526363,110232.64063428353,-2.5788164606147626,W5
2017-06-12,107778.91462880002,110232.64063428353,-2.2259523053831036,W5
2017-06-12,107994.26697261211,110232.64063428353,-2.030590620701558,W5
2017-06-12,108164.98897376664,110232.64063428353,-1.8757163473718197,W5
2017-06-12,108258.41784956561,110232.64063428353,-1.7909602576497767,W5
2017-06-12,108459.02794801387,110232.64063428353,-1.6089723298509482,W5
2017-06-13,108646.5325938414,110232.64063428353,-1.438873305869828,W5
2017-06-13,108837.52707603201,110232.64063428353,-1.2656083989496822,W5
2017-06-13,108998.74680109032,110232.64063428353,-1.1193543274417816,W5
2017-06-13,109190.48903760454,110232.64063428353,-0.945411078499437,W5
2017-06-14,109088.72272464179,110232.64063428353,-1.0377306604101844,W5
2017-06-14,109450.88123733834,110232.64063428353,-0.7091904833694505,W5
2017-06-15,108770.80435115259,110232.64063428353,-1.3261374078670927,W5
2017-06-15,108850.12323809997,110232.64063428353,-1.2541815094226962,W5
2017-06-16,108777.29833432814,110232.64063428353,-1.320246246103952,W5
2017-06-16,108969.90018541116,110232.64063428353,-1.1455231786215996,W5
2017-06-16,109344.52118919433,110232.64063428353,-0.8056773746677152,W5
2017-06-16,109145.98715421309,110232.64063428353,-0.9857819551611817,W5
2017-06-16,108974.238217637,110232.64063428353,-1.1415878358765794,W5
2017-06-16,108780.67984341823,110232.64063428353,-1.3171786346681444,W5
2017-06-19,109051.51899724807,110232.64063428353,-1.071480851986513,W5
2017-06-19,109099.71569252723,110232.64063428353,-1.0277581442641637,W5
2017-06-19,109148.79325215322,110232.64063428353,-0.983236340791438,W5
2017-06-19,109162.7628390911,110232.64063428353,-0.9705635182431475,W5
2017-06-19,108981.47133065887,110232.64063428353,-1.1350261559782784,W5
2017-06-19,109099.71837347971,110232.64063428353,-1.0277557121782854,W5
2017-06-19,109279.50223666003,110232.64063428353,-0.864660768479366,W5
2017-06-19,109780.76424274844,110232.64063428353,-0.4099297530522444,W5
2017-06-19,109949.42240727147,110232.64063428353,-0.2569277351811619,W5
2017-06-20,110010.66014710061,110232.64063428353,-0.20137455285986566,W5
2017-06-20,110056.837281742,110232.64063428353,-0.15948393464035945,W5
2017-06-20,110160.13895807695,110232.64063428353,-0.06577151358200346,W5
2017-06-21,110158.14094036884,110232.64063428353,-0.06758405993542914,W5
2017-06-21,109960.97620814251,110232.64063428353,-0.2464464468762082,W5
2017-06-21,110063.51443059141,110232.64063428353,-0.15342661004848565,W5
2017-06-21,110190.3490521818,110232.64063428353,-0.03836575251973964,W5
2017-06-21,110313.3524000001,110313.3524000001,0.0,W5
2017-06-21,110389.35142184701,110389.35142184701,0.0,W5
2017-06-22,109684.24672701795,110389.35142184701,-0.6387433984773953,W5
2017-06-22,109672.95870960031,110389.35142184701,-0.6489690382444978,W5
2017-06-22,109514.11997800505,110389.35142184701,-0.7928585797169022,W5
2017-06-22,109674.37741065638,110389.35142184701,-0.6476838589787466,W5
2017-06-22,109957.88211542949,110389.35142184701,-0.3908613474579497,W5
2017-06-23,110037.23998605266,110389.35142184701,-0.3189722842457596,W5
2017-06-23,109939.43050009073,110389.35142184701,-0.40757637938910063,W5
2017-06-26,110090.69949155908,110389.35142184701,-0.27054414800087834,W5
2017-06-26,110393.41443079167,110393.41443079167,0.0,W5
2017-06-26,110567.74420868349,110567.74420868349,0.0,W5
2017-06-27,110460.9496479224,110567.74420868349,-0.09658744647944253,W5
2017-06-27,110158.30188546589,110567.74420868349,-0.3703090138520247,W5
2017-06-27,109917.33097931885,110567.74420868349,-0.5882486199022583,W5
2017-06-27,109900.6268852876,110567.74420868349,-0.6033561850884768,W5
2017-06-27,110070.47952056435,110567.74420868349,-0.4497375719094157,W5
2017-06-27,110445.71434818339,110567.74420868349,-0.11036660047055305,W5
2017-06-27,110626.68620884554,110626.68620884554,0.0,W5
2017-06-28,110793.33872992439,110793.33872992439,0.0,W5
2017-06-28,111069.92927458933,111069.92927458933,0.0,W5
2017-06-28,111310.0247284302,111310.0247284302,0.0,W5
2017-06-28,111111.50678103435,111310.0247284302,-0.17834687206313382,W5
2017-06-28,111265.16279521135,111310.0247284302,-0.04030358750553334,W5
2017-06-28,110984.60036065019,111310.0247284302,-0.29235854414188556,W5
2017-06-28,110658.35416429739,111310.0247284302,-0.5854554122350932,W5
2017-06-28,110545.94457106445,111310.0247284302,-0.6864432554299799,W5
2017-06-29,110353.75826289463,111310.0247284302,-0.859101835498319,W5
2017-06-29,110134.87760480335,111310.0247284302,-1.0557423974111342,W5
2017-06-29,110367.41420502828,111310.0247284302,-0.846833450717187,W5
2017-06-29,110551.88371696937,111310.0247284302,-0.681107576168914,W5
2017-06-30,110259.23548580312,111310.0247284302,-0.944020311908796,W5
2017-06-30,110207.13991951296,111310.0247284302,-0.9908225351741801,W5
2017-07-03,110778.57569654573,111310.0247284302,-0.4774493880322862,W5
2017-07-03,110348.58071834971,111310.0247284302,-0.863753298434877,W5
2017-07-03,110620.66147883087,111310.0247284302,-0.6193182072155838,W5
2017-07-05,110561.17933504748,111310.0247284302,-0.6727564702368266,W5
2017-07-05,110499.82425899745,111310.0247284302,-0.7278773600216539,W5
2017-07-05,110576.13716219953,111310.0247284302,-0.6593184827882099,W5
2017-07-05,110802.79102324984,111310.0247284302,-0.45569454001819804,W5
2017-07-05,110897.30695018143,111310.0247284302,-0.3707822177343893,W5
2017-07-05,110917.56975427472,111310.0247284302,-0.3525782831447359,W5
2017-07-05,110693.41268025615,111310.0247284302,-0.5539591332213217,W5
2017-07-05,111052.18849193527,111310.0247284302,-0.23163792939942893,W5
2017-07-06,110837.68963896895,111310.0247284302,-0.4243419140491943,W5
2017-07-06,110683.2574543008,111310.0247284302,-0.5630825037174955,W5
2017-07-06,110545.87680546739,111310.0247284302,-0.6865041354785021,W5
2017-07-06,110519.04188658325,111310.0247284302,-0.7106124033093729,W5
2017-07-06,110331.75262172632,111310.0247284302,-0.8788715204139338,W5
2017-07-06,110547.81399148217,111310.0247284302,-0.6847637836822407,W5
2017-07-06,110135.06785497993,111310.0247284302,-1.0555714782355692,W5
2017-07-07,110083.64439812161,111310.0247284302,-1.1017698839800476,W5
2017-07-10,110324.35987588725,111310.0247284302,-0.885513101760362,W5
2017-07-10,110479.95456450678,111310.0247284302,-0.7457281282153966,W5
2017-07-10,110499.79712459464,111310.0247284302,-0.7279017373433564,W5
2017-07-10,110569.67740470555,111310.0247284302,-0.6651218751688547,W5
2017-07-10,110615.72876822708,111310.0247284302,-0.6237497133767013,W5
2017-07-10,110558.23271360896,111310.0247284302,-0.6754036904182132,W5
2017-07-10,110241.06402862423,111310.0247284302,-0.9603453978327499,W5
2017-07-10,110246.40932209078,111310.0247284302,-0.9555432306608389,W5
2017-07-11,110353.03363715626,111310.0247284302,-0.8597528332320223,W5
2017-07-11,110244.07790612713,111310.0247284302,-0.9576377553627589,W5
2017-07-11,110146.70862102597,111310.0247284302,-1.0451135108831766,W5
2017-07-11,110092.04200148548,111310.0247284302,-1.0942255469948128,W5
2017-07-11,110058.73871772282,111310.0247284302,-1.124144940008968,W5
2017-07-11,109899.75882892794,111310.0247284302,-1.2669711492230604,W5
2017-07-11,109844.85637939238,111310.0247284302,-1.3162950530399036,W5
2017-07-12,109860.74416063419,111310.0247284302,-1.3020216025752493,W5
2017-07-12,110854.11956456231,111310.0247284302,-0.4095814056103152,W5
2017-07-13,110924.32406152268,111310.0247284302,-0.346510269716081,W5
2017-07-13,111006.83880747773,111310.0247284302,-0.2723797085591986,W5
2017-07-14,111035.6541029196,111310.0247284302,-0.24649228690767672,W5
2017-07-14,110991.93448180033,111310.0247284302,-0.2857696307281722,W5
2017-07-14,110998.64729179032,111310.0247284302,-0.27973889809078106,W5
2017-07-14,111008.02233723247,111310.0247284302,-0.2713164352757505,W5
2017-07-14,111103.60854437438,111310.0247284302,-0.18544258215684412,W5
2017-07-14,111090.37932647298,111310.0247284302,-0.19732760143851258,W5
2017-07-17,111183.7446133821,111310.0247284302,-0.11344900457635214,W5
2017-07-17,111257.4411181648,111310.0247284302,-0.047240677911707184,W5
2017-07-17,111278.59384317773,111310.0247284302,-0.028237245772924646,W5
2017-07-17,111196.50934529757,111310.0247284302,-0.10198127563944208,W5
2017-07-17,111099.56552120004,111310.0247284302,-0.18907480053448042,W5
2017-07-19,111105.1440511528,111310.0247284302,-0.18406309564413148,W5
2017-07-19,111210.0743591785,111310.0247284302,-0.0897945800439428,W5
2017-07-20,111157.68497696529,111310.0247284302,-0.1368607650897427,W5
2017-07-20,111112.01422762786,111310.0247284302,-0.17789098626600483,W5
2017-07-20,111196.16473786972,111310.0247284302,-0.10229086808512518,W5
2017-07-21,111325.78729530626,111325.78729530626,0.0,W5
2017-07-24,111355.97727485324,111355.97727485324,0.0,W5
2017-07-25,111423.87794362343,111423.87794362343,0.0,W5
2017-07-25,111497.41858131802,111497.41858131802,0.0,W5
2017-07-25,111602.40268488541,111602.40268488541,0.0,W5
2017-07-27,111675.61378885877,111675.61378885877,0.0,W5
2017-07-27,111747.23727923507,111747.23727923507,0.0,W5
2017-07-27,111962.14910664565,111962.14910664565,0.0,W5
2017-07-27,112051.29719966435,112051.29719966435,0.0,W5
2017-07-28,112147.26859848927,112147.26859848927,0.0,W5
2017-07-28,112015.95472317458,112147.26859848927,-0.11709056935200399,W5
2017-07-28,111898.30256761027,112147.26859848927,-0.22199919266010387,W5
2017-07-28,111822.52481728439,112147.26859848927,-0.2895690508232877,W5
2017-07-28,111540.01679114572,112147.26859848927,-0.5414771264003211,W5
2017-07-31,111616.50654032317,112147.26859848927,-0.4732723897773583,W5
2017-07-31,111691.15292398806,112147.26859848927,-0.4067113539199977,W5
2017-07-31,111784.67608010989,112147.26859848927,-0.3233181894759694,W5
2017-07-31,111847.8632177861,112147.26859848927,-0.2669751875768889,W5
2017-07-31,111852.66651139206,112147.26859848927,-0.26269216431115283,W5
2017-07-31,111703.41840037431,112147.26859848927,-0.39577441667709,W5
2017-07-31,111498.58652618539,112147.26859848927,-0.5784198584686903,W5
2017-07-31,111443.05341060854,112147.26859848927,-0.6279378862110074,W5
2017-08-01,111364.26134447653,112147.26859848927,-0.698195563563901,W5
2017-08-01,111110.74500835541,112147.26859848927,-0.9242521936444407,W5
2017-08-01,111217.71037235906,112147.26859848927,-0.828872818524214,W5
2017-08-02,111192.2739076368,112147.26859848927,-0.8515541241325758,W5
2017-08-03,111165.90883910288,112147.26859848927,-0.8750634515227204,W5
2017-08-03,111066.08728958857,112147.26859848927,-0.9640727967896929,W5
2017-08-03,111105.1005234277,112147.26859848927,-0.9292852943148868,W5
2017-08-03,111170.65194514031,112147.26859848927,-0.870834096589059,W5
2017-08-03,111036.75493782264,112147.26859848927,-0.990228005144295,W5
2017-08-03,110961.17584789118,112147.26859848927,-1.057620720879574,W5
2017-08-03,110943.25818401916,112147.26859848927,-1.0735976270458514,W5
2017-08-03,111022.00211334045,112147.26859848927,-1.003382872549052,W5
2017-08-03,111028.77849269056,112147.26859848927,-0.9973404789760368,W5
2017-08-04,111099.82402749179,112147.26859848927,-0.9339902648432337,W5
2017-08-04,111577.54676028091,112147.26859848927,-0.5080122283210393,W5
2017-08-04,111572.18823013628,112147.26859848927,-0.512790347495581,W5
2017-08-04,111546.7638036711,112147.26859848927,-0.5354609187746762,W5
2017-08-04,111737.60769859054,112147.26859848927,-0.3652883436380494,W5
2017-08-07,111917.25576411028,112147.26859848927,-0.20509891792593943,W5
2017-08-07,112024.28752466613,112147.26859848927,-0.10966033801807899,W5
2017-08-07,112202.16713922186,112202.16713922186,0.0,W5
2017-08-07,112165.714476777,112202.16713922186,-0.032488376449656034,W5
2017-08-07,112377.56227146633,112377.56227146633,0.0,W5
2017-08-08,112551.54779688799,112551.54779688799,0.0,W5
2017-08-08,112518.77486295204,112551.54779688799,-0.02911815481657591,W5
2017-08-08,112537.34543871864,112551.54779688799,-0.01261853652601913,W5
2017-08-08,112555.72284956092,112555.72284956092,0.0,W5
2017-08-08,112479.54410082025,112555.72284956092,-0.06768092000305276,W5
2017-08-08,112445.81215536087,112555.72284956092,-0.09765002739750034,W5
2017-08-09,112413.87009737702,112555.72284956092,-0.1260289113628593,W5
2017-08-09,112213.39643386225,112555.72284956092,-0.3041395026676826,W5
2017-08-09,112015.62208627457,112555.72284956092,-0.47985188990188643,W5
2017-08-09,111973.2664250245,112555.72284956092,-0.5174827274797148,W5
2017-08-09,111768.18875143591,112555.72284956092,-0.6996837461366603,W5
2017-08-09,111733.12870355415,112555.72284956092,-0.7308328045711437,W5
2017-08-09,111734.30921797297,112555.72284956092,-0.7297839779198295,W5
2017-08-10,111631.26587297475,112555.72284956092,-0.8213327169705733,W5
2017-08-10,111815.19973994805,112555.72284956092,-0.6579168885109771,W5
2017-08-11,111746.30778450915,112555.72284956092,-0.7191238655484562,W5
2017-08-14,111834.75073767095,112555.72284956092,-0.6405468275065803,W5
2017-08-14,112006.08155076831,112555.72284956092,-0.4883281674866393,W5
2017-08-14,112087.58596280751,112555.72284956092,-0.41591566817007036,W5
2017-08-14,111986.6623189297,112555.72284956092,-0.5055811612456281,W5
2017-08-14,111609.56260214627,112555.72284956092,-0.8406149624921896,W5
2017-08-14,111699.29673846006,112555.72284956092,-0.760890774292774,W5
2017-08-14,111895.88726221747,112555.72284956092,-0.5862301539526051,W5
2017-08-14,112007.54525024725,112555.72284956092,-0.48702774540069277,W5
2017-08-15,112222.28099613471,112555.72284956092,-0.2962460237333978,W5
2017-08-15,111486.28991873756,112555.72284956092,-0.9501364335358886,W5
2017-08-15,111083.72841311787,112555.72284956092,-1.3077917312214067,W5
2017-08-15,111087.75099638503,112555.72284956092,-1.3042178718339696,W5
2017-08-15,111014.36566240578,112555.72284956092,-1.3694169857673766,W5
2017-08-15,110587.42334274638,112555.72284956092,-1.7487333891012522,W5
2017-08-16,110592.54512583867,112555.72284956092,-1.7441829469179229,W5
2017-08-16,110434.23099320542,112555.72284956092,-1.884836952440906,W5
2017-08-16,110165.85595576001,112555.72284956092,-2.1232744398035996,W5
2017-08-17,110068.009996702,112555.72284956092,-2.2102055674094174,W5
2017-08-17,109748.49438342436,112555.72284956092,-2.4940788394106135,W5
2017-08-17,109651.78356501753,112555.72284956092,-2.5800014526357944,W5
2017-08-17,109098.26379332821,112555.72284956092,-3.0717754448202137,W5
2017-08-18,108781.48707853995,112555.72284956092,-3.3532153456697253,W5
2017-08-18,108574.03932770544,112555.72284956092,-3.5375220566770227,W5
2017-08-18,108165.82455329323,112555.72284956092,-3.9001999943930943,W5
2017-08-18,108161.6609145933,112555.72284956092,-3.9038991743143994,W5
2017-08-18,107818.2146036267,112555.72284956092,-4.209033646619866,W5
2017-08-18,107819.72799178735,112555.72284956092,-4.207689078682895,W5
2017-08-18,107759.43992440305,112555.72284956092,-4.2612519414658765,W5
2017-08-21,107934.53126937155,112555.72284956092,-4.1056922413140455,W5
2017-08-23,108645.94304016606,112555.72284956092,-3.473639287644718,W5
2017-08-23,108806.53131115969,112555.72284956092,-3.3309648265617713,W5
2017-08-23,108588.86701724475,112555.72284956092,-3.524348413290516,W5
2017-08-23,108437.60541305091,112555.72284956092,-3.6587366081902126,W5
2017-08-24,108387.18280518604,112555.72284956092,-3.7035345150298964,W5
2017-08-24,108561.80207712864,112555.72284956092,-3.5483942276044447,W5
2017-08-24,108746.03411819722,112555.72284956092,-3.3847134867194892,W5
2017-08-24,109034.85199695334,112555.72284956092,-3.1281135809624576,W5
2017-08-25,108637.12521850216,112555.72284956092,-3.4814734709635817,W5
2017-08-25,108817.59948617882,112555.72284956092,-3.3211313194428818,W5
2017-08-25,108999.49663549646,112555.72284956092,-3.1595250103965125,W5
2017-08-25,109172.95839390803,112555.72284956092,-3.005413114510578,W5
2017-08-28,109484.83109988329,112555.72284956092,-2.7283301745412816,W5
2017-08-28,109767.04526139391,112555.72284956092,-2.4775973336284984,W5
2017-08-29,109981.23058036175,112555.72284956092,-2.2873046381125968,W5
2017-08-29,109991.71268215279,112555.72284956092,-2.2779918270660597,W5
2017-08-29,110032.98425834138,112555.72284956092,-2.2413241435900675,W5
2017-08-29,109011.28453871,112555.72284956092,-3.1490520616071436,W5
2017-08-29,108994.71610546461,112555.72284956092,-3.1637722666983827,W5
2017-08-29,109067.73636943797,112555.72284956092,-3.0988974987836864,W5
2017-08-29,108996.73728636863,112555.72284956092,-3.161976550893936,W5
2017-08-29,109021.53166056897,112555.72284956092,-3.139948018205749,W5
2017-08-30,109083.03815640546,112555.72284956092,-3.0853026440929727,W5
2017-08-30,109118.29470721455,112555.72284956092,-3.053979002863095,W5
2017-08-31,109560.02206057549,112555.72284956092,-2.6615268536717633,W5
2017-08-31,109907.44883037514,112555.72284956092,-2.3528559473829587,W5
2017-08-31,110123.52532533728,112555.72284956092,-2.160883038772226,W5
2017-08-31,110338.90877482081,112555.72284956092,-1.9695258656044008,W5
2017-08-31,110546.91514773892,112555.72284956092,-1.7847228474618857,W5
2017-08-31,110752.35018273935,112555.72284956092,-1.6022043314775822,W5
2017-09-01,110954.988244235,112555.72284956092,-1.4221707833242831,W5
2017-09-01,111216.84964522878,112555.72284956092,-1.1895203286301483,W5
2017-09-01,111591.24673021323,112555.72284956092,-0.8568876774366968,W5
2017-09-01,111957.67056390502,112555.72284956092,-0.5313388520059861,W5
2017-09-06,111771.68646667014,112555.72284956092,-0.6965762051376942,W5
2017-09-07,111915.8084865691,112555.72284956092,-0.5685311655339852,W5
2017-09-07,111855.78244580925,112555.72284956092,-0.6218612310696875,W5
2017-09-07,111554.22864570451,112555.72284956092,-0.8897763512166996,W5
2017-09-08,111782.0020186332,112555.72284956092,-0.6874113650905648,W5
2017-09-08,111572.3724086596,112555.72284956092,-0.8736565462918594,W5
2017-09-08,111544.9925076798,112555.72284956092,-0.8979821872158708,W5
2017-09-08,111670.28612716087,112555.72284956092,-0.7866652178881186,W5
2017-09-08,111702.89511031577,112555.72284956092,-0.7576938050364702,W5
2017-09-11,112090.12954163272,112555.72284956092,-0.4136558285450281,W5
2017-09-11,112273.50468649996,112555.72284956092,-0.2507363960854849,W5
2017-09-11,112461.30389243283,112555.72284956092,-0.08388641175916536,W5
2017-09-11,112729.69203899681,112729.69203899681,0.0,W5
2017-09-11,112928.09105533853,112928.09105533853,0.0,W5
2017-09-11,113171.37566901543,113171.37566901543,0.0,W5
2017-09-11,113517.32532337598,113517.32532337598,0.0,W5
2017-09-11,113687.97964907992,113687.97964907992,0.0,W5
2017-09-11,113928.14446323835,113928.14446323835,0.0,W5
2017-09-11,114117.45717541693,114117.45717541693,0.0,W5
2017-09-11,114309.75917387463,114309.75917387463,0.0,W5
2017-09-11,114009.00560590124,114309.75917387463,-0.26310401679345113,W5
2017-09-11,114345.96878923979,114345.96878923979,0.0,W5
2017-09-12,114560.24482827006,114560.24482827006,0.0,W5
2017-09-12,114744.76952927341,114744.76952927341,0.0,W5
2017-09-12,114934.11000094195,114934.11000094195,0.0,W5
2017-09-13,115324.65269151703,115324.65269151703,0.0,W5
2017-09-13,115643.19899161799,115643.19899161799,0.0,W5
2017-09-14,114940.33009821702,115643.19899161799,-0.6077909462292848,W5
2017-09-15,115134.9844676057,115643.19899161799,-0.4394677148710907,W5
2017-09-15,115447.61842833407,115643.19899161799,-0.16912413785621264,W5
2017-09-18,115528.72732683069,115643.19899161799,-0.0989869406808751,W5
2017-09-18,115720.6917922908,115720.6917922908,0.0,W5
2017-09-18,116077.58871727074,116077.58871727074,0.0,W5
2017-09-18,116270.30641781037,116270.30641781037,0.0,W5
2017-09-19,116101.13250132038,116270.30641781037,-0.14550053380101666,W5
2017-09-19,116006.35035973108,116270.30641781037,-0.22701931921532853,W5
2017-09-19,116003.64906419447,116270.30641781037,-0.22934260847105745,W5
2017-09-19,115859.98999287807,116270.30641781037,-0.3528987215857627,W5
2017-09-20,116449.46206700722,116449.46206700722,0.0,W5
2017-09-20,116738.0385248256,116738.0385248256,0.0,W5
2017-09-21,116511.9520526739,116738.0385248256,-0.19366992542333952,W5
2017-09-21,116835.73224845875,116835.73224845875,0.0,W5
2017-09-21,117049.00697393803,117049.00697393803,0.0,W5
2017-09-22,117356.61924829338,117356.61924829338,0.0,W5
2017-09-25,117087.5037338445,117356.61924829338,-0.2293143038480985,W5
2017-09-25,117315.5918655682,117356.61924829338,-0.034959581306937645,W5
2017-09-26,117543.5569749292,117543.5569749292,0.0,W5
2017-09-26,117360.92278823824,117543.5569749292,-0.15537575294741013,W5
2017-09-26,117533.1745860518,117543.5569749292,-0.008832801341565966,W5
2017-09-26,117356.51348715721,117543.5569749292,-0.15912695904879814,W5
2017-09-26,117150.19681419134,117543.5569749292,-0.33465055070756916,W5
2017-09-26,116773.5730451244,117543.5569749292,-0.6550626419864359,W5
2017-09-26,116643.50046758281,117543.5569749292,-0.7657216869303755,W5
2017-09-26,116404.00575418104,117543.5569749292,-0.969471445373412,W5
2017-09-26,116476.15055275414,117543.5569749292,-0.9080943691390299,W5
2017-09-26,116154.12958556999,117543.5569749292,-1.1820532108412953,W5
2017-09-26,116161.41964000068,117543.5569749292,-1.1758512082659902,W5
2017-09-26,115621.7795589949,117543.5569749292,-1.6349491757716712,W5
2017-09-26,114733.81928971174,117543.5569749292,-2.3903800068061165,W5
2017-09-27,116417.07973671224,117543.5569749292,-0.9583487748777476,W5
2017-09-27,116657.85685252109,117543.5569749292,-0.7535080145626597,W5
2017-09-27,116862.13359153601,117543.5569749292,-0.5797198935697806,W5
2017-09-28,117065.88068746106,117543.5569749292,-0.40638236561960406,W5
2017-09-28,117078.32734415842,117543.5569749292,-0.3957933916105806,W5
2017-09-28,117256.61344142974,117543.5569749292,-0.2441167690379365,W5
2017-09-28,117134.76470961412,117543.5569749292,-0.34777938990078383,W5
2017-09-28,116880.51374247907,117543.5569749292,-0.5640830084728088,W5
2017-09-29,117055.48222451215,117543.5569749292,-0.41522884195273996,W5
2017-09-29,116974.69963811625,117543.5569749292,-0.48395450286934016,W5
2017-09-29,117013.71270795276,117543.5569749292,-0.45076419381239097,W5
2017-09-29,117224.2396360302,117543.5569749292,-0.2716587341040886,W5
2017-09-29,117477.30041030032,117543.5569749292,-0.056367670278191125,W5
2017-09-29,117631.24459464263,117631.24459464263,0.0,W5
2017-10-02,117898.70430597602,117898.70430597602,0.0,W5
2017-10-02,117945.9782365518,117945.9782365518,0.0,W5
2017-10-02,118173.1573925691,118173.1573925691,0.0,W5
2017-10-02,118242.65190924497,118242.65190924497,0.0,W5
2017-10-02,118024.96588832398,118242.65190924497,-0.18410109838206268,W5
2017-10-02,117730.58489616126,118242.65190924497,-0.43306455396208265,W5
2017-10-02,117601.77774372144,118242.65190924497,-0.5419991476640991,W5
2017-10-02,117607.06268481012,118242.65190924497,-0.5375295751339253,W5
2017-10-02,117886.70921217409,118242.65190924497,-0.30102732924502207,W5
2017-10-03,118102.86318573335,118242.65190924497,-0.11822191168286186,W5
2017-10-04,118280.19477369764,118280.19477369764,0.0,W5
2017-10-05,118510.15763883328,118510.15763883328,0.0,W5
2017-10-05,118651.28704928723,118651.28704928723,0.0,W5
2017-10-05,118765.73553237486,118765.73553237486,0.0,W5
2017-10-05,118597.23542599387,118765.73553237486,-0.1418760264698216,W5
2017-10-06,118606.23179282557,118765.73553237486,-0.1343011423575265,W5
2017-10-10,118686.85185129865,118765.73553237486,-0.06641956177226871,W5
2017-10-10,118834.4835996979,118834.4835996979,0.0,W5
2017-10-11,118889.52860118286,118889.52860118286,0.0,W5
2017-10-12,118973.00642670075,118973.00642670075,0.0,W5
2017-10-12,119010.51731133279,119010.51731133279,0.0,W5
2017-10-13,119048.81502147157,119048.81502147157,0.0,W5
2017-10-16,119072.5189431401,119072.5189431401,0.0,W5
2017-10-16,119075.79477337646,119075.79477337646,0.0,W5
2017-10-16,119185.42089940775,119185.42089940775,0.0,W5
2017-10-16,119203.58479375465,119203.58479375465,0.0,W5
2017-10-17,119333.10078475937,119333.10078475937,0.0,W5
2017-10-17,119317.22502317227,119333.10078475937,-0.013303736752583872,W5
2017-10-17,119410.79531077837,119410.79531077837,0.0,W5
2017-10-17,119375.6706627801,119410.79531077837,-0.029414968644041115,W5
2017-10-17,119363.78149904056,119410.79531077837,-0.039371492012468555,W5
2017-10-18,119275.49589581943,119410.79531077837,-0.11330584861009069,W5
2017-10-18,119250.21009724178,119410.79531077837,-0.13448131981589015,W5
2017-10-18,119274.14402691627,119410.79531077837,-0.11443796476394777,W5
2017-10-18,119348.73274750555,119410.79531077837,-0.05197399708401143,W5
2017-10-18,119369.62093320339,119410.79531077837,-0.03448128577304749,W5
2017-10-18,119447.0821664605,119447.0821664605,0.0,W5
2017-10-18,119475.81128470026,119475.81128470026,0.0,W5
2017-10-18,119591.51434632248,119591.51434632248,0.0,W5
2017-10-19,119528.15828862143,119591.51434632248,-0.05297705112887764,W5
2017-10-19,119528.96437079053,119591.51434632248,-0.052303021559548,W5
2017-10-19,119488.7730080034,119591.51434632248,-0.08591022438394794,W5
2017-10-20,119629.97884357841,119629.97884357841,0.0,W5
2017-10-20,119713.38026017336,119713.38026017336,0.0,W5
2017-10-20,119732.81655734857,119732.81655734857,0.0,W5
2017-10-20,119823.03677236715,119823.03677236715,0.0,W5
2017-10-20,119913.69328034348,119913.69328034348,0.0,W5
2017-10-20,119899.76914853136,119913.69328034348,-0.011611794642641365,W5
2017-10-20,119984.92056267397,119984.92056267397,0.0,W5
2017-10-20,120051.53755734954,120051.53755734954,0.0,W5
2017-10-20,120096.42097503305,120096.42097503305,0.0,W5
2017-10-20,120182.96579617451,120182.96579617451,0.0,W5
2017-10-20,120176.5856147231,120182.96579617451,-0.0053087235858665215,W5
2017-10-20,120143.73375629012,120182.96579617451,-0.032643594393338235,W5
2017-10-20,120033.8440009916,120182.96579617451,-0.12407897757808811,W5
2017-10-23,120081.86405882919,120182.96579617451,-0.08412318391009416,W5
2017-10-23,120165.09918312884,120182.96579617451,-0.014866177521339062,W5
2017-10-23,120266.60744190047,120266.60744190047,0.0,W5
2017-10-23,120348.82645462225,120348.82645462225,0.0,W5
2017-10-23,120398.72188255053,120398.72188255053,0.0,W5
2017-10-23,120286.25783626933,120398.72188255053,-0.09340966791234218,W5
2017-10-23,120251.69302565655,120398.72188255053,-0.12211828713381155,W5
2017-10-23,120273.7135785537,120398.72188255053,-0.10382859721615359,W5
2017-10-24,120330.99031041258,120398.72188255053,-0.05625605577774678,W5
2017-10-24,120406.01285674001,120406.01285674001,0.0,W5
2017-10-24,120478.42451888202,120478.42451888202,0.0,W5
2017-10-26,120482.76219757038,120482.76219757038,0.0,W5
2017-10-26,120334.98079478423,120482.76219757038,-0.1226577147557512,W5
2017-10-26,120423.86597278588,120482.76219757038,-0.04888352799210011,W5
2017-10-27,120636.47842211546,120636.47842211546,0.0,W5
2017-10-27,120667.68714163647,120667.68714163647,0.0,W5
2017-10-27,120827.1663571397,120827.1663571397,0.0,W5
2017-10-27,120920.84136483747,120920.84136483747,0.0,W5
2017-10-27,120906.15188559887,120920.84136483747,-0.012148012760083723,W5
2017-10-27,120852.15156459845,120920.84136483747,-0.05680559237243024,W5
2017-10-27,120885.66744082258,120920.84136483747,-0.02908838841830724,W5
2017-10-27,120987.6413962213,120987.6413962213,0.0,W5
2017-10-30,120685.53759239934,120987.6413962213,-0.2496980686090068,W5
2017-10-31,120781.50326707968,120987.6413962213,-0.17037949228759525,W5
2017-10-31,120731.0224861541,120987.6413962213,-0.21210340750985632,W5
2017-10-31,120630.55325694333,120987.6413962213,-0.2951443099122377,W5
2017-10-31,120369.64697856992,120987.6413962213,-0.5107913589517111,W5
2017-10-31,120429.93960101224,120987.6413962213,-0.46095765548701073,W5
2017-10-31,120329.56817210073,120987.6413962213,-0.5439177229395288,W5
2017-11-01,120295.50066631437,120987.6413962213,-0.5720755623628035,W5
2017-11-01,120222.48456195256,120987.6413962213,-0.6324256142517348,W5
2017-11-01,120299.19766418316,120987.6413962213,-0.569019880124419,W5
2017-11-01,120139.3663642611,120987.6413962213,-0.701125356417341,W5
2017-11-01,120114.2423598718,120987.6413962213,-0.7218911173656237,W5
2017-11-01,119972.93283223217,120987.6413962213,-0.8386877802387027,W5
2017-11-02,120067.33472711696,120987.6413962213,-0.7606617159271923,W5
2017-11-02,120305.05022954242,120987.6413962213,-0.5641825551780639,W5
2017-11-02,120400.02205726322,120987.6413962213,-0.4856854238803482,W5
2017-11-02,120473.0539250672,120987.6413962213,-0.425322343022523,W5
2017-11-02,120562.68116030731,120987.6413962213,-0.35124268149197513,W5
2017-11-02,120573.90651184128,120987.6413962213,-0.34196458382478684,W5
2017-11-02,120436.6951969989,120987.6413962213,-0.455373948003587,W5
2017-11-02,120492.29953715074,120987.6413962213,-0.4094152537847767,W5
2017-11-02,120392.84884302878,120987.6413962213,-0.49161430566666997,W5
2017-11-03,120438.15929046275,120987.6413962213,-0.4541638298072583,W5
2017-11-03,120489.28517252694,120987.6413962213,-0.4119067186889711,W5
2017-11-06,120404.22072135346,120987.6413962213,-0.4822150991085129,W5
2017-11-06,120407.02827199455,120987.6413962213,-0.47989457231032323,W5
2017-11-06,120595.44780476393,120987.6413962213,-0.3241600438948789,W5
2017-11-06,121196.31881088032,121196.31881088032,0.0,W5
2017-11-07,121540.5870474596,121540.5870474596,0.0,W5
2017-11-07,121475.03664432392,121540.5870474596,-0.053932932798890304,W5
2017-11-07,121457.54185742457,121540.5870474596,-0.06832712598516827,W5
2017-11-07,121494.83664755286,121540.5870474596,-0.03764207580211575,W5
2017-11-07,121427.63451724443,121540.5870474596,-0.09293400086266498,W5
2017-11-08,121378.38125692384,121540.5870474596,-0.1334581266029482,W5
2017-11-08,122239.95005562027,122239.95005562027,0.0,W5
2017-11-09,122230.72718642082,122239.95005562027,-0.0075448895350961635,W5
2017-11-09,122457.78113451901,122457.78113451901,0.0,W5
2017-11-10,122514.27367984885,122514.27367984885,0.0,W5
2017-11-10,122934.31232604699,122934.31232604699,0.0,W5
2017-11-10,123185.45102438834,123185.45102438834,0.0,W5
2017-11-13,123438.83567820252,123438.83567820252,0.0,W5
2017-11-13,123704.70480582019,123704.70480582019,0.0,W5
2017-11-13,123504.63323210632,123704.70480582019,-0.16173319683185883,W5
2017-11-13,123847.63548838577,123847.63548838577,0.0,W5
2017-11-13,123664.36815869925,123847.63548838577,-0.14797806107788916,W5
2017-11-13,123669.38910018327,123847.63548838577,-0.1439239332261775,W5
2017-11-13,123725.79505976247,123847.63548838577,-0.09837929334930585,W5
2017-11-13,123483.8498554762,123847.63548838577,-0.2937364379021042,W5
2017-11-13,123332.04245185085,123847.63548838577,-0.4163123781101747,W5
2017-11-14,123576.92204443777,123847.63548838577,-0.21858588004563614,W5
2017-11-14,123845.75635134231,123847.63548838577,-0.0015172974728605584,W5
2017-11-14,124146.77192088605,124146.77192088605,0.0,W5
2017-11-15,124458.24537664409,124458.24537664409,0.0,W5
2017-11-15,123993.58398238294,124458.24537664409,-0.37334721605222193,W5
2017-11-15,123916.49971197135,124458.24537664409,-0.4352830646400879,W5
2017-11-15,123971.16141494246,124458.24537664409,-0.3913633526067999,W5
2017-11-15,123503.71774799813,124458.24537664409,-0.766946075575225,W5
2017-11-15,123420.03117916401,124458.24537664409,-0.8341867542308354,W5
2017-11-15,123017.92382142942,124458.24537664409,-1.1572729077578363,W5
2017-11-16,122869.17648383918,124458.24537664409,-1.2767887639713678,W5
2017-11-16,122762.79556045923,124458.24537664409,-1.3622639553160771,W5
2017-11-16,122675.1796438041,124458.24537664409,-1.4326617954832537,W5
2017-11-16,122741.82659651242,124458.24537664409,-1.3791121471601409,W5
2017-11-16,123193.15358197536,124458.24537664409,-1.0164788928529551,W5
2017-11-17,123972.45767159939,124458.24537664409,-0.3903218332980467,W5
2017-11-17,124066.82957027204,124458.24537664409,-0.31449568101134956,W5
2017-11-17,123950.64809363478,124458.24537664409,-0.4078454436451221,W5
2017-11-17,123898.72035874642,124458.24537664409,-0.4495684606547346,W5
2017-11-17,124097.38625043284,124458.24537664409,-0.2899439286800077,W5
2017-11-17,124399.22208226497,124458.24537664409,-0.04742417362586096,W5
2017-11-20,124697.1820639205,124697.1820639205,0.0,W5
2017-11-20,125008.46415396004,125008.46415396004,0.0,W5
2017-11-20,125467.26699532532,125467.26699532532,0.0,W5
2017-11-20,125551.8762733545,125551.8762733545,0.0,W5
2017-11-21,125265.74424697623,125551.8762733545,-0.22789944274133803,W5
2017-11-21,125639.60315496326,125639.60315496326,0.0,W5
2017-11-22,125725.05500966686,125725.05500966686,0.0,W5
2017-11-22,125835.91088185985,125835.91088185985,0.0,W5
2017-11-22,125871.51812166444,125871.51812166444,0.0,W5
2017-11-22,125968.0653483229,125968.0653483229,0.0,W5
2017-11-24,125915.25142498333,125968.0653483229,-0.04192643841399311,W5
2017-11-24,125988.07233216256,125988.07233216256,0.0,W5
2017-11-28,126181.14476517885,126181.14476517885,0.0,W5
2017-11-28,126376.10570379974,126376.10570379974,0.0,W5
2017-11-29,126571.22391297149,126571.22391297149,0.0,W5
2017-11-29,126645.49257998251,126645.49257998251,0.0,W5
2017-11-29,126630.3790933701,126645.49257998251,-0.011933694839454705,W5
2017-11-30,126844.47923400134,126844.47923400134,0.0,W5
2017-11-30,127037.7273940516,127037.7273940516,0.0,W5
2017-11-30,127794.78397762326,127794.78397762326,0.0,W5
2017-12-01,128023.31092372673,128023.31092372673,0.0,W5
2017-12-04,128346.91664492327,128346.91664492327,0.0,W5
2017-12-04,128558.18564724913,128558.18564724913,0.0,W5
2017-12-07,129350.28067287817,129350.28067287817,0.0,W5
2017-12-07,129606.01999593228,129606.01999593228,0.0,W5
2017-12-07,129850.40334958256,129850.40334958256,0.0,W5
2017-12-07,130243.20506807475,130243.20506807475,0.0,W5
2017-12-07,130721.6656765276,130721.6656765276,0.0,W5
2017-12-07,130755.8212746549,130755.8212746549,0.0,W5
2017-12-07,131279.36650737698,131279.36650737698,0.0,W5
2017-12-08,131539.3009480025,131539.3009480025,0.0,W5
2017-12-08,131345.7014637405,131539.3009480025,-0.14717995524282765,W5
2017-12-08,131532.68415954182,131539.3009480025,-0.005030274916304259,W5
2017-12-08,131054.4630737011,131539.3009480025,-0.36858784470281286,W5
2017-12-08,131260.08305801754,131539.3009480025,-0.21226955592179106,W5
2017-12-08,131489.66863268873,131539.3009480025,-0.03773192875138005,W5
2017-12-08,131689.55453996104,131689.55453996104,0.0,W5
2017-12-08,131933.74200413632,131933.74200413632,0.0,W5
2017-12-08,132182.21212021715,132182.21212021715,0.0,W5
2017-12-11,132426.3860511838,132426.3860511838,0.0,W5
2017-12-11,132541.3080915341,132541.3080915341,0.0,W5
2017-12-11,132234.85419296075,132541.3080915341,-0.23121387813806166,W5
2017-12-11,132156.48221728794,132541.3080915341,-0.2903441046321938,W5
2017-12-12,131792.65717031877,132541.3080915341,-0.5648434680441723,W5
2017-12-12,131739.07863901963,132541.3080915341,-0.6052674928788555,W5
2017-12-12,130827.7619209879,132541.3080915341,-1.2928393383312653,W5
2017-12-13,130263.81027503246,132541.3080915341,-1.7183305712727521,W5
2017-12-13,130362.64120036388,132541.3080915341,-1.643764440340071,W5
2017-12-13,130455.81354571134,132541.3080915341,-1.573467604818341,W5
2017-12-13,130409.57373011588,132541.3080915341,-1.6083547024796407,W5
2017-12-13,130385.05214723822,132541.3080915341,-1.6268557895978708,W5
2017-12-13,130205.21871197798,132541.3080915341,-1.762536837151774,W5
2017-12-14,129975.87031416429,132541.3080915341,-1.935576021022891,W5
2017-12-14,129725.3688417391,132541.3080915341,-2.124574813951808,W5
2017-12-14,129657.59262923193,132541.3080915341,-2.1757107303563403,W5
2017-12-15,129727.05956885271,132541.3080915341,-2.1232991911758146,W5
2017-12-15,129955.99904218773,132541.3080915341,-1.9505685333669203,W5
2017-12-18,130198.97812137802,132541.3080915341,-1.7672452489592478,W5
2017-12-18,130408.25296716628,132541.3080915341,-1.6093511940403629,W5
2017-12-18,130701.07138332987,132541.3080915341,-1.3884250387308315,W5
2017-12-18,130995.7137681741,132541.3080915341,-1.1661227323127048,W5
2017-12-18,131297.16421963734,132541.3080915341,-0.9386838637789352,W5
2017-12-18,131324.0226978478,132541.3080915341,-0.9184196317465257,W5
2017-12-18,131244.5288122888,132541.3080915341,-0.978396318791218,W5
2017-12-18,130785.12682646845,132541.3080915341,-1.3250067396745604,W5
2017-12-18,130868.26717397003,132541.3080915341,-1.2622788635891926,W5
2017-12-18,130887.75719322203,132541.3080915341,-1.2475739994735162,W5
2017-12-18,130894.88629448134,132541.3080915341,-1.2421952225759845,W5
2017-12-19,131028.40212260446,132541.3080915341,-1.1414599649830044,W5
2017-12-19,131136.33125752417,132541.3080915341,-1.0600294008262217,W5
2017-12-19,131230.11521681005,132541.3080915341,-0.989271113741027,W5
2017-12-19,131439.979923962,132541.3080915341,-0.8309320191796414,W5
2017-12-19,131324.51143624622,132541.3080915341,-0.9180508875373021,W5
2017-12-19,130906.91268502829,132541.3080915341,-1.2331215302153797,W5
2017-12-19,130473.51273404087,132541.3080915341,-1.560113889977,W5
2017-12-20,130521.0427078657,132541.3080915341,-1.524253391458301,W5
2017-12-20,130774.77473953646,132541.3080915341,-1.3328172004894197,W5
2017-12-20,130757.14434056077,132541.3080915341,-1.3461190150176943,W5
2017-12-21,131029.76542812849,132541.3080915341,-1.1404313758256575,W5
2017-12-21,130610.39401496059,132541.3080915341,-1.4568394596196392,W5
2017-12-21,129464.34966488193,132541.3080915341,-2.3215090230792037,W5
2017-12-21,129646.49239707582,132541.3080915341,-2.1840856531000057,W5
2017-12-22,129752.50044366046,132541.3080915341,-2.1041045150600595,W5
2017-12-26,129761.88353915235,132541.3080915341,-2.097025140616734,W5
2017-12-26,129711.60351929044,132541.3080915341,-2.1349604987219855,W5
2017-12-26,128946.97600469754,132541.3080915341,-2.7118580151285974,W5
2017-12-26,129093.30222739268,132541.3080915341,-2.6014575484347877,W5
2017-12-27,128992.9484502281,132541.3080915341,-2.6771726433056435,W5
2017-12-27,129062.88473367978,132541.3080915341,-2.6244069927634133,W5
2017-12-28,129325.0641631333,132541.3080915341,-2.426597394209838,W5
2017-12-28,129622.7337025865,132541.3080915341,-2.202011154840881,W5
2018-01-02,129278.69602005843,132541.3080915341,-2.46158131261424,W5
2018-01-02,129409.47913589593,132541.3080915341,-2.3629078366084166,W5
2018-01-02,129413.40442351745,132541.3080915341,-2.359946278677506,W5
2018-01-02,129289.17316587483,132541.3080915341,-2.4536764971516014,W5
2018-01-02,129495.26475474834,132541.3080915341,-2.2981841515266623,W5
2018-01-02,129320.5342176986,132541.3080915341,-2.430015155434564,W5
2018-01-02,129403.80603081333,132541.3080915341,-2.3671880909414185,W5
2018-01-02,129365.15668736803,132541.3080915341,-2.3963483157813674,W5
2018-01-02,129174.49054591487,132541.3080915341,-2.5402024426181717,W5
2018-01-02,129423.02916863852,132541.3080915341,-2.3526845839955586,W5
2018-01-03,129482.67488924906,132541.3080915341,-2.3076829754635613,W5
2018-01-03,129486.38679054334,132541.3080915341,-2.304882413625344,W5
2018-01-03,129587.34520853376,132541.3080915341,-2.2287111282773098,W5
2018-01-03,129527.02266021131,132541.3080915341,-2.2742233909756626,W5
2018-01-05,129472.03885272957,132541.3080915341,-2.315707671064226,W5
2018-01-05,129562.35975905896,132541.3080915341,-2.247562194284252,W5
2018-01-05,129767.30940886897,132541.3080915341,-2.0929314208589096,W5
2018-01-05,129902.51906414675,132541.3080915341,-1.9909182015654923,W5
2018-01-08,129942.92835466233,132541.3080915341,-1.9604301287545027,W5
2018-01-08,130065.1689699325,132541.3080915341,-1.8682018136500882,W5
2018-01-08,130166.33614201356,132541.3080915341,-1.791873027147401,W5
2018-01-10,130298.15484394434,132541.3080915341,-1.6924182203186158,W5
2018-01-10,129851.14577870118,132541.3080915341,-2.029678408617391,W5
2018-01-10,129956.24332417798,132541.3080915341,-1.9503842270598772,W5
2018-01-10,130127.77159133146,132541.3080915341,-1.8209692773937538,W5
2018-01-11,130394.05247402197,132541.3080915341,-1.6200652071648607,W5
2018-01-11,130488.45475056494,132541.3080915341,-1.5488404109845075,W5
2018-01-11,130611.69542731541,132541.3080915341,-1.4558575677298131,W5
2018-01-11,130535.55653275743,132541.3080915341,-1.5133029752441256,W5
2018-01-11,130644.62114716254,132541.3080915341,-1.4310157125216296,W5
2018-01-11,130546.21931269838,132541.3080915341,-1.5052581022196467,W5
2018-01-11,130692.53185892059,132541.3080915341,-1.3948679541752618,W5
2018-01-12,130965.97419559518,132541.3080915341,-1.1885606975079677,W5
2018-01-12,131260.29236961994,132541.3080915341,-0.9665030022409881,W5
2018-01-16,131316.54999079066,132541.3080915341,-0.9240576529526981,W5
2018-01-16,131395.86011208224,132541.3080915341,-0.8642196126967452,W5
2018-01-16,131153.70479365368,132541.3080915341,-1.0469213846313665,W5
2018-01-16,131027.45298730434,132541.3080915341,-1.1421760702590031,W5
2018-01-16,130888.83500441858,132541.3080915341,-1.2467608105801307,W5
2018-01-16,130781.50328925488,132541.3080915341,-1.32774063242524,W5
2018-01-16,130616.63928820669,132541.3080915341,-1.4521275148410482,W5
2018-01-16,130391.26225118556,132541.3080915341,-1.6221703794138655,W5
2018-01-16,130318.30698688132,132541.3080915341,-1.6772137959567723,W5
2018-01-16,130069.83351995378,132541.3080915341,-1.8646824957193682,W5
2018-01-16,130147.44178840604,132541.3080915341,-1.8061284723965725,W5
2018-01-16,130018.42739945615,132541.3080915341,-1.9034674762192814,W5
2018-01-16,130012.06192453382,132541.3080915341,-1.9082701109706595,W5
2018-01-17,130165.37585974678,132541.3080915341,-1.792597542606474,W5
2018-01-18,130029.7226973737,132541.3080915341,-1.8949453799157308,W5
2018-01-18,130299.7009062347,132541.3080915341,-1.6912517445137327,W5
2018-01-19,130400.56841599337,132541.3080915341,-1.6151490477688002,W5
2018-01-19,130530.04975188248,132541.3080915341,-1.5174577409954502,W5
2018-01-19,130593.2877252927,132541.3080915341,-1.4697458432325718,W5
2018-01-19,130566.64270825376,132541.3080915341,-1.4898490227036407,W5
2018-01-19,130648.62899253886,132541.3080915341,-1.4279918662702067,W5
2018-01-22,130618.36122430442,132541.3080915341,-1.4508283454556494,W5
2018-01-22,130700.43991722733,132541.3080915341,-1.3889014683901062,W5
2018-01-22,130781.28038549943,132541.3080915341,-1.327908809243969,W5
2018-01-22,130866.98397890014,132541.3080915341,-1.2632470108697391,W5
2018-01-23,130964.3837334074,132541.3080915341,-1.189760672225791,W5
2018-01-23,131045.54013220686,132541.3080915341,-1.1285296492579082,W5
2018-01-24,131170.47838878594,132541.3080915341,-1.0342660129787267,W5
2018-01-24,131264.78224424328,132541.3080915341,-0.9631154737127221,W5
2018-01-24,131282.94165302138,132541.3080915341,-0.9494145309352775,W5
2018-01-24,131111.7438266449,132541.3080915341,-1.078580169060899,W5
2018-01-25,131208.1734453399,132541.3080915341,-1.0058257801964108,W5
2018-01-26,131299.8525062846,132541.3080915341,-0.9366556005257898,W5
2018-01-26,131400.84125355037,132541.3080915341,-0.8604614322925712,W5
2018-01-26,131590.7317764468,132541.3080915341,-0.7171924955130363,W5
2018-01-26,131803.71856171833,132541.3080915341,-0.5564978499430419,W5
2018-01-26,132018.99418534635,132541.3080915341,-0.39407631757114575,W5
2018-01-26,132240.90029368128,132541.3080915341,-0.2266522053980017,W5
2018-01-29,132238.9007712345,132541.3080915341,-0.22816080862182855,W5
2018-01-30,132009.30805879208,132541.3080915341,-0.40138432342512376,W5
2018-01-31,132090.4104234495,132541.3080915341,-0.3401940682320728,W5
2018-02-01,132190.2729079524,132541.3080915341,-0.2648496447154954,W5
2018-02-01,132272.4758442146,132541.3080915341,-0.20282902831608393,W5
2018-02-01,132401.06728807534,132541.3080915341,-0.10580912885053584,W5
2018-02-01,132493.87496252373,132541.3080915341,-0.035787430872204075,W5
2018-02-02,132395.89609246544,132541.3080915341,-0.10971070163894624,W5
2018-02-02,131835.39381213053,132541.3080915341,-0.5325994511205988,W5
2018-02-05,131482.1626320028,132541.3080915341,-0.7991059351850196,W5
2018-02-05,130834.49753569263,132541.3080915341,-1.2877574398637526,W5
2018-02-05,130565.52093212592,132541.3080915341,-1.490695382335963,W5
2018-02-05,130233.13684645962,132541.3080915341,-1.741473113786111,W5
2018-02-05,129945.82025824994,132541.3080915341,-1.958248240232922,W5
2018-02-05,129454.59622062327,132541.3080915341,-2.3288678189135754,W5
2018-02-05,129316.5369104367,132541.3080915341,-2.433031050870832,W5
2018-02-05,128878.67447325433,132541.3080915341,-2.763390275090935,W5
2018-02-05,128241.21523308672,132541.3080915341,-3.244341647418852,W5
2018-02-05,127595.08616584224,132541.3080915341,-3.7318342461777734,W5
2018-02-05,127373.03260236986,132541.3080915341,-3.8993696105632116,W5
2018-02-05,126837.96335655526,132541.3080915341,-4.303069599283008,W5
2018-02-06,126299.53533035608,132541.3080915341,-4.709303726553985,W5
2018-02-06,126338.4390160335,132541.3080915341,-4.6799516051379575,W5
2018-02-06,126091.10031748733,132541.3080915341,-4.866564142849865,W5
2018-02-07,126010.4437185767,132541.3080915341,-4.92741807591572,W5
2018-02-07,125831.85980699785,132541.3080915341,-5.062156380637689,W5
2018-02-07,125461.82525910296,132541.3080915341,-5.341340699264859,W5
2018-02-07,125368.1359749804,132541.3080915341,-5.412027555665778,W5
2018-02-07,125147.96038087203,132541.3080915341,-5.578146026411755,W5
2018-02-07,124928.37537079169,132541.3080915341,-5.743818912278166,W5
2018-02-15,125114.75142734514,132541.3080915341,-5.603201576266412,W5
2018-02-15,125356.94403881893,132541.3080915341,-5.420471667409223,W5
2018-02-16,125921.16471773604,132541.3080915341,-4.994777454004098,W5
2018-02-26,126034.04442622088,132541.3080915341,-4.909611772368545,W5
2018-03-01,125665.98195779015,132541.3080915341,-5.187308193001831,W5
2018-03-02,125466.38864004762,132541.3080915341,-5.337897711557579,W5
2018-03-02,124723.794818128,132541.3080915341,-5.898171208637285,W5
2018-03-05,124938.29476311442,132541.3080915341,-5.736334911655599,W5
2018-03-05,125110.12606344998,132541.3080915341,-5.606691328979555,W5
2018-03-05,124674.6234612209,132541.3080915341,-5.935270100760141,W5
2018-03-05,124802.56182141873,132541.3080915341,-5.83874294100895,W5
2018-03-05,124939.81164078633,132541.3080915341,-5.735190455113146,W5
2018-03-05,125214.51152165145,132541.3080915341,-5.527934404286021,W5
2018-03-05,125413.49936093649,132541.3080915341,-5.37780170818526,W5
2018-03-05,125452.2989292249,132541.3080915341,-5.348528141440609,W5
2018-03-05,125578.06704887135,132541.3080915341,-5.253638388610045,W5
2018-03-05,125826.15496774399,132541.3080915341,-5.066460577824212,W5
2018-03-05,126054.71645315156,132541.3080915341,-4.894015105013787,W5
2018-03-05,126191.57164849078,132541.3080915341,-4.790760355751238,W5
2018-03-05,125918.17333340291,132541.3080915341,-4.9970343989341,W5
2018-03-05,126084.91685685664,132541.3080915341,-4.871229451137319,W5
2018-03-06,126009.97651096387,132541.3080915341,-4.927770575539846,W5
2018-03-06,126217.8562125359,132541.3080915341,-4.770929131490968,W5
2018-03-06,126553.69265925787,132541.3080915341,-4.5175466565798,W5
2018-03-06,126819.09772112138,132541.3080915341,-4.317303377193861,W5
2018-03-06,127001.22950320588,132541.3080915341,-4.179888268872523,W5
2018-03-07,127401.36662582462,132541.3080915341,-3.877992106551257,W5
2018-03-07,127585.07961448323,132541.3080915341,-3.739384006703826,W5
2018-03-07,127841.14169717998,132541.3080915341,-3.546189834725449,W5
2018-03-07,128057.23727242748,132541.3080915341,-3.383149663808876,W5
2018-03-07,128282.30578955436,132541.3080915341,-3.213339571870255,W5
2018-03-08,128281.92954937958,132541.3080915341,-3.2136234382212048,W5
2018-03-08,128427.52681651378,132541.3080915341,-3.1037729552052595,W5
2018-03-08,128632.00518955835,132541.3080915341,-2.9494977515054823,W5
2018-03-08,128812.15891829117,132541.3080915341,-2.8135750483672206,W5
2018-03-09,128953.23080391398,132541.3080915341,-2.707138883179097,W5
2018-03-09,128323.46398539472,132541.3080915341,-3.1822864636483783,W5
2018-03-09,128512.18175550591,132541.3080915341,-3.0399023474595865,W5
2018-03-09,128590.81296321237,132541.3080915341,-2.9805765351232836,W5
2018-03-12,128744.68471851823,132541.3080915341,-2.864483101671135,W5
2018-03-13,128852.47769478637,132541.3080915341,-2.783155266734043,W5
2018-03-14,128880.6355324117,132541.3080915341,-2.7619106917175626,W5
2018-03-14,129045.97213006212,132541.3080915341,-2.6371672437834053,W5
2018-03-15,128961.23769098031,132541.3080915341,-2.7010978328970157,W5
2018-03-15,129188.7450022089,132541.3080915341,-2.5294477152812522,W5
2018-03-19,129183.07745345296,132541.3080915341,-2.5337237774671078,W5
2018-03-19,129390.67171886956,132541.3080915341,-2.377097689792439,W5
2018-03-19,129518.84588773185,132541.3080915341,-2.280392616704004,W5
2018-03-20,129118.77117114673,132541.3080915341,-2.582241694810903,W5
2018-03-20,129306.86710782135,132541.3080915341,-2.4403267406105686,W5
2018-03-21,129474.23515250855,132541.3080915341,-2.314050602931577,W5
2018-03-21,129624.86290621225,132541.3080915341,-2.200404709532313,W5
2018-03-22,129390.90082460592,132541.3080915341,-2.376924833692208,W5
2018-03-23,129037.4459585972,132541.3080915341,-2.643600084674806,W5
2018-03-23,128971.00493896828,132541.3080915341,-2.693728622400599,W5
2018-03-23,128492.94319710572,132541.3080915341,-3.0544174889480824,W5
2018-03-26,128380.94938343576,132541.3080915341,-3.1389147791005385,W5
2018-03-26,128289.80467332731,132541.3080915341,-3.2076818008093504,W5
2018-03-26,128003.3915827204,132541.3080915341,-3.4237752547905833,W5
2018-03-26,127821.84618904689,132541.3080915341,-3.56074794374891,W5
2018-03-26,127473.08564882752,132541.3080915341,-3.8238814115267563,W5
2018-03-26,127058.60603055476,132541.3080915341,-4.136598725276607,W5
2018-03-26,126853.97585470059,132541.3080915341,-4.290988461428031,W5
2018-03-26,126775.45861620433,132541.3080915341,-4.350228286073523,W5
2018-03-26,126525.85237381715,132541.3080915341,-4.538551644263708,W5
2018-03-26,126236.19242913809,132541.3080915341,-4.757094790434427,W5
2018-03-26,125958.6620399265,132541.3080915341,-4.966486408193267,W5
2018-03-26,125523.65789206982,132541.3080915341,-5.294689105239423,W5
2018-03-26,125457.21378350412,132541.3080915341,-5.3448199735116875,W5
2018-03-26,124831.58404415232,132541.3080915341,-5.816846203190769,W5
2018-03-26,124789.10797997814,132541.3080915341,-5.848893619038543,W5
2018-03-26,124490.28072833548,132541.3080915341,-6.074353331143009,W5
2018-03-26,124340.36529620546,132541.3080915341,-6.187461790904462,W5
2018-03-27,124252.22711202959,132541.3080915341,-6.253960443622603,W5
2018-03-27,123851.0297693003,132541.3080915341,-6.556656522683651,W5
2018-03-28,123443.97284759731,132541.3080915341,-6.86377354722808,W5
2018-03-28,123106.83061457668,132541.3080915341,-7.11814121408994,W5
2018-03-28,122842.99398794251,132541.3080915341,-7.317201137696526,W5
2018-03-29,122606.48189409154,132541.3080915341,-7.49564519959429,W5
2018-03-29,122305.08743927309,132541.3080915341,-7.723041819680692,W5
2018-04-02,121850.69593668345,132541.3080915341,-8.065871922335056,W5
2018-04-02,121443.77620586082,132541.3080915341,-8.372885438861998,W5
2018-04-04,121446.61441228166,132541.3080915341,-8.370744063873543,W5
2018-04-04,121572.92385470292,132541.3080915341,-8.27544589288067,W5
2018-04-04,121771.88423154739,132541.3080915341,-8.125333916690531,W5
2018-04-05,121800.97198639602,132541.3080915341,-8.10338773608656,W5
2018-04-05,121729.74797660673,132541.3080915341,-8.157124952668205,W5
2018-04-05,121820.05643262576,132541.3080915341,-8.088988869420358,W5
2018-04-05,121960.65641702071,132541.3080915341,-7.982908745103301,W5
2018-04-05,122181.5482886521,132541.3080915341,-7.816249856027873,W5
2018-04-11,122166.08655994691,132541.3080915341,-7.827915448383817,W5
2018-04-11,122212.21591422483,132541.3080915341,-7.793111691772286,W5
2018-04-11,122258.07427168303,132541.3080915341,-7.758512397319473,W5
2018-04-12,122153.32565249856,132541.3080915341,-7.837543320352257,W5
2018-04-16,122240.81100369628,132541.3080915341,-7.771537218211409,W5
2018-04-16,122315.17821255003,132541.3080915341,-7.715428515253386,W5
2018-04-16,122339.36155284914,132541.3080915341,-7.6971826259926575,W5
2018-04-16,122329.36456496803,132541.3080915341,-7.70472517104903,W5
2018-04-18,122420.47676042392,132541.3080915341,-7.635982681052653,W5
2018-04-18,122498.61423209679,132541.3080915341,-7.577029383550177,W5
2018-04-23,122680.23290992707,132541.3080915341,-7.440001403031943,W5
2018-04-25,122814.35911526998,132541.3080915341,-7.33880562695715,W5
2018-04-25,122909.95889737905,132541.3080915341,-7.2666773346642675,W5
2018-04-26,123190.84574928832,132541.3080915341,-7.054753327006759,W5
2018-04-26,123298.20895274756,132541.3080915341,-6.973749747816867,W5
2018-04-27,123410.61963051582,132541.3080915341,-6.888937941303966,W5
2018-04-27,123485.29765981228,132541.3080915341,-6.832594729989889,W5
2018-04-27,123610.2409502098,132541.3080915341,-6.73832729578648,W5
2018-04-27,123686.48153696196,132541.3080915341,-6.680805163366068,W5
2018-04-27,123791.12287086215,132541.3080915341,-6.601855185123871,W5
2018-04-27,123876.11501454336,132541.3080915341,-6.537730162589373,W5
2018-04-27,123838.86793113421,132541.3080915341,-6.565832407802939,W5
2018-05-01,123913.1785340673,132541.3080915341,-6.50976641297983,W5
2018-05-01,123990.47308571781,132541.3080915341,-6.451449083263171,W5
2018-05-02,123741.8047786112,132541.3080915341,-6.63906478638787,W5
2018-05-02,123685.06109777115,132541.3080915341,-6.681876858833139,W5
2018-05-02,123448.32369406044,132541.3080915341,-6.860490912911445,W5
2018-05-02,123365.93579779862,132541.3080915341,-6.922651078257723,W5
2018-05-02,123328.4210365573,132541.3080915341,-6.950955281514432,W5
2018-05-02,123298.39974364196,132541.3080915341,-6.973605799566209,W5
2018-05-02,123039.25757621233,132541.3080915341,-7.169123839308704,W5
2018-05-02,122936.0537565383,132541.3080915341,-7.246989239281035,W5
2018-05-02,122803.35201918813,132541.3080915341,-7.347110280231172,W5
2018-05-02,122770.6361679432,132541.3080915341,-7.371793793406047,W5
2018-05-02,122728.58557178354,132541.3080915341,-7.403520201395489,W5
2018-05-02,122689.28388897631,132541.3080915341,-7.433172604388289,W5
2018-05-03,122741.74776773262,132541.3080915341,-7.393589564570932,W5
2018-05-03,122686.00897061534,132541.3080915341,-7.4356434705719145,W5
2018-05-03,122644.59834686003,132541.3080915341,-7.466887031052477,W5
2018-05-03,122567.31380630392,132541.3080915341,-7.525196807580965,W5
2018-05-03,122497.59270341476,132541.3080915341,-7.577800108312697,W5
2018-05-03,122302.18253103422,132541.3080915341,-7.725233519974505,W5
2018-05-04,122226.39325939852,132541.3080915341,-7.782415143369501,W5
2018-05-04,122289.79532282315,132541.3080915341,-7.7345794426830095,W5
2018-05-04,122414.24205353766,132541.3080915341,-7.640686653705429,W5
2018-05-07,122551.73157643477,132541.3080915341,-7.5369533158677156,W5
2018-05-07,122803.26494453356,132541.3080915341,-7.347175976470196,W5
2018-05-07,122944.01576639577,132541.3080915341,-7.240982048034689,W5
2018-05-07,123171.03612588358,132541.3080915341,-7.069699326627542,W5
2018-05-07,123325.3964430309,132541.3080915341,-6.9532372821751665,W5
2018-05-07,123462.91280385166,132541.3080915341,-6.849483695613462,W5
2018-05-07,123491.64437939832,132541.3080915341,-6.827806245797731,W5
2018-05-07,123827.38933103625,132541.3080915341,-6.5744928022590114,W5
2018-05-07,123966.65525809953,132541.3080915341,-6.469419199871515,W5
2018-05-07,124041.3164164107,132541.3080915341,-6.413088717408187,W5
2018-05-07,124118.05091344203,132541.3080915341,-6.355193938688836,W5
2018-05-07,124252.4076744754,132541.3080915341,-6.253824212549885,W5
2018-05-08,124384.2028504137,132541.3080915341,-6.154387155653419,W5
2018-05-08,124640.47930674235,132541.3080915341,-5.961031242678982,W5
2018-05-08,124616.58652180083,132541.3080915341,-5.9790579132208315,W5
2018-05-08,124631.57918825872,132541.3080915341,-5.967746219776897,W5
2018-05-08,124541.81907325434,132541.3080915341,-6.03546858972845,W5
2018-05-08,124598.8041756103,132541.3080915341,-5.99247436915187,W5
2018-05-08,124239.01056230128,132541.3080915341,-6.263932089382418,W5
2018-05-09,124280.33276909201,132541.3080915341,-6.232755237889299,W5
2018-05-09,124915.10418445096,132541.3080915341,-5.753831780365726,W5
2018-05-09,125138.57444258097,132541.3080915341,-5.585227545695219,W5
2018-05-10,125385.87367806942,132541.3080915341,-5.398644782140735,W5
2018-05-10,126124.27263736122,132541.3080915341,-4.841536232418362,W5
2018-05-10,126275.92911723471,132541.3080915341,-4.727114183883308,W5
2018-05-10,126401.96202805414,132541.3080915341,-4.6320246509413305,W5
2018-05-10,126469.0137263209,132541.3080915341,-4.581435367319311,W5
2018-05-10,126514.64690567665,132541.3080915341,-4.547005965638566,W5
2018-05-11,126597.62309281607,132541.3080915341,-4.484401945552911,W5
2018-05-11,127005.10971777138,132541.3080915341,-4.176960717740444,W5
2018-05-14,127141.27153806563,132541.3080915341,-4.074229107305293,W5
2018-05-14,127086.24517785742,132541.3080915341,-4.115745492650012,W5
2018-05-14,127212.28873702533,132541.3080915341,-4.02064792572328,W5
2018-05-16,126885.12869479487,132541.3080915341,-4.267484211664054,W5
2018-05-16,127140.28685720473,132541.3080915341,-4.074972031058708,W5
2018-05-17,127444.88196284867,132541.3080915341,-3.8451605782899003,W5
2018-05-18,127768.76420066199,132541.3080915341,-3.6007973360095065,W5
2018-05-21,128026.74755124927,132541.3080915341,-3.406153602442975,W5
2018-05-21,128232.93233770702,132541.3080915341,-3.2505909409402194,W5
2018-05-21,128467.98589632078,132541.3080915341,-3.0732473172818304,W5
2018-05-21,128669.97328345833,132541.3080915341,-2.9208515170245613,W5
2018-05-21,128922.88513200829,132541.3080915341,-2.7300341392638856,W5
2018-05-21,129121.78068967068,132541.3080915341,-2.579971067964615,W5
2018-05-21,129341.38279596533,132541.3080915341,-2.414285283316259,W5
2018-05-22,129566.32460603434,132541.3080915341,-2.244570789542241,W5
2018-05-23,129455.22927046064,132541.3080915341,-2.3283901943552494,W5
2018-05-23,129761.77678843841,132541.3080915341,-2.097105682083749,W5
2018-05-24,129963.27500677023,132541.3080915341,-1.9450789507701693,W5
2018-05-24,130266.4286577185,132541.3080915341,-1.7163550492836168,W5
2018-05-25,130475.7405668528,132541.3080915341,-1.5584330307460121,W5
2018-05-25,130667.29995056204,132541.3080915341,-1.4139049689156935,W5
2018-05-25,130749.74297670397,132541.3080915341,-1.3517032090801884,W5
2018-05-25,130903.6467599061,132541.3080915341,-1.2355856111643444,W5
2018-05-25,130737.97363665992,132541.3080915341,-1.360582961523796,W5
2018-05-29,130627.28054660554,132541.3080915341,-1.4440988794276208,W5
2018-05-29,130506.83942824151,132541.3080915341,-1.5349695069310523,W5
2018-05-29,130593.52125278162,132541.3080915341,-1.4695696510006693,W5
2018-05-29,130159.66791305383,132541.3080915341,-1.7969040842991324,W5
2018-05-29,130283.72543659226,132541.3080915341,-1.703304945038521,W5
2018-05-29,130785.16728055853,132541.3080915341,-1.3249762178012965,W5
2018-05-30,131173.473264438,132541.3080915341,-1.0320064339122466,W5
2018-05-31,131662.5875125803,132541.3080915341,-0.662978652924526,W5
2018-05-31,132279.44971645798,132541.3080915341,-0.1975673688804065,W5
2018-05-31,132476.57837182638,132541.3080915341,-0.04883739314162372,W5
2018-05-31,132455.35585789089,132541.3080915341,-0.06484939290311932,W5
2018-05-31,133224.6038211662,133224.6038211662,0.0,W5
2018-05-31,133060.4930031074,133224.6038211662,-0.12318356621206332,W5
2018-06-01,133442.90376924694,133442.90376924694,0.0,W5
2018-06-01,133422.37268922446,133442.90376924694,-0.015385666410546835,W5
2018-06-01,133809.89677790605,133809.89677790605,0.0,W5
2018-06-01,133741.7798110499,133809.89677790605,-0.05090577640098433,W5
2018-06-01,133854.51729319763,133854.51729319763,0.0,W5
2018-06-01,134236.43806960827,134236.43806960827,0.0,W5
2018-06-04,134439.14888564745,134439.14888564745,0.0,W5
2018-06-04,134267.9757802614,134439.14888564745,-0.12732385380664288,W5
2018-06-06,133438.78252113264,134439.14888564745,-0.744103464509215,W5
2018-06-06,132583.64676016453,134439.14888564745,-1.380179911032604,W5
2018-06-06,132820.33673694785,134439.14888564745,-1.2041225804520228,W5
2018-06-11,133031.63710117384,134439.14888564745,-1.0469508295316743,W5
2018-06-11,133292.3982599455,134439.14888564745,-0.8529886087551444,W5
2018-06-12,133782.97860469457,134439.14888564745,-0.4880797642590042,W5
2018-06-14,133474.16074284076,134439.14888564745,-0.717788048202757,W5
2018-06-14,133346.09227083923,134439.14888564745,-0.8130493415559757,W5
2018-06-14,133421.89953342828,134439.14888564745,-0.7566615533131849,W5
2018-06-14,133085.6911778262,134439.14888564745,-1.0067437342767493,W5
2018-06-15,133696.91193653882,134439.14888564745,-0.5520988159036676,W5
2018-06-18,133937.69830304405,134439.14888564745,-0.3729944638595777,W5
2018-06-18,134168.5168324352,134439.14888564745,-0.20130449757788219,W5
2018-06-18,134431.36281391408,134439.14888564745,-0.005791521143882437,W5
2018-06-20,134512.9265562324,134512.9265562324,0.0,W5
2018-06-20,134721.34939081286,134721.34939081286,0.0,W5
2018-06-20,135573.06542750876,135573.06542750876,0.0,W5
2018-06-21,135492.43252573902,135573.06542750876,-0.05947560565624092,W5
2018-06-21,135133.99127180077,135573.06542750876,-0.32386532997792483,W5
2018-06-21,135077.03009131525,135573.06542750876,-0.36588044581668283,W5
2018-06-21,135351.9105092507,135573.06542750876,-0.1631259996671694,W5
2018-06-22,134797.76908086086,135573.06542750876,-0.5718660592375928,W5
2018-06-22,134879.32767941788,135573.06542750876,-0.5117076507072266,W5
2018-06-22,134888.52234680718,135573.06542750876,-0.5049255754031813,W5
2018-06-22,134623.4992597497,135573.06542750876,-0.7004091592712448,W5
2018-06-22,133989.85651923704,135573.06542750876,-1.1677901530656616,W5
2018-06-22,133598.51101729975,135573.06542750876,-1.4564503679123528,W5
2018-06-22,133466.80178170427,135573.06542750876,-1.5536003697804646,W5
2018-06-22,133353.1444972087,135573.06542750876,-1.6374350784942975,W5
2018-06-25,133316.3363686119,135573.06542750876,-1.6645851089820929,W5
2018-06-25,133096.08190877215,135573.06542750876,-1.8270469218393977,W5
2018-06-25,132687.60244952535,135573.06542750876,-2.128345308770989,W5
2018-06-25,132093.00457933007,135573.06542750876,-2.5669264298220713,W5
2018-06-25,131870.90927931276,135573.06542750876,-2.7307460641402597,W5
2018-06-25,131670.0790847911,135573.06542750876,-2.8788803516466897,W5
2018-06-26,131376.6767194991,135573.06542750876,-3.0952967647201763,W5
2018-06-26,131072.77251460514,135573.06542750876,-3.3194594359230876,W5
2018-06-26,130795.57905406933,135573.06542750876,-3.5239200045926267,W5
2018-06-26,129937.54103159845,135573.06542750876,-4.156817121556965,W5
2018-06-26,129500.4284437296,135573.06542750876,-4.479235580186988,W5
2018-06-26,129525.8741745504,135573.06542750876,-4.460466563833664,W5
2018-06-27,129048.36883038431,135573.06542750876,-4.812679108899563,W5
2018-06-27,128593.58947259178,135573.06542750876,-5.148128747335086,W5
2018-06-27,128085.3704341636,135573.06542750876,-5.5229960093724095,W5
2018-06-29,127922.3598465756,135573.06542750876,-5.643234190219012,W5
2018-06-29,127883.5264881647,135573.06542750876,-5.671878049741134,W5
2018-06-29,127745.56020387895,135573.06542750876,-5.773643311041892,W5
2018-07-02,128205.36915283416,135573.06542750876,-5.434483797678916,W5
2018-07-02,127937.59809391602,135573.06542750876,-5.631994312082173,W5
2018-07-02,127655.07107197645,135573.06542750876,-5.840388967059303,W5
2018-07-02,127815.57594797554,135573.06542750876,-5.72199902323605,W5
2018-07-02,127649.47436124281,135573.06542750876,-5.844517154849395,W5
2018-07-03,127725.04283469928,135573.06542750876,-5.788777120338722,W5
2018-07-03,127479.49692116713,135573.06542750876,-5.969894153252205,W5
2018-07-03,127224.16798962513,135573.06542750876,-6.158227234559215,W5
2018-07-03,126898.2512433347,135573.06542750876,-6.398626568499701,W5
2018-07-03,126386.03317164375,135573.06542750876,-6.776443556022811,W5
2018-07-03,126318.44048067086,135573.06542750876,-6.826300576486092,W5
2018-07-03,126131.01849921091,135573.06542750876,-6.964544836781411,W5
2018-07-05,126222.93518420823,135573.06542750876,-6.896746203839486,W5
2018-07-06,126338.65179337528,135573.06542750876,-6.811392517395828,W5
2018-07-09,126389.8542401494,135573.06542750876,-6.7736250990574804,W5
2018-07-11,126399.47549082965,135573.06542750876,-6.7665283718057205,W5
2018-07-13,126425.45862015811,135573.06542750876,-6.74736296513255,W5
2018-07-16,126307.79395638297,135573.06542750876,-6.8341535554346144,W5
2018-07-16,126336.38641254816,135573.06542750876,-6.81306348413245,W5
2018-07-17,126385.97953772054,135573.06542750876,-6.7764831169216055,W5
2018-07-18,126510.19596808852,135573.06542750876,-6.684859880420848,W5
2018-07-19,126675.4441609358,135573.06542750876,-6.56297122036422,W5
2018-07-20,126768.94690592264,135573.06542750876,-6.494002694284213,W5
2018-07-23,126860.6046332048,135573.06542750876,-6.426395071049369,W5
2018-07-23,126962.86768663819,135573.06542750876,-6.350964857008758,W5
2018-07-23,127056.70033544695,135573.06542750876,-6.2817529906893865,W5
2018-07-23,126866.51749612995,135573.06542750876,-6.422033686355068,W5
2018-07-23,126880.56541289583,135573.06542750876,-6.4116718075249475,W5
2018-07-23,126699.25313405502,135573.06542750876,-6.54540949227012,W5
2018-07-24,126546.892228253,135573.06542750876,-6.657792365167163,W5
2018-07-24,126698.66227988916,135573.06542750876,-6.545845311998762,W5
2018-07-25,126730.11353371137,135573.06542750876,-6.5226465639856315,W5
2018-07-25,126700.78198903307,135573.06542750876,-6.5442817940999625,W5
2018-07-25,126820.4727310794,135573.06542750876,-6.455996748933433,W5
2018-07-25,126946.05962500442,135573.06542750876,-6.363362645301562,W5
2018-07-26,126916.77385324996,135573.06542750876,-6.384964112866013,W5
2018-07-26,127055.2260231875,135573.06542750876,-6.282840457624506,W5
2018-07-26,127157.64392717501,135573.06542750876,-6.207296024322391,W5
2018-07-26,127186.75542486754,135573.06542750876,-6.185823102986038,W5
2018-07-27,127177.2224700719,135573.06542750876,-6.192854702342141,W5
2018-07-27,126956.45183211427,135573.06542750876,-6.355697253155211,W5
2018-07-27,127050.64271551775,135573.06542750876,-6.286221149545347,W5
2018-07-27,127137.80095469503,135573.06542750876,-6.221932392112266,W5
2018-07-31,127312.08278228447,135573.06542750876,-6.0933804359845,W5
2018-08-01,127102.78049165098,135573.06542750876,-6.247763823255042,W5
2018-08-01,126849.96999237851,135573.06542750876,-6.434239284642058,W5
2018-08-01,126334.64755889817,135573.06542750876,-6.814346079347445,W5
2018-08-01,126425.55928968976,135573.06542750876,-6.747288710315541,W5
2018-08-02,126446.02941726595,135573.06542750876,-6.732189746880849,W5
2018-08-02,126450.79141234914,135573.06542750876,-6.728677253401284,W5
2018-08-02,126268.14607867053,135573.06542750876,-6.8633982122456265,W5
2018-08-02,126405.94854278617,135573.06542750876,-6.761753786281591,W5
2018-08-02,126326.46187786601,135573.06542750876,-6.820383916587717,W5
2018-08-02,125897.35512843804,135573.06542750876,-7.136897191606504,W5
2018-08-02,125956.14192810353,135573.06542750876,-7.093535481461409,W5
2018-08-02,125961.87525249268,135573.06542750876,-7.089306526122035,W5
2018-08-02,125909.50342742271,135573.06542750876,-7.127936489164346,W5
2018-08-02,125890.78318056393,135573.06542750876,-7.141744723712814,W5
2018-08-03,125996.5651521211,135573.06542750876,-7.063718921741309,W5
2018-08-03,126054.44731833984,135573.06542750876,-7.021024477947317,W5
2018-08-03,126147.59649603166,135573.06542750876,-6.95231674651254,W5
2018-08-03,126019.6113498643,135573.06542750876,-7.0467198241178055,W5
2018-08-03,125906.14567920097,135573.06542750876,-7.130413196621797,W5
2018-08-03,125822.60060051942,135573.06542750876,-7.192036852041922,W5
2018-08-03,125913.00975769042,135573.06542750876,-7.1253501861574335,W5
2018-08-03,125979.75795398043,135573.06542750876,-7.07611607311328,W5
2018-08-03,125963.83203760606,135573.06542750876,-7.087863182558765,W5
2018-08-06,126174.9446635847,135573.06542750876,-6.932144474485795,W5
2018-08-06,125926.42161321135,135573.06542750876,-7.115457472233295,W5
2018-08-06,125886.29185316197,135573.06542750876,-7.14505757010144,W5
2018-08-06,125730.37742433876,135573.06542750876,-7.260061555835298,W5
2018-08-06,125542.61699207142,135573.06542750876,-7.398555460708859,W5
2018-08-06,125866.88187612193,135573.06542750876,-7.159374556280686,W5
2018-08-06,125967.60047742135,135573.06542750876,-7.085083545022792,W5
2018-08-06,126306.0975723767,135573.06542750876,-6.8354048246309835,W5
2018-08-07,126325.9078002229,135573.06542750876,-6.820792609598643,W5
2018-08-07,126424.20328331798,135573.06542750876,-6.748288913687427,W5
2018-08-07,126449.85635093336,135573.06542750876,-6.7293669637156635,W5
2018-08-08,126643.59711370022,135573.06542750876,-6.586461909414555,W5
2018-08-08,126864.80011233738,135573.06542750876,-6.423300445196251,W5
2018-08-08,127078.22651376617,135573.06542750876,-6.265875074046175,W5
2018-08-08,127219.40427399222,135573.06542750876,-6.161740997132846,W5
2018-08-09,127225.27749629066,135573.06542750876,-6.157408851746946,W5
2018-08-09,127439.72660543802,135573.06542750876,-5.999229121524627,W5
2018-08-13,127441.61598996665,135573.06542750876,-5.997835493282411,W5
2018-08-13,127140.88088948092,135573.06542750876,-6.219660602523256,W5
2018-08-13,127197.59795904804,135573.06542750876,-6.177825545251168,W5
2018-08-13,126971.1018711565,135573.06542750876,-6.3448912431295215,W5
2018-08-14,126814.17690912393,135573.06542750876,-6.46064060790027,W5
2018-08-14,127047.92159979838,135573.06542750876,-6.288228270731835,W5
2018-08-14,127200.46307485785,135573.06542750876,-6.175712208209793,W5
2018-08-14,127393.13922816003,135573.06542750876,-6.033592420112797,W5
2018-08-15,126991.81590414184,135573.06542750876,-6.329612372713762,W5
2018-08-15,126924.32656467272,135573.06542750876,-6.3793931601115395,W5
2018-08-15,127163.62756779917,135573.06542750876,-6.2028824333150006,W5
2018-08-16,127214.88860210292,135573.06542750876,-6.165071800250012,W5
2018-08-17,127391.70409999133,135573.06542750876,-6.034650984484837,W5
2018-08-20,127295.2229211412,135573.06542750876,-6.105816432094866,W5
2018-08-23,129371.54576201312,135573.06542750876,-4.57430068866563,W5
2018-08-27,129702.79976625604,135573.06542750876,-4.3299645418075805,W5
2018-08-29,129906.22819833501,135573.06542750876,-4.1799137692315576,W5
2018-08-31,131465.8181755053,135573.06542750876,-3.0295451674356504,W5
2018-08-31,131121.63446962225,135573.06542750876,-3.2834183868673366,W5
2018-08-31,131325.90596845545,135573.06542750876,-3.132745760126131,W5
2018-09-04,131214.77758203057,135573.06542750876,-3.2147151292441465,W5
2018-09-04,131097.68904621436,135573.06542750876,-3.301080762009758,W5
2018-09-04,130908.45332009674,135573.06542750876,-3.4406628578492944,W5
2018-09-04,130830.88985591207,135573.06542750876,-3.497874416753038,W5
2018-09-04,130552.65957874044,135573.06542750876,-3.7030997513681982,W5
2018-09-04,130225.85227862805,135573.06542750876,-3.944155966392804,W5
2018-09-04,130654.52215256388,135573.06542750876,-3.6279649349485554,W5
2018-09-04,131018.4509807498,135573.06542750876,-3.3595275229609123,W5
2018-09-05,130816.33637521857,135573.06542750876,-3.5086092044098716,W5
2018-09-05,131078.97311889692,135573.06542750876,-3.3148858104228998,W5
2018-09-05,131047.57689838712,135573.06542750876,-3.3380439653342675,W5
2018-09-05,131079.29249675295,135573.06542750876,-3.314650234237445,W5
2018-09-05,131108.73992717467,135573.06542750876,-3.2929295256816147,W5
2018-09-05,131090.8671762804,135573.06542750876,-3.3061126390367077,W5
2018-09-06,131292.21004532167,135573.06542750876,-3.1576001978623633,W5
2018-09-06,131085.51308587243,135573.06542750876,-3.3100618677356928,W5
2018-09-06,131113.71411812777,135573.06542750876,-3.2892605144828084,W5
2018-09-06,131042.28013838397,135573.06542750876,-3.341950906573999,W5
2018-09-06,131319.48273695787,135573.06542750876,-3.1374835975994717,W5
2018-09-07,131568.32480398158,135573.06542750876,-2.953935290095304,W5
2018-09-07,131244.20001267287,135573.06542750876,-3.193012860766614,W5
2018-09-10,131353.79186800087,135573.06542750876,-3.112176851798,W5
2018-09-10,131709.146601663,135573.06542750876,-2.850063774586409,W5
2018-09-10,132068.0253139722,135573.06542750876,-2.5853513767531555,W5
2018-09-10,132284.77721988078,135573.06542750876,-2.425473081440527,W5
2018-09-10,132641.43203098042,135573.06542750876,-2.162401054578125,W5
2018-09-10,132789.97671501784,135573.06542750876,-2.0528330636434897,W5
2018-09-11,133140.03707561266,135573.06542750876,-1.7946251670447322,W5
2018-09-12,133454.98600779235,135573.06542750876,-1.5623157985233793,W5
2018-09-12,133332.8574779682,135573.06542750876,-1.6523989794553944,W5
2018-09-12,133222.16808892114,135573.06542750876,-1.734044539875545,W5
2018-09-12,133215.09769128624,135573.06542750876,-1.7392597333305342,W5
2018-09-12,132922.08083330246,135573.06542750876,-1.9553917924971493,W5
2018-09-12,132738.20799348125,135573.06542750876,-2.0910181717055836,W5
2018-09-12,132628.14227623318,135573.06542750876,-2.172203705794524,W5
2018-09-12,132463.05254207712,135573.06542750876,-2.293975485192945,W5
2018-09-12,132781.75660000922,135573.06542750876,-2.0588962997167446,W5
2018-09-13,133532.99298814608,135573.06542750876,-1.5047770978177852,W5
2018-09-13,133312.77149866553,135573.06542750876,-1.667214591420306,W5
2018-09-13,133128.67513180905,135573.06542750876,-1.8030058463247816,W5
2018-09-13,132706.74624989837,135573.06542750876,-2.114224657067314,W5
2018-09-14,132979.98841174378,135573.06542750876,-1.9126786044028092,W5
2018-09-14,132751.30088949585,135573.06542750876,-2.081360725388123,W5
2018-09-14,133077.73318167214,135573.06542750876,-1.8405811198322994,W5
2018-09-14,133312.22948696246,135573.06542750876,-1.667614384477551,W5
2018-09-14,132929.01222592196,135573.06542750876,-1.950279130481545,W5
2018-09-14,133130.97385495837,135573.06542750876,-1.8013102859698777,W5
2018-09-14,133267.42235839533,135573.06542750876,-1.7006645544547807,W5
2018-09-14,133527.8953241776,135573.06542750876,-1.5085371839030313,W5
2018-09-14,133453.949028502,135573.06542750876,-1.563080684444558,W5
2018-09-14,133441.3289816164,135573.06542750876,-1.5723893526861452,W5
2018-09-14,133601.7418608407,135573.06542750876,-1.4540672665708272,W5
2018-09-17,133228.9533398295,135573.06542750876,-1.7290396733949138,W5
2018-09-17,132813.62936791548,135573.06542750876,-2.03538663885177,W5
2018-09-17,133017.69986449115,135573.06542750876,-1.8848622733134017,W5
2018-09-18,133015.2224514536,135573.06542750876,-1.8866896370524653,W5
2018-09-18,132846.39530575357,135573.06542750876,-2.011218167234808,W5
2018-09-20,132903.45596357895,135573.06542750876,-1.969129675951199,W5
2018-09-20,133163.3745361798,135573.06542750876,-1.7774112311544903,W5
2018-09-20,132710.637620788,135573.06542750876,-2.111354344385829,W5
2018-09-21,132574.29077345043,135573.06542750876,-2.211925093382051,W5
2018-09-21,132362.75429008534,135573.06542750876,-2.3679564427492976,W5
2018-09-21,131801.23043537734,135573.06542750876,-2.7821418511394738,W5
2018-09-21,131730.0561722881,135573.06542750876,-2.83464067372255,W5
2018-09-21,131801.66874647804,135573.06542750876,-2.781818548646222,W5
2018-09-21,131799.668939597,135573.06542750876,-2.7832936254800553,W5
2018-09-21,131536.96886640246,135573.06542750876,-2.9770637319286775,W5
2018-09-21,131650.17059645802,135573.06542750876,-2.893565044561393,W5
2018-09-24,131860.98595304333,135573.06542750876,-2.7380656052586527,W5
2018-09-24,131661.48209966876,135573.06542750876,-2.885221570748895,W5
2018-09-24,131914.56532029613,135573.06542750876,-2.698544947461442,W5
2018-09-24,132160.74431369122,135573.06542750876,-2.5169609487380926,W5
2018-09-25,132391.33621494574,135573.06542750876,-2.346874139439074,W5
2018-09-25,132619.22302549263,135573.06542750876,-2.1787826311234064,W5
2018-09-25,132528.74325884518,135573.06542750876,-2.2455213792384057,W5
2018-09-26,132606.9605294929,135573.06542750876,-2.187827566384737,W5
2018-09-26,132683.76898258907,135573.06542750876,-2.131172910938273,W5
2018-09-26,130788.99248748287,135573.06542750876,-3.5287783196020905,W5
2018-09-26,130958.14439836999,135573.06542750876,-3.404010239486973,W5
2018-09-26,131232.3636089075,135573.06542750876,-3.2017435062883055,W5
2018-09-26,131418.08379084044,135573.06542750876,-3.064754509729664,W5
2018-09-26,131274.6163125846,135573.06542750876,-3.170577504734923,W5
2018-09-27,130718.79887187349,135573.06542750876,-3.580553807150478,W5
2018-09-27,131291.43413228542,135573.06542750876,-3.1581725187977994,W5
2018-09-28,131501.83864739488,135573.06542750876,-3.0029761201282086,W5
2018-09-28,131511.78298337988,135573.06542750876,-2.995641082041079,W5
2018-09-28,131164.43040077368,135573.06542750876,-3.251851695492116,W5
2018-09-28,131088.4482653071,135573.06542750876,-3.3078968510892053,W5
2018-09-28,131005.05587344669,135573.06542750876,-3.36940788323813,W5
2018-10-01,130273.6789057159,135573.06542750876,-3.9088785851983623,W5
2018-10-01,130239.32801571963,135573.06542750876,-3.93421613280633,W5
2018-10-01,130440.34385380625,135573.06542750876,-3.785944912816764,W5
2018-10-01,130658.13442674685,135573.06542750876,-3.6253004866884355,W5
2018-10-01,130877.09285067498,135573.06542750876,-3.4637946424134882,W5
2018-10-02,130048.51865870308,135573.06542750876,-4.074958953966907,W5
2018-10-02,130116.90051327736,135573.06542750876,-4.024519838823607,W5
2018-10-02,129638.11307050326,135573.06542750876,-4.377678072182365,W5
2018-10-02,129081.70801974046,135573.06542750876,-4.788087801436669,W5
2018-10-02,128404.74647367168,135573.06542750876,-5.28742116380779,W5
2018-10-03,127759.93838774232,135573.06542750876,-5.763037824016845,W5
2018-10-03,127421.34396606917,135573.06542750876,-6.012788333533948,W5
2018-10-03,127158.00227709317,135573.06542750876,-6.207031701968224,W5
2018-10-03,127116.2455085207,135573.06542750876,-6.237831897007548,W5
2018-10-03,127108.71674962845,135573.06542750876,-6.243385182144615,W5
2018-10-03,126760.71928926405,135573.06542750876,-6.500071463646807,W5
2018-10-04,126476.66107177745,135573.06542750876,-6.709595543220333,W5
2018-10-05,125537.32994974752,135573.06542750876,-7.402455234094685,W5
2018-10-05,125227.70696351124,135573.06542750876,-7.630836133545422,W5
2018-10-05,124347.16415810765,135573.06542750876,-8.280332995349744,W5
2018-10-05,124280.24855277102,135573.06542750876,-8.329690590920533,W5
2018-10-05,123312.93033700612,135573.06542750876,-9.043193831932758,W5
2018-10-05,123157.22283549026,135573.06542750876,-9.158045186089915,W5
2018-10-08,122923.45701508122,135573.06542750876,-9.33047310875427,W5
2018-10-08,122815.9882086829,135573.06542750876,-9.4097431363659,W5
2018-10-08,122938.48285200073,135573.06542750876,-9.319389906591564,W5
2018-10-09,123060.17801126432,135573.06542750876,-9.229626383962758,W5
2018-10-09,121954.34688752978,135573.06542750876,-10.04529808117449,W5
2018-10-09,121798.94314824502,135573.06542750876,-10.159925377381688,W5
2018-10-09,119775.68445959857,135573.06542750876,-11.652300490584599,W5
2018-10-09,118485.45660815634,135573.06542750876,-12.603984991760184,W5
2018-10-09,118271.28663992054,135573.06542750876,-12.761958824955185,W5
2018-10-10,117647.32912482355,135573.06542750876,-13.222195903116276,W5
2018-10-10,117548.10839646908,135573.06542750876,-13.295382068850298,W5
2018-10-10,117081.68610380699,135573.06542750876,-13.639419648284894,W5
2018-10-10,116705.62717027891,135573.06542750876,-13.916804342908595,W5
2018-10-10,116159.08870100103,135573.06542750876,-14.319936386544585,W5
2018-10-11,115958.10329210914,135573.06542750876,-14.46818516166678,W5
2018-10-11,115698.71764964293,135573.06542750876,-14.65951051205867,W5
2018-10-11,114948.7178813027,135573.06542750876,-15.21271757127447,W5
2018-10-11,114834.35653675521,135573.06542750876,-15.297071601469828,W5
2018-10-12,114642.67809058703,135573.06542750876,-15.43845547116677,W5
2018-10-12,114379.2437145397,135573.06542750876,-15.632767206478373,W5
2018-10-12,114222.80755122355,135573.06542750876,-15.748156028603807,W5
2018-10-12,114143.83931160187,135573.06542750876,-15.806403763412098,W5
2018-10-12,114204.90412350977,135573.06542750876,-15.761361769476693,W5
2018-10-15,114068.85994878219,135573.06542750876,-15.861709264237975,W5
2018-10-16,114118.10632188918,135573.06542750876,-15.825384664693296,W5
2018-10-16,114004.3207087596,135573.06542750876,-15.909314029844685,W5
2018-10-16,113728.34849100874,135573.06542750876,-16.11287379806311,W5
2018-10-16,113565.92246325879,135573.06542750876,-16.232680801937935,W5
2018-10-16,113386.88885032195,135573.06542750876,-16.364737720745726,W5
2018-10-16,113220.61025105114,135573.06542750876,-16.487386418513587,W5
2018-10-29,113310.68069153781,135573.06542750876,-16.42094959332073,W5
2018-10-30,112932.46790798022,135573.06542750876,-16.699922988489572,W5
2018-10-31,112710.95908803545,135573.06542750876,-16.863310029452517,W5
2018-10-31,112631.701671851,135573.06542750876,-16.921771063681202,W5
2018-10-31,112373.41040588758,135573.06542750876,-17.11228919141471,W5
2018-10-31,112277.10154680934,135573.06542750876,-17.183327534299817,W5
2018-10-31,112369.00410225897,135573.06542750876,-17.115539323448473,W5
2018-12-03,112431.13507054166,135573.06542750876,-17.06971092229315,W5
2018-12-07,112317.02128513325,135573.06542750876,-17.15388235048102,W5
2018-12-12,112383.52593592595,135573.06542750876,-17.104827878943482,W5
2019-02-15,99978.81962446036,99978.81962446036,0.0,W6
2019-02-15,100148.37375119161,100148.37375119161,0.0,W6
2019-02-20,100269.69829868578,100269.69829868578,0.0,W6
2019-02-21,100150.60427901403,100269.69829868578,-0.1187736890530795,W6
2019-02-21,100159.74565671493,100269.69829868578,-0.10965689917936347,W6
2019-02-21,100288.15673346208,100288.15673346208,0.0,W6
2019-02-22,100413.87719016137,100413.87719016137,0.0,W6
2019-02-22,100796.26097021987,100796.26097021987,0.0,W6
2019-02-25,100988.27654168475,100988.27654168475,0.0,W6
2019-02-25,101034.6759534713,101034.6759534713,0.0,W6
2019-02-25,101088.60626482572,101088.60626482572,0.0,W6
2019-02-25,101906.92318924291,101906.92318924291,0.0,W6
2019-02-26,102084.74193004002,102084.74193004002,0.0,W6
2019-02-27,102337.22932217558,102337.22932217558,0.0,W6
2019-02-28,102462.38847531792,102462.38847531792,0.0,W6
2019-03-01,103472.52227938859,103472.52227938859,0.0,W6
2019-03-01,103466.8335248756,103472.52227938859,-0.00549784076745157,W6
2019-03-01,103654.27428318126,103654.27428318126,0.0,W6
2019-03-01,103948.95745366553,103948.95745366553,0.0,W6
2019-03-01,104350.52417079173,104350.52417079173,0.0,W6
2019-03-04,104527.45172244571,104527.45172244571,0.0,W6
2019-03-04,104537.77617639463,104537.77617639463,0.0,W6
2019-03-04,104575.69992311428,104575.69992311428,0.0,W6
2019-03-05,104566.26096023495,104575.69992311428,-0.009025961945526954,W6
2019-03-05,104571.74226148313,104575.69992311428,-0.0037844945183852946,W6
2019-03-05,104729.94318165877,104729.94318165877,0.0,W6
2019-03-06,104671.91570308151,104729.94318165877,-0.05540676984481151,W6
2019-03-06,104767.38369742749,104767.38369742749,0.0,W6
2019-03-06,102217.71023769246,104767.38369742749,-2.433651934173131,W6
2019-03-06,102090.95247227853,104767.38369742749,-2.554641655344381,W6
2019-03-07,101890.37545005919,104767.38369742749,-2.7460915275666498,W6
2019-03-07,101726.05290839156,104767.38369742749,-2.902936659962242,W6
2019-03-08,101727.90673580402,104767.38369742749,-2.901167189973555,W6
2019-03-11,101821.8347563253,104767.38369742749,-2.811513313732307,W6
2019-03-11,101548.24415293593,104767.38369742749,-3.072654323208606,W6
2019-03-11,101790.66822900335,104767.38369742749,-2.841261624916602,W6
2019-03-11,101564.69481141251,104767.38369742749,-3.0569522431374967,W6
2019-03-11,101695.77381610364,104767.38369742749,-2.93183791836855,W6
2019-03-11,101833.20768510253,104767.38369742749,-2.8006579039894475,W6
2019-03-11,102230.67249221573,104767.38369742749,-2.421279520101299,W6
2019-03-11,102540.50113028398,104767.38369742749,-2.125549468310512,W6
2019-03-11,102145.14042587134,104767.38369742749,-2.5029194955648513,W6
2019-03-11,102170.16695488303,104767.38369742749,-2.479031785355386,W6
2019-03-11,102156.72537661126,104767.38369742749,-2.4918617118051953,W6
2019-03-11,102223.83560052293,104767.38369742749,-2.427805302698435,W6
2019-03-11,102323.84973587067,104767.38369742749,-2.3323422570271,W6
2019-03-11,102386.95599797035,104767.38369742749,-2.2721076115939995,W6
2019-03-11,102126.03865109159,104767.38369742749,-2.521152054311308,W6
2019-03-11,102150.01083659573,104767.38369742749,-2.4982707102726187,W6
2019-03-11,102375.57133292097,104767.38369742749,-2.2829742235562294,W6
2019-03-11,102391.14620134885,104767.38369742749,-2.268108081176592,W6
2019-03-12,102173.96224764828,104767.38369742749,-2.4754091953552266,W6
2019-03-13,102283.75478265113,104767.38369742749,-2.3706127108692363,W6
2019-03-13,102412.48906560571,104767.38369742749,-2.2477364125296964,W6
2019-03-14,102328.77450187986,104767.38369742749,-2.327641589858188,W6
2019-03-14,102236.67136618974,104767.38369742749,-2.4155536216753806,W6
2019-03-14,102345.89885898551,104767.38369742749,-2.3112964674533845,W6
2019-03-15,102466.36043215405,104767.38369742749,-2.1963164336707033,W6
2019-03-15,102489.22096945062,104767.38369742749,-2.174496152883134,W6
2019-03-18,102747.70935489469,104767.38369742749,-1.9277701430110201,W6
2019-03-18,102803.08420424903,104767.38369742749,-1.8749150965260726,W6
2019-03-18,103007.42226772415,104767.38369742749,-1.6798753272165137,W6
2019-03-18,102889.66548372012,104767.38369742749,-1.7922736518173406,W6
2019-03-18,102942.72926580829,104767.38369742749,-1.7416245087200786,W6
2019-03-18,103088.50325051823,104767.38369742749,-1.6024838911296413,W6
2019-03-18,103223.09749031297,104767.38369742749,-1.474014290148242,W6
2019-03-19,103294.84100819375,104767.38369742749,-1.405535422633542,W6
2019-03-20,103245.19173462887,104767.38369742749,-1.452925432589568,W6
2019-03-20,103253.90863900041,104767.38369742749,-1.444605186283986,W6
2019-03-20,103217.68002081629,104767.38369742749,-1.47918524059626,W6
2019-03-21,103408.22919680498,104767.38369742749,-1.297306902831324,W6
2019-03-25,103073.83528182977,104767.38369742749,-1.6164844017569007,W6
2019-03-25,103238.0119777405,104767.38369742749,-1.4597784784851286,W6
2019-03-26,103450.0251414733,104767.38369742749,-1.2574128602454826,W6
2019-03-26,103300.3213726909,104767.38369742749,-1.4003044391883677,W6
2019-03-26,103089.31027642239,104767.38369742749,-1.6017135885071316,W6
2019-03-27,103290.44768595646,104767.38369742749,-1.4097288290948267,W6
2019-03-28,103424.8382105445,104767.38369742749,-1.2814536733687178,W6
2019-03-28,103547.01990029898,104767.38369742749,-1.1648317959842989,W6
2019-03-29,103721.58230273376,104767.38369742749,-0.9982127622028297,W6
2019-03-29,104001.67260543571,104767.38369742749,-0.7308678187509016,W6
2019-04-01,104204.45441941098,104767.38369742749,-0.5373134826410052,W6
2019-04-01,104393.00964515492,104767.38369742749,-0.3573383614825954,W6
2019-04-01,105120.21828644183,105120.21828644183,0.0,W6
2019-04-01,105300.33147229548,105300.33147229548,0.0,W6
2019-04-01,105557.52884537615,105557.52884537615,0.0,W6
2019-04-01,105721.32358423302,105721.32358423302,0.0,W6
2019-04-02,105834.16200466473,105834.16200466473,0.0,W6
2019-04-02,105984.72308413072,105984.72308413072,0.0,W6
2019-04-02,106100.16151811155,106100.16151811155,0.0,W6
2019-04-04,106210.51103861751,106210.51103861751,0.0,W6
2019-04-05,105927.8684469406,106210.51103861751,-0.26611546156118243,W6
2019-04-05,106155.47813198957,106210.51103861751,-0.0518149344069418,W6
2019-04-10,106198.22276077347,106210.51103861751,-0.011569737989088382,W6
2019-04-10,106140.62530860062,106210.51103861751,-0.06579925972814428,W6
2019-04-10,106096.88388015259,106210.51103861751,-0.10698296934435045,W6
2019-04-10,106112.26736060093,106210.51103861751,-0.09249901639288104,W6
2019-04-10,106106.61392218544,106210.51103861751,-0.09782187790650203,W6
2019-04-12,106058.41701206857,106210.51103861751,-0.1432005411344203,W6
2019-04-12,106055.8223584802,106210.51103861751,-0.1456434759842743,W6
2019-04-12,106131.67056389102,106210.51103861751,-0.07423038826902997,W6
2019-04-12,106216.93866401465,106216.93866401465,0.0,W6
2019-04-12,106280.51313252302,106280.51313252302,0.0,W6
2019-04-12,106365.21883004531,106365.21883004531,0.0,W6
2019-04-12,106391.1437502995,106391.1437502995,0.0,W6
2019-04-15,106402.02497703482,106402.02497703482,0.0,W6
2019-04-15,106370.49729414753,106402.02497703482,-0.029630716985032137,W6
2019-04-15,106340.1138136507,106402.02497703482,-0.05818607624946229,W6
2019-04-15,106406.27824492326,106406.27824492326,0.0,W6
2019-04-16,106270.53553692783,106406.27824492326,-0.12757020566304067,W6
2019-04-17,106256.17796706517,106406.27824492326,-0.14106336612261808,W6
2019-04-18,106295.32940555658,106406.27824492326,-0.10426907246140513,W6
2019-04-18,106363.47986628905,106406.27824492326,-0.040221666747610636,W6
2019-04-18,106250.8910202748,106406.27824492326,-0.14603200789600176,W6
2019-04-22,106360.94949990498,106406.27824492326,-0.042599690324613006,W6
2019-04-22,106438.38415670194,106438.38415670194,0.0,W6
2019-04-22,106398.10549639276,106438.38415670194,-0.03784223203715808,W6
2019-04-22,106462.47130060056,106462.47130060056,0.0,W6
2019-04-23,106531.79776880852,106531.79776880852,0.0,W6
2019-04-23,106612.3805860566,106612.3805860566,0.0,W6
2019-04-24,106729.1537992947,106729.1537992947,0.0,W6
2019-04-24,106837.7381366917,106837.7381366917,0.0,W6
2019-04-24,106906.81855418292,106906.81855418292,0.0,W6
2019-04-24,106984.22320981654,106984.22320981654,0.0,W6
2019-04-24,106809.77190555246,106984.22320981654,-0.16306264515464416,W6
2019-04-24,106499.38625197142,106984.22320981654,-0.4531854728657195,W6
2019-04-24,106561.00209783924,106984.22320981654,-0.39559207823314346,W6
2019-04-25,106723.19048229065,106984.22320981654,-0.24399179588746886,W6
2019-04-25,106662.85381039963,106984.22320981654,-0.30038952452517076,W6
2019-04-25,106716.1640638133,106984.22320981654,-0.25055951051542374,W6
2019-04-25,106581.91151308855,106984.22320981654,-0.37604768689957463,W6
2019-04-25,106579.91151308855,106984.22320981654,-0.37791712141991285,W6
2019-04-25,106643.5611285282,106984.22320981654,-0.3184227272653373,W6
2019-04-25,106739.28900788064,106984.22320981654,-0.2289442261552341,W6
2019-04-26,106732.8380343898,106984.22320981654,-0.23497406242201108,W6
2019-04-26,106776.14344769603,106984.22320981654,-0.19449574514592555,W6
2019-04-26,106871.07245663796,106984.22320981654,-0.1057639619971491,W6
2019-04-26,106919.24054353638,106984.22320981654,-0.060740419783878626,W6
2019-04-26,106802.11300107015,106984.22320981654,-0.1702215553682547,W6
2019-04-26,106828.24776751084,106984.22320981654,-0.14579293808565055,W6
2019-04-26,106921.3842193103,106984.22320981654,-0.05873668903778136,W6
2019-04-29,107144.31222483834,107144.31222483834,0.0,W6
2019-04-29,107217.61983864276,107217.61983864276,0.0,W6
2019-04-29,107279.55668750427,107279.55668750427,0.0,W6
2019-04-29,107371.10460680453,107371.10460680453,0.0,W6
2019-04-29,107473.06993371763,107473.06993371763,0.0,W6
2019-04-30,107262.0196067432,107473.06993371763,-0.19637507991964762,W6
2019-04-30,107327.0831855222,107473.06993371763,-0.13583565472305112,W6
2019-05-01,107338.1636908345,107473.06993371763,-0.12552562513226787,W6
2019-05-01,107177.16870355996,107473.06993371763,-0.27532593080309853,W6
2019-05-01,107082.62323118385,107473.06993371763,-0.36329724532348606,W6
2019-05-02,107024.92610289557,107473.06993371763,-0.4169824413673616,W6
2019-05-02,107144.0774248881,107473.06993371763,-0.3061162289608259,W6
2019-05-03,107210.31644190638,107473.06993371763,-0.24448309885750893,W6
2019-05-03,107213.11669286294,107473.06993371763,-0.24187756152775475,W6
2019-05-03,107326.38560736846,107473.06993371763,-0.13648472723412555,W6
2019-05-06,107529.76025234736,107529.76025234736,0.0,W6
2019-05-06,107433.17498625924,107529.76025234736,-0.08982189289872666,W6
2019-05-06,107388.30097784524,107529.76025234736,-0.13155360355137946,W6
2019-05-06,107400.5939817686,107529.76025234736,-0.12012141594628044,W6
2019-05-06,107153.35694955893,107529.76025234736,-0.3500457007484233,W6
2019-05-07,107066.45682204336,107529.76025234736,-0.43086065589352984,W6
2019-05-07,106873.98279287186,107529.76025234736,-0.609856711236541,W6
2019-05-07,106625.38721979481,107529.76025234736,-0.8410444052234475,W6
2019-05-07,108360.51525964541,108360.51525964541,0.0,W6
2019-05-08,108150.45374438725,108360.51525964541,-0.19385429716241723,W6
2019-05-08,108017.30270186729,108360.51525964541,-0.316732120510636,W6
2019-05-08,107984.27562540327,108360.51525964541,-0.34721100517160164,W6
2019-05-08,107926.97713644053,108360.51525964541,-0.4000886505255815,W6
2019-05-09,107671.34823674432,108360.51525964541,-0.6359945975245334,W6
2019-05-09,107577.92190159735,108360.51525964541,-0.7222126585249905,W6
2019-05-09,107454.98328611597,108360.51525964541,-0.8356659908451695,W6
2019-05-09,106900.54796070767,108360.51525964541,-1.347324064895297,W6
2019-05-10,107191.45069844153,108360.51525964541,-1.0788658197154684,W6
2019-05-13,106910.83099941286,108360.51525964541,-1.3378344102175252,W6
2019-05-13,106240.88993308884,108360.51525964541,-1.9560864226952843,W6
2019-05-13,106059.60392261595,108360.51525964541,-2.123385378443608,W6
2019-05-15,106329.26494826785,108360.51525964541,-1.8745299489490514,W6
2019-05-15,105963.27376780812,108360.51525964541,-2.212283215978813,W6
2019-05-15,105918.86472405528,108360.51525964541,-2.253265896474957,W6
2019-05-15,105931.56573132414,108360.51525964541,-2.2415448306989,W6
2019-05-15,105757.2146935193,108360.51525964541,-2.402443879016519,W6
2019-05-15,105677.04298199908,108360.51525964541,-2.476429971947249,W6
2019-05-15,105485.69764438081,108360.51525964541,-2.653012131195741,W6
2019-05-22,105597.4665374246,108360.51525964541,-2.5498667255320866,W6
2019-05-28,105584.09409073161,108360.51525964541,-2.562207426073186,W6
2019-05-28,105369.85451863064,108360.51525964541,-2.759917423656367,W6
2019-05-28,105211.50635595214,108360.51525964541,-2.906048292727158,W6
2019-05-28,105175.66423802482,108360.51525964541,-2.9391250253741292,W6
2019-05-29,104955.07394691883,108360.51525964541,-3.1426957545991008,W6
2019-05-29,104931.2255898832,108360.51525964541,-3.164704100515959,W6
2019-05-31,105097.70080500311,108360.51525964541,-3.0110732187127254,W6
2019-05-31,104260.87740387545,108360.51525964541,-3.7833318215096314,W6
2019-05-31,103880.43817803128,108360.51525964541,-4.134418400354873,W6
2019-05-31,104064.60303473589,108360.51525964541,-3.9644627146853058,W6
2019-06-03,104169.32324404806,108360.51525964541,-3.8678221541810927,W6
2019-06-03,104471.7677352608,108360.51525964541,-3.5887126552201094,W6
2019-06-03,104185.83290932697,108360.51525964541,-3.8525862859874547,W6
2019-06-04,104382.64264814019,108360.51525964541,-3.6709613293862104,W6
2019-06-04,104582.65169213242,108360.51525964541,-3.4863839088073325,W6
2019-06-04,104945.54009524545,108360.51525964541,-3.151494025491899,W6
2019-06-04,105182.31487309744,108360.51525964541,-2.9329875175774225,W6
2019-06-04,105308.72895522886,108360.51525964541,-2.8163268669441943,W6
2019-06-04,105434.79037053781,108360.51525964541,-2.6999916732558873,W6
2019-06-04,105564.868285481,108360.51525964541,-2.579949871469039,W6
2019-06-04,105788.55742476796,108360.51525964541,-2.3735193845421625,W6
2019-06-04,105954.42971557747,108360.51525964541,-2.220444908648377,W6
2019-06-04,106116.97994193195,108360.51525964541,-2.0704361845619457,W6
2019-06-04,106369.72123317647,108360.51525964541,-1.8371950536583792,W6
2019-06-04,106499.3291729977,108360.51525964541,-1.717586966237722,W6
2019-06-04,106645.92549278942,108360.51525964541,-1.582301230985862,W6
2019-06-04,106880.09183962578,108360.51525964541,-1.3662019015619817,W6
2019-06-05,107109.84543767478,108360.51525964541,-1.154174856933698,W6
2019-06-05,107442.46397599866,108360.51525964541,-0.847219378245837,W6
2019-06-06,107566.4075631028,108360.51525964541,-0.7328386125147489,W6
2019-06-06,107667.67436652612,108360.51525964541,-0.639385011652227,W6
2019-06-06,107854.3377734131,108360.51525964541,-0.46712355051048104,W6
2019-06-06,108055.81642349639,108360.51525964541,-0.28118991075201644,W6
2019-06-06,108086.59810358593,108360.51525964541,-0.25278317974323417,W6
2019-06-06,108122.72440223621,108360.51525964541,-0.21944419223129666,W6
2019-06-06,108074.76420640973,108360.51525964541,-0.26370403698338585,W6
2019-06-10,108256.47973703958,108360.51525964541,-0.09600870054608797,W6
2019-06-14,108433.93465880479,108433.93465880479,0.0,W6
2019-06-17,108549.73235114971,108549.73235114971,0.0,W6
2019-06-17,108690.17125444606,108690.17125444606,0.0,W6
2019-06-18,108804.77684641679,108804.77684641679,0.0,W6
2019-06-19,108933.7220181663,108933.7220181663,0.0,W6
2019-06-19,109060.07092919861,109060.07092919861,0.0,W6
2019-06-20,108994.17960484554,109060.07092919861,-0.06041745965473107,W6
2019-06-20,109137.81299294451,109137.81299294451,0.0,W6
2019-06-20,109299.09310824721,109299.09310824721,0.0,W6
2019-06-20,109446.40158725988,109446.40158725988,0.0,W6
2019-06-20,109603.65051014099,109603.65051014099,0.0,W6
2019-06-21,109412.45852029658,109603.65051014099,-0.1744394360539233,W6
2019-06-21,109450.59344334184,109603.65051014099,-0.13964595712528755,W6
2019-06-26,109541.43293007,109603.65051014099,-0.05676597429136215,W6
2019-06-26,109710.82507176022,109710.82507176022,0.0,W6
2019-06-26,109617.67748049891,109710.82507176022,-0.08490282631671316,W6
2019-06-27,109835.70247641616,109835.70247641616,0.0,W6
2019-06-27,109907.91659362683,109907.91659362683,0.0,W6
2019-06-27,109985.23832699124,109985.23832699124,0.0,W6
2019-06-27,109975.61734810745,109985.23832699124,-0.00874751833076375,W6
2019-06-27,109818.96880359323,109985.23832699124,-0.15117439933500693,W6
2019-06-28,109936.25076582709,109985.23832699124,-0.04454012366505498,W6
2019-06-28,110129.89028707346,110129.89028707346,0.0,W6
2019-06-28,110278.67689410066,110278.67689410066,0.0,W6
2019-06-28,110885.99420004556,110885.99420004556,0.0,W6
2019-06-28,110999.90462187081,110999.90462187081,0.0,W6
2019-06-28,111143.68158496698,111143.68158496698,0.0,W6
2019-06-28,111277.58377133818,111277.58377133818,0.0,W6
2019-06-28,111406.45983048275,111406.45983048275,0.0,W6
2019-06-28,111523.55873234218,111523.55873234218,0.0,W6
2019-07-01,111652.47646201772,111652.47646201772,0.0,W6
2019-07-01,111771.70870998681,111771.70870998681,0.0,W6
2019-07-01,111967.83365727637,111967.83365727637,0.0,W6
2019-07-01,112187.082112967,112187.082112967,0.0,W6
2019-07-01,112482.38598294352,112482.38598294352,0.0,W6
2019-07-01,112619.5609190265,112619.5609190265,0.0,W6
2019-07-02,112783.02342027519,112783.02342027519,0.0,W6
2019-07-02,112917.74262007605,112917.74262007605,0.0,W6
2019-07-02,113052.00634275806,113052.00634275806,0.0,W6
2019-07-02,113181.43026725104,113181.43026725104,0.0,W6
2019-07-02,113209.86054195346,113209.86054195346,0.0,W6
2019-07-02,113056.2670374997,113209.86054195346,-0.13567148984945793,W6
2019-07-02,113204.6187864468,113209.86054195346,-0.004630122748646574,W6
2019-07-03,113260.08438177874,113260.08438177874,0.0,W6
2019-07-03,113318.58803775582,113318.58803775582,0.0,W6
2019-07-03,113395.66610175715,113395.66610175715,0.0,W6
2019-07-03,113542.15133221302,113542.15133221302,0.0,W6
2019-07-03,113746.16061032341,113746.16061032341,0.0,W6
2019-07-03,113880.32591662729,113880.32591662729,0.0,W6
2019-07-05,113868.73322994949,113880.32591662729,-0.010179709782609687,W6
2019-07-09,113910.81394432203,113910.81394432203,0.0,W6
2019-07-11,114002.49469053456,114002.49469053456,0.0,W6
2019-07-12,114144.24463835385,114144.24463835385,0.0,W6
2019-07-12,114225.63506535122,114225.63506535122,0.0,W6
2019-07-12,114308.02327114218,114308.02327114218,0.0,W6
2019-07-12,114325.83087801325,114325.83087801325,0.0,W6
2019-07-15,114436.08248011576,114436.08248011576,0.0,W6
2019-07-15,114523.75309293416,114523.75309293416,0.0,W6
2019-07-15,114630.74572374782,114630.74572374782,0.0,W6
2019-07-15,114739.9981619589,114739.9981619589,0.0,W6
2019-07-15,114847.68173531533,114847.68173531533,0.0,W6
2019-07-15,114927.63843229935,114927.63843229935,0.0,W6
2019-07-16,114902.95116770673,114927.63843229935,-0.02148070292696581,W6
2019-07-16,115003.91428673641,115003.91428673641,0.0,W6
2019-07-17,114799.72629404781,115003.91428673641,-0.177548732975737,W6
2019-07-17,114824.83866196829,115003.91428673641,-0.1557126345470665,W6
2019-07-17,114841.33984229575,115003.91428673641,-0.14136427046762626,W6
2019-07-18,114941.76509876741,115003.91428673641,-0.05404093274081538,W6
2019-07-18,114899.64653504807,115003.91428673641,-0.09066452419034465,W6
2019-07-18,114844.82810713572,115003.91428673641,-0.1383310999346059,W6
2019-07-18,114839.21034189683,115003.91428673641,-0.14321594691892706,W6
2019-07-18,114702.41491294268,115003.91428673641,-0.26216444515272064,W6
2019-07-18,114674.7117245738,115003.91428673641,-0.2862533542482879,W6
2019-07-19,114654.17849624147,115003.91428673641,-0.3041077276926055,W6
2019-07-19,114483.52164598316,115003.91428673641,-0.4524999379201774,W6
2019-07-19,114250.88606199822,115003.91428673641,-0.6547848648531143,W6
2019-07-19,114199.26113615675,115003.91428673641,-0.6996745767917407,W6
2019-07-19,114178.57205862468,115003.91428673641,-0.7176644666667022,W6
2019-07-19,114179.88809644763,115003.91428673641,-0.7165201249013688,W6
2019-07-19,114322.5907918881,115003.91428673641,-0.5924350480363547,W6
2019-07-19,114332.41292618767,115003.91428673641,-0.5838943523909192,W6
2019-07-19,114294.58118896387,115003.91428673641,-0.616790395502521,W6
2019-07-19,114276.29037447639,115003.91428673641,-0.6326949102322352,W6
2019-07-22,114178.8857371375,115003.91428673641,-0.7173917120263272,W6
2019-07-22,114002.5239799126,115003.91428673641,-0.8707445420745179,W6
2019-07-23,113933.83949766782,115003.91428673641,-0.9304681459803167,W6
2019-07-23,113907.37720554305,115003.91428673641,-0.9534780515899652,W6
2019-07-23,113899.33366035158,115003.91428673641,-0.9604722006511985,W6
2019-07-24,113981.47688004703,115003.91428673641,-0.8890457451214763,W6
2019-07-24,113921.50240170214,115003.91428673641,-0.9411956903793097,W6
2019-07-24,114013.97145476229,115003.91428673641,-0.8607905549248762,W6
2019-07-24,114419.31630363807,115003.91428673641,-0.5083287701327954,W6
2019-07-24,114509.61133922463,115003.91428673641,-0.429814020311819,W6
2019-07-25,114772.62653241288,115003.91428673641,-0.20111294103161848,W6
2019-07-25,114840.72992219312,115003.91428673641,-0.14189461772269146,W6
2019-07-25,115031.7939883808,115031.7939883808,0.0,W6
2019-07-25,114973.88744278639,115031.7939883808,-0.050339600545790335,W6
2019-07-25,114966.74257210788,115031.7939883808,-0.05655081435963173,W6
2019-07-25,114759.6808337044,115031.7939883808,-0.23655473434055926,W6
2019-07-25,114549.62618788227,115031.7939883808,-0.41916046319092687,W6
2019-07-25,114472.62999320215,115031.7939883808,-0.4860951705535685,W6
2019-07-25,114428.4596823914,115031.7939883808,-0.5244935205047205,W6
2019-07-26,114505.80323680097,115031.7939883808,-0.45725684468848277,W6
2019-07-26,114579.95711518015,115031.7939883808,-0.39279303359059903,W6
2019-07-26,114716.8204617145,115031.7939883808,-0.27381432188923327,W6
2019-07-29,114668.80375268878,115031.7939883808,-0.3155564414901555,W6
2019-07-29,114664.36890559849,115031.7939883808,-0.3194117643852669,W6
2019-07-29,114698.91525493312,115031.7939883808,-0.28937976354720135,W6
2019-07-29,114710.48434272251,115031.7939883808,-0.2793224677437798,W6
2019-07-29,114780.29125572208,115031.7939883808,-0.21863758178379714,W6
2019-07-29,114861.29688095883,115031.7939883808,-0.14821737670125046,W6
2019-07-29,115073.73216731344,115073.73216731344,0.0,W6
2019-07-30,115182.28861090592,115182.28861090592,0.0,W6
2019-07-30,115111.31295582444,115182.28861090592,-0.061620285494794313,W6
2019-07-30,115142.63033883361,115182.28861090592,-0.0344308769608473,W6
2019-07-30,115191.97729354697,115191.97729354697,0.0,W6
2019-07-30,115215.3250491603,115215.3250491603,0.0,W6
2019-07-30,115087.03868709024,115215.3250491603,-0.11134487709453093,W6
2019-08-01,114210.0657575766,115215.3250491603,-0.8725048435655371,W6
2019-08-01,114078.22230304472,115215.3250491603,-0.9869370638241001,W6
2019-08-01,113828.67627033124,115215.3250491603,-1.2035280707990854,W6
2019-08-01,113919.76149394631,115215.3250491603,-1.1244715532948357,W6
2019-08-02,113946.57003247012,115215.3250491603,-1.1012033478609062,W6
2019-08-02,113784.88019525175,115215.3250491603,-1.2415404403001054,W6
2019-08-02,113593.86594366253,115215.3250491603,-1.4073293676912488,W6
2019-08-06,113638.69646616826,115215.3250491603,-1.368419159794341,W6
2019-08-07,113422.45825094813,115215.3250491603,-1.5561009765386558,W6
2019-08-07,113148.64651202905,115215.3250491603,-1.793753162827453,W6
2019-08-08,112915.29841884013,115215.3250491603,-1.9962853286563955,W6
2019-08-08,112582.47763459197,115215.3250491603,-2.2851538312676203,W6
2019-08-08,112434.31775572711,115215.3250491603,-2.413747730387931,W6
2019-08-08,112147.70860559936,115215.3250491603,-2.6625073029582156,W6
2019-08-15,112285.43564989137,115215.3250491603,-2.542968479252908,W6
2019-08-16,112624.83474272072,115215.3250491603,-2.2483903988764182,W6
2019-08-19,112778.13383401284,115215.3250491603,-2.1153359712412807,W6
2019-08-19,112961.48872175373,115215.3250491603,-1.9561949128250882,W6
2019-08-19,113262.29493919954,115215.3250491603,-1.695113136318834,W6
2019-08-19,113443.89678424069,115215.3250491603,-1.5374936139474276,W6
2019-08-19,113575.95966244512,115215.3250491603,-1.4228709470859766,W6
2019-08-22,113701.84262228089,115215.3250491603,-1.313612079151474,W6
2019-08-23,113146.18467790718,115215.3250491603,-1.7958898873654632,W6
2019-08-28,113279.21905271089,115215.3250491603,-1.6804240196547673,W6
2019-08-28,113424.36583139,115215.3250491603,-1.5544453109915124,W6
2019-08-29,113557.48084550086,115215.3250491603,-1.4389094531930218,W6
2019-08-29,113703.79361508538,115215.3250491603,-1.3119187342742593,W6
2019-08-30,113847.60096436195,115215.3250491603,-1.187102570091926,W6
2019-08-30,114102.39738916072,115215.3250491603,-0.9659545373193307,W6
2019-08-30,114234.88550011367,115215.3250491603,-0.8509627939063582,W6
2019-09-03,114072.27411823106,115215.3250491603,-0.9920997319076434,W6
2019-09-03,114191.1327517826,115215.3250491603,-0.8889375583853033,W6
2019-09-04,114355.05072406563,115215.3250491603,-0.7466665781896658,W6
2019-09-05,114506.46237373666,115215.3250491603,-0.6152503368116813,W6
2019-09-11,114721.63622782829,115215.3250491603,-0.42849232176479757,W6
2019-09-12,114853.41292299515,115215.3250491603,-0.3141180446357496,W6
2019-09-12,114982.12772874972,115215.3250491603,-0.202401304089602,W6
2019-09-13,115106.4142553461,115215.3250491603,-0.09452804457022247,W6
2019-09-13,114839.27787303053,115215.3250491603,-0.32638642122418543,W6
2019-09-13,115035.23321733181,115215.3250491603,-0.15630892136236232,W6
2019-09-16,115191.37419078841,115215.3250491603,-0.02078791025557222,W6
2019-09-16,114825.27197569625,115215.3250491603,-0.33854270106656403,W6
2019-09-16,114937.83100584397,115215.3250491603,-0.24084820591178008,W6
2019-09-16,115054.41846353663,115215.3250491603,-0.13965727697683822,W6
2019-09-16,115173.90654332194,115215.3250491603,-0.03594878183148518,W6
2019-09-16,115316.25493500453,115316.25493500453,0.0,W6
2019-09-16,115447.67948578409,115447.67948578409,0.0,W6
2019-09-16,115573.20799472363,115573.20799472363,0.0,W6
2019-09-17,115761.64167006765,115761.64167006765,0.0,W6
2019-09-17,115907.09397290373,115907.09397290373,0.0,W6
2019-09-17,116190.40003282046,116190.40003282046,0.0,W6
2019-09-17,116330.4518580976,116330.4518580976,0.0,W6
2019-09-17,116653.31482887574,116653.31482887574,0.0,W6
2019-09-17,116827.02728747843,116827.02728747843,0.0,W6
2019-09-18,116923.67690521208,116923.67690521208,0.0,W6
2019-09-18,117156.97070972444,117156.97070972444,0.0,W6
2019-09-18,117277.38338221284,117277.38338221284,0.0,W6
2019-09-18,117267.38489105595,117277.38338221284,-0.008525506682140374,W6
2019-09-18,117277.7128212009,117277.7128212009,0.0,W6
2019-09-18,117342.42605984896,117342.42605984896,0.0,W6
2019-09-19,117461.66272704232,117461.66272704232,0.0,W6
2019-09-19,117696.69793568071,117696.69793568071,0.0,W6
2019-09-19,117908.07916998565,117908.07916998565,0.0,W6
2019-09-19,117888.20861177967,117908.07916998565,-0.016852584102680916,W6
2019-09-19,117903.69385792862,117908.07916998565,-0.003719263419349969,W6
2019-09-19,118036.2624376742,118036.2624376742,0.0,W6
2019-09-19,118068.41745191203,118068.41745191203,0.0,W6
2019-09-19,118024.71518746138,118068.41745191203,-0.03701435607744128,W6
2019-09-19,117929.94212315291,118068.41745191203,-0.11728397123262463,W6
2019-09-19,117729.30186249301,118068.41745191203,-0.2872195602665159,W6
2019-09-20,117628.00021592263,118068.41745191203,-0.3730186662057846,W6
2019-09-23,117774.59845421123,118068.41745191203,-0.2488548623263031,W6
2019-09-24,117978.59479303112,118068.41745191203,-0.07607678735720208,W6
2019-09-24,118078.77950551554,118078.77950551554,0.0,W6
2019-09-25,118095.90815569274,118095.90815569274,0.0,W6
2019-09-25,118072.45755448923,118095.90815569274,-0.01985725125429099,W6
2019-09-26,118065.71745655076,118095.90815569274,-0.025564559867882745,W6
2019-09-26,118013.8450650759,118095.90815569274,-0.06948851310635469,W6
2019-09-26,118030.7912517,118095.90815569274,-0.05513900101170372,W6
2019-09-26,118507.38893511532,118507.38893511532,0.0,W6
2019-09-27,118451.95709684982,118507.38893511532,-0.04677500598368054,W6
2019-09-27,118441.91599648248,118507.38893511532,-0.055247980080539466,W6
2019-09-27,118559.61376419317,118559.61376419317,0.0,W6
2019-09-27,118209.23129302255,118559.61376419317,-0.29553273669355234,W6
2019-09-27,117911.84787839738,118559.61376419317,-0.5463630196064472,W6
2019-09-27,118001.95713126792,118559.61376419317,-0.4703596909773956,W6
2019-09-27,117784.67581396845,118559.61376419317,-0.6536272560452291,W6
2019-09-30,117556.86027240338,118559.61376419317,-0.8457799919829306,W6
2019-09-30,117488.99634891581,118559.61376419317,-0.9030203298458307,W6
2019-09-30,117632.36755492527,118559.61376419317,-0.782092805322505,W6
2019-09-30,117596.33676977926,118559.61376419317,-0.8124832426746982,W6
2019-09-30,117593.59869649407,118559.61376419317,-0.8147926912282628,W6
2019-09-30,117592.71601561767,118559.61376419317,-0.8155371950676177,W6
2019-09-30,116959.68898220545,118559.61376419317,-1.3494686185211933,W6
2019-09-30,116576.15310837606,118559.61376419317,-1.6729648426167045,W6
2019-09-30,115543.8800565963,118559.61376419317,-2.5436433300086088,W6
2019-10-01,115478.05136225233,118559.61376419317,-2.5991670385076118,W6
2019-10-01,115330.23153047914,118559.61376419317,-2.7238467899676584,W6
2019-10-01,114899.37961261274,118559.61376419317,-3.0872520881017547,W6
2019-10-01,114791.43006320474,118559.61376419317,-3.1783029493357566,W6
2019-10-01,114679.51420796744,118559.61376419317,-3.2726992211217714,W6
2019-10-01,114051.9003842105,118559.61376419317,-3.802064832083713,W6
2019-10-02,113369.72311170463,118559.61376419317,-4.377452395223614,W6
2019-10-03,113049.38108548071,118559.61376419317,-4.647647292164709,W6
2019-10-03,112847.99142522582,118559.61376419317,-4.817510919297843,W6
2019-10-04,112477.13090988263,118559.61376419317,-5.130316016724022,W6
2019-10-04,112592.05931225083,118559.61376419317,-5.0333787893501345,W6
2019-10-07,112699.26781082102,118559.61376419317,-4.942952973031751,W6
2019-10-07,112810.70029263647,118559.61376419317,-4.848964406202347,W6
2019-10-07,112932.59631679712,118559.61376419317,-4.7461502857016695,W6
2019-10-07,113245.25745548717,118559.61376419317,-4.482433891253971,W6
2019-10-07,112826.03549383684,118559.61376419317,-4.83602981514432,W6
2019-10-07,112828.82026689431,118559.61376419317,-4.833680977315773,W6
2019-10-07,112655.77875835507,118559.61376419317,-4.979634142179664,W6
2019-10-07,112184.30402700439,118559.61376419317,-5.377303058585222,W6
2019-10-07,112295.45914345462,118559.61376419317,-5.283548437664045,W6
2019-10-08,112160.47644495497,118559.61376419317,-5.397400612290826,W6
2019-10-08,112161.38333958382,118559.61376419317,-5.396635685179433,W6
2019-10-09,112233.12821079088,118559.61376419317,-5.336121932705713,W6
2019-10-09,112350.70873095647,118559.61376419317,-5.236947756582427,W6
2019-10-09,112250.11486036374,118559.61376419317,-5.321794415068342,W6
2019-10-09,112195.02514957698,118559.61376419317,-5.3682602469293785,W6
2019-10-10,112280.36719067491,118559.61376419317,-5.2962778590079145,W6
2019-10-10,112260.34546348861,118559.61376419317,-5.3131653357384945,W6
2019-10-10,112306.06950286607,118559.61376419317,-5.274599050031459,W6
2019-10-10,112365.72517570702,118559.61376419317,-5.224282023054972,W6
2019-10-10,112306.68524632862,118559.61376419317,-5.274079696566144,W6
2019-10-10,112393.82532879188,118559.61376419317,-5.200580737100424,W6
2019-10-11,112462.56425164184,118559.61376419317,-5.142602374429065,W6
2019-10-11,112538.85111087997,118559.61376419317,-5.078257647910424,W6
2019-10-11,112604.8353635021,118559.61376419317,-5.022602732609021,W6
2019-10-11,112341.86081849765,118559.61376419317,-5.244410595046474,W6
2019-10-11,112393.621106573,118559.61376419317,-5.200752989870479,W6
2019-10-11,112509.46988157286,118559.61376419317,-5.103039467262119,W6
2019-10-11,112486.57793737642,118559.61376419317,-5.1223478501672535,W6
2019-10-11,112487.89512661677,118559.61376419317,-5.121236856972751,W6
2019-10-11,112429.96604214936,118559.61376419317,-5.170097579969561,W6
2019-10-11,112535.76118775942,118559.61376419317,-5.080863866860074,W6
2019-10-15,112644.40080014884,118559.61376419317,-4.989230966802303,W6
2019-10-15,112545.86717625966,118559.61376419317,-5.072339894674784,W6
2019-10-15,112620.8094878041,118559.61376419317,-5.00912923704436,W6
2019-10-17,112688.20882364167,118559.61376419317,-4.952280759137182,W6
2019-10-21,112870.2637453067,118559.61376419317,-4.798725163024057,W6
2019-10-21,112939.06209065783,118559.61376419317,-4.740696679996134,W6
2019-10-21,112935.99943549214,118559.61376419317,-4.743279899583692,W6
2019-10-21,112868.438340989,118559.61376419317,-4.800264814056769,W6
2019-10-22,112874.00623186716,118559.61376419317,-4.795568534521624,W6
2019-10-24,112692.79286076523,118559.61376419317,-4.9484143184682114,W6
2019-10-24,112668.2676237206,118559.61376419317,-4.969100314538849,W6
2019-10-24,112744.99245747355,118559.61376419317,-4.904386175113981,W6
2019-10-25,113069.25460321225,118559.61376419317,-4.6308848238160305,W6
2019-10-25,113204.35613144393,118559.61376419317,-4.516932421355959,W6
2019-10-25,113270.42439087824,118559.61376419317,-4.461206649875534,W6
2019-10-25,113249.4341696134,118559.61376419317,-4.47891101023772,W6
2019-10-25,113133.66927974184,118559.61376419317,-4.576553779302251,W6
2019-10-28,113273.59209902541,118559.61376419317,-4.458534822558794,W6
2019-10-28,113455.88880664592,118559.61376419317,-4.304775290258794,W6
2019-10-28,113581.06967722034,118559.61376419317,-4.199190541287366,W6
2019-10-28,113660.38524120115,118559.61376419317,-4.13229123092139,W6
2019-10-28,113727.98170084093,118559.61376419317,-4.075276487457206,W6
2019-10-28,113547.33123058795,118559.61376419317,-4.227647488439276,W6
2019-10-28,113647.82060453399,118559.61376419317,-4.142888968437765,W6
2019-10-28,113536.74288017477,118559.61376419317,-4.236578312416349,W6
2019-10-28,113651.31684239866,118559.61376419317,-4.139940040254152,W6
2019-10-29,113543.98100313127,118559.61376419317,-4.230473263043559,W6
2019-10-29,113649.69471026292,118559.61376419317,-4.141308239832611,W6
2019-10-29,113742.17406615974,118559.61376419317,-4.0633058299388365,W6
2019-10-29,113833.67348097044,118559.61376419317,-3.986129958741517,W6
2019-10-29,113931.70620613777,118559.61376419317,-3.9034435176720397,W6
2019-10-29,114025.43371308959,118559.61376419317,-3.824388345361644,W6
2019-10-30,113963.95155664202,118559.61376419317,-3.8762459337052224,W6
2019-10-30,114055.29358240133,118559.61376419317,-3.799202813489781,W6
2019-10-31,114131.9600858894,118559.61376419317,-3.7345378731665484,W6
2019-10-31,114274.03603265432,118559.61376419317,-3.6147028448174363,W6
2019-10-31,114142.18682180368,118559.61376419317,-3.7259120556646237,W6
2019-10-31,114142.1940125823,118559.61376419317,-3.7259059905481893,W6
2019-10-31,114150.23429423974,118559.61376419317,-3.719124354371956,W6
2019-10-31,114075.17749457838,118559.61376419317,-3.7824315778676705,W6
2019-10-31,114032.26839560443,118559.61376419317,-3.8186235808707267,W6
2019-11-01,113982.78320833312,118559.61376419317,-3.8603622351225373,W6
2019-11-01,114072.61620928269,118559.61376419317,-3.7845919132587698,W6
2019-11-01,114308.21844478247,118559.61376419317,-3.585871431621253,W6
2019-11-04,114385.45769841022,118559.61376419317,-3.5207234008749895,W6
2019-11-04,114604.96257521735,118559.61376419317,-3.335580357777946,W6
2019-11-04,114696.02291962007,118559.61376419317,-3.258774823826195,W6
2019-11-04,114538.73852926458,118559.61376419317,-3.3914375285717737,W6
2019-11-04,114617.35045672065,118559.61376419317,-3.3251317057370007,W6
2019-11-04,114659.85266826485,118559.61376419317,-3.28928289500392,W6
2019-11-05,114726.45307540051,118559.61376419317,-3.2331082795331563,W6
2019-11-05,114526.34732761749,118559.61376419317,-3.4018889810130166,W6
2019-11-05,114462.27752892829,118559.61376419317,-3.455929135712436,W6
2019-11-05,114370.53911728464,118559.61376419317,-3.533306590590204,W6
2019-11-05,114324.55674620785,118559.61376419317,-3.5720907681165004,W6
2019-11-05,114423.04539935097,118559.61376419317,-3.4890197711587905,W6
2019-11-06,114357.85028570461,118559.61376419317,-3.5440090812420957,W6
2019-11-06,114223.22437241663,118559.61376419317,-3.6575603226924436,W6
2019-11-06,114100.84043429232,118559.61376419317,-3.7607859779039465,W6
2019-11-06,114070.6598718688,118559.61376419317,-3.786242000798505,W6
2019-11-06,114150.91341175808,118559.61376419317,-3.718551547581528,W6
2019-11-07,114118.24284554081,118559.61376419317,-3.746107782947017,W6
2019-11-07,113936.42096465261,118559.61376419317,-3.8994668190601276,W6
2019-11-07,113861.67052097165,118559.61376419317,-3.9625156442946987,W6
2019-11-08,113857.55394211963,118559.61376419317,-3.965987803760571,W6
2019-11-08,113781.2947095597,118559.61376419317,-4.030309228349218,W6
2019-11-08,113956.23806513206,118559.61376419317,-3.8827519362680354,W6
2019-11-08,114265.73891798183,118559.61376419317,-3.6217011087363713,W6
2019-11-08,114540.28213915457,118559.61376419317,-3.3901355591734372,W6
2019-11-08,114787.78485354783,118559.61376419317,-3.181377528900567,W6
2019-11-11,114856.90017475888,118559.61376419317,-3.1230816901940432,W6
2019-11-11,115049.94570956824,118559.61376419317,-2.960255978570757,W6
2019-11-11,115280.58229354059,118559.61376419317,-2.765723813147998,W6
2019-11-12,115485.30418318014,118559.61376419317,-2.5930495920201126,W6
2019-11-12,115228.03974254525,118559.61376419317,-2.8100412238809973,W6
2019-11-12,115540.9962879179,118559.61376419317,-2.5460756664399216,W6
2019-11-13,115757.35438235076,118559.61376419317,-2.3635868006587013,W6
2019-11-13,115945.76355421814,118559.61376419317,-2.2046716643104114,W6
2019-11-13,116143.7607403045,118559.61376419317,-2.0376694450891497,W6
2019-11-13,116198.8233153793,118559.61376419317,-1.9912265010489336,W6
2019-11-13,116048.51945661884,118559.61376419317,-2.118001423797415,W6
2019-11-13,115993.65237244862,118559.61376419317,-2.1642794795604448,W6
2019-11-13,116195.50823305655,118559.61376419317,-1.9940226322250538,W6
2019-11-14,116479.61635393211,118559.61376419317,-1.7543894959020596,W6
2019-11-14,116617.1572396486,118559.61376419317,-1.6383795989821468,W6
2019-11-14,116610.89129235665,118559.61376419317,-1.6436646594618562,W6
2019-11-14,116751.06938339828,118559.61376419317,-1.5254303918296828,W6
2019-11-14,116596.76204693306,118559.61376419317,-1.6555820780287702,W6
2019-11-14,116753.73445490128,118559.61376419317,-1.5231825171796372,W6
2019-11-14,116456.02156290527,118559.61376419317,-1.7742907002647634,W6
2019-11-15,116192.05065317737,118559.61376419317,-1.9969389540393727,W6
2019-11-15,116044.22605816668,118559.61376419317,-2.1216227230880023,W6
2019-11-15,116063.05021636216,118559.61376419317,-2.105745344950689,W6
2019-11-15,116271.67280796522,118559.61376419317,-1.929781047345939,W6
2019-11-15,116442.06376072267,118559.61376419317,-1.7860635137376235,W6
2019-11-18,116640.32612164257,118559.61376419317,-1.618837630803965,W6
2019-11-18,116950.06414580117,118559.61376419317,-1.3575867593439417,W6
2019-11-18,117004.69140065702,118559.61376419317,-1.3115109894240953,W6
2019-11-18,117028.08190442636,118559.61376419317,-1.2917820926887622,W6
2019-11-18,117067.58496804936,118559.61376419317,-1.258462935879124,W6
2019-11-19,116997.69251241861,118559.61376419317,-1.317414254470426,W6
2019-11-19,117056.09596776709,118559.61376419317,-1.2681534197778954,W6
2019-11-19,116421.02097556577,118559.61376419317,-1.803812209510831,W6
2019-11-19,116679.5677535425,118559.61376419317,-1.5857389805519662,W6
2019-11-20,116651.69720372195,118559.61376419317,-1.6092466059023531,W6
2019-11-20,116828.32359389015,118559.61376419317,-1.4602697456036233,W6
2019-11-20,116727.51183643985,118559.61376419317,-1.5453001824021146,W6
2019-11-21,116575.23122159827,118559.61376419317,-1.67374241496915,W6
2019-11-22,116355.58031692912,118559.61376419317,-1.8590086263672576,W6
2019-11-22,115895.60016814008,118559.61376419317,-2.246982350458418,W6
2019-11-22,115591.44593764294,118559.61376419317,-2.503523529060837,W6
2019-11-25,115865.51490024947,118559.61376419317,-2.272357996460813,W6
2019-11-25,116244.05453741379,118559.61376419317,-1.953075885844964,W6
2019-11-25,116690.72077686402,118559.61376419317,-1.5763318789535254,W6
2019-11-25,116879.79950520866,118559.61376419317,-1.4168520001469826,W6
2019-11-25,117080.2255681101,118559.61376419317,-1.2478011264657771,W6
2019-11-25,117483.64241371144,118559.61376419317,-0.907536146855004,W6
2019-11-25,117378.77586840573,118559.61376419317,-0.9959866250374616,W6
2019-11-25,117044.71067788731,118559.61376419317,-1.2777564283558605,W6
2019-11-25,116806.31993626009,118559.61376419317,-1.4788288965079324,W6
2019-11-25,116814.09138220712,118559.61376419317,-1.4722740118382787,W6
2019-11-25,116722.6036140518,118559.61376419317,-1.5494400595763236,W6
2019-11-26,116900.36386679448,118559.61376419317,-1.3995068343414372,W6
2019-11-26,117203.88263513452,118559.61376419317,-1.1435016410858982,W6
2019-11-26,117504.01980459875,118559.61376419317,-0.8903486828946027,W6
2019-11-26,117538.80973796168,118559.61376419317,-0.8610048513331007,W6
2019-11-26,117494.750856555,118559.61376419317,-0.8981666469967715,W6
2019-11-26,117542.70709349598,118559.61376419317,-0.8577175974271899,W6
2019-11-27,117544.28954362433,118559.61376419317,-0.8563828679370137,W6
2019-11-27,117824.51965159108,118559.61376419317,-0.6200206708366499,W6
2019-11-27,118000.77924262696,118559.61376419317,-0.471353190031215,W6
2019-11-27,118191.700864478,118559.61376419317,-0.3103189088039071,W6
2019-11-27,118272.28710055549,118559.61376419317,-0.24234784047892738,W6
2019-11-29,118294.12414863482,118559.61376419317,-0.2239292176561877,W6
2019-11-29,118229.32973937994,118559.61376419317,-0.27858055059975056,W6
2019-11-29,118111.58102001867,118559.61376419317,-0.37789659560262145,W6
2019-12-02,118300.53852010565,118559.61376419317,-0.21851896768389006,W6
2019-12-02,118171.87586726708,118559.61376419317,-0.32704045215369343,W6
2019-12-03,118156.16333425112,118559.61376419317,-0.3402933065761215,W6
2019-12-03,118084.7827022206,118559.61376419317,-0.4004998387705388,W6
2019-12-04,117885.41913929951,118559.61376419317,-0.5686545388335901,W6
2019-12-04,117601.47150271275,118559.61376419317,-0.808152313473369,W6
2019-12-04,117519.31827214302,118559.61376419317,-0.8774450751157354,W6
2019-12-04,117020.89633923695,118559.61376419317,-1.2978428118166994,W6
2019-12-04,116974.1962998464,118559.61376419317,-1.337232312092426,W6
2019-12-05,116941.26971027475,118559.61376419317,-1.3650044922862155,W6
2019-12-05,117212.3501199252,118559.61376419317,-1.136359677206421,W6
2019-12-05,117096.28226166638,118559.61376419317,-1.2342579872411354,W6
2019-12-05,117090.89994353494,118559.61376419317,-1.2387977440441067,W6
2019-12-06,117383.05544017749,118559.61376419317,-0.9923769879647023,W6
2019-12-06,117642.64536388541,118559.61376419317,-0.7734239098750294,W6
2019-12-09,117858.2264016882,118559.61376419317,-0.5915904583663585,W6
2019-12-11,117774.43614185155,118559.61376419317,-0.6622639846847742,W6
2019-12-11,117835.982723968,118559.61376419317,-0.610352056025099,W6
2019-12-11,118006.68166260836,118559.61376419317,-0.46637474940206397,W6
2019-12-12,118276.79722876515,118559.61376419317,-0.2385437388405493,W6
2019-12-13,118763.51503612947,118763.51503612947,0.0,W6
2019-12-16,118941.00651569317,118941.00651569317,0.0,W6
2019-12-16,119118.38385102231,119118.38385102231,0.0,W6
2019-12-16,119262.8970775115,119262.8970775115,0.0,W6
2019-12-17,119180.15402502833,119262.8970775115,-0.06937870411566141,W6
2019-12-17,119235.27588482671,119262.8970775115,-0.0231599209491267,W6
2019-12-17,119385.92838726054,119385.92838726054,0.0,W6
2019-12-17,119574.62305570513,119574.62305570513,0.0,W6
2019-12-18,119807.72564198007,119807.72564198007,0.0,W6
2019-12-18,119936.02409750246,119936.02409750246,0.0,W6
2019-12-18,120179.58146882424,120179.58146882424,0.0,W6
2019-12-18,120240.09696165026,120240.09696165026,0.0,W6
2019-12-18,120193.02857460115,120240.09696165026,-0.03914533357713186,W6
2019-12-19,120252.37002111375,120252.37002111375,0.0,W6
2019-12-19,120092.0473572047,120252.37002111375,-0.13332183297584355,W6
2019-12-19,120105.64584458577,120252.37002111375,-0.12201354243763704,W6
2019-12-19,120024.99771949583,120252.37002111375,-0.18907926852334972,W6
2019-12-19,120083.78094807653,120252.37002111375,-0.1401960501964483,W6
2019-12-19,120285.74219850668,120285.74219850668,0.0,W6
2019-12-20,120538.76071660267,120538.76071660267,0.0,W6
2019-12-20,120692.34260699416,120692.34260699416,0.0,W6
2019-12-20,120773.7083983878,120773.7083983878,0.0,W6
2019-12-23,120636.84124423431,120773.7083983878,-0.11332528906209602,W6
2019-12-23,120802.51553163242,120802.51553163242,0.0,W6
2019-12-23,120344.26996301628,120802.51553163242,-0.3793344588889363,W6
2019-12-24,120598.76314072969,120802.51553163242,-0.16866568548349786,W6
2019-12-24,120613.17106026561,120802.51553163242,-0.15673884813866631,W6
2019-12-24,120676.3865569017,120802.51553163242,-0.10440922871154058,W6
2019-12-24,120674.93172062082,120802.51553163242,-0.10561353830268032,W6
2019-12-24,120748.02876899425,120802.51553163242,-0.04510399671595183,W6
2019-12-24,120394.96436215925,120802.51553163242,-0.3373697705545298,W6
2019-12-24,120264.96992645742,120802.51553163242,-0.44497881754312507,W6
2019-12-24,120463.46538576469,120802.51553163242,-0.2806648060064202,W6
2019-12-24,120781.76000195525,120802.51553163242,-0.017181372081395387,W6
2019-12-26,120712.015370482,120802.51553163242,-0.07491579190396001,W6
2019-12-26,120476.96171799069,120802.51553163242,-0.2694925782042045,W6
2019-12-26,120518.90944046428,120802.51553163242,-0.23476836547652738,W6
2019-12-26,120243.39863784054,120802.51553163242,-0.4628354726979825,W6
2019-12-26,120440.65271520446,120802.51553163242,-0.29954907382140616,W6
2019-12-26,120491.94201254482,120802.51553163242,-0.2570919303466623,W6
2019-12-27,120430.64323173526,120802.51553163242,-0.30783489752726934,W6
2019-12-27,120522.65845607838,120802.51553163242,-0.23166494035528673,W6
2019-12-27,120679.5232159464,120802.51553163242,-0.10181271072439793,W6
2019-12-27,120742.31938720423,120802.51553163242,-0.049830207726451664,W6
2019-12-27,120810.38832822525,120810.38832822525,0.0,W6
2019-12-27,120923.8816918574,120923.8816918574,0.0,W6
2019-12-30,120932.19421574187,120932.19421574187,0.0,W6
2019-12-30,120946.01729356495,120946.01729356495,0.0,W6
2019-12-30,120805.14397915335,120946.01729356495,-0.11647619124957576,W6
2019-12-31,120997.99636389824,120997.99636389824,0.0,W6
2019-12-31,120660.36579549784,120997.99636389824,-0.27903814818965167,W6
2019-12-31,120615.32386936656,120997.99636389824,-0.3162634969432093,W6
2019-12-31,120328.2389638984,120997.99636389824,-0.5535276782481295,W6
2019-12-31,120327.97392704737,120997.99636389824,-0.5537467205951115,W6
2020-01-02,120059.70581055648,120997.99636389824,-0.775459579115576,W6
2020-01-03,120127.89056624906,120997.99636389824,-0.719107608222178,W6
2020-01-06,119651.90779406646,120997.99636389824,-1.1124883140903108,W6
2020-01-07,119385.16012297686,120997.99636389824,-1.3329445853556334,W6
2020-01-07,119325.83813887756,120997.99636389824,-1.3819718303365236,W6
2020-01-08,119519.8209512881,120997.99636389824,-1.22165280172456,W6
2020-01-08,119616.29464201927,120997.99636389824,-1.141921158531864,W6
2020-01-08,119796.6467095149,120997.99636389824,-0.992867394903234,W6
2020-01-08,119840.71966718645,120997.99636389824,-0.9564428597902682,W6
2020-01-08,119973.27657046958,120997.99636389824,-0.8468898859670778,W6
2020-01-08,120038.19890861661,120997.99636389824,-0.7932341725684987,W6
2020-01-09,120061.60634324959,120997.99636389824,-0.7738888649300356,W6
2020-01-10,120092.71898311944,120997.99636389824,-0.748175513630991,W6
2020-01-10,120162.56801264476,120997.99636389824,-0.690448087041839,W6
2020-01-13,120042.37923026815,120997.99636389824,-0.7897793040771496,W6
2020-01-13,120130.11814326368,120997.99636389824,-0.7172666049976922,W6
2020-01-13,120089.520629033,120997.99636389824,-0.7508188252415625,W6
2020-01-13,120081.86463625962,120997.99636389824,-0.7571461967712123,W6
2020-01-13,120130.61896566101,120997.99636389824,-0.7168526953360636,W6
2020-01-13,120058.84409352968,120997.99636389824,-0.7761717537405223,W6
2020-01-13,120167.72273521984,120997.99636389824,-0.6861879151960334,W6
2020-01-13,120109.78512134582,120997.99636389824,-0.7340710336071624,W6
2020-01-13,120201.47739147302,120997.99636389824,-0.6582910431258029,W6
2020-01-13,120197.22176835984,120997.99636389824,-0.6618081452605987,W6
2020-01-13,120336.25355193431,120997.99636389824,-0.5469039420898866,W6
2020-01-14,120480.86184201617,120997.99636389824,-0.42739097953887645,W6
2020-01-14,120589.18803030073,120997.99636389824,-0.33786372161736433,W6
2020-01-14,120666.95940891394,120997.99636389824,-0.27358879066783626,W6
2020-01-14,120702.45999147024,120997.99636389824,-0.24424898040392792,W6
2020-01-14,120699.61443517439,120997.99636389824,-0.24660071876436923,W6
2020-01-14,120698.8882146074,120997.99636389824,-0.24720091098970084,W6
2020-01-15,120662.91346094408,120997.99636389824,-0.2769326046907511,W6
2020-01-15,120533.71846078786,120997.99636389824,-0.3837071001689004,W6
2020-01-15,120528.46392309287,120997.99636389824,-0.3880497652153386,W6
2020-01-15,120610.23655861635,120997.99636389824,-0.3204679556145018,W6
2020-01-15,120685.52114828743,120997.99636389824,-0.2582482561703372,W6
2020-01-15,120759.49759870819,120997.99636389824,-0.19710968144693947,W6
2020-01-16,120976.23041537098,120997.99636389824,-0.017988685086816846,W6
2020-01-16,121015.10230051372,121015.10230051372,0.0,W6
2020-01-16,121095.15001100434,121095.15001100434,0.0,W6
2020-01-16,121094.68645876272,121095.15001100434,-0.000382800006093513,W6
2020-01-16,121177.96384171802,121177.96384171802,0.0,W6
2020-01-16,121226.74664611334,121226.74664611334,0.0,W6
2020-01-16,121293.62292672625,121293.62292672625,0.0,W6
2020-01-17,121320.92195555652,121320.92195555652,0.0,W6
2020-01-17,121278.21966317925,121320.92195555652,-0.035197797452378284,W6
2020-01-17,121360.19632558695,121360.19632558695,0.0,W6
2020-01-17,121492.69276255448,121492.69276255448,0.0,W6
2020-01-21,121606.0519247838,121606.0519247838,0.0,W6
2020-01-22,121662.60322140958,121662.60322140958,0.0,W6
2020-01-22,121675.70717609096,121675.70717609096,0.0,W6
2020-01-22,121436.26351776627,121675.70717609096,-0.1967883843717132,W6
2020-01-22,121422.712231899,121675.70717609096,-0.20792559999328514,W6
2020-01-22,121514.42928857906,121675.70717609096,-0.13254731881565537,W6
2020-01-23,121586.57039589935,121675.70717609096,-0.07325766355531073,W6
2020-01-23,121448.18641930161,121675.70717609096,-0.18698946738816205,W6
2020-01-23,121400.95243670615,121675.70717609096,-0.22580903432694077,W6
2020-01-23,121335.44043499007,121675.70717609096,-0.27965051446830597,W6
2020-01-23,121399.4115619757,121675.70717609096,-0.22707541260918607,W6
2020-01-23,121312.73671552111,121675.70717609096,-0.29830971933004946,W6
2020-01-24,121401.47304898441,121675.70717609096,-0.22538116561728844,W6
2020-01-24,121326.30678465842,121675.70717609096,-0.2871570665514081,W6
2020-01-24,121312.26789659276,121675.70717609096,-0.29869502132600945,W6
2020-01-24,121147.61094565588,121675.70717609096,-0.43401944619135374,W6
2020-01-24,121130.41919446866,121675.70717609096,-0.44814860277175145,W6
2020-01-24,121236.67443865194,121675.70717609096,-0.3608220142116315,W6
2020-01-24,121333.22550138709,121675.70717609096,-0.281470872577898,W6
2020-01-27,120826.25791157557,121675.70717609096,-0.6981256030721555,W6
2020-01-27,120557.3348849808,121675.70717609096,-0.9191418049386302,W6
2020-01-29,120342.68223881992,121675.70717609096,-1.095555528879618,W6
2020-01-29,120415.4514673739,121675.70717609096,-1.0357496479500181,W6
2020-01-29,120509.66077135611,121675.70717609096,-0.9583230965301316,W6
2020-01-30,120480.6996472589,121675.70717609096,-0.9821249915586129,W6
2020-01-30,120414.19524824497,121675.70717609096,-1.036782080107667,W6
2020-01-30,120519.26636870472,121675.70717609096,-0.9504286716103686,W6
2020-01-31,120487.17562678366,121675.70717609096,-0.9768026641400476,W6
2020-01-31,120252.1003063857,121675.70717609096,-1.1700009005454048,W6
2020-01-31,120078.52223123318,121675.70717609096,-1.3126572114730464,W6
2020-01-31,119867.2730876157,121675.70717609096,-1.4862737439101679,W6
2020-01-31,119762.61091738344,121675.70717609096,-1.5722910539068053,W6
2020-02-03,119880.18514030916,121675.70717609096,-1.4756618863807351,W6
2020-02-03,119993.05868964035,121675.70717609096,-1.3828959991294325,W6
2020-02-03,120094.73883295909,121675.70717609096,-1.2993294880496302,W6
2020-02-03,119361.99678532023,121675.70717609096,-1.9015384783605964,W6
2020-02-03,119029.21842367605,121675.70717609096,-2.1750346177029978,W6
2020-02-03,118465.76979173197,121675.70717609096,-2.638108673338972,W6
2020-02-03,118432.99281712159,121675.70717609096,-2.665046650829378,W6
2020-02-03,118012.69413173912,121675.70717609096,-3.0104719580965114,W6
2020-02-03,117882.77386670647,121675.70717609096,-3.1172478035367397,W6
2020-02-03,117912.97351195487,121675.70717609096,-3.0924280215528994,W6
2020-02-03,117579.35664513195,121675.70717609096,-3.366613292027725,W6
2020-02-03,117375.05373326405,121675.70717609096,-3.5345210170859627,W6
2020-02-03,117131.35728819898,121675.70717609096,-3.7348045829027523,W6
2020-02-03,117118.30852426303,121675.70717609096,-3.74552879748822,W6
2020-02-03,116982.96921471231,121675.70717609096,-3.856758321188341,W6
2020-02-04,117071.22172819916,121675.70717609096,-3.7842273981840235,W6
2020-02-04,117060.7857945489,121675.70717609096,-3.792804240589521,W6
2020-02-05,117155.07273443822,121675.70717609096,-3.7153138835761284,W6
2020-02-05,117180.74374925686,121675.70717609096,-3.694215987032582,W6
2020-02-05,117335.3090470087,121675.70717609096,-3.567185455352041,W6
2020-02-05,117432.94137799331,121675.70717609096,-3.4869456661200706,W6
2020-02-06,117813.17004969978,121675.70717609096,-3.1744521696522843,W6
2020-02-06,117901.02439810251,121675.70717609096,-3.1022484813058604,W6
2020-02-06,117985.90631278818,121675.70717609096,-3.0324877076431056,W6
2020-02-06,118190.54413266461,121675.70717609096,-2.8643047361808778,W6
2020-02-07,118269.61631858475,121675.70717609096,-2.7993187272598785,W6
2020-02-10,118307.91809765754,121675.70717609096,-2.767840151986542,W6
2020-02-10,118287.32468319676,121675.70717609096,-2.7847649884545036,W6
2020-02-11,118346.58766084588,121675.70717609096,-2.7360593108590927,W6
2020-02-11,118368.46717760064,121675.70717609096,-2.718077482552888,W6
2020-02-11,118520.84976239865,121675.70717609096,-2.592840828224285,W6
2020-02-11,118676.97376420721,121675.70717609096,-2.4645292651095363,W6
2020-02-11,118857.99861820301,121675.70717609096,-2.3157527688005275,W6
2020-02-12,119120.71423236039,121675.70717609096,-2.0998381706817977,W6
2020-02-12,119298.86937115906,121675.70717609096,-1.9534201691485578,W6
2020-02-12,119000.4016806315,121675.70717609096,-2.1987178521902586,W6
2020-02-12,119056.79120714025,121675.70717609096,-2.152373739780753,W6
2020-02-13,119085.53831753544,121675.70717609096,-2.1287477333556746,W6
2020-02-13,118899.06919756063,121675.70717609096,-2.2819986363522307,W6
2020-02-14,119080.67946746791,121675.70717609096,-2.132741012030844,W6
2020-02-14,119221.09861416515,121675.70717609096,-2.0173365899352946,W6
2020-02-18,119492.24764820866,121675.70717609096,-1.7944909288444568,W6
2020-02-19,119683.8233771274,121675.70717609096,-1.6370431248703405,W6
2020-02-20,119998.66881435068,121675.70717609096,-1.378285280325717,W6
2020-02-20,120995.82783876266,121675.70717609096,-0.5587634155636055,W6
2020-02-20,120983.23561262304,121675.70717609096,-0.569112421484233,W6
2020-02-20,121112.0263490739,121675.70717609096,-0.4632648867216289,W6
2020-02-20,121327.8050392495,121675.70717609096,-0.28592571591793986,W6
2020-02-21,121274.55016286188,121675.70717609096,-0.32969359499881046,W6
2020-02-21,120889.59572762444,121675.70717609096,-0.6460709920747313,W6
2020-02-24,120384.74551146293,121675.70717609096,-1.060985544764276,W6
2020-02-26,120166.05991176244,121675.70717609096,-1.2407137787526794,W6
2020-02-27,118546.77017283882,121675.70717609096,-2.571537964208331,W6
2020-02-27,117742.19159397807,121675.70717609096,-3.2327862918604136,W6
2020-02-27,116646.34249101004,121675.70717609096,-4.133417262824979,W6
2020-02-27,115924.1598922576,121675.70717609096,-4.726947898901165,W6
2020-02-28,114342.88384704996,121675.70717609096,-6.02653027397558,W6
2020-02-28,113119.83253486456,121675.70717609096,-7.031703237889719,W6
2020-02-28,112053.88868465844,121675.70717609096,-7.907756375319587,W6
2020-02-28,110773.45606514034,121675.70717609096,-8.960088553397688,W6
2020-02-28,109899.90157743436,121675.70717609096,-9.67802519661092,W6
2020-02-28,108887.84874744061,121675.70717609096,-10.509787635870126,W6
2020-02-28,107796.48013855459,121675.70717609096,-11.406736282576228,W6
2020-02-28,106835.14346292018,121675.70717609096,-12.196817308563727,W6
2020-02-28,105032.82928801385,121675.70717609096,-13.678061360260912,W6
2020-02-28,104261.1756066398,121675.70717609096,-14.312250139009745,W6
2020-02-28,103529.70754096091,121675.70717609096,-14.913412098660647,W6
2020-02-28,102111.09455321851,121675.70717609096,-16.079308743657627,W6
2020-03-02,101501.09241936656,121675.70717609096,-16.580643108593065,W6
2020-03-02,101452.5833003929,121675.70717609096,-16.620510654958302,W6
2020-03-02,101010.35133568631,121675.70717609096,-16.983961975661607,W6
2020-03-02,100561.97888616938,121675.70717609096,-17.352459895191295,W6
2020-03-02,100384.05992194852,121675.70717609096,-17.49868379505602,W6
2020-03-02,99597.76543320855,121675.70717609096,-18.144905220013122,W6
2020-03-02,98744.67916918524,121675.70717609096,-18.84601991564313,W6
2020-03-03,98611.83368906516,121675.70717609096,-18.95519986881803,W6
2020-03-03,98307.01006243723,121675.70717609096,-19.2057212207809,W6
2020-03-03,97746.36540919394,121675.70717609096,-19.666490807623667,W6
2020-03-03,97746.94272935436,121675.70717609096,-19.66601633315887,W6
2020-03-03,97100.0065652031,121675.70717609096,-20.19770517981993,W6
2020-05-29,97121.1296324745,121675.70717609096,-20.18034504461987,W6
2020-05-29,97231.65605386544,121675.70717609096,-20.089508160285195,W6
2020-06-01,97263.71868355354,121675.70717609096,-20.06315727198365,W6
2020-06-01,97319.96446305407,121675.70717609096,-20.016931299021653,W6
2020-06-01,97372.71278748456,121675.70717609096,-19.97357973308076,W6
2020-06-01,97441.33679266411,121675.70717609096,-19.917180631918992,W6
2020-06-01,97635.66412501517,121675.70717609096,-19.757471404119038,W6
2020-06-02,97673.72221638712,121675.70717609096,-19.726193105225022,W6
2020-06-02,97714.07178845994,121675.70717609096,-19.693031537473104,W6
2020-06-02,97756.89888331738,121675.70717609096,-19.6578338009229,W6
2020-06-04,97965.14474333722,121675.70717609096,-19.486685537351715,W6
2020-06-05,97929.23961968168,121675.70717609096,-19.51619440521765,W6
2020-06-05,97973.78218967063,121675.70717609096,-19.479586793868837,W6
2020-06-08,98030.6242677837,121675.70717609096,-19.432870748873256,W6
2020-06-08,98119.20372835951,121675.70717609096,-19.360071122200353,W6
2020-06-09,98066.58388956531,121675.70717609096,-19.403317091355106,W6
2020-06-10,98151.62780676704,121675.70717609096,-19.333423174832685,W6
2020-06-10,98235.70439207737,121675.70717609096,-19.264324266544723,W6
2020-06-10,98366.77892994435,121675.70717609096,-19.15659977419615,W6
2020-06-10,98441.13955122948,121675.70717609096,-19.095485996424948,W6
2020-06-12,98479.7521913147,121675.70717609096,-19.06375193793344,W6
2020-06-15,98495.83430814925,121675.70717609096,-19.050534741824382,W6
2020-06-15,98572.67003877128,121675.70717609096,-18.987386778763167,W6
2020-06-15,98724.06445180211,121675.70717609096,-18.862962260061387,W6
2020-06-16,98741.65919724427,121675.70717609096,-18.84850189993651,W6
2020-06-16,98607.65956048683,121675.70717609096,-18.958630404522484,W6
2020-06-17,98594.26314832264,121675.70717609096,-18.969640336147375,W6
2020-06-17,98589.2518122348,121675.70717609096,-18.973758936486053,W6
2020-06-26,98707.7424861149,121675.70717609096,-18.876376577566518,W6
2020-06-29,98730.6145286267,121675.70717609096,-18.857579035277574,W6
2020-06-30,98606.2109541342,121675.70717609096,-18.959820951416557,W6
2020-06-30,98621.1488829465,121675.70717609096,-18.94754411394507,W6
2020-06-30,98662.89559980422,121675.70717609096,-18.91323429333535,W6
2020-07-01,98779.80964337364,121675.70717609096,-18.817147698662666,W6
2020-07-01,98820.4766091774,121675.70717609096,-18.783725278733833,W6
2020-07-01,98864.507036482,121675.70717609096,-18.74753857530184,W6
2020-07-01,98919.5430807009,121675.70717609096,-18.702306831434306,W6
2020-07-01,99013.20004463567,121675.70717609096,-18.62533422440501,W6
2020-07-01,99053.07113851987,121675.70717609096,-18.592565897177213,W6
2020-07-01,99062.40543669116,121675.70717609096,-18.584894441314802,W6
2020-07-01,99050.27276302598,121675.70717609096,-18.59486576093707,W6
2020-07-01,98812.07060850898,121675.70717609096,-18.790633807037075,W6
2020-07-02,98769.88061311068,121675.70717609096,-18.825307939102924,W6
2020-07-02,98775.90686441185,121675.70717609096,-18.82035522385595,W6
2020-07-02,98877.58671627873,121675.70717609096,-18.736788952307823,W6
2020-07-02,98993.77689811111,121675.70717609096,-18.641297268282326,W6
2020-07-06,99030.79867147046,121675.70717609096,-18.610870674331434,W6
2020-07-07,98961.68608607435,121675.70717609096,-18.667671318437073,W6
2020-07-10,99140.18367347633,121675.70717609096,-18.5209718732112,W6
2020-07-15,99217.19108577227,121675.70717609096,-18.4576828124092,W6
2020-07-15,99308.01966313683,121675.70717609096,-18.3830347339451,W6
2020-07-16,99414.36513223733,121675.70717609096,-18.29563399342867,W6
2020-07-16,99529.58858515543,121675.70717609096,-18.200936822076834,W6
2020-07-16,99579.55004807196,121675.70717609096,-18.159875657053792,W6
2020-07-17,99646.70222192697,121675.70717609096,-18.104686190385788,W6
2020-07-20,99721.8481114586,121675.70717609096,-18.042927034613733,W6
2020-07-20,99844.17526105547,121675.70717609096,-17.942391642269694,W6
2020-07-20,99915.76521890133,121675.70717609096,-17.88355495291949,W6
2020-07-24,100059.05937208167,121675.70717609096,-17.765787687369137,W6
2020-07-29,100099.59660649825,121675.70717609096,-17.732471888055215,W6
2020-07-29,100186.6012806466,121675.70717609096,-17.6609665102213,W6
2020-07-31,100232.78414131812,121675.70717609096,-17.623010814919954,W6
2020-07-31,100279.30232143552,121675.70717609096,-17.584779535072055,W6
2020-08-03,100358.57614409603,121675.70717609096,-17.519627809637008,W6
2020-08-04,100373.02797124063,121675.70717609096,-17.507750478097293,W6
2020-08-04,100419.87977464654,121675.70717609096,-17.469245007701215,W6
2020-08-04,100381.32490569327,121675.70717609096,-17.500931586598576,W6
2020-08-04,100445.31859394153,121675.70717609096,-17.448337942613712,W6
2020-08-04,100361.7988630231,121675.70717609096,-17.516979196366655,W6
2020-08-04,100387.32170624682,121675.70717609096,-17.496003075647025,W6
2020-08-05,100398.2365866271,121675.70717609096,-17.48703260764351,W6
2020-08-05,100525.1933592873,121675.70717609096,-17.38269232838262,W6
2020-08-05,100579.11842627791,121675.70717609096,-17.338373648637802,W6
2020-08-05,100788.95078403749,121675.70717609096,-17.1659215112067,W6
2020-08-05,100906.31438096994,121675.70717609096,-17.069465448072748,W6
2020-08-05,100985.27912781194,121675.70717609096,-17.004567738682226,W6
2020-08-05,101034.1595693,121675.70717609096,-16.96439501840593,W6
2020-08-05,101075.2482534871,121675.70717609096,-16.93062600638151,W6
2020-08-06,100985.92340564965,121675.70717609096,-17.00403823459907,W6
2020-08-06,101027.91167202649,121675.70717609096,-16.969529894889096,W6
2020-08-06,101055.90513503717,121675.70717609096,-16.94652327864632,W6
2020-08-06,100961.94877612437,121675.70717609096,-17.023741945456152,W6
2020-08-06,101156.51239596996,121675.70717609096,-16.863838523186317,W6
2020-08-07,101194.95450378596,121675.70717609096,-16.832244617789595,W6
2020-08-07,101256.32380031164,121675.70717609096,-16.781807847829537,W6
2020-08-07,102196.14968721222,121675.70717609096,-16.009405608539115,W6
2020-08-10,102305.99848311106,121675.70717609096,-15.919125635282116,W6
2020-08-10,102352.47622550868,121675.70717609096,-15.880927589446758,W6
2020-08-12,102414.90108317646,121675.70717609096,-15.829623299447903,W6
2020-08-12,102461.10306455352,121675.70717609096,-15.791651889665836,W6
2020-08-12,102544.12280252502,121675.70717609096,-15.72342155848613,W6
2020-08-13,102502.24879317528,121675.70717609096,-15.757835995288321,W6
2020-08-13,102455.7764753012,121675.70717609096,-15.79602958294245,W6
2020-08-13,102497.8746692253,121675.70717609096,-15.76143089853688,W6
2020-08-13,102533.55431429716,121675.70717609096,-15.7321073417646,W6
2020-08-13,102575.65915862154,121675.70717609096,-15.69750319168274,W6
2020-08-14,102598.20751680042,121675.70717609096,-15.678971671544334,W6
2020-08-14,102535.74666278421,121675.70717609096,-15.730305545384754,W6
2020-08-14,102638.98009616975,121675.70717609096,-15.645462452394845,W6
2020-08-14,102705.43806178712,121675.70717609096,-15.590843525445694,W6
2020-08-14,102724.45756413913,121675.70717609096,-15.575212219252025,W6
2020-08-17,102792.0911173289,121675.70717609096,-15.519627127733388,W6
2020-08-17,102838.81991754854,121675.70717609096,-15.481222748334957,W6
2020-08-17,102887.96627529534,121675.70717609096,-15.440831482989212,W6
2020-08-17,102982.19179814795,121675.70717609096,-15.363391601981377,W6
2020-08-17,103043.19031065184,121675.70717609096,-15.313259563368595,W6
2020-08-17,103097.41773881037,121675.70717609096,-15.268692386060106,W6
2020-08-17,103149.47216233073,121675.70717609096,-15.225911107258888,W6
2020-08-17,103191.86246033988,121675.70717609096,-15.191072355142326,W6
2020-08-17,103233.4278359216,121675.70717609096,-15.156911571082476,W6
2020-08-17,103337.0399073741,121675.70717609096,-15.07175729184533,W6
2020-08-17,103385.33776557804,121675.70717609096,-15.032063371567522,W6
2020-08-18,103393.35241460739,121675.70717609096,-15.025476478246446,W6
2020-08-18,103422.82025661888,121675.70717609096,-15.001258133684988,W6
2020-08-18,103487.45143701695,121675.70717609096,-14.948140562480305,W6
2020-08-18,103527.41823241346,121675.70717609096,-14.915293582319613,W6
2020-08-18,103609.98637751123,121675.70717609096,-14.847434395786777,W6
2020-08-18,103650.61635678585,121675.70717609096,-14.814042373486208,W6
2020-08-19,103636.15121653622,121675.70717609096,-14.825930646491017,W6
2020-08-19,103650.99521504912,121675.70717609096,-14.813731006269151,W6
2020-08-20,103704.2861658734,121675.70717609096,-14.769933479169378,W6
2020-08-20,103726.1327254429,121675.70717609096,-14.751978736948004,W6
2020-08-24,103814.64445496902,121675.70717609096,-14.679234775494779,W6
2020-08-24,103836.93638948104,121675.70717609096,-14.660913998875206,W6
2020-08-24,103858.75263679832,121675.70717609096,-14.642984168982611,W6
2020-08-24,103938.70986687622,121675.70717609096,-14.577270780555631,W6
2020-08-26,104030.94526306509,121675.70717609096,-14.501466498559237,W6
2020-08-26,104099.87936676526,121675.70717609096,-14.444812540838317,W6
2020-08-26,104260.84454285279,121675.70717609096,-14.31252222601436,W6
2020-08-26,104351.26295347513,121675.70717609096,-14.238211245851751,W6
2020-08-26,104445.87070574479,121675.70717609096,-14.1604572270214,W6
2020-08-26,104324.46275623688,121675.70717609096,-14.260237168577197,W6
2020-08-26,104224.26350998475,121675.70717609096,-14.342586594422013,W6
2020-08-26,104250.00075719653,121675.70717609096,-14.321434264339786,W6
2020-08-26,104236.72681257142,121675.70717609096,-14.33234354519229,W6
2020-08-26,104174.27638768297,121675.70717609096,-14.383668847783765,W6
2020-08-27,104005.90639440976,121675.70717609096,-14.522044861517996,W6
2020-08-27,103969.45459929235,121675.70717609096,-14.552003015009271,W6
2020-08-28,104053.10412615126,121675.70717609096,-14.48325508758786,W6
2020-08-28,104163.35889058831,121675.70717609096,-14.39264146635163,W6
2020-08-28,104168.84321122029,121675.70717609096,-14.388134140477582,W6
2020-08-28,104110.49503772601,121675.70717609096,-14.43608798011283,W6
2020-08-28,104086.81735687358,121675.70717609096,-14.455547641701779,W6
2020-08-31,104092.8919168739,121675.70717609096,-14.45055522362483,W6
2020-08-31,104006.27223962324,121675.70717609096,-14.52174418916361,W6
2020-08-31,103930.2994549035,121675.70717609096,-14.584182934319031,W6
2020-08-31,103866.3782816966,121675.70717609096,-14.636716981328432,W6
2020-09-01,103963.61365566243,121675.70717609096,-14.556803433897713,W6
2020-09-01,103939.25495304016,121675.70717609096,-14.576822797818084,W6
2020-09-01,104018.26192407323,121675.70717609096,-14.511890386191553,W6
2020-09-01,103965.23743058828,121675.70717609096,-14.555468923531144,W6
2020-09-01,103838.67663283924,121675.70717609096,-14.659483768142554,W6
2020-09-01,103673.55522576609,121675.70717609096,-14.795189909413784,W6
2020-09-01,103644.34395530149,121675.70717609096,-14.819197388920207,W6
2020-09-01,103716.59797936985,121675.70717609096,-14.759814932269439,W6
2020-09-02,103853.22326978184,121675.70717609096,-14.647528516531363,W6
2020-09-02,104004.17495826267,121675.70717609096,-14.52346785398484,W6
2020-09-03,104061.077756922,121675.70717609096,-14.47670190539908,W6
2020-09-03,104114.56193425904,121675.70717609096,-14.432745573787514,W6
2020-09-08,103889.83088388019,121675.70717609096,-14.617442302160427,W6
2020-09-08,103728.04598776557,121675.70717609096,-14.750406309413316,W6
2020-09-09,103655.5440426764,121675.70717609096,-14.809992521625952,W6
2020-09-09,103331.0238655189,121675.70717609096,-15.07670161639032,W6
2020-09-09,103248.89119943442,121675.70717609096,-15.144202901561085,W6
2020-09-09,102731.05885495678,121675.70717609096,-15.569786903902843,W6
2020-09-09,102702.58887083859,121675.70717609096,-15.593185152229427,W6
2020-09-09,102567.23174688056,121675.70717609096,-15.704429316820262,W6
2020-09-09,102591.16861139424,121675.70717609096,-15.68475664339249,W6
2020-09-09,102421.52093563655,121675.70717609096,-15.824182729087783,W6
2020-09-09,102373.22607166642,121675.70717609096,-15.86387418853436,W6
2020-09-09,102433.04065627744,121675.70717609096,-15.814715169039644,W6
2020-09-10,102229.24440012428,121675.70717609096,-15.98220649568402,W6
2020-09-11,102782.78311808732,121675.70717609096,-15.527276969643179,W6
2020-09-11,102939.39428405331,121675.70717609096,-15.398565027382308,W6
2020-09-11,102655.54023231474,121675.70717609096,-15.63185239289379,W6
2020-09-11,102763.11795026792,121675.70717609096,-15.543438920352814,W6
2020-09-14,102871.722636226,121675.70717609096,-15.45418142723555,W6
2020-09-14,102964.92058160766,121675.70717609096,-15.377586067697774,W6
2020-09-15,103032.85075592881,121675.70717609096,-15.321757196103178,W6
2020-09-16,103105.86076927927,121675.70717609096,-15.261753424565777,W6
2020-09-16,103135.75156166652,121675.70717609096,-15.23718747538745,W6
2020-09-16,103190.66360088924,121675.70717609096,-15.192057645861784,W6
2020-09-17,103115.63860787294,121675.70717609096,-15.253717442017905,W6
2020-09-17,102968.13087604383,121675.70717609096,-15.374947665578997,W6
2020-09-17,102911.11162785653,121675.70717609096,-15.42180931899415,W6
2020-09-17,102753.9079520304,121675.70717609096,-15.551008219476914,W6
2020-09-17,102561.98875267274,121675.70717609096,-15.708738306946145,W6
2020-09-17,102510.54482443587,121675.70717609096,-15.751017846084075,W6
2020-09-18,102318.67935686096,121675.70717609096,-15.908703773725527,W6
2020-09-18,102090.80744075969,121675.70717609096,-16.095981843760896,W6
2020-09-18,101989.31272871779,121675.70717609096,-16.179395956896077,W6
2020-09-18,101835.81790234108,121675.70717609096,-16.305546714462313,W6
2020-09-18,101582.04393762429,121675.70717609096,-16.514112557724292,W6
2020-09-18,101437.50549084955,121675.70717609096,-16.63290245435136,W6
2020-09-18,101421.3006639295,121675.70717609096,-16.646220500571214,W6
2020-09-22,101395.89193406282,121675.70717609096,-16.66710283645928,W6
2020-09-24,101486.23922151771,121675.70717609096,-16.592850309351185,W6
2020-09-24,101538.96194007932,121675.70717609096,-16.549519787766208,W6
2020-09-24,101505.15309831154,121675.70717609096,-16.57730581223439,W6
2020-09-25,101565.65738191082,121675.70717609096,-16.527579958977817,W6
2020-09-25,101644.39377418303,121675.70717609096,-16.462869924329514,W6
2020-09-25,101683.75246521061,121675.70717609096,-16.430522718842873,W6
2020-09-25,101753.03112747417,121675.70717609096,-16.37358558334441,W6
2020-09-28,101798.30381461156,121675.70717609096,-16.33637792029638,W6
2020-09-28,101927.8355255236,121675.70717609096,-16.229921410678912,W6
2020-09-28,101979.9882111844,121675.70717609096,-16.187059374475307,W6
2020-09-28,102029.25653001286,121675.70717609096,-16.146567874592627,W6
2020-09-28,102111.0143550186,121675.70717609096,-16.079374655088735,W6
2020-09-28,102176.56011761332,121675.70717609096,-16.025505428341727,W6
2020-09-28,102231.0879651859,121675.70717609096,-15.980691349313062,W6
2020-09-28,102333.83785899798,121675.70717609096,-15.896245656580508,W6
2020-09-28,102399.7707196927,121675.70717609096,-15.842058290651096,W6
2020-09-28,102460.70630796965,121675.70717609096,-15.791977966738308,W6
2020-09-28,102515.41504892232,121675.70717609096,-15.74701521926605,W6
2020-09-28,102556.67796930358,121675.70717609096,-15.713103010051158,W6
2020-09-28,102622.4576256961,121675.70717609096,-15.659041556110049,W6
2020-09-29,102602.95889292542,121675.70717609096,-15.675066721053168,W6
2020-09-29,102585.97074405309,121675.70717609096,-15.689028545698863,W6
2020-09-29,102608.75529657817,121675.70717609096,-15.670302907645162,W6
2020-09-29,102559.25998858617,121675.70717609096,-15.710980960101734,W6
2020-09-29,102599.11542339314,121675.70717609096,-15.67822550239209,W6
2020-09-30,102623.69691197439,121675.70717609096,-15.658023040329825,W6
2020-09-30,102672.6153318987,121675.70717609096,-15.617819107219724,W6
2020-09-30,102591.8311328385,121675.70717609096,-15.68421214567833,W6
2020-09-30,102519.22521154884,121675.70717609096,-15.743883811432111,W6
2020-09-30,102463.74670103716,121675.70717609096,-15.78947919920445,W6
2020-09-30,102479.65154296577,121675.70717609096,-15.776407697671612,W6
2020-10-01,102490.22204636638,121675.70717609096,-15.767720258209838,W6
2020-10-05,102595.89381235524,121675.70717609096,-15.680873205136276,W6
2020-10-09,102645.36802551222,121675.70717609096,-15.640212489612034,W6
2020-10-12,102727.25440582352,121675.70717609096,-15.572913616063842,W6
2020-10-13,102755.79522942625,121675.70717609096,-15.549457147829452,W6
2020-10-13,102825.76210104831,121675.70717609096,-15.491954402831384,W6
2020-10-15,102851.5442331609,121675.70717609096,-15.470765183790917,W6
2020-10-16,102850.04351391456,121675.70717609096,-15.471998560017914,W6
2020-10-22,102905.59801844826,121675.70717609096,-15.426340716046392,W6
2020-10-22,102979.85705941182,121675.70717609096,-15.365310422747095,W6
2020-10-23,102994.16463345801,121675.70717609096,-15.353551646588526,W6
2020-10-26,102898.19836012358,121675.70717609096,-15.432422175111975,W6
2020-10-26,102763.45924989194,121675.70717609096,-15.543158420956557,W6
2020-10-26,102690.28261557122,121675.70717609096,-15.603299131061336,W6
2020-10-27,102567.11153980557,121675.70717609096,-15.704528109815,W6
2020-10-27,102488.06595533172,121675.70717609096,-15.769492256158074,W6
2020-10-27,102395.3359410992,121675.70717609096,-15.84570304332722,W6
2020-10-27,102293.95143700282,121675.70717609096,-15.929026581319611,W6
2020-10-27,102189.99781546836,121675.70717609096,-16.014461565793557,W6
2020-10-27,102056.59764724725,121675.70717609096,-16.12409739312271,W6
2020-10-27,102088.84312827038,121675.70717609096,-16.0975962272191,W6
2020-10-28,102048.86034082207,121675.70717609096,-16.13045635055535,W6
2020-10-28,101937.87669078397,121675.70717609096,-16.221669011335266,W6
2020-10-28,101815.30013620475,121675.70717609096,-16.322409378844966,W6
2020-10-28,101640.896129922,121675.70717609096,-16.465744486838506,W6
2020-10-28,101488.71690009958,121675.70717609096,-16.590814012509874,W6
2020-10-28,101379.23035798194,121675.70717609096,-16.68079626505531,W6
2020-10-28,101113.17320667549,121675.70717609096,-16.89945712800095,W6
2020-10-29,101071.11729231707,121675.70717609096,-16.934021064660516,W6
2020-10-29,101030.77764771396,121675.70717609096,-16.967174473454545,W6
2020-10-29,100879.72467320846,121675.70717609096,-17.09131837860308,W6
2020-10-29,100871.4214091063,121675.70717609096,-17.098142472166916,W6
2020-10-29,100694.56830277227,121675.70717609096,-17.24349038954379,W6
2020-10-29,100648.72845550609,121675.70717609096,-17.281164176966158,W6
2020-10-29,100584.96133936073,121675.70717609096,-17.333571611141227,W6
2020-10-29,100486.59740387916,121675.70717609096,-17.414412674459818,W6
2020-10-30,100450.45906763943,121675.70717609096,-17.444113209659857,W6
2020-10-30,100253.17694934091,121675.70717609096,-17.60625084820509,W6
2020-10-30,100008.82392579806,121675.70717609096,-17.80707402746898,W6
2020-11-02,99782.17187842597,121675.70717609096,-17.993349540167724,W6
2020-11-02,99751.8698506011,121675.70717609096,-18.018253465962065,W6
2020-11-03,99819.6961358754,121675.70717609096,-17.962509976280803,W6
2020-11-03,99865.20306552398,121675.70717609096,-17.92510979944623,W6
2020-11-04,99870.90748596934,121675.70717609096,-17.920421583057152,W6
2020-11-05,100048.07151142761,121675.70717609096,-17.77481813470252,W6
2020-11-05,100236.68622612413,121675.70717609096,-17.619803860223264,W6
2020-11-05,100375.12320848966,121675.70717609096,-17.506028493242916,W6
2020-11-05,100386.47726680429,121675.70717609096,-17.496697083894137,W6
2020-11-05,100651.29809268097,121675.70717609096,-17.27905230333541,W6
2020-11-05,101003.75090131024,121675.70717609096,-16.989386587138505,W6
2020-11-05,101188.90896046792,121675.70717609096,-16.837213188310656,W6
2020-11-05,101231.49926296891,121675.70717609096,-16.802210061154508,W6
2020-11-05,101390.41684588944,121675.70717609096,-16.671602574575,W6
2020-11-05,101526.05280392455,121675.70717609096,-16.56012924831866,W6
2020-11-06,101568.87827796495,121675.70717609096,-16.524932843847868,W6
2020-11-09,101697.2570389029,121675.70717609096,-16.419423893937136,W6
2020-11-10,101754.21519481445,121675.70717609096,-16.37261244962055,W6
2020-11-12,101902.61231131568,121675.70717609096,-16.250651279272496,W6
2020-11-12,101949.95650197366,121675.70717609096,-16.21174113709476,W6
2020-11-13,102009.64574933017,121675.70717609096,-16.162685126867405,W6
2020-11-16,102050.09386249767,121675.70717609096,-16.129442572452692,W6
2020-11-19,102050.6657283472,121675.70717609096,-16.128972580650053,W6
2020-11-19,102064.94774876957,121675.70717609096,-16.117234805909447,W6
2020-11-19,102161.83974545679,121675.70717609096,-16.03760346540941,W6
2020-11-20,102183.17562108298,121675.70717609096,-16.020068432228705,W6
2020-11-20,102233.7641967467,121675.70717609096,-15.978491870367826,W6
2020-11-20,102354.08250751697,121675.70717609096,-15.879607455752392,W6
2020-11-23,102410.64057948484,121675.70717609096,-15.833124823121365,W6
2020-11-23,102547.57302630342,121675.70717609096,-15.72058596882039,W6
2020-11-24,102600.46646723518,121675.70717609096,-15.67711513790489,W6
2020-11-24,102668.40256877498,121675.70717609096,-15.6212813949857,W6
2020-11-24,102719.71889004922,121675.70717609096,-15.579106730490041,W6
2020-11-25,102823.89064080275,121675.70717609096,-15.49349247504727,W6
2020-11-25,102878.9623410709,121675.70717609096,-15.448231427015353,W6
2020-11-25,102919.65765904156,121675.70717609096,-15.414785705667075,W6
2020-11-25,102989.75626675347,121675.70717609096,-15.357174692475711,W6
2020-11-25,103084.04293378138,121675.70717609096,-15.279684559715303,W6
2020-11-25,103156.74414630244,121675.70717609096,-15.219934578220768,W6
2020-11-25,103268.68432632356,121675.70717609096,-15.127935786827578,W6
2020-11-25,103375.63419838333,121675.70717609096,-15.04003831366559,W6
2020-11-25,103461.80526335955,121675.70717609096,-14.96921804314806,W6
2020-11-25,103516.42949347796,121675.70717609096,-14.924324751474519,W6
2020-11-27,103523.85979925412,121675.70717609096,-14.918218104594377,W6
2020-11-27,103561.12667332265,121675.70717609096,-14.887590072973737,W6
2020-11-27,103605.40973050217,121675.70717609096,-14.851195743976383,W6
2020-11-27,103604.248841956,121675.70717609096,-14.852149828052093,W6
2020-11-27,103569.36275411386,121675.70717609096,-14.880821194466801,W6
2020-11-30,103427.33467599636,121675.70717609096,-14.997547927693795,W6
2020-11-30,103400.04269048579,121675.70717609096,-15.019978029925355,W6
2020-11-30,103292.61890290689,121675.70717609096,-15.108264993750788,W6
2020-11-30,103345.67347219572,121675.70717609096,-15.064661738409077,W6
2020-11-30,103544.13330556295,121675.70717609096,-14.901556186797185,W6
2020-12-01,103594.8980203528,121675.70717609096,-14.859834863808377,W6
2020-12-01,103670.54022994915,121675.70717609096,-14.797667804046085,W6
2020-12-01,103668.62436181835,121675.70717609096,-14.799242373181757,W6
2020-12-01,103579.36058942505,121675.70717609096,-14.872604406133918,W6
2020-12-01,103536.20458253486,121675.70717609096,-14.908072461255006,W6
2020-12-01,103555.94275696155,121675.70717609096,-14.891850509573128,W6
2020-12-01,103595.1903174354,121675.70717609096,-14.859594637481058,W6
2020-12-01,103660.96065863498,121675.70717609096,-14.80554083929404,W6
2020-12-01,103599.12391645247,121675.70717609096,-14.856361782617608,W6
2020-12-02,103587.16835835602,121675.70717609096,-14.866187538616007,W6
2020-12-03,103634.91510220128,121675.70717609096,-14.826946555388224,W6
2020-12-03,103550.95132027534,121675.70717609096,-14.895952755454456,W6
2020-12-03,103682.16311914574,121675.70717609096,-14.788115454225126,W6
2020-12-04,103995.1714390355,121675.70717609096,-14.530867456942667,W6
2020-12-04,104057.0560775925,121675.70717609096,-14.480007149660926,W6
2020-12-04,104126.85105324945,121675.70717609096,-14.422645678520308,W6
2020-12-04,104204.60651594574,121675.70717609096,-14.358741827455153,W6
2020-12-04,104396.3133764104,121675.70717609096,-14.201186252136228,W6
2020-12-04,104462.12678208198,121675.70717609096,-14.147097061122665,W6
2020-12-04,104606.28869917273,121675.70717609096,-14.028616617954073,W6
2020-12-04,104795.61693811485,121675.70717609096,-13.873015928764632,W6
2020-12-04,104964.74058640284,121675.70717609096,-13.734020518577097,W6
2020-12-04,105351.50107751251,121675.70717609096,-13.416158802310314,W6
2020-12-04,105427.66172428486,121675.70717609096,-13.35356566146082,W6
2020-12-04,105523.03992750848,121675.70717609096,-13.275178442321353,W6
2020-12-04,105640.53172070047,121675.70717609096,-13.178617020227495,W6
2020-12-04,105906.23925642254,121675.70717609096,-12.960243491206178,W6
2020-12-07,105988.26589536837,121675.70717609096,-12.892829345153903,W6
2020-12-07,106054.85311994169,121675.70717609096,-12.83810418586064,W6
2020-12-07,106228.66992964466,121675.70717609096,-12.695251669333723,W6
2020-12-07,106388.57135529349,121675.70717609096,-12.563835604977164,W6
2020-12-07,106271.02672581306,121675.70717609096,-12.660440450930773,W6
2020-12-07,106248.10066017634,121675.70717609096,-12.67928239248904,W6
2020-12-07,106198.49156651193,121675.70717609096,-12.720053960467363,W6
2020-12-07,106394.46843848599,121675.70717609096,-12.55898904741086,W6
2020-12-09,106454.75896019701,121675.70717609096,-12.509438875802841,W6
2020-12-09,106436.23309387096,121675.70717609096,-12.524664483901619,W6
2020-12-10,106516.64204415923,121675.70717609096,-12.458579846175287,W6
2020-12-10,106516.40659941455,121675.70717609096,-12.458773348025533,W6
2020-12-10,106398.51666923925,121675.70717609096,-12.555661981682443,W6
2020-12-11,106307.52696694077,121675.70717609096,-12.630442481759422,W6
2020-12-14,106309.02074960269,121675.70717609096,-12.629214806411085,W6
2020-12-14,106201.21182739364,121675.70717609096,-12.717818295728001,W6
2020-12-14,105825.31810285088,121675.70717609096,-13.026749086653055,W6
2020-12-15,105908.4608326957,121675.70717609096,-12.95841767377334,W6
2020-12-15,105979.55307457659,121675.70717609096,-12.8999900356434,W6
2020-12-15,106041.56942932041,121675.70717609096,-12.84902147652578,W6
2020-12-15,106132.64480414783,121675.70717609096,-12.77417056590349,W6
2020-12-15,106246.25587081602,121675.70717609096,-12.680798545058133,W6
2020-12-15,106360.06797279758,121675.70717609096,-12.587261301985572,W6
2020-12-15,106451.20501071912,121675.70717609096,-12.512359713133788,W6
2020-12-15,106515.66407309414,121675.70717609096,-12.45938359828636,W6
2020-12-15,106567.68208849983,121675.70717609096,-12.416632241739563,W6
2020-12-15,106624.02654958668,121675.70717609096,-12.370325166650776,W6
2020-12-15,106702.46313509144,121675.70717609096,-12.305861530214909,W6
2020-12-16,106572.78987250531,121675.70717609096,-12.412434375029747,W6
2020-12-16,106553.78877443218,121675.70717609096,-12.428050555542782,W6
2020-12-16,106628.06368842036,121675.70717609096,-12.367007216891226,W6
2020-12-16,106684.43393388677,121675.70717609096,-12.32067895073631,W6
2020-12-16,106643.93970425309,121675.70717609096,-12.353959406279566,W6
2020-12-17,106717.54055206873,121675.70717609096,-12.293470053454907,W6
2020-12-17,106804.26946928441,121675.70717609096,-12.222191308314631,W6
2020-12-17,106876.76607269539,121675.70717609096,-12.162609486196216,W6
2020-12-17,106972.87740794824,121675.70717609096,-12.08361973755744,W6
2020-12-18,106869.85810100337,121675.70717609096,-12.168286849288938,W6
2020-12-18,106952.12334794007,121675.70717609096,-12.100676601651218,W6
2020-12-18,107117.60904632392,121675.70717609096,-11.964671065111077,W6
2020-12-18,107180.98045537597,121675.70717609096,-11.912588845477588,W6
2020-12-21,107255.50095489218,121675.70717609096,-11.851343670704651,W6
2020-12-21,107324.70203300966,121675.70717609096,-11.794470298259544,W6
2020-12-21,107218.65456184675,121675.70717609096,-11.88162612716254,W6
2020-12-21,107170.516248891,121675.70717609096,-11.921188924102841,W6
2020-12-21,107144.27905215882,121675.70717609096,-11.942752141067924,W6
2020-12-21,107113.05106942228,121675.70717609096,-11.968417069147076,W6
2020-12-23,107199.77998611331,121675.70717609096,-11.897138324437979,W6
2020-12-23,107241.19338621275,121675.70717609096,-11.863102442452512,W6
2020-12-23,107271.2546880048,121675.70717609096,-11.838396358970662,W6
2020-12-24,107335.87254740838,121675.70717609096,-11.785289735715079,W6
2020-12-24,107570.46535907619,121675.70717609096,-11.592488052361553,W6
2020-12-24,107707.10246992376,121675.70717609096,-11.480191921918827,W6
2020-12-24,107792.38407174627,121675.70717609096,-11.410102662688885,W6
2020-12-24,107861.36270637116,121675.70717609096,-11.353412106927365,W6
2020-12-24,107816.90322831782,121675.70717609096,-11.389951428608885,W6
2020-12-24,107667.94672592964,121675.70717609096,-11.512372334018226,W6
2020-12-24,107589.65068163142,121675.70717609096,-11.576720465716283,W6
2020-12-24,107511.88008387643,121675.70717609096,-11.640636755631444,W6
2020-12-24,107533.61424984074,121675.70717609096,-11.622774384851994,W6
2020-12-24,107471.63836434027,121675.70717609096,-11.673709684049212,W6
2020-12-28,107428.08862779035,121675.70717609096,-11.709501328544768,W6
2020-12-28,107313.7420824031,121675.70717609096,-11.803477807532282,W6
2020-12-28,107294.31902371775,121675.70717609096,-11.819440779218358,W6
2020-12-28,107351.76749384867,121675.70717609096,-11.772226366856007,W6
2020-12-29,107316.6909014631,121675.70717609096,-11.80105430071368,W6
2020-12-29,107367.89759648293,121675.70717609096,-11.758969733294048,W6
2020-12-29,107448.27661190352,121675.70717609096,-11.69290969774047,W6
2020-12-30,107474.72997097245,121675.70717609096,-11.671168826302065,W6
2020-12-30,107417.62477818584,121675.70717609096,-11.718101113865401,W6
2020-12-30,107336.5023445282,121675.70717609096,-11.784772132707513,W6
2020-12-30,107323.39110388019,121675.70717609096,-11.795547694199861,W6
2020-12-30,107338.43190039345,121675.70717609096,-11.783186314215035,W6
2020-12-30,107411.10321989146,121675.70717609096,-11.72346090050296,W6
2020-12-30,107378.41263205762,121675.70717609096,-11.750327880438844,W6
2020-12-30,107373.56158279913,121675.70717609096,-11.754314747966532,W6
2020-12-30,107374.29034572506,121675.70717609096,-11.753715809244209,W6
2020-12-30,107361.67616857408,121675.70717609096,-11.764082855751473,W6
2021-01-07,100081.7475971867,100081.7475971867,0.0,W7
2021-01-07,100396.24741296975,100396.24741296975,0.0,W7
2021-01-07,100506.44182782424,100506.44182782424,0.0,W7
2021-01-07,100858.20814842927,100858.20814842927,0.0,W7
2021-01-07,101058.91126633047,101058.91126633047,0.0,W7
2021-01-07,101144.17279378966,101144.17279378966,0.0,W7
2021-01-07,101230.92402843577,101230.92402843577,0.0,W7
2021-01-07,101415.03044066973,101415.03044066973,0.0,W7
2021-01-07,101692.1028612356,101692.1028612356,0.0,W7
2021-01-07,101893.22208735022,101893.22208735022,0.0,W7
2021-01-07,101963.67983954938,101963.67983954938,0.0,W7
2021-01-07,102084.29445505327,102084.29445505327,0.0,W7
2021-01-07,102164.5245786098,102164.5245786098,0.0,W7
2021-01-08,102194.69352651144,102194.69352651144,0.0,W7
2021-01-08,102283.96051471199,102283.96051471199,0.0,W7
2021-01-08,102343.70786935416,102343.70786935416,0.0,W7
2021-01-08,102431.37917592829,102431.37917592829,0.0,W7
2021-01-11,102505.603920503,102505.603920503,0.0,W7
2021-01-11,102624.11582092193,102624.11582092193,0.0,W7
2021-01-11,102683.35466974594,102683.35466974594,0.0,W7
2021-01-11,102760.46142070903,102760.46142070903,0.0,W7
2021-01-12,102755.95590480059,102760.46142070903,-0.004384483921299407,W7
2021-01-12,102671.77013745236,102760.46142070903,-0.08630876314730167,W7
2021-01-12,102704.00348537802,102760.46142070903,-0.05494130188834783,W7
2021-01-12,102768.39354437275,102768.39354437275,0.0,W7
2021-01-12,102860.64009776188,102860.64009776188,0.0,W7
2021-01-13,102865.85066911714,102865.85066911714,0.0,W7
2021-01-13,102696.59236072918,102865.85066911714,-0.16454275863853193,W7
2021-01-15,102798.68048924202,102865.85066911714,-0.06529881339452392,W7
2021-01-15,102937.38686512405,102937.38686512405,0.0,W7
2021-01-19,103009.48351667744,103009.48351667744,0.0,W7
2021-01-19,103161.2448685777,103161.2448685777,0.0,W7
2021-01-19,103242.26205275956,103242.26205275956,0.0,W7
2021-01-19,103182.07797094012,103242.26205275956,-0.05829403639826939,W7
2021-01-19,103332.88446476634,103332.88446476634,0.0,W7
2021-01-20,103396.17968776566,103396.17968776566,0.0,W7
2021-01-20,103257.96510654427,103396.17968776566,-0.1336747466287093,W7
2021-01-20,103335.91508370149,103396.17968776566,-0.05828513611059566,W7
2021-01-20,103428.93947776446,103428.93947776446,0.0,W7
2021-01-20,103526.47740871501,103526.47740871501,0.0,W7
2021-01-20,103606.03135358031,103606.03135358031,0.0,W7
2021-01-20,103679.95872434166,103679.95872434166,0.0,W7
2021-01-21,103636.36648509714,103679.95872434166,-0.042045000577615434,W7
2021-01-21,103542.67065133792,103679.95872434166,-0.1324152465846913,W7
2021-01-21,103382.24204463222,103679.95872434166,-0.2871496896531293,W7
2021-01-21,103392.54278118577,103679.95872434166,-0.2772145617072049,W7
2021-01-22,103098.9491890567,103679.95872434166,-0.5603875063547383,W7
2021-01-22,102963.78921930364,103679.95872434166,-0.690750183400567,W7
2021-01-22,102864.0675282248,103679.95872434166,-0.7869324083028506,W7
2021-01-22,102687.92865333037,103679.95872434166,-0.9568195080486539,W7
2021-01-22,102560.5674069818,103679.95872434166,-1.0796602652360514,W7
2021-01-22,102591.78365605672,103679.95872434166,-1.0495519883241036,W7
2021-01-22,102531.98038262989,103679.95872434166,-1.1072326376633226,W7
2021-01-22,102525.86552824492,103679.95872434166,-1.1131304548115994,W7
2021-01-25,102480.04228941698,103679.95872434166,-1.1573272691156782,W7
2021-01-25,102496.92750212812,103679.95872434166,-1.1410413707425517,W7
2021-01-25,102366.8618823387,103679.95872434166,-1.2664905138457416,W7
2021-01-25,102298.2079225925,103679.95872434166,-1.3327077081723033,W7
2021-01-25,102369.07693633766,103679.95872434166,-1.2643540797400372,W7
2021-01-26,102430.23504000771,103679.95872434166,-1.2053666877478633,W7
2021-01-27,102189.46805365589,103679.95872434166,-1.4375880247489334,W7
2021-01-27,102004.52924856647,103679.95872434166,-1.615962714867324,W7
2021-01-28,101867.06815415842,103679.95872434166,-1.7485448417309373,W7
2021-01-28,101670.1106542428,103679.95872434166,-1.9385116418135613,W7
2021-01-28,101993.63200758316,103679.95872434166,-1.6264731752469241,W7
2021-01-28,101804.018656365,103679.95872434166,-1.8093564957566168,W7
2021-01-28,101740.39347989089,103679.95872434166,-1.8707233956444536,W7
2021-01-29,101589.52231491613,103679.95872434166,-2.016239623497017,W7
2021-01-29,101417.15236631205,103679.95872434166,-2.182491569123629,W7
2021-01-29,101212.04690954235,103679.95872434166,-2.3803171270166654,W7
2021-01-29,101000.67127558295,103679.95872434166,-2.584190311921561,W7
2021-01-29,100802.94287357874,103679.95872434166,-2.774900652123299,W7
2021-01-29,100685.14558921075,103679.95872434166,-2.888516905271298,W7
2021-02-01,100479.02732059859,103679.95872434166,-3.08731932682721,W7
2021-02-01,100405.14115069054,103679.95872434166,-3.158583022161512,W7
2021-02-01,100381.05779647587,103679.95872434166,-3.181811575211676,W7
2021-02-01,100182.86176493118,103679.95872434166,-3.372972947171366,W7
2021-02-01,100248.77390289736,103679.95872434166,-3.3094002579292487,W7
2021-02-01,100362.27573858271,103679.95872434166,-3.199926993200116,W7
2021-02-02,100469.7670151552,103679.95872434166,-3.096250952145471,W7
2021-02-02,100353.72088136894,103679.95872434166,-3.208178209075426,W7
2021-02-02,100191.7994815726,103679.95872434166,-3.3643524608677566,W7
2021-02-02,100133.37781333641,103679.95872434166,-3.420700542941666,W7
2021-02-02,100101.33779712152,103679.95872434166,-3.4516033486614037,W7
2021-02-02,100074.9538492843,103679.95872434166,-3.4770508393450883,W7
2021-02-02,100078.25401038644,103679.95872434166,-3.4738678123235194,W7
2021-02-03,99947.29269398176,103679.95872434166,-3.6001808606850476,W7
2021-02-03,99933.06462414797,103679.95872434166,-3.613903927330564,W7
2021-02-03,99904.9903964373,103679.95872434166,-3.6409817040350463,W7
2021-02-03,99897.83811384067,103679.95872434166,-3.647880127495688,W7
2021-02-08,99941.09630823652,103679.95872434166,-3.606157315364886,W7
2021-02-10,100121.24486590065,103679.95872434166,-3.4324028502969584,W7
2021-02-10,100231.98512560793,103679.95872434166,-3.3255931437058233,W7
2021-02-11,100398.62558490415,103679.95872434166,-3.164867328083852,W7
2021-02-11,100612.73902313861,103679.95872434166,-2.958353513004379,W7
2021-02-11,100846.5164099723,103679.95872434166,-2.7328736905680593,W7
2021-02-11,101009.60189173919,103679.95872434166,-2.575576674082462,W7
2021-02-12,101132.49462776382,103679.95872434166,-2.4570458244016953,W7
2021-02-16,101289.558946841,103679.95872434166,-2.3055562588099745,W7
2021-02-16,101357.86431626312,103679.95872434166,-2.2396752821366306,W7
2021-02-16,101056.28472323295,103679.95872434166,-2.530550777016013,W7
2021-02-17,101107.87616013095,103679.95872434166,-2.4807904978523516,W7
2021-02-17,101154.55340186182,103679.95872434166,-2.4357699921488627,W7
2021-02-17,101123.83756345013,103679.95872434166,-2.465395619695028,W7
2021-02-19,101085.46327686442,103679.95872434166,-2.502407870720063,W7
2021-02-19,101308.7616744056,103679.95872434166,-2.287035102165178,W7
2021-02-19,101457.35105704656,103679.95872434166,-2.143719668334788,W7
2021-02-19,101726.81464307298,103679.95872434166,-1.883820272789253,W7
2021-02-19,101861.19217342528,103679.95872434166,-1.7542122636757702,W7
2021-02-19,101978.76614985232,103679.95872434166,-1.6408113925010053,W7
2021-02-22,102092.7506783268,103679.95872434166,-1.5308725674118324,W7
2021-02-22,102139.96272360314,103679.95872434166,-1.4853362401821326,W7
2021-02-22,102256.91959333354,103679.95872434166,-1.3725305724625265,W7
2021-02-22,102393.54636470867,103679.95872434166,-1.2407531556346658,W7
2021-02-22,102668.60156559467,103679.95872434166,-0.9754606108938864,W7
2021-02-23,102880.88857981205,103679.95872434166,-0.7707083937544155,W7
2021-02-23,103116.50807356507,103679.95872434166,-0.543451847116048,W7
2021-02-24,103081.93654144891,103679.95872434166,-0.5767963165212413,W7
2021-02-24,103106.84274024115,103679.95872434166,-0.5527741244807801,W7
2021-02-24,102923.11923688691,103679.95872434166,-0.7299766481070789,W7
2021-02-24,103081.29204628235,103679.95872434166,-0.5774179363352261,W7
2021-02-24,103184.25122696166,103679.95872434166,-0.4781131314856743,W7
2021-02-24,103376.15907606206,103679.95872434166,-0.29301675272395294,W7
2021-02-24,103646.45093988857,103679.95872434166,-0.03231847780936939,W7
2021-02-25,103788.38206233618,103788.38206233618,0.0,W7
2021-02-25,103847.68125327304,103847.68125327304,0.0,W7
2021-02-25,103616.68511214422,103847.68125327304,-0.22243745680315188,W7
2021-02-25,102869.58310381498,103847.68125327304,-0.9418584388731697,W7
2021-02-25,102898.67022644015,103847.68125327304,-0.9138490290585815,W7
2021-02-26,102521.09595533091,103847.68125327304,-1.277433720168231,W7
2021-02-26,102481.60970357992,103847.68125327304,-1.315456958890998,W7
2021-02-26,102653.18104000977,103847.68125327304,-1.1502425464368444,W7
2021-02-26,101330.5658084647,103847.68125327304,-2.4238532959338523,W7
2021-02-26,101303.98442359122,103847.68125327304,-2.449449808588434,W7
2021-02-26,101103.94909986418,103847.68125327304,-2.642073583441112,W7
2021-02-26,100843.6163984569,103847.68125327304,-2.8927606457476482,W7
2021-02-26,100735.1622810526,103847.68125327304,-2.9971964079095295,W7
2021-03-01,100837.26271985838,103847.68125327304,-2.8988789129268873,W7
2021-03-01,100886.99150091456,103847.68125327304,-2.85099264290522,W7
2021-03-01,101054.84136483641,103847.68125327304,-2.689361817935255,W7
2021-03-01,101129.0988368641,103847.68125327304,-2.6178556743877794,W7
2021-03-01,101240.43655536321,103847.68125327304,-2.510643152013235,W7
2021-03-01,101302.46862488423,103847.68125327304,-2.4509094451336986,W7
2021-03-01,101520.22299805269,103847.68125327304,-2.2412231328920442,W7
2021-03-02,101362.03870191009,103847.68125327304,-2.393546510971914,W7
2021-03-02,101324.44526365296,103847.68125327304,-2.4297470672129746,W7
2021-03-02,101204.96015756413,103847.68125327304,-2.5448051066865967,W7
2021-03-02,101049.53899184999,103847.68125327304,-2.6944677316373524,W7
2021-03-03,101119.41857658332,103847.68125327304,-2.6271772694045845,W7
2021-03-03,101177.62599308454,103847.68125327304,-2.5711265075592094,W7
2021-03-03,101025.42740997596,103847.68125327304,-2.7176859504584505,W7
2021-03-03,100880.95862788305,103847.68125327304,-2.856801990748813,W7
2021-03-03,100195.60060108482,103847.68125327304,-3.5167666799234514,W7
2021-03-03,99960.1838696159,103847.68125327304,-3.7434609388879534,W7
2021-03-04,99646.14140072335,103847.68125327304,-4.0458677573191,W7
2021-03-04,99545.501815545,103847.68125327304,-4.142778525054887,W7
2021-03-05,99934.00325909226,103847.68125327304,-3.7686715263634505,W7
2021-03-05,100288.26790729517,103847.68125327304,-3.4275328086496715,W7
2021-03-05,100522.18789035088,103847.68125327304,-3.2022798417729246,W7
2021-03-05,100227.55113911869,103847.68125327304,-3.485999947678421,W7
2021-03-05,100342.74079800044,103847.68125327304,-3.3750782039364378,W7
2021-03-05,100251.938621207,103847.68125327304,-3.462516051077179,W7
2021-03-05,100077.57075395029,103847.68125327304,-3.6304233795339784,W7
2021-03-05,99857.9132429393,103847.68125327304,-3.8419423160764943,W7
2021-03-05,99692.58318463454,103847.68125327304,-4.001146697252368,W7
2021-03-05,99840.8622495899,103847.68125327304,-3.858361549653619,W7
2021-03-08,99955.24522324638,103847.68125327304,-3.74821660248093,W7
2021-03-08,100054.08727329089,103847.68125327304,-3.653036769044455,W7
2021-03-09,99993.35852277864,103847.68125327304,-3.711515446449048,W7
2021-03-09,99929.2374172266,103847.68125327304,-3.7732607880668887,W7
2021-03-09,99923.29732907475,103847.68125327304,-3.778980788821999,W7
2021-03-09,99767.55058226545,103847.68125327304,-3.9289569316974915,W7
2021-03-09,99726.19535661211,103847.68125327304,-3.9687798965959407,W7
2021-03-09,99806.771338906,103847.68125327304,-3.8911893511726205,W7
2021-03-09,99858.35838038119,103847.68125327304,-3.84151367151119,W7
2021-03-09,99953.16698954914,103847.68125327304,-3.7502178351249014,W7
2021-03-10,100077.35472150236,103847.68125327304,-3.6306314077203825,W7
2021-03-10,100468.22967985286,103847.68125327304,-3.2542388357984375,W7
2021-03-10,100745.41578864052,103847.68125327304,-2.987322805086462,W7
2021-03-10,100986.80069236406,103847.68125327304,-2.7548815018137995,W7
2021-03-10,101276.38573019642,103847.68125327304,-2.4760259372624005,W7
2021-03-10,101612.28601550344,103847.68125327304,-2.152571160753907,W7
2021-03-10,102479.36018913337,103847.68125327304,-1.3176231261268978,W7
2021-03-10,102551.58356916984,103847.68125327304,-1.2480757090205568,W7
2021-03-10,102810.08618256781,103847.68125327304,-0.9991509277656815,W7
2021-03-11,103152.0302262065,103847.68125327304,-0.6698763214268884,W7
2021-03-11,103180.15405275892,103847.68125327304,-0.6427945164091732,W7
2021-03-11,103190.28374280666,103847.68125327304,-0.6330401435377879,W7
2021-03-11,103280.00977059046,103847.68125327304,-0.5466385727940224,W7
2021-03-11,103578.18442641932,103847.68125327304,-0.2595116459042032,W7
2021-03-11,103897.6402273847,103897.6402273847,0.0,W7
2021-03-11,104018.82327278383,104018.82327278383,0.0,W7
2021-03-11,104211.06772094306,104211.06772094306,0.0,W7
2021-03-11,104477.14878317837,104477.14878317837,0.0,W7
2021-03-11,104629.07690363069,104629.07690363069,0.0,W7
2021-03-11,104972.2644518637,104972.2644518637,0.0,W7
2021-03-12,105196.0471001317,105196.0471001317,0.0,W7
2021-03-15,105306.06050100959,105306.06050100959,0.0,W7
2021-03-15,105454.7753673436,105454.7753673436,0.0,W7
2021-03-18,105587.64715368419,105587.64715368419,0.0,W7
2021-03-24,104675.41362150398,105587.64715368419,-0.8639585754311218,W7
2021-03-24,104795.74177948943,105587.64715368419,-0.749998125294078,W7
2021-03-25,104912.34471632048,105587.64715368419,-0.6395657594119797,W7
2021-03-25,105096.89226802315,105587.64715368419,-0.464784374773251,W7
2021-03-25,105228.28983021072,105587.64715368419,-0.340340307943803,W7
2021-03-25,105543.09532242437,105587.64715368419,-0.042194169924980374,W7
2021-03-26,105713.24530644657,105713.24530644657,0.0,W7
2021-03-26,105893.47535918334,105893.47535918334,0.0,W7
2021-03-26,106008.59964641828,106008.59964641828,0.0,W7
2021-03-26,106163.96013798064,106163.96013798064,0.0,W7
2021-03-26,106318.96884520707,106318.96884520707,0.0,W7
2021-03-26,106503.3635030432,106503.3635030432,0.0,W7
2021-03-26,106712.27801587712,106712.27801587712,0.0,W7
2021-03-26,106511.64383654759,106712.27801587712,-0.1880141470690725,W7
2021-03-26,106578.14137243257,106712.27801587712,-0.1256993533814303,W7
2021-03-26,106923.2273749269,106923.2273749269,0.0,W7
2021-03-29,107080.55408470929,107080.55408470929,0.0,W7
2021-03-29,107240.59514797937,107240.59514797937,0.0,W7
2021-03-29,107437.48070539263,107437.48070539263,0.0,W7
2021-03-29,107280.63549775336,107437.48070539263,-0.14598742134447576,W7
2021-03-29,107110.2925483713,107437.48070539263,-0.30453818804493554,W7
2021-03-29,107148.52862088819,107437.48070539263,-0.268949050747746,W7
2021-03-29,106831.75814876785,107437.48070539263,-0.5637907298717744,W7
2021-03-29,106795.68409658526,107437.48070539263,-0.5973675151293452,W7
2021-03-30,106927.96352716978,107437.48070539263,-0.47424527723245735,W7
2021-03-30,106965.78252108746,107437.48070539263,-0.43904434579830964,W7
2021-03-30,107058.20163514483,107437.48070539263,-0.35302304908641763,W7
2021-03-30,106962.67418567651,107437.48070539263,-0.4419375031867137,W7
2021-03-30,106705.75315690992,107437.48070539263,-0.6810728841354744,W7
2021-03-30,106587.39721671888,107437.48070539263,-0.7912355009559425,W7
2021-03-30,106235.30017327191,107437.48070539263,-1.1189582296863927,W7
2021-03-30,106205.5955398607,107437.48070539263,-1.146606526366639,W7
2021-03-30,106063.18353765098,107437.48070539263,-1.2791598971965372,W7
2021-03-30,106115.7982764397,107437.48070539263,-1.2301874730078184,W7
2021-03-31,106149.14057604814,107437.48070539263,-1.1991533316732224,W7
2021-04-01,106319.57064351067,107437.48070539263,-1.0405214777396148,W7
2021-04-01,106697.58152806117,107437.48070539263,-0.6886788227661084,W7
2021-04-05,106711.8419927832,107437.48070539263,-0.6754055547888624,W7
2021-04-05,106719.55583799229,107437.48070539263,-0.6682257092094227,W7
2021-04-05,106845.3143908741,107437.48070539263,-0.5511729339059303,W7
2021-04-06,106786.57782053381,107437.48070539263,-0.6058433989565334,W7
2021-04-07,106879.22905208933,107437.48070539263,-0.5196060533419455,W7
2021-04-08,106960.2479741983,107437.48070539263,-0.4441957574405255,W7
2021-04-12,107099.67766187114,107437.48070539263,-0.3144182470620182,W7
2021-04-13,107048.1014437509,107437.48070539263,-0.3624240433461596,W7
2021-04-14,107121.65659319022,107437.48070539263,-0.29396083203816875,W7
2021-04-15,107188.06955447997,107437.48070539263,-0.2321453828544103,W7
2021-04-15,107264.29237525516,107437.48070539263,-0.16119917276576975,W7
2021-04-15,107450.37460949352,107450.37460949352,0.0,W7
2021-04-19,107357.71120312723,107450.37460949352,-0.08623832788211253,W7
2021-04-19,107290.43369435288,107450.37460949352,-0.14885096094072833,W7
2021-04-19,107324.17904676496,107450.37460949352,-0.11744543766105638,W7
2021-04-19,107606.99333936787,107606.99333936787,0.0,W7
2021-04-22,107195.07697035078,107606.99333936787,-0.3827970248346151,W7
2021-04-22,106898.84481438997,107606.99333936787,-0.6580878277534936,W7
2021-04-23,107109.45536720158,107606.99333936787,-0.46236583397249026,W7
2021-04-23,107449.58294110313,107606.99333936787,-0.14628268421950913,W7
2021-04-23,107574.39099231228,107606.99333936787,-0.030297609889313327,W7
2021-04-23,107631.93393736247,107631.93393736247,0.0,W7
2021-04-23,107926.43431394926,107926.43431394926,0.0,W7
2021-04-23,108078.75220393683,108078.75220393683,0.0,W7
2021-04-23,108181.93612105171,108181.93612105171,0.0,W7
2021-04-23,108426.74312503629,108426.74312503629,0.0,W7
2021-04-23,108511.83751014595,108511.83751014595,0.0,W7
2021-04-23,108616.69973180334,108616.69973180334,0.0,W7
2021-04-23,108748.49979201649,108748.49979201649,0.0,W7
2021-04-23,108606.14497053559,108748.49979201649,-0.13090279107588074,W7
2021-04-23,108572.08708583946,108748.49979201649,-0.16222081823144172,W7
2021-04-23,108466.06888784087,108748.49979201649,-0.25971016125810914,W7
2021-04-26,108384.41134656018,108748.49979201649,-0.33479859138528945,W7
2021-04-26,108448.9601706481,108748.49979201649,-0.275442532026888,W7
2021-04-26,108542.09255328341,108748.49979201649,-0.18980237808138894,W7
2021-04-26,108650.55777590512,108748.49979201649,-0.09006286642913014,W7
2021-04-27,108715.77331715434,108748.49979201649,-0.03009372536149263,W7
2021-04-27,108814.53876594613,108814.53876594613,0.0,W7
2021-04-27,108933.0592225685,108933.0592225685,0.0,W7
2021-04-28,109048.37885769161,109048.37885769161,0.0,W7
2021-04-28,109123.53588283653,109123.53588283653,0.0,W7
2021-04-28,109292.50797403908,109292.50797403908,0.0,W7
2021-04-29,109373.27990878202,109373.27990878202,0.0,W7
2021-04-29,109461.93779230218,109461.93779230218,0.0,W7
2021-04-29,109522.42837112022,109522.42837112022,0.0,W7
2021-04-30,109650.02174051687,109650.02174051687,0.0,W7
2021-04-30,109753.18478172156,109753.18478172156,0.0,W7
2021-04-30,109858.4908609251,109858.4908609251,0.0,W7
2021-04-30,109960.03012112492,109960.03012112492,0.0,W7
2021-04-30,110060.40317050245,110060.40317050245,0.0,W7
2021-04-30,110178.83295547376,110178.83295547376,0.0,W7
2021-04-30,110329.60453427915,110329.60453427915,0.0,W7
2021-04-30,110309.17497211412,110329.60453427915,-0.01851684527580819,W7
2021-04-30,110257.49449721987,110329.60453427915,-0.06535873790508455,W7
2021-04-30,110341.43672804824,110341.43672804824,0.0,W7
2021-05-03,110397.3383252361,110397.3383252361,0.0,W7
2021-05-03,110308.53823264412,110397.3383252361,-0.08043680575918175,W7
2021-05-03,110427.07730719038,110427.07730719038,0.0,W7
2021-05-03,110317.82019753808,110427.07730719038,-0.09894050654656625,W7
2021-05-03,110436.74224354014,110436.74224354014,0.0,W7
2021-05-03,110501.27771491423,110501.27771491423,0.0,W7
2021-05-03,110524.19682027599,110524.19682027599,0.0,W7
2021-05-03,110652.50950326603,110652.50950326603,0.0,W7
2021-05-03,110770.28912404006,110770.28912404006,0.0,W7
2021-05-04,110727.13604211566,110770.28912404006,-0.03895727118314599,W7
2021-05-05,110861.49687944663,110861.49687944663,0.0,W7
2021-05-05,110889.59903065587,110889.59903065587,0.0,W7
2021-05-06,110943.0453023959,110943.0453023959,0.0,W7
2021-05-06,110942.33026491407,110943.0453023959,-0.0006445086123976992,W7
2021-05-06,110995.92906879418,110995.92906879418,0.0,W7
2021-05-06,111139.74597325313,111139.74597325313,0.0,W7
2021-05-06,111218.54389947509,111218.54389947509,0.0,W7
2021-05-06,111370.15951188619,111370.15951188619,0.0,W7
2021-05-07,111436.25122083254,111436.25122083254,0.0,W7
2021-05-07,111435.39022016016,111436.25122083254,-0.0007726396598441087,W7
2021-05-07,111648.47528255967,111648.47528255967,0.0,W7
2021-05-07,111800.61012226834,111800.61012226834,0.0,W7
2021-05-07,111838.17012623316,111838.17012623316,0.0,W7
2021-05-10,111817.99521704273,111838.17012623316,-0.01803937704601494,W7
2021-05-11,112078.57125041934,112078.57125041934,0.0,W7
2021-05-11,111837.71793577044,112078.57125041934,-0.21489684599096862,W7
2021-05-11,112206.59321366086,112206.59321366086,0.0,W7
2021-05-11,112092.37903496351,112206.59321366086,-0.10178918673688626,W7
2021-05-11,111635.64490013271,112206.59321366086,-0.5088366888039842,W7
2021-05-11,111467.07725315928,112206.59321366086,-0.6590664053879728,W7
2021-05-11,111280.99374345066,112206.59321366086,-0.8249064905194128,W7
2021-05-11,110538.11780262833,112206.59321366086,-1.4869673548108382,W7
2021-05-11,110352.52871704401,112206.59321366086,-1.6523668026230742,W7
2021-05-11,110158.81677654544,112206.59321366086,-1.8250054461738239,W7
2021-05-11,110022.7904666214,112206.59321366086,-1.9462338927634306,W7
2021-05-12,109645.26397808094,112206.59321366086,-2.28269049279725,W7
2021-05-12,109035.63812363154,112206.59321366086,-2.8259971176482255,W7
2021-05-12,108481.487465768,112206.59321366086,-3.3198635135455965,W7
2021-05-12,108404.28389758644,112206.59321366086,-3.3886683546609064,W7
2021-05-12,108061.23232512438,112206.59321366086,-3.694400453494737,W7
2021-05-12,106994.22469681632,112206.59321366086,-4.6453317648805905,W7
2021-05-13,106948.12406025767,112206.59321366086,-4.686417261943021,W7
2021-05-13,107137.17781525567,112206.59321366086,-4.517930054923018,W7
2021-05-14,107198.4811724433,112206.59321366086,-4.463295692153535,W7
2021-05-14,107149.20354971672,112206.59321366086,-4.50721256131,W7
2021-05-14,107309.1299248041,112206.59321366086,-4.364684060526761,W7
2021-05-14,107423.23173385065,112206.59321366086,-4.262995019108953,W7
2021-05-17,107350.12788193699,112206.59321366086,-4.3281461388604106,W7
2021-05-17,107305.9074339118,112206.59321366086,-4.367555987033051,W7
2021-05-17,107289.01936956779,112206.59321366086,-4.3826068533505484,W7
2021-05-17,107197.8126126495,112206.59321366086,-4.463891521484631,W7
2021-05-17,107063.1647696831,112206.59321366086,-4.583891460088956,W7
2021-05-18,106723.57786590754,112206.59321366086,-4.886535800363088,W7
2021-05-18,106503.44645080816,112206.59321366086,-5.082719829121734,W7
2021-05-18,106210.44510236068,112206.59321366086,-5.343846506312219,W7
2021-05-20,106123.39948881704,112206.59321366086,-5.421422708432436,W7
2021-05-20,105878.96301574675,112206.59321366086,-5.639267726331559,W7
2021-05-20,105702.13117288817,112206.59321366086,-5.796862603596799,W7
2021-05-20,105675.17564340137,112206.59321366086,-5.820885728009351,W7
2021-05-20,105701.80045254431,112206.59321366086,-5.797157345941601,W7
2021-05-24,105823.92220621675,112206.59321366086,-5.6883208237954355,W7
2021-05-25,105931.86914894581,112206.59321366086,-5.592117080648622,W7
2021-05-25,106048.40534754716,112206.59321366086,-5.488258479060533,W7
2021-05-26,106169.66520682693,112206.59321366086,-5.380190088597172,W7
2021-05-26,106287.68421040947,112206.59321366086,-5.275009991597161,W7
2021-05-27,106401.14757133966,112206.59321366086,-5.173889943585238,W7
2021-05-27,106552.74507122894,112206.59321366086,-5.038784246542454,W7
2021-05-27,106681.91087859514,112206.59321366086,-4.923669970574515,W7
2021-05-27,106805.7989229634,112206.59321366086,-4.813259306797963,W7
2021-05-27,106911.99777926395,112206.59321366086,-4.718613481397725,W7
2021-05-28,106943.38208117858,112206.59321366086,-4.690643376419251,W7
2021-05-28,107084.1694532542,112206.59321366086,-4.565171808266804,W7
2021-05-28,106957.44596855545,112206.59321366086,-4.678109453969541,W7
2021-05-28,106956.60006718939,112206.59321366086,-4.678863332455496,W7
2021-05-28,106861.95606290532,112206.59321366086,-4.763211320905561,W7
2021-05-28,106905.46893681926,112206.59321366086,-4.724432072139768,W7
2021-05-28,106876.12841204436,112206.59321366086,-4.750580735898798,W7
2021-05-28,106913.64295221334,112206.59321366086,-4.717147281504949,W7
2021-06-01,106956.15306864615,112206.59321366086,-4.679261703469565,W7
2021-06-01,107028.64399414083,112206.59321366086,-4.614656831849723,W7
2021-06-01,107179.83342921466,112206.59321366086,-4.4799148075678366,W7
2021-06-01,107034.71738243799,112206.59321366086,-4.609244147868142,W7
2021-06-01,107087.91786736241,112206.59321366086,-4.561831172034251,W7
2021-06-01,107081.34413344915,112206.59321366086,-4.56768977064685,W7
2021-06-01,107110.61571331575,112206.59321366086,-4.541602551502014,W7
2021-06-01,107266.33331953749,112206.59321366086,-4.4028249612001495,W7
2021-06-01,107130.00253338797,112206.59321366086,-4.524324761029127,W7
2021-06-01,107060.05509396117,112206.59321366086,-4.586662844223232,W7
2021-06-01,107076.53222115609,112206.59321366086,-4.571978210528367,W7
2021-06-01,107242.69707537939,112206.59321366086,-4.423889894624421,W7
2021-06-01,107318.49599437993,112206.59321366086,-4.356336895438169,W7
2021-06-01,107449.31518690258,112206.59321366086,-4.239749100749901,W7
2021-06-02,107350.87477711681,112206.59321366086,-4.327480495997161,W7
2021-06-03,107466.41658553533,112206.59321366086,-4.2245081080925475,W7
2021-06-03,107529.18468490265,112206.59321366086,-4.16856834771876,W7
2021-06-03,107554.48485656863,112206.59321366086,-4.146020500091123,W7
2021-06-04,107425.2683520176,112206.59321366086,-4.261179958060735,W7
2021-06-04,107695.47944072707,112206.59321366086,-4.020364261789722,W7
2021-06-04,107646.86392137066,112206.59321366086,-4.063691055665224,W7
2021-06-07,107693.95074759111,112206.59321366086,-4.021726653332123,W7
2021-06-07,107594.2496422933,112206.59321366086,-4.110581597094614,W7
2021-06-07,107627.90622969795,112206.59321366086,-4.080586401232494,W7
2021-06-07,107493.07579697206,112206.59321366086,-4.200749066245551,W7
2021-06-07,107550.82179320445,112206.59321366086,-4.149285070611683,W7
2021-06-08,107741.49676645838,112206.59321366086,-3.979353012438546,W7
2021-06-08,107872.48621378127,112206.59321366086,-3.862613484420379,W7
2021-06-08,107994.73379335465,112206.59321366086,-3.753664824567035,W7
2021-06-08,108226.15889072126,112206.59321366086,-3.5474157167931875,W7
2021-06-09,108384.24257106417,112206.59321366086,-3.4065294499390704,W7
2021-06-09,108562.81759090691,112206.59321366086,-3.247381030288985,W7
2021-06-09,108824.91465638774,112206.59321366086,-3.0137966588414398,W7
2021-06-09,108947.11584733835,112206.59321366086,-2.904889341142275,W7
2021-06-09,109104.32488154247,112206.59321366086,-2.7647825704957714,W7
2021-06-09,108965.48450019777,112206.59321366086,-2.888518954756482,W7
2021-06-09,108948.91166275697,112206.59321366086,-2.903288886688409,W7
2021-06-09,108929.7555528194,112206.59321366086,-2.920361065237749,W7
2021-06-09,108889.41634232982,112206.59321366086,-2.956311903182519,W7
2021-06-09,108973.80863448726,112206.59321366086,-2.881100376176487,W7
2021-06-10,109014.04442356955,112206.59321366086,-2.845241708757832,W7
2021-06-10,109304.68979239187,112206.59321366086,-2.586214711771223,W7
2021-06-10,109490.90995459721,112206.59321366086,-2.4202528401272416,W7
2021-06-11,109490.60708924908,112206.59321366086,-2.420522757731418,W7
2021-06-11,109625.24226069218,112206.59321366086,-2.3005341121562655,W7
2021-06-11,109570.01566222384,112206.59321366086,-2.3497527871793733,W7
2021-06-11,109680.56532011548,112206.59321366086,-2.2512294698542235,W7
2021-06-11,109803.68614898165,112206.59321366086,-2.141502558680894,W7
2021-06-11,109929.8117919745,112206.59321366086,-2.0290977174139626,W7
2021-06-11,109986.20053388414,112206.59321366086,-1.9788433247845838,W7
2021-06-14,109857.3495357333,112206.59321366086,-2.093677038615896,W7
2021-06-14,109733.35714200287,112206.59321366086,-2.2041806999242146,W7
2021-06-14,109610.13942778777,112206.59321366086,-2.31399395660199,W7
2021-06-14,109658.31465136909,112206.59321366086,-2.2710595601449257,W7
2021-06-15,109723.60669656713,112206.59321366086,-2.212870425863201,W7
2021-06-15,109840.50518174912,112206.59321366086,-2.108688949682573,W7
2021-06-15,109969.07512135572,112206.59321366086,-1.9941057189433726,W7
2021-06-16,109990.16878568755,112206.59321366086,-1.9753067662903308,W7
2021-06-17,109461.44408372343,112206.59321366086,-2.4465132139875156,W7
2021-06-17,109343.85228432697,112206.59321366086,-2.5513125809663695,W7
2021-06-17,109205.28510106227,112206.59321366086,-2.6748054874846607,W7
2021-06-17,108806.80339172365,112206.59321366086,-3.0299376574631616,W7
2021-06-18,108557.45416495521,112206.59321366086,-3.2521609864378056,W7
2021-06-18,108232.12169207967,112206.59321366086,-3.542101589354116,W7
2021-06-18,107786.67727793787,112206.59321366086,-3.9390875430169294,W7
2021-06-18,107278.3583194551,112206.59321366086,-4.392108122221964,W7
2021-06-21,107223.61846858477,112206.59321366086,-4.440893001347649,W7
2021-06-21,107347.34842615426,112206.59321366086,-4.330623226617131,W7
2021-06-21,107574.8568261552,112206.59321366086,-4.127864731340725,W7
2021-06-21,107085.31312256058,112206.59321366086,-4.5641525550539415,W7
2021-06-21,106683.99442385137,112206.59321366086,-4.92181308748364,W7
2021-06-21,106571.34309151741,112206.59321366086,-5.022209444870102,W7
2021-06-21,106379.03051155878,112206.59321366086,-5.193600959798668,W7
2021-06-21,106296.7452717175,112206.59321366086,-5.266934653911093,W7
2021-06-21,105922.28113316775,112206.59321366086,-5.600662047128271,W7
2021-06-21,105938.58081776775,112206.59321366086,-5.586135552620979,W7
2021-06-22,105378.2728786051,112206.59321366086,-6.085489399052915,W7
2021-06-22,105326.97593265805,112206.59321366086,-6.131205915772544,W7
2021-06-22,105101.64025930526,112206.59321366086,-6.33202804832202,W7
2021-06-22,104978.63443039574,112206.59321366086,-6.4416524700129045,W7
2021-06-22,104862.61205986275,112206.59321366086,-6.545053141230212,W7
2021-06-23,104806.74636419324,112206.59321366086,-6.5948413881321795,W7
2021-06-23,104643.25685334762,112206.59321366086,-6.740545402631856,W7
2021-06-23,104469.68560535293,112206.59321366086,-6.8952343946273364,W7
2021-06-23,104339.20786071497,112206.59321366086,-7.011517886444531,W7
2021-06-23,104086.23091038756,112206.59321366086,-7.236974290637913,W7
2021-06-24,103836.54374667894,112206.59321366086,-7.459498793483451,W7
2021-06-24,103540.19009854255,112206.59321366086,-7.723613084496717,W7
2021-06-24,103489.15926550553,112206.59321366086,-7.769092437871119,W7
2021-06-24,103574.58232263167,112206.59321366086,-7.692962279491312,W7
2021-06-24,103688.91084516716,112206.59321366086,-7.591071188013479,W7
2021-06-24,104185.75744271501,112206.59321366086,-7.148274928615633,W7
2021-06-25,104351.76278310281,112206.59321366086,-7.000328773551738,W7
2021-06-25,104392.57764970134,112206.59321366086,-6.9639540245912945,W7
2021-06-25,104628.52017272291,112206.59321366086,-6.753678927322905,W7
2021-06-28,104618.33404823688,112206.59321366086,-6.762756936194128,W7
2021-06-28,104504.72155330489,112206.59321366086,-6.86400989440101,W7
2021-06-29,104614.56605220406,112206.59321366086,-6.766115024096904,W7
2021-06-30,104747.14165559848,112206.59321366086,-6.647961892808111,W7
2021-06-30,104708.98390355623,112206.59321366086,-6.68196858613101,W7
2021-07-01,104727.62425411215,112206.59321366086,-6.665356059164418,W7
2021-07-02,104843.62343486742,112206.59321366086,-6.561976054983745,W7
2021-07-06,104636.6544197,112206.59321366086,-6.746429578827313,W7
2021-07-06,104665.21914814936,112206.59321366086,-6.7209723150148655,W7
2021-07-06,104477.76493278235,112206.59321366086,-6.888033991159043,W7
2021-07-06,104384.496006062,112206.59321366086,-6.97115649229651,W7
2021-07-06,104301.33169611327,112206.59321366086,-7.045273625315941,W7
2021-07-06,104135.14421783281,112206.59321366086,-7.193382104078862,W7
2021-07-06,104029.3363961548,112206.59321366086,-7.287679434251372,W7
2021-07-06,103749.45471144792,112206.59321366086,-7.537113693585792,W7
2021-07-06,103689.9846523483,112206.59321366086,-7.590114196850677,W7
2021-07-06,103390.8887429915,112206.59321366086,-7.856672427334749,W7
2021-07-06,103063.71338389328,112206.59321366086,-8.148255434828103,W7
2021-07-06,103161.91692531233,112206.59321366086,-8.060735139802256,W7
2021-07-08,102947.01599858006,112206.59321366086,-8.252257688145793,W7
2021-07-09,102812.710498911,112206.59321366086,-8.371952525875445,W7
2021-07-09,102778.01674220273,112206.59321366086,-8.402872060739321,W7
2021-07-09,102644.59027801789,112206.59321366086,-8.521783490418658,W7
2021-07-09,102461.5250936248,112206.59321366086,-8.684933604106268,W7
2021-07-09,102541.52370181667,112206.59321366086,-8.613637786364498,W7
2021-07-12,102626.41509666068,112206.59321366086,-8.537981452442686,W7
2021-07-12,102739.77734529316,112206.59321366086,-8.436951517047879,W7
2021-07-12,102803.72041258325,112206.59321366086,-8.379964609720309,W7
2021-07-12,102903.05316167731,112206.59321366086,-8.291437949878752,W7
2021-07-12,102839.92446095997,112206.59321366086,-8.347699082945265,W7
2021-07-12,102778.5079551406,112206.59321366086,-8.402434285271948,W7
2021-07-12,102730.01109671866,112206.59321366086,-8.445655326953148,W7
2021-07-12,102831.19869116579,112206.59321366086,-8.35547560439937,W7
2021-07-14,102645.23827416949,112206.59321366086,-8.52120598767747,W7
2021-07-14,102716.36363018824,112206.59321366086,-8.457818129636623,W7
2021-07-15,102711.94515140126,112206.59321366086,-8.461755936373667,W7
2021-07-15,102787.86142941318,112206.59321366086,-8.394098345284197,W7
2021-07-15,102693.9812166635,112206.59321366086,-8.477765632616347,W7
2021-07-15,102480.04850333008,112206.59321366086,-8.668425296372513,W7
2021-07-15,102343.15337041949,112206.59321366086,-8.790428049499434,W7
2021-07-15,102222.72900047111,112206.59321366086,-8.89775184081985,W7
2021-07-16,102206.8694235972,112206.59321366086,-8.91188610550045,W7
2021-07-19,102166.76636774866,112206.59321366086,-8.947626479305569,W7
2021-07-19,102088.30415318247,112206.59321366086,-9.01755304272665,W7
2021-07-19,101703.12330701006,112206.59321366086,-9.360831307524302,W7
2021-07-19,101514.4703460079,112206.59321366086,-9.528961321634013,W7
2021-07-19,101271.33767486674,112206.59321366086,-9.74564437400884,W7
2021-07-19,101001.07993911173,112206.59321366086,-9.98650164274383,W7
2021-07-19,100871.73355320004,112206.59321366086,-10.10177685269998,W7
2021-07-19,100301.63332774983,112206.59321366086,-10.60985771419146,W7
2021-07-19,100427.7650428772,112206.59321366086,-10.497447461357927,W7
2021-07-20,100452.85055955226,112206.59321366086,-10.475090917097388,W7
2021-07-20,100366.81967672941,112206.59321366086,-10.551762777777647,W7
2021-07-20,100750.65914711433,112206.59321366086,-10.209679964823849,W7
2021-07-21,100842.36358963202,112206.59321366086,-10.127951752700817,W7
2021-07-21,100838.03120484205,112206.59321366086,-10.13181283132899,W7
2021-07-22,100814.76148125778,112206.59321366086,-10.152551116769985,W7
2021-07-22,100833.36954329326,112206.59321366086,-10.135967365759878,W7
2021-07-22,100895.68237442161,112206.59321366086,-10.08043334646237,W7
2021-07-22,100962.71503280605,112206.59321366086,-10.02069295468628,W7
2021-07-23,101007.10178668569,112206.59321366086,-9.981134892536481,W7
2021-07-23,101080.15867228116,112206.59321366086,-9.916025629789003,W7
2021-07-26,101061.16562871772,112206.59321366086,-9.932952481428886,W7
2021-07-26,101026.5251834882,112206.59321366086,-9.96382450439777,W7
2021-07-26,100989.08684612955,112206.59321366086,-9.997190045839135,W7
2021-07-26,100906.08959521363,112206.59321366086,-10.071158293638863,W7
2021-07-26,100971.3731591867,112206.59321366086,-10.012976717937022,W7
2021-07-26,100932.13812307354,112206.59321366086,-10.04794350107288,W7
2021-07-26,100936.3940753277,112206.59321366086,-10.04415054013158,W7
2021-07-26,100970.8588985966,112206.59321366086,-10.013435033776904,W7
2021-07-26,100882.29225402098,112206.59321366086,-10.092366798871113,W7
2021-07-26,100859.3089661967,112206.59321366086,-10.112849808974204,W7
2021-07-27,100919.30286605454,112206.59321366086,-10.059382451896886,W7
2021-07-27,101016.05176825296,112206.59321366086,-9.973158550584602,W7
2021-08-03,101094.16254496832,112206.59321366086,-9.903545193224556,W7
2021-08-04,101156.02411757046,112206.59321366086,-9.84841334149429,W7
2021-08-05,101595.06349093642,112206.59321366086,-9.457135644888751,W7
2021-08-05,101676.07995964453,112206.59321366086,-9.384932696391918,W7
2021-08-05,101535.05744606702,112206.59321366086,-9.510613825761007,W7
2021-08-05,101608.86018688696,112206.59321366086,-9.44483984697225,W7
2021-08-05,101686.58181667987,112206.59321366086,-9.375573302496635,W7
2021-08-06,101683.32180690028,112206.59321366086,-9.378478666331528,W7
2021-08-06,101795.36998981882,112206.59321366086,-9.278619843681788,W7
2021-08-06,101858.9317876462,112206.59321366086,-9.221972728742342,W7
2021-08-09,101928.60493421665,112206.59321366086,-9.159879098969819,W7
2021-08-09,102035.79981132325,112206.59321366086,-9.064345606653127,W7
2021-08-09,102380.62431053775,112206.59321366086,-8.757033452047471,W7
2021-08-09,102464.54018849437,112206.59321366086,-8.68224651167862,W7
2021-08-09,102464.3133409048,112206.59321366086,-8.6824486812509,W7
2021-08-10,102281.86005131762,112206.59321366086,-8.845053466194114,W7
2021-08-10,102308.98586671379,112206.59321366086,-8.820878580726808,W7
2021-08-10,102143.75952056196,112206.59321366086,-8.968130485824052,W7
2021-08-10,102070.18718481802,112206.59321366086,-9.033699124561572,W7
2021-08-10,101931.8965396406,112206.59321366086,-9.156945576678773,W7
2021-08-10,101901.98467626308,112206.59321366086,-9.183603424957406,W7
2021-08-10,101963.87376979952,112206.59321366086,-9.128447046206473,W7
2021-08-10,102046.70633253653,112206.59321366086,-9.054625570690074,W7
2021-08-10,102061.2117949705,112206.59321366086,-9.04169811070887,W7
2021-08-10,102402.79937140524,112206.59321366086,-8.737270744498488,W7
2021-08-10,102503.40838046158,112206.59321366086,-8.647606664897783,W7
2021-08-11,102808.205857367,112206.59321366086,-8.375967122001205,W7
2021-08-11,102887.05733576717,112206.59321366086,-8.305693641502577,W7
2021-08-11,102964.09071569353,112206.59321366086,-8.237040474411339,W7
2021-08-11,103110.00419168678,112206.59321366086,-8.10700045464583,W7
2021-08-12,103080.77862517792,112206.59321366086,-8.133046666077638,W7
2021-08-12,102968.03446270584,112206.59321366086,-8.233525754911035,W7
2021-08-13,102933.25432052539,112206.59321366086,-8.264522277650316,W7
2021-08-13,102965.02228075426,112206.59321366086,-8.236210251307643,W7
2021-08-13,102859.46732346056,112206.59321366086,-8.330282225396283,W7
2021-08-13,102846.22357375508,112206.59321366086,-8.342085230305504,W7
2021-08-13,102930.04181737706,112206.59321366086,-8.26738530294707,W7
2021-08-13,103003.48758420479,112206.59321366086,-8.201929464101772,W7
2021-08-16,103090.48028743188,112206.59321366086,-8.124400416355492,W7
2021-08-16,102988.24755557968,112206.59321366086,-8.215511579188437,W7
2021-08-16,102962.01252970254,112206.59321366086,-8.238892581254147,W7
2021-08-16,102996.6456411131,112206.59321366086,-8.208027094281729,W7
2021-08-16,103064.61263214132,112206.59321366086,-8.147454012895324,W7
2021-08-17,103139.35390306945,112206.59321366086,-8.080843603660446,W7
2021-08-17,103207.877429579,112206.59321366086,-8.019774530491924,W7
2021-08-18,103018.23608394797,112206.59321366086,-8.188785406056011,W7
2021-08-18,102975.86957542878,112206.59321366086,-8.226542998819314,W7
2021-08-19,102981.43832549495,112206.59321366086,-8.221580055103903,W7
2021-08-19,102793.12524046605,112206.59321366086,-8.3894071672508,W7
2021-08-19,102766.97205110932,112206.59321366086,-8.412715235527081,W7
2021-08-20,102793.06908813077,112206.59321366086,-8.389457210954713,W7
2021-08-20,103091.7872705064,112206.59321366086,-8.123235615752359,W7
2021-08-20,103449.97087495858,112206.59321366086,-7.8040176498613985,W7
2021-08-20,103462.1323202563,112206.59321366086,-7.793179208955733,W7
2021-08-20,103202.4545923876,112206.59321366086,-8.024607434723391,W7
2021-08-20,103182.6469337665,112206.59321366086,-8.04226028207736,W7
2021-08-20,103070.07842102341,112206.59321366086,-8.142582829549006,W7
2021-08-20,103092.7896094232,112206.59321366086,-8.12234231805202,W7
2021-08-20,103182.29476889629,112206.59321366086,-8.04257413606769,W7
2021-08-23,103322.49113681144,112206.59321366086,-7.917629278640111,W7
2021-08-23,103629.12516725229,112206.59321366086,-7.644352974941124,W7
2021-08-23,103754.63699738822,112206.59321366086,-7.53249517181102,W7
2021-08-23,103800.97262695998,112206.59321366086,-7.491200245867121,W7
2021-08-23,103894.74430117969,112206.59321366086,-7.407629689508504,W7
2021-08-23,103874.66241171405,112206.59321366086,-7.42552693501831,W7
2021-08-23,103882.09599270615,112206.59321366086,-7.418902029316069,W7
2021-08-23,104020.55167560876,112206.59321366086,-7.295508493395262,W7
2021-08-24,103790.3372006829,112206.59321366086,-7.500678678437323,W7
2021-08-24,103895.23776064944,112206.59321366086,-7.4071899119021944,W7
2021-08-25,103883.91547899324,112206.59321366086,-7.4172804790711355,W7
2021-08-25,103980.08215958075,112206.59321366086,-7.331575461359391,W7
2021-08-25,104094.96581117829,112206.59321366086,-7.229189631518908,W7
2021-08-26,104207.82163548822,112206.59321366086,-7.128611028178702,W7
2021-08-26,104156.19429088729,112206.59321366086,-7.1746220005487675,W7
2021-08-26,104123.05207795592,112206.59321366086,-7.204158779076803,W7
2021-08-26,104174.91035744465,112206.59321366086,-7.15794199448021,W7
2021-08-26,104222.7369158395,112206.59321366086,-7.1153183330490295,W7
2021-08-30,104452.70649930023,112206.59321366086,-6.9103663985198125,W7
2021-08-30,104586.59899310557,112206.59321366086,-6.791039637078635,W7
2021-09-02,104711.8219144974,112206.59321366086,-6.679439313242595,W7
2021-09-02,104828.98784726713,112206.59321366086,-6.57501948423431,W7
2021-09-03,104917.4725288347,112206.59321366086,-6.49616076565698,W7
2021-09-07,104901.04884366572,112206.59321366086,-6.510797771111468,W7
2021-09-09,104183.46458379287,112206.59321366086,-7.150318354814106,W7
2021-09-09,104070.419301167,112206.59321366086,-7.251065805911397,W7
2021-09-09,104417.56816607357,112206.59321366086,-6.94168214585718,W7
2021-09-10,104573.88428153827,112206.59321366086,-6.802371156201659,W7
2021-09-10,104610.94547037552,112206.59321366086,-6.76934173451101,W7
2021-09-13,104456.34960829697,112206.59321366086,-6.907119611595447,W7
2021-09-13,104349.20256621848,112206.59321366086,-7.002610472702391,W7
2021-09-13,104084.66535681725,112206.59321366086,-7.238369532686952,W7
2021-09-13,103900.28598743326,112206.59321366086,-7.402690865420844,W7
2021-09-13,103856.50736989814,112206.59321366086,-7.44170694841675,W7
2021-09-13,103652.53736067275,112206.59321366086,-7.6234877184976995,W7
2021-09-13,103696.38572290745,112206.59321366086,-7.584409478103035,W7
2021-09-13,103618.87491825494,112206.59321366086,-7.653488132424996,W7
2021-09-13,103416.84984291103,112206.59321366086,-7.833535551705618,W7
2021-09-13,103288.58780325146,112206.59321366086,-7.947844377939512,W7
2021-09-13,103033.07975248453,112206.59321366086,-8.175556532322812,W7
2021-09-13,102837.28227675345,112206.59321366086,-8.35005383245761,W7
2021-09-13,102880.34652520352,112206.59321366086,-8.311674404639078,W7
2021-09-13,102737.68307816233,112206.59321366086,-8.438817955615212,W7
2021-09-15,102333.17050571642,112206.59321366086,-8.799324910563612,W7
2021-09-15,102142.38060221061,112206.59321366086,-8.969359396097373,W7
2021-09-15,102332.75775176217,112206.59321366086,-8.799692762347034,W7
2021-09-15,102000.31823789628,112206.59321366086,-9.09596725419696,W7
2021-09-15,101846.97475642356,112206.59321366086,-9.232628993120564,W7
2021-09-15,101719.2820573803,112206.59321366086,-9.346430415466669,W7
2021-09-15,101893.1194737481,112206.59321366086,-9.191504210696527,W7
2021-09-15,101871.61670497777,112206.59321366086,-9.210667762636279,W7
2021-09-15,101737.26572859946,112206.59321366086,-9.33040312981072,W7
2021-09-16,101736.25355326248,112206.59321366086,-9.33130519385883,W7
2021-09-16,101680.99187778527,112206.59321366086,-9.380555129976198,W7
2021-09-16,101185.58160223396,112206.59321366086,-9.82207132021287,W7
2021-09-16,101480.46099327943,112206.59321366086,-9.559270906618664,W7
2021-09-16,101514.05399231274,112206.59321366086,-9.52933238155415,W7
2021-09-17,101543.63993574526,112206.59321366086,-9.502964997441357,W7
2021-09-17,101654.92607059678,112206.59321366086,-9.40378532210837,W7
2021-09-20,101469.96483271163,112206.59321366086,-9.568625223746723,W7
2021-09-20,101166.66110621653,112206.59321366086,-9.838933516520173,W7
2021-09-20,101019.25342192163,112206.59321366086,-9.970305194487626,W7
2021-09-20,101081.53416680827,112206.59321366086,-9.91479977087313,W7
2021-09-21,100962.59416564436,112206.59321366086,-10.020800673099458,W7
2021-09-22,101007.10127366483,112206.59321366086,-9.981135349747456,W7
2021-09-22,100885.79426283474,112206.59321366086,-10.08924576229612,W7
2021-09-22,100645.12341232202,112206.59321366086,-10.303734807565,W7
2021-09-22,100661.74176649778,112206.59321366086,-10.288924310516826,W7
2021-09-22,100359.67147146154,112206.59321366086,-10.558133352859866,W7
2021-09-22,100401.52054953756,112206.59321366086,-10.520836900951439,W7
2021-09-22,100201.50563088368,112206.59321366086,-10.69909284200208,W7
2021-09-22,100151.67133109298,112206.59321366086,-10.743505829121125,W7
2021-09-22,100112.38636703177,112206.59321366086,-10.778517108704676,W7
2021-09-22,100049.47126293805,112206.59321366086,-10.834587881635025,W7
2021-09-22,100197.99828604466,112206.59321366086,-10.702218634113368,W7
2021-09-22,100153.32177378444,112206.59321366086,-10.742034932764511,W7
2021-09-22,99885.98570445628,112206.59321366086,-10.980288373735759,W7
2021-09-23,100003.10192613107,112206.59321366086,-10.875912847912796,W7
2021-09-24,100072.73706049184,112206.59321366086,-10.81385309512432,W7
2021-09-24,100082.57561496811,112206.59321366086,-10.805084845243016,W7
2021-09-24,100036.31948407667,112206.59321366086,-10.846308920911516,W7
2021-09-24,100080.2324601626,112206.59321366086,-10.807173095797998,W7
2021-09-24,100053.44969800323,112206.59321366086,-10.831042247683195,W7
2021-09-24,99993.5519969716,112206.59321366086,-10.884423871094198,W7
2021-09-24,99922.92396499997,112206.59321366086,-10.947368507366278,W7
2021-09-27,99831.89862386767,112206.59321366086,-11.028491495352343,W7
2021-09-27,99856.6500865422,112206.59321366086,-11.006432664435524,W7
2021-09-27,99868.3531942518,112206.59321366086,-10.996002700050704,W7
2021-09-27,99881.75632237263,112206.59321366086,-10.984057654989664,W7
2021-09-28,99852.58594275557,112206.59321366086,-11.01005468313356,W7
2021-10-01,99979.58267277235,112206.59321366086,-10.896873517589256,W7
2021-10-04,99921.19530060052,112206.59321366086,-10.948909115943666,W7
2021-10-04,99766.3276285295,112206.59321366086,-11.086929233688553,W7
2021-10-04,99400.2121254658,112206.59321366086,-11.41321621253529,W7
2021-10-04,99507.31079421288,112206.59321366086,-11.317768462381114,W7
2021-10-05,99419.42673939514,112206.59321366086,-11.396091894454658,W7
2021-10-06,99504.69746726046,112206.59321366086,-11.320097493926928,W7
2021-10-06,99533.68079212816,112206.59321366086,-11.294267171449787,W7
2021-10-07,99567.71142391599,112206.59321366086,-11.26393862228599,W7
2021-10-07,99562.55510509927,112206.59321366086,-11.268534001816764,W7
2021-10-07,99347.26364676438,112206.59321366086,-11.460404597090019,W7
2021-10-07,99285.99177205058,112206.59321366086,-11.515010902262413,W7
2021-10-07,99154.42829107752,112206.59321366086,-11.632262016662201,W7
2021-10-07,99192.12098748342,112206.59321366086,-11.598669787073588,W7
2021-10-07,99004.75445938377,112206.59321366086,-11.765653315165267,W7
2021-10-07,98940.74631367734,112206.59321366086,-11.822698221238245,W7
2021-10-07,98820.80271216245,112206.59321366086,-11.929593545371741,W7
2021-10-07,98899.57344176112,112206.59321366086,-11.859392029273055,W7
2021-10-07,98935.21061244557,112206.59321366086,-11.827631711395306,W7
2021-10-07,98968.12133994556,112206.59321366086,-11.798301235745523,W7
2021-10-08,98758.25186335456,112206.59321366086,-11.985339689173456,W7
2021-10-08,98904.49229890556,112206.59321366086,-11.855008278725462,W7
2021-10-08,98780.73581986885,112206.59321366086,-11.965301689738364,W7
2021-10-08,98706.22254354633,112206.59321366086,-12.031708907165086,W7
2021-10-08,98563.19676317758,112206.59321366086,-12.159175374395232,W7
2021-10-08,98538.05010539122,112206.59321366086,-12.181586408422866,W7
2021-10-08,98425.73822623403,112206.59321366086,-12.28168024064833,W7
2021-10-08,98403.87813549789,112206.59321366086,-12.301162242650221,W7
2021-10-08,98294.87584840911,112206.59321366086,-12.398306522649184,W7
2021-10-11,98233.78466251426,112206.59321366086,-12.452751795556209,W7
2021-10-11,98261.31324845973,112206.59321366086,-12.42821795564802,W7
2021-10-11,98104.74025888846,112206.59321366086,-12.567757874904931,W7
2021-10-11,97984.74030869952,112206.59321366086,-12.674703417722041,W7
2021-10-11,98157.53447590313,112206.59321366086,-12.520706970405815,W7
2021-10-12,98010.97388272888,112206.59321366086,-12.651323709562282,W7
2021-10-13,97966.43822352667,112206.59321366086,-12.691014478105098,W7
2021-10-13,97967.61360209041,112206.59321366086,-12.689966965182661,W7
2021-10-13,98055.14937274223,112206.59321366086,-12.611953928564446,W7
2021-10-13,98069.04916774397,112206.59321366086,-12.599566247409854,W7
2021-10-13,98139.2998377425,112206.59321366086,-12.536957921119477,W7
2021-10-14,98225.98803117081,112206.59321366086,-12.45970025653354,W7
2021-10-15,98314.46238625662,112206.59321366086,-12.380850741053342,W7
2021-10-18,98556.05150262878,112206.59321366086,-12.165543325104863,W7
2021-10-18,98655.15411476878,112206.59321366086,-12.077221766360719,W7
2021-10-18,98741.43567356357,112206.59321366086,-12.00032649993864,W7
2021-10-18,98900.19200136139,112206.59321366086,-11.858840760775772,W7
2021-10-18,98844.85020046067,112206.59321366086,-11.908162105730371,W7
2021-10-18,98905.66454323902,112206.59321366086,-11.853963559070507,W7
2021-10-19,98974.46586017984,112206.59321366086,-11.792646915395379,W7
2021-10-20,99064.75033026091,112206.59321366086,-11.712184201489476,W7
2021-10-20,99179.35637898737,112206.59321366086,-11.610045774999481,W7
2021-10-21,99242.82434978493,112206.59321366086,-11.553482279950037,W7
2021-10-22,99185.99607689341,112206.59321366086,-11.60412838840403,W7
2021-10-22,99078.7055995149,112206.59321366086,-11.699747080947535,W7
2021-10-26,99146.71360522363,112206.59321366086,-11.63913744673537,W7
2021-10-28,99131.44837509065,112206.59321366086,-11.652742021739186,W7
2021-10-29,98965.85485771783,112206.59321366086,-11.800321154685058,W7
2021-11-01,99056.5429504338,112206.59321366086,-11.719498726948322,W7
2021-11-01,99116.78962866665,112206.59321366086,-11.665806090439755,W7
2021-11-01,99315.66633420087,112206.59321366086,-11.488564539976208,W7
2021-11-01,99605.4640821976,112206.59321366086,-11.230292953880628,W7
2021-11-01,99842.58811896652,112206.59321366086,-11.018964875933023,W7
2021-11-01,99902.70722299413,112206.59321366086,-10.965385935243571,W7
2021-11-01,100050.28523939793,112206.59321366086,-10.833862455047727,W7
2021-11-01,100183.77596189901,112206.59321366086,-10.714893757507028,W7
2021-11-01,100270.5557100824,112206.59321366086,-10.637554498112403,W7
2021-11-01,100446.33740451011,112206.59321366086,-10.480895527018792,W7
2021-11-01,100644.88307608431,112206.59321366086,-10.30394899839891,W7
2021-11-01,100731.48633730557,112206.59321366086,-10.226767026519282,W7
2021-11-02,100987.58317910843,112206.59321366086,-9.99853013377697,W7
2021-11-02,101047.13382672511,112206.59321366086,-9.945457808959763,W7
2021-11-02,101050.98002782029,112206.59321366086,-9.94203002367102,W7
2021-11-03,101112.09412106122,112206.59321366086,-9.88756433543418,W7
2021-11-03,101134.11687230377,112206.59321366086,-9.867937368237508,W7
2021-11-03,101196.67416007051,112206.59321366086,-9.812185485950497,W7
2021-11-03,101290.61863223558,112206.59321366086,-9.728460929777423,W7
2021-11-04,101334.23820610205,112206.59321366086,-9.68958658860265,W7
2021-11-04,101366.87359298092,112206.59321366086,-9.660501500156261,W7
2021-11-04,101395.41029756312,112206.59321366086,-9.635069211584888,W7
2021-11-05,101502.77000200155,112206.59321366086,-9.539388822969942,W7
2021-11-05,101425.58322127357,112206.59321366086,-9.608178702884574,W7
2021-11-05,101397.83307707867,112206.59321366086,-9.632909998435148,W7
2021-11-05,101447.70036632066,112206.59321366086,-9.588467610680777,W7
2021-11-05,101378.25642495093,112206.59321366086,-9.650356969746774,W7
2021-11-05,101314.24094356272,112206.59321366086,-9.707408413476388,W7
2021-11-05,101406.88560662043,112206.59321366086,-9.62484226437203,W7
2021-11-05,101468.40792917513,112206.59321366086,-9.57001275677122,W7
2021-11-08,101621.40375402315,112206.59321366086,-9.433660854029913,W7
2021-11-08,101782.66030461306,112206.59321366086,-9.289946883244925,W7
2021-11-08,101762.63515591701,112206.59321366086,-9.307793560630376,W7
2021-11-08,101801.50840671622,112206.59321366086,-9.273149205351547,W7
2021-11-08,101818.77389858155,112206.59321366086,-9.257761970634911,W7
2021-11-08,101893.00387883627,112206.59321366086,-9.19160723041089,W7
2021-11-09,101952.95435881389,112206.59321366086,-9.138178569705131,W7
2021-11-10,101965.30244321657,112206.59321366086,-9.127173793560504,W7
2021-11-10,101889.65570170892,112206.59321366086,-9.19459117015227,W7
2021-11-10,101952.07262921354,112206.59321366086,-9.13896437878738,W7
2021-11-11,102046.85161211992,112206.59321366086,-9.054496095603781,W7
2021-11-11,102134.10926751277,112206.59321366086,-8.976730918982923,W7
2021-11-11,102357.31017141812,112206.59321366086,-8.777811321201053,W7
2021-11-11,102424.00027357653,112206.59321366086,-8.718376220064513,W7
2021-11-11,102487.07365267332,112206.59321366086,-8.662164390357956,W7
2021-11-12,102466.19937083147,112206.59321366086,-8.680767826434217,W7
2021-11-12,102467.7910202186,112206.59321366086,-8.679349327448064,W7
2021-11-12,102565.93629860147,112206.59321366086,-8.591880957210686,W7
2021-11-12,102632.15111406721,112206.59321366086,-8.532869437861152,W7
2021-11-15,102642.83245759511,112206.59321366086,-8.523350083229678,W7
2021-11-15,102637.88350929994,112206.59321366086,-8.527760651408816,W7
2021-11-15,102875.65333528763,112206.59321366086,-8.31585703756775,W7
2021-11-15,102936.9708666117,112206.59321366086,-8.261210042620396,W7
2021-11-16,102800.0196005724,112206.59321366086,-8.383262822334077,W7
2021-11-16,102882.21472578187,112206.59321366086,-8.31000943957344,W7
2021-11-16,102947.05577877155,112206.59321366086,-8.25222223551297,W7
2021-11-16,103014.2046272983,112206.59321366086,-8.192378293545243,W7
2021-11-16,103077.93140245449,112206.59321366086,-8.135584148628249,W7
2021-11-16,102926.65187175677,112206.59321366086,-8.27040646732182,W7
2021-11-16,102734.61069534114,112206.59321366086,-8.441556103823082,W7
2021-11-16,102650.09194480439,112206.59321366086,-8.516880332209386,W7
2021-11-16,102293.7330012008,112206.59321366086,-8.834472136217745,W7
2021-11-16,102309.8118048669,112206.59321366086,-8.820142493720285,W7
2021-11-17,102324.57175226223,112206.59321366086,-8.806988233375506,W7
2021-11-17,102186.63932030168,112206.59321366086,-8.929915441135842,W7
2021-11-18,102180.95174310154,112206.59321366086,-8.934984285164736,W7
2021-11-18,102168.6327226051,112206.59321366086,-8.9459631591717,W7
2021-11-19,102195.66089659865,112206.59321366086,-8.921875293013889,W7
2021-11-19,102260.48613834876,112206.59321366086,-8.864102180139259,W7
2021-11-19,102274.35481566894,112206.59321366086,-8.85174223147406,W7
2021-11-19,102281.1309126826,112206.59321366086,-8.845703284189781,W7
2021-11-22,102194.62840572167,112206.59321366086,-8.92279546253995,W7
2021-11-22,102155.44343868038,112206.59321366086,-8.957717623456714,W7
2021-11-22,102374.28357320906,112206.59321366086,-8.762684401022115,W7
2021-11-23,102452.106546204,112206.59321366086,-8.693327538144414,W7
2021-11-23,102530.68075709364,112206.59321366086,-8.623301162118526,W7
2021-11-23,102610.08968244109,112206.59321366086,-8.552530877527278,W7
2021-11-23,102713.24465569318,112206.59321366086,-8.460597800960494,W7
2021-11-23,102778.95068456989,112206.59321366086,-8.402039718948688,W7
2021-11-23,102623.80994197246,112206.59321366086,-8.540303200758546,W7
2021-11-23,102646.99564127903,112206.59321366086,-8.519639798865198,W7
2021-11-23,102635.84874625091,112206.59321366086,-8.5295740591514,W7
2021-11-23,102527.50155608154,112206.59321366086,-8.62613450811099,W7
2021-11-23,102291.55232060893,112206.59321366086,-8.83641558760453,W7
2021-11-24,102329.72160495614,112206.59321366086,-8.802398616538905,W7
2021-11-24,102255.98327657182,112206.59321366086,-8.868115190113073,W7
2021-11-24,102137.99710218431,112206.59321366086,-8.973266029300252,W7
2021-11-24,102198.75814493882,112206.59321366086,-8.919114984326617,W7
2021-11-26,102125.8492591962,112206.59321366086,-8.984092347647676,W7
2021-11-26,102194.07649397406,112206.59321366086,-8.923287333589414,W7
2021-11-26,102192.07719573208,112206.59321366086,-8.925069134626874,W7
2021-11-26,102086.9110773889,112206.59321366086,-9.018794570299741,W7
2021-11-26,102343.40015253217,112206.59321366086,-8.790208114016492,W7
2021-11-26,102242.36381270451,112206.59321366086,-8.880253036452789,W7
2021-11-26,102155.30683655423,112206.59321366086,-8.957839365078339,W7
2021-11-26,101745.42215230931,112206.59321366086,-9.323134017117567,W7
2021-11-26,101328.37816093268,112206.59321366086,-9.69480913836691,W7
2021-11-26,101190.62637174735,112206.59321366086,-9.817575354896656,W7
2021-11-29,100999.07274252058,112206.59321366086,-9.988290482894538,W7
2021-11-29,100929.23888965497,112206.59321366086,-10.050527336242935,W7
2021-11-29,100823.05267899661,112206.59321366086,-10.145161891679583,W7
2021-11-30,100552.63516236,112206.59321366086,-10.386161559249636,W7
2021-11-30,100478.08309447752,112206.59321366086,-10.452603348227688,W7
2021-12-01,100269.7283003937,112206.59321366086,-10.6382918965709,W7
2021-12-01,100186.1206591293,112206.59321366086,-10.71280413232268,W7
2021-12-01,100152.45635880204,112206.59321366086,-10.742806202043448,W7
2021-12-02,100282.13088541181,112206.59321366086,-10.627238548756935,W7
2021-12-02,100365.39293849385,112206.59321366086,-10.553034305764282,W7
2021-12-02,100426.57040746843,112206.59321366086,-10.49851213623536,W7
2021-12-02,100403.52521702589,112206.59321366086,-10.51905031477061,W7
2021-12-02,100317.29906740555,112206.59321366086,-10.595896199803544,W7
2021-12-02,100258.1808808462,112206.59321366086,-10.648583109606413,W7
2021-12-02,100167.49037925959,112206.59321366086,-10.729407684160527,W7
2021-12-02,99948.37320059446,112206.59321366086,-10.924687811993914,W7
2021-12-02,99895.76177757574,112206.59321366086,-10.971575808066072,W7
2021-12-02,99946.54539859643,112206.59321366086,-10.926316773310434,W7
2021-12-02,99786.92190019802,112206.59321366086,-11.068575346382385,W7
2021-12-06,99764.35851843836,112206.59321366086,-11.088684130646696,W7
2021-12-07,99856.15993525571,112206.59321366086,-11.006869493745148,W7
2021-12-07,99883.78654980821,112206.59321366086,-10.982248289445778,W7
2021-12-07,99912.7172062128,112206.59321366086,-10.9564649057996,W7
2021-12-08,99951.3290282874,112206.59321366086,-10.922053539257995,W7
2021-12-08,99993.0739446347,112206.59321366086,-10.884849917659915,W7
2021-12-08,100031.49191382837,112206.59321366086,-10.850611315369836,W7
2021-12-08,100054.62953780804,112206.59321366086,-10.829990758843707,W7
2021-12-08,100159.76077754878,112206.59321366086,-10.736296407442666,W7
2021-12-08,100237.04090318756,112206.59321366086,-10.667423337308879,W7
2021-12-08,100098.5008249474,112206.59321366086,-10.79089208747078,W7
2021-12-09,100150.65939178132,112206.59321366086,-10.744407682820341,W7
2021-12-10,100210.47754980063,112206.59321366086,-10.691096949194007,W7
2021-12-16,100281.06878873627,112206.59321366086,-10.628185103362256,W7
2021-12-16,100346.02274299687,112206.59321366086,-10.570297280195833,W7
2021-12-16,100406.57353824469,112206.59321366086,-10.51633361058105,W7
2021-12-17,100324.09735327511,112206.59321366086,-10.5898374775174,W7
2021-12-17,100413.76522173833,112206.59321366086,-10.509924287128953,W7
2021-12-17,100581.52607650401,112206.59321366086,-10.360413594431742,W7
2021-12-21,100678.1089960202,112206.59321366086,-10.274337619081287,W7
2021-12-21,100835.57396325993,112206.59321366086,-10.13400275752828,W7
2021-12-21,100608.43101327405,112206.59321366086,-10.336435558917552,W7
2021-12-21,100714.3332331827,112206.59321366086,-10.242054099793318,W7
2021-12-22,100431.9860584451,112206.59321366086,-10.493685636453526,W7
2021-12-22,100499.80317876433,112206.59321366086,-10.433246121825276,W7
2021-12-22,100546.06683791267,112206.59321366086,-10.392015336874652,W7
2021-12-22,100690.2722883251,112206.59321366086,-10.263497532098391,W7
2021-12-22,100557.33988207718,112206.59321366086,-10.38196865080956,W7
2021-12-22,100542.20352160955,112206.59321366086,-10.39545837546309,W7
2021-12-22,100523.62288638187,112206.59321366086,-10.412017683339325,W7
2021-12-22,100473.92850069448,112206.59321366086,-10.456305977158884,W7
2021-12-22,100400.81633983726,112206.59321366086,-10.521464501950748,W7
2021-12-22,100161.14248224696,112206.59321366086,-10.735065013940199,W7
2021-12-22,100197.95350831367,112206.59321366086,-10.70225854061949,W7
2021-12-22,100295.0375080189,112206.59321366086,-10.615735995976895,W7
2021-12-22,100328.3142353699,112206.59321366086,-10.586079336418903,W7
2021-12-22,100274.24568825713,112206.59321366086,-10.634265940756679,W7
2021-12-22,99972.34931893405,112206.59321366086,-10.90331997820367,W7
2021-12-22,99889.72617221712,112206.59321366086,-10.976954819393082,W7
2021-12-22,99811.03288523194,112206.59321366086,-11.047087317610314,W7
2021-12-23,99880.43850430391,112206.59321366086,-10.985232111882954,W7
2021-12-23,99952.85227655077,112206.59321366086,-10.920696000258062,W7
2021-12-23,99905.6466191746,112206.59321366086,-10.962766306488888,W7
2021-12-23,99756.83092773404,112206.59321366086,-11.0953928190479,W7
2021-12-23,99762.14317336857,112206.59321366086,-11.090658475474688,W7
2021-12-23,99532.16883786535,112206.59321366086,-11.295614645087035,W7
2021-12-23,99588.05751717903,112206.59321366086,-11.245805914857382,W7
2021-12-23,99680.46041339419,112206.59321366086,-11.16345523156089,W7
2021-12-27,99705.62390915591,112206.59321366086,-11.141029191306906,W7
2021-12-27,99838.97513331169,112206.59321366086,-11.022184816536653,W7
2021-12-27,99959.38934002758,112206.59321366086,-10.91487008282345,W7
2021-12-27,100082.10225676814,112206.59321366086,-10.805506708331823,W7
2021-12-30,99970.21529809707,112206.59321366086,-10.905221845799737,W7
2022-01-10,100094.60377135807,112206.59321366086,-10.794365193174926,W7
2022-01-11,100188.15619830188,112206.59321366086,-10.710990032888523,W7
2022-01-11,100290.77568209266,112206.59321366086,-10.619534191612443,W7
2022-01-11,100018.19560219608,112206.59321366086,-10.862461164163458,W7
2022-01-11,99999.44595350265,112206.59321366086,-10.879171099075858,W7
2022-01-12,100073.14469169771,112206.59321366086,-10.81348980880201,W7
2022-01-12,100063.73606645694,112206.59321366086,-10.821874900062072,W7
2022-01-12,100016.60986742249,112206.59321366086,-10.863874391967789,W7
2022-01-12,99735.66220273521,112206.59321366086,-11.114258666760184,W7
2022-01-12,99634.29692848629,112206.59321366086,-11.204596739903447,W7
2022-01-12,99362.33486897103,112206.59321366086,-11.44697292451624,W7
2022-01-13,99164.49009092778,112206.59321366086,-11.623294807550792,W7
2022-01-13,98965.1013718109,112206.59321366086,-11.800992671291477,W7
2022-01-13,98815.9361867797,112206.59321366086,-11.933930657161138,W7
2022-01-13,98544.84501827153,112206.59321366086,-12.175530692189348,W7
2022-01-13,98174.6861336317,112206.59321366086,-12.505421186177514,W7
2022-01-13,98020.7389704097,112206.59321366086,-12.642620934260812,W7
2022-01-13,97995.12874438801,112206.59321366086,-12.665445106431267,W7
2022-01-13,98008.6014008166,112206.59321366086,-12.653438096822725,W7
2022-01-13,97892.64438110021,112206.59321366086,-12.756780526527885,W7
2022-01-13,97883.07161367079,112206.59321366086,-12.765311903477535,W7
2022-01-13,97593.84834854487,112206.59321366086,-13.02307150284011,W7
2022-01-13,97311.86298362607,112206.59321366086,-13.274380589804235,W7
2022-01-14,97396.94735633292,112206.59321366086,-13.198552271458592,W7
2022-01-14,97269.49334843655,112206.59321366086,-13.312140969097491,W7
2022-01-14,96951.26792169387,112206.59321366086,-13.595747678497109,W7
2022-01-14,96727.77037478478,112206.59321366086,-13.794931648447525,W7
2022-01-14,96577.05509495862,112206.59321366086,-13.929251099301165,W7
2022-01-14,96419.73496144373,112206.59321366086,-14.069456883122914,W7
2022-01-14,96308.43581706675,112206.59321366086,-14.168648152717061,W7
2022-01-14,96281.77928310778,112206.59321366086,-14.19240480836047,W7
2022-01-19,96164.22043892983,112206.59321366086,-14.297174805212709,W7
2022-01-20,95981.14998810105,112206.59321366086,-14.460329612417466,W7
2022-01-20,95864.98931307225,112206.59321366086,-14.563853542430753,W7
2022-01-20,95770.52278203265,112206.59321366086,-14.648043364377946,W7
2022-01-21,95706.30233799577,112206.59321366086,-14.705277473531048,W7
2022-01-21,95752.49463319758,112206.59321366086,-14.664110289073493,W7
2022-01-21,95136.74540613519,112206.59321366086,-15.212874144589447,W7
2022-01-21,94912.77584231747,112206.59321366086,-15.412478782252089,W7
2022-01-21,94631.66554732664,112206.59321366086,-15.663007995322076,W7
2022-01-21,94389.01295617333,112206.59321366086,-15.87926319406183,W7
2022-01-25,94499.6483979146,112206.59321366086,-15.780663425035247,W7
2022-01-27,94230.64908601136,112206.59321366086,-16.020399169788696,W7
2022-01-27,94114.16896490447,112206.59321366086,-16.124207794372,W7
2022-01-27,93995.29641181577,112206.59321366086,-16.23014858598159,W7
2022-01-27,93876.37666281011,112206.59321366086,-16.33613143921661,W7
2022-01-27,93687.45352614159,112206.59321366086,-16.50450223745374,W7
2022-01-27,93510.17756835687,112206.59321366086,-16.662492915815353,W7
2022-01-27,93287.49773609299,112206.59321366086,-16.86094812765826,W7
2022-01-27,93011.83108461119,112206.59321366086,-17.10662589363132,W7
2022-01-27,92809.59578544824,112206.59321366086,-17.286860667160052,W7
2022-01-27,92772.59008398291,112206.59321366086,-17.319840637770927,W7
2022-01-27,92659.56230973663,112206.59321366086,-17.420572485168748,W7
2022-01-27,92418.85328827218,112206.59321366086,-17.635095548894693,W7
2022-01-27,92283.25973157898,112206.59321366086,-17.755938320081064,W7
2022-01-27,92011.67810409398,112206.59321366086,-17.9979754586366,W7
2022-01-27,91980.82655016058,112206.59321366086,-18.02547077156768,W7
2022-01-27,91822.26910154695,112206.59321366086,-18.166779266971076,W7
2022-01-27,91519.40459615113,112206.59321366086,-18.43669612009138,W7
2022-01-27,91205.90899735603,112206.59321366086,-18.71608754426389,W7
2022-01-27,90972.83790099497,112206.59321366086,-18.923803588112804,W7
2022-01-28,90948.7106418256,112206.59321366086,-18.945306120609647,W7
2022-02-08,91018.46332732771,112206.59321366086,-18.883141604689186,W7
2022-02-11,91096.46572599471,112206.59321366086,-18.813624835279327,W7
2022-02-11,91197.3543178043,112206.59321366086,-18.72371158783095,W7
2022-02-17,91175.86201459507,112206.59321366086,-18.742865812724233,W7
2022-02-24,91195.64862819492,112206.59321366086,-18.725231720971557,W7
2022-02-24,91100.77010861564,112206.59321366086,-18.80978871255458,W7
2022-02-24,91008.96501941408,112206.59321366086,-18.89160662233351,W7
2022-02-24,90949.6245052944,112206.59321366086,-18.944491673398815,W7
2022-02-25,90884.09824462284,112206.59321366086,-19.00288954360844,W7
2022-03-28,90946.97216713676,112206.59321366086,-18.946855472246703,W7
2022-03-28,90991.5563228389,112206.59321366086,-18.907121482981708,W7
2022-03-28,91027.56502777756,112206.59321366086,-18.875030048862413,W7
2022-03-29,91065.84452735129,112206.59321366086,-18.840914852529128,W7
2022-03-29,91129.86312385734,112206.59321366086,-18.78386063256529,W7
2022-03-31,91207.49124479658,112206.59321366086,-18.71467742441689,W7
2022-04-01,91075.90981625045,112206.59321366086,-18.831944533931186,W7
2022-04-04,90839.55684639704,112206.59321366086,-19.042585426844987,W7
2022-04-04,90904.43685402005,112206.59321366086,-18.984763505900048,W7
2022-04-06,90789.65694738443,112206.59321366086,-19.087056876858263,W7
2022-04-07,90831.78384359211,112206.59321366086,-19.049512829756264,W7
2022-04-07,90891.78823990395,112206.59321366086,-18.99603611810031,W7
2022-04-08,90842.01521077935,112206.59321366086,-19.04039449999131,W7
2022-04-11,90856.59649058589,112206.59321366086,-19.027399470564863,W7
2022-04-11,90934.31390003386,112206.59321366086,-18.958136687316482,W7
2022-04-12,90686.26285620593,112206.59321366086,-19.179203058483814,W7
2022-04-12,90584.72833421831,112206.59321366086,-19.2696919674504,W7
2022-04-12,90515.4045847743,112206.59321366086,-19.331474209882455,W7
2022-04-13,90624.26833914351,112206.59321366086,-19.234453392075498,W7
2022-04-13,90666.33433757907,112206.59321366086,-19.196963617873497,W7
2022-04-13,90845.14021391587,112206.59321366086,-19.037609455862427,W7
2022-04-13,90889.24057301783,112206.59321366086,-18.998306632526564,W7
2022-04-13,90934.74652832885,112206.59321366086,-18.957751123257722,W7
2022-04-13,90998.77470990003,112206.59321366086,-18.900688360957062,W7
2022-04-13,90990.80896644817,112206.59321366086,-18.907787536882214,W7
2022-04-13,90731.78426225676,112206.59321366086,-19.13863377931129,W7
2022-04-13,90580.45660554565,112206.59321366086,-19.273498988544535,W7
2022-04-13,90502.38008854465,112206.59321366086,-19.343081813194,W7
2022-04-13,90486.61680300451,112206.59321366086,-19.357130261764336,W7
2022-04-13,90437.65978631115,112206.59321366086,-19.400761402583424,W7
2022-04-14,90475.21727758586,112206.59321366086,-19.367289669596047,W7
2022-04-14,90548.5543455707,112206.59321366086,-19.301930704597275,W7
2022-04-14,90541.1615297646,112206.59321366086,-19.308519279826548,W7
2022-04-14,90384.96017156012,112206.59321366086,-19.44772799629391,W7
2022-04-14,90396.01849077128,112206.59321366086,-19.43787267594735,W7
2022-04-14,90370.63399220316,112206.59321366086,-19.460495676825545,W7
2022-04-18,90266.53201104455,112206.59321366086,-19.553272739364456,W7
2022-04-18,90175.87041653934,112206.59321366086,-19.634071551545272,W7
2022-04-18,90177.76032692002,112206.59321366086,-19.632387238416655,W7
2022-04-18,90193.00069998277,112206.59321366086,-19.618804816362598,W7
2022-04-18,90115.1129664582,112206.59321366086,-19.688219394680885,W7
2022-04-18,90077.1025152607,112206.59321366086,-19.722094811542632,W7
2022-04-18,90054.64060389613,112206.59321366086,-19.742113164048714,W7
2022-04-19,89983.87450578982,112206.59321366086,-19.805180846686184,W7
2022-12-09,89927.58992407894,112206.59321366086,-19.85534241036872,W7
2022-12-09,89570.96623121922,112206.59321366086,-20.173170162415918,W7
2022-12-12,89521.0200815641,112206.59321366086,-20.217682831613544,W7
2022-12-13,89323.69978402271,112206.59321366086,-20.39353729068767,W7
2022-12-20,89360.34623053802,112206.59321366086,-20.360877492840025,W7
2022-12-22,89329.2316998229,112206.59321366086,-20.388607174157297,W7
2022-12-22,89280.0272124952,112206.59321366086,-20.43245886407895,W7
2022-12-22,89209.67499812663,112206.59321366086,-20.495157688055013,W7
2022-12-22,89162.69352013379,112206.59321366086,-20.53702820265426,W7
2022-12-22,89072.02352352587,112206.59321366086,-20.617834502900152,W7
2022-12-22,89023.39002601673,112206.59321366086,-20.661177319143164,W7
2023-01-17,100064.35910364865,100064.35910364865,0.0,W8
2023-01-19,100237.74414573784,100237.74414573784,0.0,W8
2023-01-23,100213.89881812796,100237.74414573784,-0.023788771199019405,W8
2023-01-23,100113.45559296146,100237.74414573784,-0.12399376485935343,W8
2023-01-23,100067.32580686218,100237.74414573784,-0.1700141402103879,W8
2023-01-25,100171.52045351276,100237.74414573784,-0.06606662269733897,W8
2023-01-25,100238.7716490508,100238.7716490508,0.0,W8
2023-01-25,100310.26312850544,100310.26312850544,0.0,W8
2023-01-25,100448.58070425577,100448.58070425577,0.0,W8
2023-01-25,100518.39442914638,100518.39442914638,0.0,W8
2023-01-25,100612.90739994163,100612.90739994163,0.0,W8
2023-01-26,100440.22158212888,100612.90739994163,-0.171633861176786,W8
2023-01-26,100545.72137310187,100612.90739994163,-0.06677674721463885,W8
2023-01-26,100565.14412266483,100612.90739994163,-0.0474723159394807,W8
2023-01-26,100625.90898441953,100625.90898441953,0.0,W8
2023-01-26,100685.69144629997,100685.69144629997,0.0,W8
2023-01-30,100786.50282000328,100786.50282000328,0.0,W8
2023-01-30,100948.17880587424,100948.17880587424,0.0,W8
2023-01-31,100928.79798459799,100948.17880587424,-0.019198782489699168,W8
2023-01-31,100921.64662770226,100948.17880587424,-0.026282968633842437,W8
2023-01-31,100977.49753646368,100977.49753646368,0.0,W8
2023-01-31,100989.53988946063,100989.53988946063,0.0,W8
2023-02-01,101087.91683788119,101087.91683788119,0.0,W8
2023-02-01,101264.5315126341,101264.5315126341,0.0,W8
2023-02-02,101583.65152770652,101583.65152770652,0.0,W8
2023-02-06,101534.2007698915,101583.65152770652,-0.048679838804115916,W8
2023-02-06,101686.65866927047,101686.65866927047,0.0,W8
2023-02-07,101718.84019666153,101718.84019666153,0.0,W8
2023-02-09,101641.39776139638,101718.84019666153,-0.07613381662180672,W8
2023-02-09,101792.35032667198,101792.35032667198,0.0,W8
2023-02-10,102047.65135349456,102047.65135349456,0.0,W8
2023-02-10,102220.04609947721,102220.04609947721,0.0,W8
2023-02-10,102097.74350718722,102220.04609947721,-0.11964638733480608,W8
2023-02-10,101975.75741201904,102220.04609947721,-0.23898315132869413,W8
2023-02-10,101926.54347446296,102220.04609947721,-0.28712824559737277,W8
2023-02-10,101817.7571092849,102220.04609947721,-0.39355195535797793,W8
2023-02-13,102007.49314706215,102220.04609947721,-0.2079366626465937,W8
2023-02-13,102111.72414381108,102220.04609947721,-0.1059693864359245,W8
2023-02-13,102218.87224416151,102220.04609947721,-0.0011483611683782218,W8
2023-02-13,102410.88690802922,102410.88690802922,0.0,W8
2023-02-13,102733.15729463626,102733.15729463626,0.0,W8
2023-02-13,102856.88209363424,102856.88209363424,0.0,W8
2023-02-13,102999.52955404359,102999.52955404359,0.0,W8
2023-02-13,103272.8698048048,103272.8698048048,0.0,W8
2023-02-13,103402.72824631365,103402.72824631365,0.0,W8
2023-02-14,103507.61592572345,103507.61592572345,0.0,W8
2023-02-14,103693.27886062037,103693.27886062037,0.0,W8
2023-02-14,103798.91233715483,103798.91233715483,0.0,W8
2023-02-14,103981.97509005853,103981.97509005853,0.0,W8
2023-02-15,104064.44283498636,104064.44283498636,0.0,W8
2023-02-15,104128.23523496314,104128.23523496314,0.0,W8
2023-02-15,104262.58247702826,104262.58247702826,0.0,W8
2023-02-15,104374.30532212132,104374.30532212132,0.0,W8
2023-02-15,104499.74966048406,104499.74966048406,0.0,W8
2023-02-16,104345.98561394612,104499.74966048406,-0.14714298076073018,W8
2023-02-16,104374.99977145065,104499.74966048406,-0.11937817022406076,W8
2023-02-16,104491.53574636525,104499.74966048406,-0.00786022372828237,W8
2023-02-17,104215.83692071396,104499.74966048406,-0.27168748316863567,W8
2023-02-17,104383.45548990603,104499.74966048406,-0.11128655423181447,W8
2023-02-17,104425.39681872727,104499.74966048406,-0.07115121519272201,W8
2023-02-17,104446.47899669582,104499.74966048406,-0.0509768338788476,W8
2023-02-17,104328.52460883842,104499.74966048406,-0.1638521165858719,W8
2023-02-17,104354.1843561977,104499.74966048406,-0.13929727560046068,W8
2023-02-17,104206.31098873455,104499.74966048406,-0.2808032293884712,W8
2023-02-17,103842.06573274978,104499.74966048406,-0.6293641179726001,W8
2023-02-21,103796.87269941182,104499.74966048406,-0.6726111434293953,W8
2023-02-21,103809.37659036391,104499.74966048406,-0.6606456688778102,W8
2023-02-21,103831.17540861953,104499.74966048406,-0.6397855057420724,W8
2023-02-21,103805.97917290819,104499.74966048406,-0.6638967938486934,W8
2023-02-21,103770.36145312444,104499.74966048406,-0.6979808178769557,W8
2023-02-22,103474.12623123777,104499.74966048406,-0.9814601782095213,W8
2023-02-23,103581.04190170413,104499.74966048406,-0.8791482867325302,W8
2023-02-24,103777.4243964766,104499.74966048406,-0.6912220042193964,W8
2023-02-24,103964.30523818854,104499.74966048406,-0.5123882344552599,W8
2023-02-24,104244.45102748524,104499.74966048406,-0.24430549721724304,W8
2023-02-27,104534.94703355937,104534.94703355937,0.0,W8
2023-02-27,104131.29062937833,104534.94703355937,-0.38614493586670734,W8
2023-02-28,104349.07810450858,104534.94703355937,-0.17780554190276637,W8
2023-02-28,104461.38697988297,104534.94703355937,-0.07036886301074087,W8
2023-03-01,104583.3567683231,104583.3567683231,0.0,W8
2023-03-01,104569.83850193037,104583.3567683231,-0.012925829510973126,W8
2023-03-01,104507.23691424745,104583.3567683231,-0.07278390790636839,W8
2023-03-01,104377.93775047894,104583.3567683231,-0.19641654675437628,W8
2023-03-01,104327.73362964309,104583.3567683231,-0.24442047623913254,W8
2023-03-01,104215.31242069292,104583.3567683231,-0.3519148352117621,W8
2023-03-01,104230.94935196447,104583.3567683231,-0.3369631911311521,W8
2023-03-01,104087.33373792491,104583.3567683231,-0.4742848630274788,W8
2023-03-01,103934.77811977123,104583.3567683231,-0.6201547441134608,W8
2023-03-01,103868.47773734218,104583.3567683231,-0.6835495178879545,W8
2023-03-01,103695.46843273655,104583.3567683231,-0.8489767043463933,W8
2023-03-01,103371.5297464141,104583.3567683231,-1.1587188051283093,W8
2023-03-01,103332.5900954389,104583.3567683231,-1.195951929191689,W8
2023-03-02,103292.02339498392,104583.3567683231,-1.2347407974289701,W8
2023-03-02,103433.40709370044,104583.3567683231,-1.0995532273553443,W8
2023-03-02,103230.38847593038,104583.3567683231,-1.2936745713659419,W8
2023-03-02,103194.52997578352,104583.3567683231,-1.3279615757755394,W8
2023-03-02,103207.22761754967,104583.3567683231,-1.315820407086263,W8
2023-03-02,103243.72406871991,104583.3567683231,-1.2809234098029474,W8
2023-03-02,103405.47270858876,104583.3567683231,-1.1262633904012367,W8
2023-03-02,103170.32227119729,104583.3567683231,-1.351108379754924,W8
2023-03-02,102921.84891267896,104583.3567683231,-1.588692414343482,W8
2023-03-02,103017.31654359763,104583.3567683231,-1.4974086442784753,W8
2023-03-03,103094.70970775868,104583.3567683231,-1.423407228993538,W8
2023-03-03,103194.07232395315,104583.3567683231,-1.3283991710531315,W8
2023-03-03,103375.55609979085,104583.3567683231,-1.154868906347892,W8
2023-03-06,103534.03517738776,104583.3567683231,-1.0033351609279735,W8
2023-03-06,104166.84569275635,104583.3567683231,-0.39825751289415173,W8
2023-03-06,104093.06141614278,104583.3567683231,-0.4688081998232607,W8
2023-03-06,104217.8099671525,104583.3567683231,-0.34952674351461954,W8
2023-03-07,103848.65994496953,104583.3567683231,-0.7024987971853749,W8
2023-03-07,103979.36794852794,104583.3567683231,-0.5775190608321452,W8
2023-03-08,103707.15862395774,104583.3567683231,-0.8377988347671186,W8
2023-03-08,103653.44438793426,104583.3567683231,-0.8891590489381712,W8
2023-03-10,103571.81832878776,104583.3567683231,-0.9672078529436853,W8
2023-03-10,102709.21400686553,104583.3567683231,-1.792008613386962,W8
2023-03-10,102182.93680788243,104583.3567683231,-2.295221758618973,W8
2023-03-10,101642.11654316219,104583.3567683231,-2.8123406209617516,W8
2023-03-10,101370.20907607775,104583.3567683231,-3.0723317662897616,W8
2023-03-10,101224.22764821298,104583.3567683231,-3.211915570420424,W8
2023-03-10,100990.19602863469,104583.3567683231,-3.4356907740570124,W8
2023-03-10,100703.99882946016,104583.3567683231,-3.7093454051743877,W8
2023-03-10,100507.93506927628,104583.3567683231,-3.8968166876445136,W8
2023-03-13,99709.74522845187,104583.3567683231,-4.660025926178132,W8
2023-03-13,99940.61660068276,104583.3567683231,-4.439272472316133,W8
2023-03-14,99548.18255507223,104583.3567683231,-4.814508129056299,W8
2023-03-15,99659.13459937346,104583.3567683231,-4.708418548716078,W8
2023-03-15,99801.9594442607,104583.3567683231,-4.571852990580822,W8
2023-03-17,98822.26014922255,104583.3567683231,-5.508617046843062,W8
2023-03-17,97859.25638394876,104583.3567683231,-6.429417253521335,W8
2023-03-17,96981.78479836976,104583.3567683231,-7.268433721048578,W8
2023-03-20,96917.95617081554,104583.3567683231,-7.329465064396655,W8
2023-03-20,96548.58015112882,104583.3567683231,-7.682653211249675,W8
2023-03-20,96666.831222179,104583.3567683231,-7.569584483390676,W8
2023-03-20,96308.07021406144,104583.3567683231,-7.912622820659093,W8
2023-03-20,95545.49227538714,104583.3567683231,-8.641780845643506,W8
2023-03-20,95366.8031933144,104583.3567683231,-8.812638893801763,W8
2023-03-20,95353.89784160195,104583.3567683231,-8.824978669566496,W8
2023-03-20,94646.19959934105,104583.3567683231,-9.50166209619299,W8
2023-03-20,94214.10624665991,104583.3567683231,-9.914818994224415,W8
2023-03-20,94095.9745553455,104583.3567683231,-10.027773574154471,W8
2023-03-20,93705.36673526865,104583.3567683231,-10.401263039540575,W8
2023-03-20,93625.24404295164,104583.3567683231,-10.477874361640797,W8
2023-03-20,93489.09858588385,104583.3567683231,-10.608053255563071,W8
2023-03-27,93598.17482111845,104583.3567683231,-10.503757277115735,W8
2023-03-29,93872.82835776256,104583.3567683231,-10.241140408494342,W8
2023-03-30,93935.49930961535,104583.3567683231,-10.181216005807952,W8
2023-03-31,93913.7389351411,104583.3567683231,-10.202022733710612,W8
2023-03-31,93971.54643122022,104583.3567683231,-10.14674864625979,W8
2023-03-31,94068.58563980475,104583.3567683231,-10.053962172787259,W8
2023-04-03,94139.61707244617,104583.3567683231,-9.986043686675961,W8
2023-04-10,94216.74967200262,104583.3567683231,-9.912291416773854,W8
2023-04-10,94102.40623618246,104583.3567683231,-10.02162376118642,W8
2023-04-10,94427.35360398158,104583.3567683231,-9.71091718430827,W8
2023-04-12,94485.16469389404,104583.3567683231,-9.655639660523558,W8
2023-04-12,94574.9733313643,104583.3567683231,-9.569766878997525,W8
2023-04-12,94726.07856183944,104583.3567683231,-9.425283822472688,W8
2023-04-12,94947.02912018324,104583.3567683231,-9.214016403667936,W8
2023-04-12,95007.98257583515,104583.3567683231,-9.155734228056636,W8
2023-04-12,95167.87878814708,104583.3567683231,-9.002845453730778,W8
2023-04-12,95294.17730258805,104583.3567683231,-8.882081961007211,W8
2023-04-12,95359.75491959212,104583.3567683231,-8.819378277524063,W8
2023-04-12,95428.79811826473,104583.3567683231,-8.753360891195982,W8
2023-04-12,95515.53360982862,104583.3567683231,-8.67042657521679,W8
2023-04-12,95610.45338945463,104583.3567683231,-8.579666646907851,W8
2023-04-12,95670.45901711615,104583.3567683231,-8.522290760805392,W8
2023-04-13,95734.20370729534,104583.3567683231,-8.461339676283986,W8
2023-04-13,95797.7442733566,104583.3567683231,-8.400583770158294,W8
2023-04-14,95440.50560882299,104583.3567683231,-8.742166480421625,W8
2023-04-17,95454.17890053526,104583.3567683231,-8.72909241956263,W8
2023-04-18,95428.44866377933,104583.3567683231,-8.753695030868107,W8
2023-04-18,95347.56897863637,104583.3567683231,-8.831030170647693,W8
2023-04-18,95348.7623070964,104583.3567683231,-8.829889139706527,W8
2023-04-18,95368.37056533314,104583.3567683231,-8.811140211729224,W8
2023-04-18,95362.79782266678,104583.3567683231,-8.816468729419386,W8
2023-04-19,95394.69252845991,104583.3567683231,-8.78597180641108,W8
2023-04-20,95299.90730199749,104583.3567683231,-8.876603078337448,W8
2023-04-20,95143.83509938384,104583.3567683231,-9.025835429866753,W8
2023-04-20,95181.97122555992,104583.3567683231,-8.989370616196107,W8
2023-04-21,95221.61413270947,104583.3567683231,-8.951465056100757,W8
2023-04-21,95178.46370005337,104583.3567683231,-8.992724424693874,W8
2023-04-24,95264.61584880523,104583.3567683231,-8.910347886577288,W8
2023-04-24,95323.32565059462,104583.3567683231,-8.854211036887673,W8
2023-04-24,95425.22845527736,104583.3567683231,-8.75677411400473,W8
2023-04-24,95540.48133572144,104583.3567683231,-8.646572181302002,W8
2023-04-25,95339.22861362236,104583.3567683231,-8.839005019870104,W8
2023-04-25,95293.94752978091,104583.3567683231,-8.882301664040506,W8
2023-04-25,95352.9957600977,104583.3567683231,-8.825841217425086,W8
2023-04-26,95319.3694001036,104583.3567683231,-8.857993905035402,W8
2023-04-26,95240.27999656493,104583.3567683231,-8.933617222150643,W8
2023-04-27,95312.41858700385,104583.3567683231,-8.86464009933872,W8
2023-04-28,95348.94474262516,104583.3567683231,-8.829714699399394,W8
2023-04-28,95312.05516965126,104583.3567683231,-8.864987589956561,W8
2023-04-28,95205.0554683658,104583.3567683231,-8.967298038379525,W8
2023-04-28,95261.60559565967,104583.3567683231,-8.91322621563325,W8
2023-04-28,95180.30587661617,104583.3567683231,-8.99096298136319,W8
2023-04-28,94990.79679804854,104583.3567683231,-9.172166840584726,W8
2023-04-28,95205.49244978065,104583.3567683231,-8.966880207638233,W8
2023-04-28,95294.89115537904,104583.3567683231,-8.881399392754439,W8
2023-04-28,95386.29712429816,104583.3567683231,-8.79399928269524,W8
2023-04-28,95500.40374030531,104583.3567683231,-8.684893379487406,W8
2023-04-28,95628.4304023985,104583.3567683231,-8.562477475036372,W8
2023-04-28,95697.34130320158,104583.3567683231,-8.496586588634884,W8
2023-05-01,95763.13931793309,104583.3567683231,-8.433672166336057,W8
2023-05-01,95836.93049274334,104583.3567683231,-8.36311488352316,W8
2023-05-01,95732.68270887792,104583.3567683231,-8.46279401707435,W8
2023-05-01,95794.78517483418,104583.3567683231,-8.403413186438149,W8
2023-05-02,95667.90060380404,104583.3567683231,-8.524737051870407,W8
2023-05-02,95595.47506026945,104583.3567683231,-8.59398855208284,W8
2023-05-02,95523.37881082701,104583.3567683231,-8.662925189488881,W8
2023-05-02,95536.69125790127,104583.3567683231,-8.65019615928214,W8
2023-05-02,95620.27710716528,104583.3567683231,-8.57027345279532,W8
2023-05-03,95464.90550236354,104583.3567683231,-8.718835910152587,W8
2023-05-03,95208.28549704673,104583.3567683231,-8.96420956543245,W8
2023-05-03,94775.91501844887,104583.3567683231,-9.377631444360723,W8
2023-05-03,94769.29159190552,104583.3567683231,-9.383964599795789,W8
2023-05-03,94695.63601306872,104583.3567683231,-9.454392229117309,W8
2023-05-04,94710.03691938202,104583.3567683231,-9.44062244130566,W8
2023-05-04,94647.69734079581,104583.3567683231,-9.500229993130857,W8
2023-05-04,94551.20337481836,104583.3567683231,-9.592495119207475,W8
2023-05-04,94283.5671934909,104583.3567683231,-9.848402167515681,W8
2023-05-05,94240.51317863715,104583.3567683231,-9.889569343808493,W8
2023-05-08,94390.93502063767,104583.3567683231,-9.74573972631616,W8
2023-05-08,94510.26752239701,104583.3567683231,-9.631636961357398,W8
2023-05-08,94573.20650830564,104583.3567683231,-9.571456271185014,W8
2023-05-08,94661.29868965544,104583.3567683231,-9.487224722235075,W8
2023-05-08,94786.86751823605,104583.3567683231,-9.367158936950736,W8
2023-05-08,94870.07594679297,104583.3567683231,-9.287597110740418,W8
2023-05-08,94930.08666991116,104583.3567683231,-9.230216352489249,W8
2023-05-09,94800.3273711783,104583.3567683231,-9.35428896092571,W8
2023-05-09,94798.3273711783,104583.3567683231,-9.3562013110948,W8
2023-05-09,94826.20981114599,104583.3567683231,-9.329540816701353,W8
2023-05-09,94678.5121153564,104583.3567683231,-9.470765673460143,W8
2023-05-09,94742.47693605997,104583.3567683231,-9.409604105615962,W8
2023-05-10,94820.98949475703,104583.3567683231,-9.334532353165926,W8
2023-05-10,94948.9429374827,104583.3567683231,-9.212186459249823,W8
2023-05-10,95028.04376082082,104583.3567683231,-9.136552222806884,W8
2023-05-11,94914.29730462609,104583.3567683231,-9.245313750175626,W8
2023-05-11,94983.1580247626,104583.3567683231,-9.179470845277237,W8
2023-05-11,95113.42906609924,104583.3567683231,-9.054908921313345,W8
2023-05-11,95182.24432236605,104583.3567683231,-8.98910948783441,W8
2023-05-12,95256.09975576377,104583.3567683231,-8.9184907625612,W8
2023-05-15,95292.17296212631,104583.3567683231,-8.883998461417681,W8
2023-05-15,95378.99420004926,104583.3567683231,-8.80098215690636,W8
2023-05-15,95449.29821261468,104583.3567683231,-8.733759211747731,W8
2023-05-15,95443.52072481248,104583.3567683231,-8.739283501635462,W8
2023-05-15,95529.06903373265,104583.3567683231,-8.657484340120995,W8
2023-05-15,95449.48711292051,104583.3567683231,-8.733578589981832,W8
2023-05-15,95324.66574691818,104583.3567683231,-8.852929670172193,W8
2023-05-15,95320.81476389647,104583.3567683231,-8.856611884188558,W8
2023-05-16,95307.17676185915,104583.3567683231,-8.869652201939621,W8
2023-05-16,95206.23943882718,104583.3567683231,-8.966165955323515,W8
2023-05-16,95113.23310358309,104583.3567683231,-9.055096295788797,W8
2023-05-16,95005.72628990255,104583.3567683231,-9.157891632448997,W8
2023-05-16,95063.6656163037,104583.3567683231,-9.102491492128875,W8
2023-05-17,95140.3869773045,104583.3567683231,-9.029132438287487,W8
2023-05-17,95138.5950924839,104583.3567683231,-9.030845793907323,W8
2023-05-17,95192.23051303408,104583.3567683231,-8.979560941128119,W8
2023-05-18,95256.38277037026,104583.3567683231,-8.918220151045922,W8
2023-05-18,95280.50901729082,104583.3567683231,-8.895151234856883,W8
2023-05-18,95360.13204476329,104583.3567683231,-8.819017679831632,W8
2023-05-18,95469.58891881566,104583.3567683231,-8.714357744030526,W8
2023-05-19,95499.37196766176,104583.3567683231,-8.68587993478208,W8
2023-05-22,95495.53979523327,104583.3567683231,-8.689544162577885,W8
2023-05-22,95539.61596852735,104583.3567683231,-8.647399623851983,W8
2023-05-22,95377.58139727516,104583.3567683231,-8.802333043718326,W8
2023-05-23,95471.62539381425,104583.3567683231,-8.712410517376574,W8
2023-05-23,95434.40786333979,104583.3567683231,-8.747996992724564,W8
2023-05-23,95169.10586168413,104583.3567683231,-9.001672156587741,W8
2023-05-23,95036.10041636696,104583.3567683231,-9.1288486495089,W8
2023-05-23,94958.69298721784,104583.3567683231,-9.20286370462,W8
2023-05-24,94850.7325263541,104583.3567683231,-9.30609280741396,W8
2023-05-24,94643.92273089306,104583.3567683231,-9.503839181073753,W8
2023-05-25,94486.34072127916,104583.3567683231,-9.65451517243916,W8
2023-05-25,94346.03968148418,104583.3567683231,-9.788667531026944,W8
2023-05-26,94263.67621572078,104583.3567683231,-9.867421424866716,W8
2023-05-26,94176.84501651637,104583.3567683231,-9.950447254107186,W8
2023-05-26,94064.85608997413,104583.3567683231,-10.057528275411867,W8
2023-05-26,93939.1909439762,104583.3567683231,-10.177686157010859,W8
2023-05-26,93783.360753576,104583.3567683231,-10.326687102491507,W8
2023-05-30,93889.0594129402,104583.3567683231,-10.225620677937593,W8
2023-05-30,94041.08404244318,104583.3567683231,-10.08025851496959,W8
2023-05-30,94113.64631498758,104583.3567683231,-10.01087627788464,W8
2023-05-30,93643.83580752995,104583.3567683231,-10.460097379573288,W8
2023-05-30,93534.59108591241,104583.3567683231,-10.56455446050208,W8
2023-05-30,93404.20309296717,104583.3567683231,-10.689228210680207,W8
2023-05-30,93288.48582892168,104583.3567683231,-10.79987417541228,W8
2023-05-30,93291.65557216047,104583.3567683231,-10.796843345902943,W8
2023-05-30,93177.02338345598,104583.3567683231,-10.90645178862909,W8
2023-05-30,92967.7882891524,104583.3567683231,-11.106517172614685,W8
2023-05-30,92818.61544140092,104583.3567683231,-11.249152532925349,W8
2023-05-30,92769.68577487333,104583.3567683231,-11.29593786095415,W8
2023-05-30,92607.9646966467,104583.3567683231,-11.450571526600285,W8
2023-05-30,92318.67662911196,104583.3567683231,-11.727181569033311,W8
2023-06-01,92389.96549312245,104583.3567683231,-11.659016933460926,W8
2023-06-01,91991.30836439108,104583.3567683231,-12.040202947230298,W8
2023-06-01,91938.05033898578,104583.3567683231,-12.091126944174938,W8
2023-06-02,92016.5902636182,104583.3567683231,-12.016029025099337,W8
2023-06-02,92055.76144644638,104583.3567683231,-11.978574516046852,W8
2023-06-02,92184.385954211,104583.3567683231,-11.8555869664604,W8
2023-06-02,92307.45830213149,104583.3567683231,-11.737908253782317,W8
2023-06-02,92338.4349387361,104583.3567683231,-11.70828916565797,W8
2023-06-02,92354.31492555769,104583.3567683231,-11.693105117916257,W8
2023-06-02,92405.6613340535,104583.3567683231,-11.64400896143167,W8
2023-06-02,92506.68432350505,104583.3567683231,-11.547413295951799,W8
2023-06-02,92573.61945270104,104583.3567683231,-11.483411593133761,W8
2023-06-02,92745.85749194583,104583.3567683231,-11.318721871396924,W8
2023-06-02,92818.14999209576,104583.3567683231,-11.249597583954065,W8
2023-06-05,93142.32655867522,104583.3567683231,-10.939628027997287,W8
2023-06-05,93422.66606837869,104583.3567683231,-10.67157437360514,W8
2023-06-05,93510.24091755682,104583.3567683231,-10.587837484788187,W8
2023-06-05,93576.98970988521,104583.3567683231,-10.524013952640281,W8
2023-06-05,93661.90227128673,104583.3567683231,-10.442822677063209,W8
2023-06-05,93727.51021089347,104583.3567683231,-10.380089999862884,W8
2023-06-05,93785.88479154342,104583.3567683231,-10.324273680274612,W8
2023-06-05,93818.20848506791,104583.3567683231,-10.293366569886008,W8
2023-06-06,93888.77532220712,104583.3567683231,-10.22589231841832,W8
2023-06-06,94001.94766771632,104583.3567683231,-10.11767974138285,W8
2023-06-06,94111.10078508787,104583.3567683231,-10.01331025015171,W8
2023-06-07,94412.5950676869,104583.3567683231,-9.725028928997608,W8
2023-06-07,94426.78777222321,104583.3567683231,-9.71145821853767,W8
2023-06-07,94424.52494826775,104583.3567683231,-9.713621874424595,W8
2023-06-07,94495.83786215322,104583.3567683231,-9.645434242960972,W8
2023-06-09,94507.9736601079,104583.3567683231,-9.633830295325621,W8
2023-06-09,94468.11162750638,104583.3567683231,-9.671945377718535,W8
2023-06-12,94397.72277828516,104583.3567683231,-9.739249441573701,W8
2023-06-12,94461.08030475066,104583.3567683231,-9.678668553348952,W8
2023-06-12,94539.19273184611,104583.3567683231,-9.603979396766912,W8
2023-06-16,94605.84977123141,104583.3567683231,-9.540243596497119,W8
2023-06-20,94603.55131380024,104583.3567683231,-9.542441324225694,W8
2023-06-20,94693.52343128646,104583.3567683231,-9.456412227181572,W8
2023-06-21,94546.9639428345,104583.3567683231,-9.596548758443072,W8
2023-06-21,94508.78013994089,104583.3567683231,-9.63305915940313,W8
2023-06-21,94568.98201878242,104583.3567683231,-9.575495622812035,W8
2023-06-22,94491.68238536114,104583.3567683231,-9.64940760633396,W8
2023-06-22,94284.86781329168,104583.3567683231,-9.84715854726771,W8
2023-06-22,94232.12657208377,104583.3567683231,-9.89758840803872,W8
2023-06-22,94403.94904369721,104583.3567683231,-9.733296041716926,W8
2023-06-22,94343.39744963015,104583.3567683231,-9.791193967293358,W8
2023-06-22,94273.82614214579,104583.3567683231,-9.85771631810916,W8
2023-06-22,94208.00148103414,104583.3567683231,-9.920656219012768,W8
2023-06-23,94158.20485126287,104583.3567683231,-9.96827051569439,W8
2023-06-23,94148.82505100695,104583.3567683231,-9.977239246997115,W8
2023-06-23,94010.25281906153,104583.3567683231,-10.109738562593183,W8
2023-06-26,93837.17599266829,104583.3567683231,-10.2752303117026,W8
2023-06-26,93899.53793514597,104583.3567683231,-10.215601376081581,W8
2023-06-27,94006.02557901703,104583.3567683231,-10.11378054420012,W8
2023-06-27,94067.75687728645,104583.3567683231,-10.054754614858261,W8
2023-06-27,94205.03960555824,104583.3567683231,-9.923488290546349,W8
2023-06-27,94261.24573465691,104583.3567683231,-9.869745390303452,W8
2023-06-28,94325.14091148187,104583.3567683231,-9.808650414200804,W8
2023-06-28,94438.88935821957,104583.3567683231,-9.699886983524461,W8
2023-06-28,94503.36983572411,104583.3567683231,-9.63823235749503,W8
2023-06-28,94576.27583365401,104583.3567683231,-9.568521458760532,W8
2023-06-28,94637.35680812276,104583.3567683231,-9.510117352833761,W8
2023-06-28,94726.13154942665,104583.3567683231,-9.425233157062014,W8
2023-06-28,94813.10565801334,104583.3567683231,-9.342070681430862,W8
2023-06-28,94893.86110415876,104583.3567683231,-9.264854335885264,W8
2023-06-28,94964.96055708845,104583.3567683231,-9.196870810469084,W8
2023-06-28,95036.14456921151,104583.3567683231,-9.128806431659028,W8
2023-06-28,95137.17360437853,104583.3567683231,-9.03220498541665,W8
2023-06-28,95237.22706891954,104583.3567683231,-8.936536355500085,W8
2023-06-28,95299.01435184764,104583.3567683231,-8.877456895022476,W8
2023-06-28,95220.99592646395,104583.3567683231,-8.952056169509833,W8
2023-06-28,95104.12642109602,104583.3567683231,-9.063803878685796,W8
2023-06-28,95219.00220916857,104583.3567683231,-8.953962512313302,W8
2023-06-29,95286.92156066191,104583.3567683231,-8.889019720656881,W8
2023-06-29,95396.55900033843,104583.3567683231,-8.78418713250484,W8
2023-06-29,95473.88481812386,104583.3567683231,-8.710250112146309,W8
2023-06-29,95481.14416716495,104583.3567683231,-8.703308903463196,W8
2023-06-29,95518.0477457704,104583.3567683231,-8.668022621070104,W8
2023-06-30,95558.26017039272,104583.3567683231,-8.629572502557075,W8
2023-06-30,95626.10479402462,104583.3567683231,-8.564701163819887,W8
2023-06-30,95737.54552178718,104583.3567683231,-8.458144316529715,W8
2023-06-30,95795.76527336412,104583.3567683231,-8.402476040643423,W8
2023-06-30,95866.58341235058,104583.3567683231,-8.33476150061069,W8
2023-06-30,95934.82335668574,104583.3567683231,-8.26951216606664,W8
2023-07-10,96070.99012431853,104583.3567683231,-8.13931289551307,W8
2023-07-10,96188.3721632214,104583.3567683231,-8.027075114541,W8
2023-07-10,96114.18247002758,104583.3567683231,-8.098013450703007,W8
2023-07-10,95984.63505211251,104583.3567683231,-8.22188346398059,W8
2023-07-12,96056.9839010423,104583.3567683231,-8.15270529723838,W8
2023-07-12,96137.013959295,104583.3567683231,-8.076182549522429,W8
2023-07-12,96261.84477123193,104583.3567683231,-7.956822437364754,W8
2023-07-12,96370.93358562536,104583.3567683231,-7.852514431039154,W8
2023-07-12,96427.10482178557,104583.3567683231,-7.79880489455464,W8
2023-07-13,96520.570286614,104583.3567683231,-7.70943554582023,W8
2023-07-14,96502.02973636879,104583.3567683231,-7.727163558018472,W8
2023-07-14,96566.58440292256,104583.3567683231,-7.6654379942686175,W8
2023-07-14,96683.11669134533,104583.3567683231,-7.55401272353369,W8
2023-07-17,96770.26708909609,104583.3567683231,-7.470681684596194,W8
2023-07-19,96780.18252625558,104583.3567683231,-7.461200790631911,W8
2023-07-19,96886.34620708029,104583.3567683231,-7.359689724143682,W8
2023-07-19,96965.97360508006,104583.3567683231,-7.283551990129123,W8
2023-07-20,97156.71393399488,104583.3567683231,-7.101170840002764,W8
2023-07-20,97246.91192341413,104583.3567683231,-7.014925769843984,W8
2023-07-20,97079.5046811895,104583.3567683231,-7.174996403831638,W8
2023-07-20,97081.60868867925,104583.3567683231,-7.172984604292244,W8
2023-07-20,97106.6990592,104583.3567683231,-7.148993817138294,W8
2023-07-21,97114.89589899415,104583.3567683231,-7.141156203155114,W8
2023-07-21,97216.32569289835,104583.3567683231,-7.044171561393335,W8
2023-07-21,97297.70885134328,104583.3567683231,-6.966355012986672,W8
2023-07-24,97381.22856576761,104583.3567683231,-6.886495542985776,W8
2023-07-24,97444.54574736636,104583.3567683231,-6.825953231517416,W8
2023-07-24,97711.07421922697,104583.3567683231,-6.571105347402321,W8
2023-07-24,97791.5637796501,104583.3567683231,-6.494143235159709,W8
2023-07-25,97739.08185336814,104583.3567683231,-6.544325145459462,W8
2023-07-25,97835.70919263647,104583.3567683231,-6.451932491165172,W8
2023-07-25,97903.6260973581,104583.3567683231,-6.386992039050904,W8
2023-07-26,98110.54008129024,104583.3567683231,-6.189146042970947,W8
2023-07-26,98212.67867161015,104583.3567683231,-6.09148366773645,W8
2023-07-26,98422.53464107671,104583.3567683231,-5.8908246183893915,W8
2023-07-26,98535.68705102983,104583.3567683231,-5.782631103235941,W8
2023-07-26,98597.99826146403,104583.3567683231,-5.72305067633089,W8
2023-07-26,98568.21319045888,104583.3567683231,-5.751530419117438,W8
2023-07-26,98671.23657261615,104583.3567683231,-5.653022027973044,W8
2023-07-27,98857.76176854363,104583.3567683231,-5.474671282987231,W8
2023-07-27,98925.83034857827,104583.3567683231,-5.409585802717719,W8
2023-07-27,98932.35870326012,104583.3567683231,-5.403343552627855,W8
2023-07-27,99140.32094514454,104583.3567683231,-5.204495238411752,W8
2023-07-28,98918.4477679284,104583.3567683231,-5.416644842394767,W8
2023-07-28,99038.16281597839,104583.3567683231,-5.302176296204209,W8
2023-07-28,99243.91696525026,104583.3567683231,-5.105439305128594,W8
2023-07-28,99368.60682136101,104583.3567683231,-4.986213971419935,W8
2023-07-31,99389.57205644231,104583.3567683231,-4.966167535993559,W8
2023-07-31,99461.535559344,104583.3567683231,-4.897357827522344,W8
2023-08-01,99492.79999791326,104583.3567683231,-4.867463550330121,W8
2023-08-01,99420.26328788011,104583.3567683231,-4.936821345178717,W8
2023-08-01,99426.22871780855,104583.3567683231,-4.931117349712537,W8
2023-08-01,99226.66312386184,104583.3567683231,-5.121936998376899,W8
2023-08-01,99433.00181585041,104583.3567683231,-4.924641082119729,W8
2023-08-02,99313.51771753843,104583.3567683231,-5.038888799925025,W8
2023-08-02,99234.9710119083,104583.3567683231,-5.11399320282168,W8
2023-08-02,99392.49213591954,104583.3567683231,-4.963375428752536,W8
2023-08-02,99464.45918075627,104583.3567683231,-4.894562333571293,W8
2023-08-02,99435.23883672307,104583.3567683231,-4.92250209849768,W8
2023-08-02,99422.7196248041,104583.3567683231,-4.934472657012748,W8
2023-08-02,99336.50718069055,104583.3567683231,-5.016906848051896,W8
2023-08-02,99154.25107215585,104583.3567683231,-5.191175598038987,W8
2023-08-02,99021.01163859219,104583.3567683231,-5.318575824691513,W8
2023-08-02,98950.26361064546,104583.3567683231,-5.3862233262949,W8
2023-08-03,99048.33116031555,104583.3567683231,-5.2924535786979385,W8
2023-08-03,98916.33953852316,104583.3567683231,-5.41866067882457,W8
2023-08-03,98810.73402168496,104583.3567683231,-5.519638042815804,W8
2023-08-03,98562.09019136919,104583.3567683231,-5.757385078289688,W8
2023-08-04,98439.39411696058,104583.3567683231,-5.874704007610737,W8
2023-08-04,98446.67458329962,104583.3567683231,-5.867742607093474,W8
2023-08-04,98492.82474745408,104583.3567683231,-5.823614969981295,W8
2023-08-04,98445.92526266842,104583.3567683231,-5.868459088811369,W8
2023-08-07,98515.72277617609,104583.3567683231,-5.801720445432109,W8
2023-08-07,98628.4354369715,104583.3567683231,-5.693947407466711,W8
2023-08-07,98730.38445270859,104583.3567683231,-5.596466298724972,W8
2023-08-07,98889.47237464384,104583.3567683231,-5.444350391518372,W8
2023-08-07,98845.9361823019,104583.3567683231,-5.485978613911715,W8
2023-08-07,99058.92335455786,104583.3567683231,-5.282325586472771,W8
2023-08-07,99015.84527600839,104583.3567683231,-5.323515771871868,W8
2023-08-07,99295.44131002674,104583.3567683231,-5.056173010405794,W8
2023-08-07,99244.3451256532,104583.3567683231,-5.105029908819116,W8
2023-08-08,99256.82672731242,104583.3567683231,-5.093095312297345,W8
2023-08-08,99177.34328135417,104583.3567683231,-5.169095402956439,W8
2023-08-08,99104.32098599568,104583.3567683231,-5.238917502394546,W8
2023-08-08,99030.59357568355,104583.3567683231,-5.309413815183066,W8
2023-08-08,99132.09363379377,104583.3567683231,-5.212361988538156,W8
2023-08-09,99287.54414613989,104583.3567683231,-5.063724081752975,W8
2023-08-10,99390.34698996424,104583.3567683231,-4.965426563867713,W8
2023-08-10,98836.90165154201,104583.3567683231,-5.494617207124882,W8
2023-08-10,98688.71125868055,104583.3567683231,-5.636313168548018,W8
2023-08-10,98521.10916173269,104583.3567683231,-5.796570117767131,W8
2023-08-11,98428.88940168924,104583.3567683231,-5.884748354623434,W8
2023-08-11,98341.28121758565,104583.3567683231,-5.968517117465561,W8
2023-08-11,98409.4867546189,104583.3567683231,-5.903300682326322,W8
2023-08-11,98263.30562605,104583.3567683231,-6.043075435294646,W8
2023-08-14,98307.3195206287,104583.3567683231,-6.0009904459246775,W8
2023-08-14,98331.00130686429,104583.3567683231,-5.978346511968683,W8
2023-08-14,98335.2636247833,104583.3567683231,-5.974270989772111,W8
2023-08-14,98234.20517371719,104583.3567683231,-6.070900562764287,W8
2023-08-14,97978.55546744955,104583.3567683231,-6.3153464422687655,W8
2023-08-14,97894.82721624702,104583.3567683231,-6.395405309941187,W8
2023-08-15,97812.23686331174,104583.3567683231,-6.474376147641718,W8
2023-08-15,97799.59956700772,104583.3567683231,-6.48645961550364,W8
2023-08-15,97808.69382090073,104583.3567683231,-6.4777639165186125,W8
2023-08-16,97817.43616521575,104583.3567683231,-6.469404704704074,W8
2023-08-16,97604.15596527875,104583.3567683231,-6.6733379179107075,W8
2023-08-16,97403.92174469763,104583.3567683231,-6.864796890703764,W8
2023-08-16,97419.31703540507,104583.3567683231,-6.8500762973099745,W8
2023-08-16,97626.81724410206,104583.3567683231,-6.651669767715927,W8
2023-08-17,97166.45146025757,104583.3567683231,-7.091860060005274,W8
2023-08-18,97066.58222715711,104583.3567683231,-7.187352532408594,W8
2023-08-18,96896.7805425729,104583.3567683231,-7.349712672521862,W8
2023-08-21,97093.37761915567,104583.3567683231,-7.161731446198943,W8
2023-08-21,96801.63408388177,104583.3567683231,-7.440689345705056,W8
2023-08-21,96840.89479426495,104583.3567683231,-7.4031492326351005,W8
2023-08-21,97451.4959602198,104583.3567683231,-6.819307611154659,W8
2023-08-21,97644.46213317562,104583.3567683231,-6.634798164414218,W8
2023-08-21,97552.10991462368,104583.3567683231,-6.72310305479608,W8
2023-08-21,97414.52060611571,104583.3567683231,-6.8546625234912435,W8
2023-08-21,97232.81479081322,104583.3567683231,-7.028405096800499,W8
2023-08-22,96756.43002650853,104583.3567683231,-7.483912339085709,W8
2023-08-22,96675.25704516118,104583.3567683231,-7.561527921388319,W8
2023-08-22,96587.94665654913,104583.3567683231,-7.645011939601146,W8
2023-08-22,96315.47142748989,104583.3567683231,-7.905545964783413,W8
2023-08-22,96247.67472121159,104583.3567683231,-7.97037148614097,W8
2023-08-22,95474.00274392095,104583.3567683231,-8.710137354437302,W8
2023-08-22,95347.17857883539,104583.3567683231,-8.8314034612104,W8
2023-08-23,95568.50755817533,104583.3567683231,-8.619774205677665,W8
2023-08-23,95770.44759099402,104583.3567683231,-8.426684177724141,W8
2023-08-23,96338.36836431958,104583.3567683231,-7.883652484274446,W8
2023-08-23,96478.41334224153,104583.3567683231,-7.749744965669758,W8
2023-08-23,96285.7623103908,104583.3567683231,-7.933953082337407,W8
2023-08-23,95945.44456736279,104583.3567683231,-8.259356429049532,W8
2023-08-23,95371.23519062735,104583.3567683231,-8.808401128396339,W8
2023-08-24,95304.3545149626,104583.3567683231,-8.872350764104542,W8
2023-08-24,94967.98917266954,104583.3567683231,-9.193974923709778,W8
2023-08-24,95034.58344784421,104583.3567683231,-9.130299137014388,W8
2023-08-24,95113.02002763738,104583.3567683231,-9.055300033699199,W8
2023-08-25,95149.44181794794,104583.3567683231,-9.020474425269702,W8
2023-08-25,95185.27865828629,104583.3567683231,-8.986208131429336,W8
2023-08-25,95282.97213405301,104583.3567683231,-8.892796063978555,W8
2023-08-25,95417.74171975676,104583.3567683231,-8.763932743974117,W8
2023-08-25,95513.89055719225,104583.3567683231,-8.671997621210284,W8
2023-08-25,95552.56842778304,104583.3567683231,-8.635014805028094,W8
2023-08-25,95566.20609200871,104583.3567683231,-8.621974810284115,W8
2023-08-25,95307.62148850854,104583.3567683231,-8.86922696539805,W8
2023-08-25,94936.19853787827,104583.3567683231,-9.224372336619071,W8
2023-08-25,94666.97301323932,104583.3567683231,-9.48179907540252,W8
2023-08-28,94745.38622759795,104583.3567683231,-9.406822313533674,W8
2023-08-28,94805.31277177032,104583.3567683231,-9.34952204509314,W8
2023-08-28,94830.51817288209,104583.3567683231,-9.32542126855409,W8
2023-08-28,94952.43397661737,104583.3567683231,-9.208848414610085,W8
2023-08-29,94940.97435958862,104583.3567683231,-9.219805814891398,W8
2023-08-29,94984.44347555781,104583.3567683231,-9.178241729254445,W8
2023-08-29,95186.0653204568,104583.3567683231,-8.985455944661949,W8
2023-08-29,95221.56484335002,104583.3567683231,-8.951512185358196,W8
2023-08-29,95323.73312844371,104583.3567683231,-8.853821416720868,W8
2023-08-29,95463.90834791391,104583.3567683231,-8.719789364392772,W8
2023-08-30,95439.18921421295,104583.3567683231,-8.743425184149176,W8
2023-08-30,95530.34013496441,104583.3567683231,-8.65626894479325,W8
2023-08-30,95605.81651950639,104583.3567683231,-8.584100306422636,W8
2023-08-31,95647.36694975814,104583.3567683231,-8.544370820263767,W8
2023-08-31,95656.2340964743,104583.3567683231,-8.535892275502764,W8
2023-08-31,95689.80537929099,104583.3567683231,-8.503792251317218,W8
2023-08-31,95445.0583023496,104583.3567683231,-8.73781330830391,W8
2023-09-01,95504.32408245854,104583.3567683231,-8.681144845997595,W8
2023-09-05,95560.0095773052,104583.3567683231,-8.627899763254629,W8
2023-09-08,95619.24276424761,104583.3567683231,-8.571262465722073,W8
2023-09-08,95718.27354864718,104583.3567683231,-8.476571697076213,W8
2023-09-11,95791.37078527539,104583.3567683231,-8.406677940663196,W8
2023-09-11,95875.33754812226,104583.3567683231,-8.326391014099077,W8
2023-09-12,96173.46495333475,104583.3567683231,-8.0413290172147,W8
2023-09-14,96109.7536884661,104583.3567683231,-8.10224814128699,W8
2023-09-14,96040.75690427308,104583.3567683231,-8.168221147246117,W8
2023-09-14,95889.50976377592,104583.3567683231,-8.312839894598245,W8
2023-09-14,95936.35675468118,104583.3567683231,-8.268045969108703,W8
2023-09-14,95911.87391830511,104583.3567683231,-8.291455847250509,W8
2023-09-14,95954.41165380322,104583.3567683231,-8.250782324414224,W8
2023-09-14,95803.98421936216,104583.3567683231,-8.394617289258868,W8
2023-09-14,95893.54618720658,104583.3567683231,-8.308980367083171,W8
2023-09-14,95953.05296631521,104583.3567683231,-8.252081467537947,W8
2023-09-15,95951.05302787016,104583.3567683231,-8.253993758849727,W8
2023-09-15,95966.08076228893,104583.3567683231,-8.23962461362134,W8
2023-09-18,95857.06711176915,104583.3567683231,-8.343860750123692,W8
2023-09-18,95702.13353965024,104583.3567683231,-8.492004371543425,W8
2023-09-18,95631.0806131208,104583.3567683231,-8.559943409574922,W8
2023-09-18,95547.57581805029,104583.3567683231,-8.639788614061414,W8
2023-09-18,95484.2336425484,104583.3567683231,-8.70035482407723,W8
2023-09-18,95485.20302430692,104583.3567683231,-8.69942792539232,W8
2023-09-18,95410.02893830065,104583.3567683231,-8.771307513434994,W8
2023-09-19,95378.88407215844,104583.3567683231,-8.801087458451672,W8
2023-09-19,95229.70920166769,104583.3567683231,-8.943724752855225,W8
2023-09-19,95230.09790710387,104583.3567683231,-8.943353082401918,W8
2023-09-19,95109.77389862611,104583.3567683231,-9.058403901380995,W8
2023-09-19,94979.2282296696,104583.3567683231,-9.183228417432524,W8
2023-09-19,94944.67650423838,104583.3567683231,-9.216265916417921,W8
2023-09-19,94947.31367336834,104583.3567683231,-9.213744321002123,W8
2023-09-19,94872.0398859899,104583.3567683231,-9.285719241012757,W8
2023-09-19,94808.08161471033,104583.3567683231,-9.346874546460878,W8
2023-09-20,94887.37360327551,104583.3567683231,-9.271057522590791,W8
2023-09-20,94735.45138653161,104583.3567683231,-9.416321761030224,W8
2023-09-20,94736.45844213937,104583.3567683231,-9.415358839549336,W8
2023-09-20,94815.71809072372,104583.3567683231,-9.339572738363149,W8
2023-09-21,94703.04156518944,104583.3567683231,-9.447311224692175,W8
2023-09-25,94257.47148118555,104583.3567683231,-9.873354237435526,W8
2023-09-25,94021.94732627244,104583.3567683231,-10.098556566172075,W8
2023-09-25,93738.74021259157,104583.3567683231,-10.369352152039754,W8
2023-09-25,93759.01564748156,104583.3567683231,-10.349965286369622,W8
2023-09-26,93677.09632518786,104583.3567683231,-10.42829450128971,W8
2023-09-26,93513.14047162677,104583.3567683231,-10.585065003430206,W8
2023-09-26,93154.35437445833,104583.3567683231,-10.928127330223978,W8
2023-09-26,93034.06495530765,104583.3567683231,-11.043145075750303,W8
2023-09-26,92899.65858167793,104583.3567683231,-11.171661101419154,W8
2023-09-26,92771.47834163856,104583.3567683231,-11.294223853275852,W8
2023-09-27,92850.84572559348,104583.3567683231,-11.218334738212608,W8
2023-09-27,93003.03717925017,104583.3567683231,-11.072813062145324,W8
2023-09-27,92860.84348509715,104583.3567683231,-11.208775129673915,W8
2023-09-27,92803.93452328432,104583.3567683231,-11.263190061046698,W8
2023-09-27,92869.8311910103,104583.3567683231,-11.20018130921255,W8
2023-09-28,92996.90601941438,104583.3567683231,-11.078675524419669,W8
2023-09-28,93060.89980756368,104583.3567683231,-11.017486258625633,W8
2023-09-28,92978.05831059023,104583.3567683231,-11.096697233998087,W8
2023-09-28,92976.66298630032,104583.3567683231,-11.098031408318967,W8
2023-09-28,92877.97392784212,104583.3567683231,-11.192395427133947,W8
2023-09-28,92880.61930900392,104583.3567683231,-11.189865979577911,W8
2023-09-29,92875.08344694276,104583.3567683231,-11.195159232952264,W8
2023-09-29,92919.64848069061,104583.3567683231,-11.152547258040649,W8
2023-09-29,92932.39752809258,104583.3567683231,-11.140356936563194,W8
2023-09-29,92816.81124493366,104583.3567683231,-11.250877660634968,W8
2023-09-29,92606.90049112351,104583.3567683231,-11.451589093406394,W8
2023-09-29,92459.40531821054,104583.3567683231,-11.592620302836497,W8
2023-10-04,92507.72171942075,104583.3567683231,-11.546421363824397,W8
2023-10-04,92600.24589096913,104583.3567683231,-11.457952056271619,W8
2023-10-04,92480.95645014373,104583.3567683231,-11.572013647438235,W8
2023-10-04,92497.98460856701,104583.3567683231,-11.555731746618195,W8
2023-10-04,92381.61385224888,104583.3567683231,-11.66700256437931,W8
2023-10-04,92330.5130378236,104583.3567683231,-11.715863889932734,W8
2023-10-04,92395.85673400477,104583.3567683231,-11.653383875712194,W8
2023-10-04,92242.02327920766,104583.3567683231,-11.800475592358747,W8
2023-10-05,92310.04024861811,104583.3567683231,-11.73543946088218,W8
2023-10-05,92333.5750788976,104583.3567683231,-11.712936042549927,W8
2023-10-05,92387.56380246032,104583.3567683231,-11.661313370232836,W8
2023-10-06,92403.512510782,104583.3567683231,-11.646063612704962,W8
2023-10-06,92492.79828904266,104583.3567683231,-11.560690776127869,W8
2023-10-06,92599.5848534229,104583.3567683231,-11.458584123903277,W8
2023-10-06,92663.35279661343,104583.3567683231,-11.397610805431784,W8
2023-10-06,92724.16843736239,104583.3567683231,-11.339460404996963,W8
2023-10-06,92858.37778569589,104583.3567683231,-11.211132770007382,W8
2023-10-09,93105.17731225789,104583.3567683231,-10.975149211831182,W8
2023-10-09,93197.3044827859,104583.3567683231,-10.887059506762627,W8
2023-10-09,93367.6557043426,104583.3567683231,-10.724173913088226,W8
2023-10-09,93526.71316590365,104583.3567683231,-10.572087131332498,W8
2023-10-09,93583.37546662957,104583.3567683231,-10.517908051145353,W8
2023-10-09,93708.30536515606,104583.3567683231,-10.39845319485953,W8
2023-10-09,93854.25423941929,104583.3567683231,-10.258900517671576,W8
2023-10-09,94062.09395946577,104583.3567683231,-10.060169355784224,W8
2023-10-09,94205.63863206981,104583.3567683231,-9.922915516321005,W8
2023-10-09,94287.9441961949,104583.3567683231,-9.844216986585128,W8
2023-10-10,94346.21878943821,104583.3567683231,-9.78849627246386,W8
2023-10-10,94489.96138524283,104583.3567683231,-9.65105318376759,W8
2023-10-10,94558.79118352258,104583.3567683231,-9.5852398455782,W8
2023-10-10,94550.8692998941,104583.3567683231,-9.592814553326427,W8
2023-10-10,94589.34569040693,104583.3567683231,-9.556024387374814,W8
2023-10-10,94578.77764324326,104583.3567683231,-9.56612929076502,W8
2023-10-10,94611.08834873582,104583.3567683231,-9.535234599208943,W8
2023-10-11,94647.58539158748,104583.3567683231,-9.500337036174605,W8
2023-10-11,94711.74106585552,104583.3567683231,-9.438992978907288,W8
2023-10-11,94860.12002543057,104583.3567683231,-9.29711671469084,W8
2023-10-12,94910.08070483581,104583.3567683231,-9.24934555783659,W8
2023-10-16,94903.79581605612,104583.3567683231,-9.255355011896864,W8
2023-10-24,94897.1045598452,104583.3567683231,-9.261753024370057,W8
2023-10-25,94716.4435280561,104583.3567683231,-9.434496601715074,W8
2023-10-25,94776.40156560345,104583.3567683231,-9.377166220094061,W8
2023-10-25,94854.68871553398,104583.3567683231,-9.30230999789041,W8
2023-10-25,94938.86417117265,104583.3567683231,-9.221823524478449,W8
2023-10-27,94810.39052470303,104583.3567683231,-9.344666824253398,W8
2023-10-27,95244.11222609902,104583.3567683231,-8.929952939751885,W8
2023-10-30,95317.38186170641,104583.3567683231,-8.859894339730378,W8
2023-10-30,95196.1751055698,104583.3567683231,-8.975789220026785,W8
2023-10-31,95266.7130491686,104583.3567683231,-8.908342595842539,W8
2023-10-31,95326.58627092569,104583.3567683231,-8.85109331296694,W8
2023-10-31,95440.8270676465,104583.3567683231,-8.741859109503876,W8
2023-10-31,95407.77533295406,104583.3567683231,-8.7734623547178,W8
2023-10-31,95292.3606334965,104583.3567683231,-8.883819014729418,W8
2023-10-31,95270.5614263707,104583.3567683231,-8.90466287344596,W8
2023-10-31,95098.18243900147,104583.3567683231,-9.069487366267595,W8
2023-10-31,95129.61220133746,104583.3567683231,-9.039435010608736,W8
2023-10-31,95165.70178367717,104583.3567683231,-9.004927051163849,W8
2023-10-31,95216.42958382856,104583.3567683231,-8.956422392565285,W8
2023-10-31,95093.2752366707,104583.3567683231,-9.074179510871097,W8
2023-10-31,95120.21218136001,104583.3567683231,-9.048423075505399,W8
2023-10-31,95016.08746605129,104583.3567683231,-9.147984533968984,W8
2023-10-31,95025.3216985938,104583.3567683231,-9.139154990886935,W8
2023-11-01,95129.29507427168,104583.3567683231,-9.039738239607667,W8
2023-11-01,95170.84550915586,104583.3567683231,-9.000008749019386,W8
2023-11-01,95011.48368507845,104583.3567683231,-9.152386554629922,W8
2023-11-01,94898.05318217375,104583.3567683231,-9.260845975334854,W8
2023-11-01,94884.50713039664,104583.3567683231,-9.273798372538094,W8
2023-11-01,94910.71500457426,104583.3567683231,-9.24873905623055,W8
2023-11-01,94910.91728996608,104583.3567683231,-9.248545635978926,W8
2023-11-02,94933.95268840146,104583.3567683231,-9.226519761932433,W8
2023-11-08,95050.65700861292,104583.3567683231,-9.11492999868742,W8
2023-11-10,95078.87299301925,104583.3567683231,-9.087950577412167,W8
2023-11-13,95225.59842731238,104583.3567683231,-8.947655372871965,W8
2023-11-13,95286.44126558788,104583.3567683231,-8.889478966839896,W8
2023-11-13,95351.58711490303,104583.3567683231,-8.827188128863202,W8
2023-11-13,95445.50516827665,104583.3567683231,-8.737386026238333,W8
2023-11-14,95583.69569476036,104583.3567683231,-8.605251687894388,W8
2023-11-14,95653.93219861021,104583.3567683231,-8.538093292887575,W8
2023-11-14,95735.29015489858,104583.3567683231,-8.4603008421551,W8
2023-11-14,95830.17966592846,104583.3567683231,-8.36956985592363,W8
2023-11-14,95911.7185763992,104583.3567683231,-8.291604381310522,W8
2023-11-15,95980.11739224858,104583.3567683231,-8.226203137782937,W8
2023-11-15,96078.7679019088,104583.3567683231,-8.131875978368123,W8
2023-11-16,96056.96290345053,104583.3567683231,-8.152725374612466,W8
2023-11-17,96067.69283303092,104583.3567683231,-8.142465683288776,W8
2023-11-20,95933.08892845741,104583.3567683231,-8.271170583124501,W8
2023-11-20,95940.79725521273,104583.3567683231,-8.263800073137524,W8
2023-11-20,95976.11446979355,104583.3567683231,-8.230030632499798,W8
2023-11-20,96039.9384418659,104583.3567683231,-8.16900374060749,W8
2023-11-20,96109.79056319909,104583.3567683231,-8.102212882586054,W8
2023-11-22,96089.04544229232,104583.3567683231,-8.122048850322987,W8
2023-11-24,96146.34412710935,104583.3567683231,-8.067261275523723,W8
2023-11-29,96062.42859623069,104583.3567683231,-8.1474992153563,W8
2023-11-29,96042.81372705987,104583.3567683231,-8.166254464544059,W8
2023-11-30,96093.62554155092,104583.3567683231,-8.117669473527167,W8
2023-11-30,96144.25554961404,104583.3567683231,-8.069258321286876,W8
2023-12-01,96325.1622290458,104583.3567683231,-7.896279861786372,W8
2023-12-04,96220.41134193906,104583.3567683231,-7.996440050121871,W8
2023-12-04,96388.94497914058,104583.3567683231,-7.8352923853219565,W8
2023-12-04,96624.76198690149,104583.3567683231,-7.609810037988911,W8
2023-12-04,96695.09727623359,104583.3567683231,-7.542557186765261,W8
2023-12-08,96761.38560180592,104583.3567683231,-7.479173941456763,W8
2023-12-08,96823.40880448362,104583.3567683231,-7.419868900392624,W8
2023-12-08,96490.18260915617,104583.3567683231,-7.738491485882619,W8
2023-12-08,96301.31132337284,104583.3567683231,-7.919085503534706,W8
2023-12-11,96487.05757444243,104583.3567683231,-7.741479566214236,W8
2023-12-11,96655.58553324538,104583.3567683231,-7.5803373309575495,W8
2023-12-11,96809.62310722894,104583.3567683231,-7.433050440630643,W8
2023-12-11,96967.95007795762,104583.3567683231,-7.281662136008317,W8
2023-12-11,97123.1774361076,104583.3567683231,-7.133237603705495,W8
2023-12-11,97300.41487237817,104583.3567683231,-6.963767583094857,W8
2023-12-11,97446.27695110555,104583.3567683231,-6.8242978976357245,W8
2023-12-11,97497.11450689158,104583.3567683231,-6.775688293433935,W8
2023-12-11,97414.16272460243,104583.3567683231,-6.85500472087746,W8
2023-12-11,97245.17264205175,104583.3567683231,-7.0165888273477,W8
2023-12-11,97311.75281009232,104583.3567683231,-6.952926529542455,W8
2023-12-11,97494.80260304516,104583.3567683231,-6.777898878289748,W8
2023-12-12,97680.96922408728,104583.3567683231,-6.599890993675251,W8
2023-12-12,97850.53393897803,104583.3567683231,-6.437757438078664,W8
2023-12-12,97996.00985810814,104583.3567683231,-6.2986569888051,W8
2023-12-12,98190.08037664204,104583.3567683231,-6.1130915943381625,W8
2023-12-13,98393.26602598661,104583.3567683231,-5.918810538897696,W8
2023-12-13,98542.1124614739,104583.3567683231,-5.77648728586135,W8
2023-12-13,98703.70156670226,104583.3567683231,-5.621979809507987,W8
2023-12-14,98927.4758533799,104583.3567683231,-5.408012412024895,W8
2023-12-14,99281.10451882205,104583.3567683231,-5.0698814929480545,W8
2023-12-14,99446.95658062946,104583.3567683231,-4.911297883727314,W8
2023-12-14,99801.42446585877,104583.3567683231,-4.572364523599521,W8
2023-12-15,99192.76902946491,104583.3567683231,-5.154345686952481,W8
2023-12-15,99255.00893253315,104583.3567683231,-5.094833442374102,W8
2023-12-15,98613.61088029269,104583.3567683231,-5.708122279202421,W8
2023-12-15,98574.44258599725,104583.3567683231,-5.7455740263118615,W8
2023-12-18,98511.08446548124,104583.3567683231,-5.806155482552904,W8
2023-12-18,98452.18555582239,104583.3567683231,-5.862473152475589,W8
2023-12-19,98415.12369418488,104583.3567683231,-5.897910781160252,W8
2023-12-21,98288.92560422483,104583.3567683231,-6.018578250497274,W8
2023-12-21,98487.63113108238,104583.3567683231,-5.828580976554606,W8
2023-12-22,98533.0231356507,104583.3567683231,-5.785178272748805,W8
2023-12-26,98729.69469432296,104583.3567683231,-5.5971258285076715,W8
2023-12-26,98993.09687532649,104583.3567683231,-5.345267225817158,W8
2023-12-26,98760.36049984768,104583.3567683231,-5.567803949317414,W8
2023-12-27,99049.79047364819,104583.3567683231,-5.291058219648722,W8
2023-12-27,99028.62908410437,104583.3567683231,-5.311292213084884,W8
2023-12-27,99238.24992132801,104583.3567683231,-5.110857991330075,W8
2023-12-28,99373.38434392867,104583.3567683231,-4.981645823374885,W8
2023-12-28,99386.17997641313,104583.3567683231,-4.969410958402247,W8
2023-12-28,98738.13493510011,104583.3567683231,-5.589055480568991,W8
2023-12-29,98662.4216579133,104583.3567683231,-5.661450629784299,W8
2023-12-29,98788.49191178067,104583.3567683231,-5.540905394134002,W8
2023-12-29,98804.16221742638,104583.3567683231,-5.525921838308367,W8
2024-01-04,98996.88899384906,104583.3567683231,-5.341641296568231,W8
2024-01-08,99056.35265190288,104583.3567683231,-5.284783628301237,W8
2024-01-08,99167.70566239642,104583.3567683231,-5.17831065407819,W8
2024-01-08,99277.93530548246,104583.3567683231,-5.072911815780974,W8
2024-01-08,99359.88634835981,104583.3567683231,-4.994552270429135,W8
2024-01-08,99443.2727237325,104583.3567683231,-4.914820295907212,W8
2024-01-08,99505.5279166606,104583.3567683231,-4.855293431545788,W8
2024-01-09,99520.67818723511,104583.3567683231,-4.840807120298321,W8
2024-01-09,99902.1879555382,104583.3567683231,-4.476016985336193,W8
2024-01-10,99331.84997269932,104583.3567683231,-5.021359954296655,W8
2024-01-10,98641.9659450583,104583.3567683231,-5.681009872752874,W8
2024-01-10,98719.47606231317,104583.3567683231,-5.606896629833565,W8
2024-01-10,98782.4743286416,104583.3567683231,-5.5466592572007585,W8
2024-01-11,98600.2257945437,104583.3567683231,-5.720920764700109,W8
2024-01-11,98618.58997388407,104583.3567683231,-5.703361393966726,W8
2024-01-11,98673.58772092055,104583.3567683231,-5.650773918544307,W8
2024-01-11,98677.5582420452,104583.3567683231,-5.646977405172258,W8
2024-01-11,98591.08741293816,104583.3567683231,-5.7296586575044,W8
2024-01-11,98516.22811680798,104583.3567683231,-5.8012372513106865,W8
2024-01-11,98530.87245597623,104583.3567683231,-5.787234699068367,W8
2024-01-11,98566.87408138796,104583.3567683231,-5.75281084184654,W8
2024-01-11,98610.61686472555,104583.3567683231,-5.710985082290457,W8
2024-01-11,98450.94006737518,104583.3567683231,-5.863664057496901,W8
2024-01-11,98466.8015667112,104583.3567683231,-5.84849768702826,W8
2024-01-11,98414.46458313767,104583.3567683231,-5.8985410067215405,W8
2024-01-11,98397.91367293021,104583.3567683231,-5.91436657468846,W8
2024-01-11,98322.84574465432,104583.3567683231,-5.986144657354315,W8
2024-01-11,98274.13297772994,104583.3567683231,-6.032722591386676,W8
2024-01-11,98205.43456447113,104583.3567683231,-6.09841030249256,W8
2024-01-12,98288.02464420568,104583.3567683231,-6.0194397260197565,W8
2024-01-12,98394.3090900695,104583.3567683231,-5.917813187010057,W8
2024-01-12,98312.73728856006,104583.3567683231,-5.995810111214864,W8
2024-01-12,98170.48548894351,104583.3567683231,-6.131827737739968,W8
2024-01-12,97942.61461253115,104583.3567683231,-6.349712192259005,W8
2024-01-16,97958.05768988862,104583.3567683231,-6.3349459064610825,W8
2024-01-17,97911.35723200037,104583.3567683231,-6.37959972073069,W8
2024-01-17,97894.14800481516,104583.3567683231,-6.396054754989476,W8
2024-01-17,97797.28097610148,104583.3567683231,-6.488676594359443,W8
2024-01-17,97774.24018039896,104583.3567683231,-6.5107076291382935,W8
2024-01-17,97574.80438910812,104583.3567683231,-6.701403163737209,W8
2024-01-18,97632.96918078398,104583.3567683231,-6.645787439138967,W8
2024-01-18,97675.69088242951,104583.3567683231,-6.604938012456131,W8
2024-01-19,97733.19101024969,104583.3567683231,-6.549957822876294,W8
2024-01-19,97816.00328110337,104583.3567683231,-6.470774792791372,W8
2024-01-22,97911.44121542978,104583.3567683231,-6.37951941786798,W8
2024-01-22,98071.62172779601,104583.3567683231,-6.22635880291366,W8
2024-01-22,98188.54786828031,104583.3567683231,-6.114556940650512,W8
2024-01-22,98297.83569360831,104583.3567683231,-6.010058645027715,W8
2024-01-22,98402.74256578188,104583.3567683231,-5.909749307657753,W8
2024-01-22,98492.90556289763,104583.3567683231,-5.823537696267725,W8
2024-01-22,98559.63620709044,104583.3567683231,-5.7597315169148935,W8
2024-01-22,98708.09744449939,104583.3567683231,-5.6177765806836675,W8
2024-01-22,98765.20016217462,104583.3567683231,-5.563176384782784,W8
2024-01-22,98851.03037498462,104583.3567683231,-5.481107673792622,W8
2024-01-22,98908.05077817553,104583.3567683231,-5.426586184950739,W8
2024-01-22,99049.83882427204,104583.3567683231,-5.291011987986872,W8
2024-01-22,99081.24711999221,104583.3567683231,-5.260980158171204,W8
2024-01-22,99059.194155004,104583.3567683231,-5.282066653833282,W8
2024-01-22,99022.06854725341,104583.3567683231,-5.317565234963011,W8
2024-01-22,99050.4877644437,104583.3567683231,-5.290391487563376,W8
2024-01-22,99137.02637261181,104583.3567683231,-5.207645426581776,W8
2024-01-22,99177.28599941412,104583.3567683231,-5.169150174520314,W8
2024-01-24,99108.36000146234,104583.3567683231,-5.235055496439238,W8
2024-01-24,99185.79170720576,104583.3567683231,-5.161017228653521,W8
2024-01-24,99153.50302576218,104583.3567683231,-5.191890861362695,W8
2024-01-24,99083.03393612032,104583.3567683231,-5.259271649108844,W8
2024-01-24,98897.16439937918,104583.3567683231,-5.436995469116732,W8
2024-01-24,98766.59505770863,104583.3567683231,-5.561842620427613,W8
2024-01-24,98816.27141425943,104583.3567683231,-5.514343326002741,W8
2024-01-25,98770.77782157616,104583.3567683231,-5.557843165832943,W8
2024-01-25,98849.0403354552,104583.3567683231,-5.483010500007919,W8
2024-01-25,98826.42664674393,104583.3567683231,-5.504633145723298,W8
2024-01-26,98799.45331367893,104583.3567683231,-5.530424374747203,W8
2024-01-26,98866.43991862779,104583.3567683231,-5.46637345209681,W8
2024-01-29,98925.16679773697,104583.3567683231,-5.410220273499501,W8
2024-01-30,98935.76449996977,104583.3567683231,-5.400087014671065,W8
2024-01-30,98964.36027521678,104583.3567683231,-5.3727444468566095,W8
2024-01-30,99022.22008737673,104583.3567683231,-5.317420336072785,W8
2024-01-30,99102.93955033644,104583.3567683231,-5.240238396752822,W8
2024-01-30,99197.17027877537,104583.3567683231,-5.150137322020939,W8
2024-01-31,99502.71713903292,104583.3567683231,-4.857981027081582,W8
2024-01-31,99466.21883828256,104583.3567683231,-4.892879792887324,W8
2024-01-31,99562.31467102046,104583.3567683231,-4.8009953518946915,W8
2024-01-31,99473.7815567422,104583.3567683231,-4.885648509924787,W8
2024-01-31,99488.74754450841,104583.3567683231,-4.871338405307115,W8
2024-01-31,99482.78458158339,104583.3567683231,-4.877040041886094,W8
2024-02-01,99536.44897263225,104583.3567683231,-4.825727488237866,W8
2024-02-01,99619.37438054282,104583.3567683231,-4.746436279318005,W8
2024-02-02,99696.01454281897,104583.3567683231,-4.673154865674031,W8
2024-02-05,99849.59598531775,104583.3567683231,-4.526304116908149,W8
2024-02-05,99878.52338329711,104583.3567683231,-4.498644459699549,W8
2024-02-05,99938.77337602494,104583.3567683231,-4.441034917809157,W8
2024-02-05,99966.93122805447,104583.3567683231,-4.414111081264202,W8
2024-02-05,100053.4122677135,104583.3567683231,-4.331420065856647,W8
2024-02-06,99970.78565607009,104583.3567683231,-4.4104255732304924,W8
2024-02-06,99908.38902909371,104583.3567683231,-4.470087673304982,W8
2024-02-06,99731.59286801422,104583.3567683231,-4.6391357575724745,W8
2024-02-06,99635.75054856254,104583.3567683231,-4.730777795477219,W8
2024-02-06,99376.50109607862,104583.3567683231,-4.978665662624405,W8
2024-02-06,99336.10093399078,104583.3567683231,-5.0172952910243955,W8
2024-02-06,98654.35091591488,104583.3567683231,-5.669167672196987,W8
2024-02-06,98524.64441963904,104583.3567683231,-5.793189792239639,W8
2024-02-07,98681.42549835269,104583.3567683231,-5.6432796310454805,W8
2024-02-07,98680.23009662177,104583.3567683231,-5.644422644396608,W8
2024-02-07,99046.37873889362,104583.3567683231,-5.294320435416119,W8
2024-02-08,99106.9324974183,104583.3567683231,-5.236420440239239,W8
2024-02-08,99301.32479877239,104583.3567683231,-5.050547365057002,W8
2024-02-08,99451.1772774115,104583.3567683231,-4.907262158624907,W8
2024-02-09,99608.96102851952,104583.3567683231,-4.756393267069287,W8
2024-02-09,99685.09198175107,104583.3567683231,-4.683598746426583,W8
2024-02-09,100012.04831327587,104583.3567683231,-4.370971248488187,W8
2024-02-09,100215.81076516514,104583.3567683231,-4.1761386688257724,W8
2024-02-09,100425.02158569572,104583.3567683231,-3.976096494817114,W8
2024-02-09,100419.4740669676,104583.3567683231,-3.981400894005998,W8
2024-02-09,100412.98323788967,104583.3567683231,-3.987607263048356,W8
2024-02-09,100373.37372814195,104583.3567683231,-4.025480889380189,W8
2024-02-09,100205.69671570206,104583.3567683231,-4.185809470926232,W8
2024-02-09,100315.06993445125,104583.3567683231,-4.081229524241707,W8
2024-02-09,100354.44123561686,104583.3567683231,-4.043583667021018,W8
2024-02-09,100327.38645592782,104583.3567683231,-4.0694527732775505,W8
2024-02-12,100616.90205287669,104583.3567683231,-3.7926251728877336,W8
2024-02-12,101159.56704291626,104583.3567683231,-3.273742430156782,W8
2024-02-12,101337.67726204242,104583.3567683231,-3.1034378763254145,W8
2024-02-12,101554.1052196288,104583.3567683231,-2.896494855682258,W8
2024-02-12,101798.97658616873,104583.3567683231,-2.6623549560781665,W8
2024-02-12,101968.24785532574,104583.3567683231,-2.5005019859808484,W8
2024-02-12,102215.01680191404,104583.3567683231,-2.264547667613584,W8
2024-02-13,101314.5028336594,104583.3567683231,-3.1255966873438408,W8
2024-02-14,101295.35844054352,104583.3567683231,-3.143902079049981,W8
2024-02-14,101066.56086938192,104583.3567683231,-3.362672615999223,W8
2024-02-15,100868.56251182928,104583.3567683231,-3.5519937122719845,W8
2024-02-15,101103.65946006739,104583.3567683231,-3.3271998679140338,W8
2024-02-16,101131.72822153593,104583.3567683231,-3.3003612175437618,W8
2024-02-16,100852.54534193769,104583.3567683231,-3.567308931047259,W8
2024-02-16,100543.18315219705,104583.3567683231,-3.863113348977687,W8
2024-02-20,100591.58511652939,104583.3567683231,-3.8168325966400443,W8
2024-02-20,101438.80634044274,104583.3567683231,-3.006740771235982,W8
2024-02-20,101412.35941119639,104583.3567683231,-3.0320286660440763,W8
2024-02-22,101702.82553381626,104583.3567683231,-2.7542921966904323,W8
2024-02-22,101905.27873754805,104583.3567683231,-2.5607114874956793,W8
2024-02-22,102280.84241552129,104583.3567683231,-2.201606855957419,W8
2024-02-22,101732.02830910253,104583.3567683231,-2.726369230562113,W8
2024-02-22,101446.34783367714,104583.3567683231,-2.999529783304981,W8
2024-02-22,101297.67581616208,104583.3567683231,-3.141686262221984,W8
2024-02-22,101049.55169294977,104583.3567683231,-3.378936366712288,W8
2024-02-22,101227.87944017316,104583.3567683231,-3.208423817934161,W8
2024-02-23,101172.79102982955,104583.3567683231,-3.2610979833519385,W8
2024-02-23,101364.10241189378,104583.3567683231,-3.0781708064321616,W8
2024-02-26,101268.6707972266,104583.3567683231,-3.1694201386548597,W8
2024-02-26,101063.18864753532,104583.3567683231,-3.3658970505085013,W8
2024-02-26,100986.40499833337,104583.3567683231,-3.4393156627758907,W8
2024-02-26,100573.52236886945,104583.3567683231,-3.8341037459109044,W8
2024-02-26,100766.8898889498,104583.3567683231,-3.649210541049737,W8
2024-02-26,100869.66448053443,104583.3567683231,-3.550940037252176,W8
2024-02-26,100974.91156734808,104583.3567683231,-3.450305395119962,W8
2024-02-26,101210.24721943526,104583.3567683231,-3.225283308088945,W8
2024-02-26,101349.66838615273,104583.3567683231,-3.0919722622154424,W8
2024-02-28,101978.68637830271,104583.3567683231,-2.4905209303908156,W8
2024-02-29,102223.66122658482,104583.3567683231,-2.256282084123151,W8
2024-03-01,102906.85845934683,104583.3567683231,-1.6030259123257147,W8
2024-03-04,102966.66444466414,104583.3567683231,-1.545840919258603,W8
2024-03-04,102720.78003467096,104583.3567683231,-1.780949465772252,W8
2024-03-04,102552.18184907307,104583.3567683231,-1.9421588501405265,W8
2024-03-04,102761.18023361947,104583.3567683231,-1.7423198021270057,W8
2024-03-04,103202.39305666133,104583.3567683231,-1.3204430937524108,W8
2024-03-04,103235.17263882679,104583.3567683231,-1.2891000740039888,W8
2024-03-04,103435.0451489757,104583.3567683231,-1.0979869597140395,W8
2024-03-04,103946.98607679982,104583.3567683231,-0.6084817997695253,W8
2024-03-04,104241.01577817144,104583.3567683231,-0.3273379252016393,W8
2024-03-04,104556.90213752857,104583.3567683231,-0.025295258836576406,W8
2024-03-04,104709.41581425155,104709.41581425155,0.0,W8
2024-03-05,104538.34318161808,104709.41581425155,-0.16337846152913577,W8
2024-03-07,104387.17236435195,104709.41581425155,-0.3077502127136704,W8
2024-03-07,104453.26906999257,104709.41581425155,-0.2446262757433083,W8
2024-03-07,104785.20284208516,104785.20284208516,0.0,W8
2024-03-08,105027.26501709918,105027.26501709918,0.0,W8
2024-03-08,105326.53766909787,105326.53766909787,0.0,W8
2024-03-08,105433.33091239572,105433.33091239572,0.0,W8
2024-03-08,105399.84974526709,105433.33091239572,-0.03175577100608646,W8
2024-03-11,105611.3813264464,105611.3813264464,0.0,W8
2024-03-11,105718.31795773389,105718.31795773389,0.0,W8
2024-03-11,105763.11944724631,105763.11944724631,0.0,W8
2024-03-11,105673.35573008683,105763.11944724631,-0.08487241831426566,W8
2024-03-11,105616.53888897056,105763.11944724631,-0.13859326298413388,W8
2024-03-11,105560.17006741618,105763.11944724631,-0.19189050104687555,W8
2024-03-11,105572.9893021781,105763.11944724631,-0.17976979694045697,W8
2024-03-11,105674.34015093464,105763.11944724631,-0.08394163936886201,W8
2024-03-11,105806.9181691693,105806.9181691693,0.0,W8
2024-03-11,105965.06451059566,105965.06451059566,0.0,W8
2024-03-11,105931.45529020973,105965.06451059566,-0.03171726506387315,W8
2024-03-11,105854.39088182323,105965.06451059566,-0.10444350624763488,W8
2024-03-12,105676.78608354452,105965.06451059566,-0.2720504426459552,W8
2024-03-12,105810.19988123975,105965.06451059566,-0.1461468740392536,W8
2024-03-12,105852.46489446377,105965.06451059566,-0.10626107448897153,W8
2024-03-13,106032.1697406728,106032.1697406728,0.0,W8
2024-03-13,105871.44384636355,106032.1697406728,-0.15158219878208098,W8
2024-03-14,106240.36336873128,106240.36336873128,0.0,W8
2024-03-14,106349.62029815439,106349.62029815439,0.0,W8
2024-03-14,106305.45882858055,106349.62029815439,-0.0415248022983354,W8
2024-03-14,106487.6272410558,106487.6272410558,0.0,W8
2024-03-14,106594.91970956005,106594.91970956005,0.0,W8
2024-03-14,106665.32512968751,106665.32512968751,0.0,W8
2024-03-14,106653.56732823497,106665.32512968751,-0.011023077497996327,W8
2024-03-14,106545.96207085875,106665.32512968751,-0.11190427506186987,W8
2024-03-14,106632.66328380311,106665.32512968751,-0.0306208656324732,W8
2024-03-15,106519.68772009118,106665.32512968751,-0.1365367887073465,W8
2024-03-15,106601.97498795799,106665.32512968751,-0.059391504832986615,W8
2024-03-18,106764.2258200346,106764.2258200346,0.0,W8
2024-03-18,106579.70140731134,106764.2258200346,-0.1728335604046797,W8
2024-03-18,106802.63414223025,106802.63414223025,0.0,W8
2024-03-18,107011.26346144862,107011.26346144862,0.0,W8
2024-03-18,107223.13287422218,107223.13287422218,0.0,W8
2024-03-19,107538.9128966329,107538.9128966329,0.0,W8
2024-03-19,107525.55596410866,107538.9128966329,-0.012420557512126989,W8
2024-03-19,107658.14014272786,107658.14014272786,0.0,W8
2024-03-19,107584.09542644971,107658.14014272786,-0.06877762905803912,W8
2024-03-19,107616.56035641838,107658.14014272786,-0.03862205519652597,W8
2024-03-19,106986.0254995941,107658.14014272786,-0.6243045275003806,W8
2024-03-20,106746.15352731127,107658.14014272786,-0.8471134780960612,W8
2024-03-20,106106.93631675895,107658.14014272786,-1.4408606947067863,W8
2024-03-20,106319.32648124074,107658.14014272786,-1.2435786645693347,W8
2024-03-20,106781.6105398726,107658.14014272786,-0.8141786600559836,W8
2024-03-20,107094.22455643657,107658.14014272786,-0.523802088298829,W8
2024-03-20,107400.51789933693,107658.14014272786,-0.23929657622673495,W8
2024-03-20,107478.74765346164,107658.14014272786,-0.16663160726015544,W8
2024-03-21,107792.94603379966,107792.94603379966,0.0,W8
2024-03-21,108252.96328432905,108252.96328432905,0.0,W8
2024-03-21,108474.71829027461,108474.71829027461,0.0,W8
2024-03-21,108634.08678093112,108634.08678093112,0.0,W8
2024-03-21,108849.73649760043,108849.73649760043,0.0,W8
2024-03-21,109049.70594725788,109049.70594725788,0.0,W8
2024-03-21,109387.10517418307,109387.10517418307,0.0,W8
2024-03-21,108663.5310703319,109387.10517418307,-0.6614802564698922,W8
2024-03-21,108579.62083332338,109387.10517418307,-0.7381896975643445,W8
2024-03-21,108680.36660303907,109387.10517418307,-0.6460894728118288,W8
2024-03-21,108717.57003721286,109387.10517418307,-0.6120786685999906,W8
2024-03-21,109289.15059896342,109387.10517418307,-0.08954855790696613,W8
2024-03-22,109552.39293858183,109552.39293858183,0.0,W8
2024-03-22,109776.04942046422,109776.04942046422,0.0,W8
2024-03-22,109969.4161385365,109969.4161385365,0.0,W8
2024-03-22,110591.17888367052,110591.17888367052,0.0,W8
2024-03-22,110520.3815851522,110591.17888367052,-0.06401712978645469,W8
2024-03-22,110531.2997393239,110591.17888367052,-0.0541445935842714,W8
2024-03-22,110730.17266929627,110730.17266929627,0.0,W8
2024-03-26,110748.6309126173,110748.6309126173,0.0,W8
2024-03-27,110045.78723753407,110748.6309126173,-0.6346296737860263,W8
2024-03-27,110238.45402612876,110748.6309126173,-0.46066202560199315,W8
2024-03-28,110472.42535949433,110748.6309126173,-0.24939861635030233,W8
2024-03-28,110595.10810774736,110748.6309126173,-0.13862275642131217,W8
2024-03-28,110465.96551261058,110748.6309126173,-0.255231507312943,W8
2024-04-01,110520.00272618642,110748.6309126173,-0.2064388377056108,W8
2024-04-02,110494.75868430693,110748.6309126173,-0.22923283675685396,W8
2024-04-02,110474.54376836962,110748.6309126173,-0.2474858081667285,W8
2024-04-03,110804.82648908059,110804.82648908059,0.0,W8
2024-04-04,110794.81310111584,110804.82648908059,-0.009036960105464507,W8
2024-04-04,110611.63607723975,110804.82648908059,-0.17435198263667712,W8
2024-04-05,110714.25845368196,110804.82648908059,-0.08173654367623566,W8
2024-04-05,110793.24093159067,110804.82648908059,-0.010455823863466418,W8
2024-04-05,110861.17590644771,110861.17590644771,0.0,W8
2024-04-05,110752.76442729632,110861.17590644771,-0.09779030238942332,W8
2024-04-05,110490.32470717227,110861.17590644771,-0.33451855101048666,W8
2024-04-08,110589.01043132982,110861.17590644771,-0.2455011620547473,W8
2024-04-08,110664.69985608952,110861.17590644771,-0.17722710295260885,W8
2024-04-08,110761.4774557495,110861.17590644771,-0.0899308977043001,W8
2024-04-09,110847.28052506283,110861.17590644771,-0.012534037521489308,W8
2024-04-09,110587.81655356288,110861.17590644771,-0.24657807446991914,W8
2024-04-09,110680.70883405693,110861.17590644771,-0.16278653993627773,W8
2024-04-09,110783.40394702967,110861.17590644771,-0.0701525658393407,W8
2024-04-09,110824.9826567859,110861.17590644771,-0.032647362222057316,W8
2024-04-09,110900.50053725769,110900.50053725769,0.0,W8
2024-04-11,110811.09006268831,110900.50053725769,-0.08062224619025835,W8
2024-04-12,110051.48061966199,110900.50053725769,-0.7655690582843327,W8
2024-04-12,109859.16022652047,110900.50053725769,-0.9389861233199481,W8
2024-04-12,109688.48933500258,110900.50053725769,-1.0928816338821856,W8
2024-04-12,109565.16089623874,110900.50053725769,-1.2040880199366908,W8
2024-04-12,109427.17784706558,110900.50053725769,-1.3285086028057458,W8
2024-04-12,109216.54340839572,110900.50053725769,-1.5184396109161178,W8
2024-04-12,109183.58552781817,110900.50053725769,-1.548158034564242,W8
2024-04-12,109137.57962916906,110900.50053725769,-1.5896419759587628,W8
2024-04-12,109100.53568260021,110900.50053725769,-1.6230448428433977,W8
2024-04-12,109068.58040580881,110900.50053725769,-1.6518592094482298,W8
2024-04-12,108970.15288276527,110900.50053725769,-1.7406122110728506,W8
2024-04-15,108804.85420904767,110900.50053725769,-1.8896635434985893,W8
2024-04-15,108658.49044668184,110900.50053725769,-2.021641092433688,W8
2024-04-15,108533.83703129011,110900.50053725769,-2.1340422220840027,W8
2024-04-15,108245.62527574858,110900.50053725769,-2.3939254093963136,W8
2024-04-15,108139.35535878468,110900.50053725769,-2.489749969654446,W8
2024-04-15,108105.8494283899,110900.50053725769,-2.5199625748568195,W8
2024-04-16,107901.95202229076,110900.50053725769,-2.703818738815832,W8
2024-04-16,107677.93445855723,110900.50053725769,-2.905817433725486,W8
2024-04-16,107530.8673718613,110900.50053725769,-3.038429176669349,W8
2024-04-16,107217.96725845899,110900.50053725769,-3.3205740830371906,W8
2024-04-17,106792.81877462642,110900.50053725769,-3.703934376068275,W8
2024-04-17,106551.27446877911,110900.50053725769,-3.9217370953320665,W8
2024-04-18,106386.59974169241,110900.50053725769,-4.070225809349531,W8
2024-04-18,106377.64438801925,110900.50053725769,-4.078300934015129,W8
2024-04-18,106295.11920717036,110900.50053725769,-4.152714647613447,W8
2024-04-18,106317.93117204982,110900.50053725769,-4.132144889344589,W8
2024-04-18,106403.75427151532,110900.50053725769,-4.054757412236974,W8
2024-04-19,106452.24188311657,110900.50053725769,-4.01103568747798,W8
2024-04-19,106607.96612821937,110900.50053725769,-3.870617705279168,W8
2024-04-19,106676.3426716681,110900.50053725769,-3.8089619479854875,W8
2024-04-19,106634.41320731318,110900.50053725769,-3.846770131133259,W8
2024-04-19,106463.8041832872,110900.50053725769,-4.000609855209764,W8
2024-04-19,106466.78967666888,110900.50053725769,-3.9979178084045475,W8
2024-04-22,106485.95518462495,110900.50053725769,-3.9806360938376826,W8
2024-04-22,106506.43320412816,110900.50053725769,-3.9621708755528227,W8
2024-04-22,106579.48158774052,110900.50053725769,-3.8963024770708703,W8
2024-04-23,106526.4620055069,110900.50053725769,-3.9441107213770468,W8
2024-04-23,106660.05642197937,110900.50053725769,-3.823647408925543,W8
2024-04-23,106751.8963221672,110900.50053725769,-3.7408345273398784,W8
2024-04-23,106897.19466492865,110900.50053725769,-3.609817677048352,W8
2024-04-23,106960.07130890431,110900.50053725769,-3.5531212296283208,W8
2024-04-23,107061.07019919106,110900.50053725769,-3.462049602541464,W8
2024-04-23,107076.08023515045,110900.50053725769,-3.4485149152436825,W8
2024-04-23,107051.20749527014,110900.50053725769,-3.4709428932598505,W8
2024-04-23,107065.4300518244,110900.50053725769,-3.45811828337499,W8
2024-04-23,106982.50708987136,110900.50053725769,-3.5328906798486917,W8
2024-04-23,106856.31352410985,110900.50053725769,-3.646680577234335,W8
2024-04-23,106868.37021632248,110900.50053725769,-3.6358089471206547,W8
2024-04-23,106815.80470599183,110900.50053725769,-3.6832077506210856,W8
2024-04-23,106831.96541760139,110900.50053725769,-3.6686354885201355,W8
2024-04-23,106731.58261496895,110900.50053725769,-3.759151583710084,W8
2024-04-23,106815.56582947668,110900.50053725769,-3.683423147768978,W8
2024-04-24,106883.95114039484,110900.50053725769,-3.6217594847675727,W8
2024-04-24,106932.40788854989,110900.50053725769,-3.5780655898615095,W8
2024-04-24,106984.71908790372,110900.50053725769,-3.530896100904822,W8
2024-04-24,107017.41381346232,110900.50053725769,-3.5014149665544734,W8
2024-04-24,107053.00023379849,110900.50053725769,-3.469326364461811,W8
2024-04-24,107131.32975630797,110900.50053725769,-3.3986959145269515,W8
2024-04-24,107168.00638222178,110900.50053725769,-3.365624264050957,W8
2024-04-25,107175.40911678407,110900.50053725769,-3.358949150299057,W8
2024-04-25,107112.18787419621,110900.50053725769,-3.415956325452981,W8
2024-04-25,107185.51479415467,110900.50053725769,-3.349836768189282,W8
2024-04-25,107301.5378359686,110900.50053725769,-3.245217725667516,W8
2024-04-26,107244.99388802679,110900.50053725769,-3.2962039229054776,W8
2024-04-26,107333.15846753806,110900.50053725769,-3.2167051117331584,W8
2024-04-26,107404.59420005826,110900.50053725769,-3.1522908555538542,W8
2024-04-26,107438.28513259113,110900.50053725769,-3.1219114322242403,W8
2024-04-30,107414.47363990266,110900.50053725769,-3.1433824738995426,W8
2024-04-30,107423.69132167629,110900.50053725769,-3.135070805576156,W8
2024-05-01,107595.75113678399,110900.50053725769,-2.9799228898551675,W8
2024-05-01,107809.58979021889,110900.50053725769,-2.787102611859166,W8
2024-05-01,107598.41516986006,110900.50053725769,-2.9775207067602625,W8
2024-05-02,107703.15225170816,110900.50053725769,-2.8830783180057478,W8
2024-05-02,107820.2450283459,110900.50053725769,-2.777494685767402,W8
2024-05-02,107882.73203225824,110900.50053725769,-2.7211495803714696,W8
2024-05-03,108129.16102874577,110900.50053725769,-2.498942290689539,W8
2024-05-03,108207.5066506181,110900.50053725769,-2.4282973238113157,W8
2024-05-03,108385.54621299489,110900.50053725769,-2.267757415051418,W8
2024-05-03,108401.85387005063,110900.50053725769,-2.2530526508918842,W8
2024-05-03,108470.84397057559,110900.50053725769,-2.1908436435468017,W8
2024-05-03,108642.2661658715,110900.50053725769,-2.0362706754669015,W8
2024-05-03,108751.68612329297,110900.50053725769,-1.937605694793787,W8
2024-05-03,108948.61017554616,110900.50053725769,-1.760037468050723,W8
2024-05-03,109060.583658011,110900.50053725769,-1.6590699503908457,W8
2024-05-06,109220.7473305082,110900.50053725769,-1.5146488957325916,W8
2024-05-06,109361.14618418225,110900.50053725769,-1.3880499597549465,W8
2024-05-06,109649.79784919377,110900.50053725769,-1.1277701020328,W8
2024-05-06,109805.34716685353,110900.50053725769,-0.98750985351615,W8
2024-05-06,109938.90499117141,110900.50053725769,-0.8670795365465653,W8
2024-05-06,110010.84888926233,110900.50053725769,-0.80220706280444,W8
2024-05-06,110088.51463124578,110900.50053725769,-0.732175149866987,W8
2024-05-06,110215.65531961841,110900.50053725769,-0.6175312233231959,W8
2024-05-06,110330.02343730624,110900.50053725769,-0.5144044410870704,W8
2024-05-06,110420.03932912623,110900.50053725769,-0.4332362846009352,W8
2024-05-07,110454.6806872971,110900.50053725769,-0.40199985374349406,W8
2024-05-07,110566.91327340851,110900.50053725769,-0.300798699945543,W8
2024-05-08,110777.59888224445,110900.50053725769,-0.11082155122640487,W8
2024-05-08,111024.50649806338,111024.50649806338,0.0,W8
2024-05-08,111295.43326805618,111295.43326805618,0.0,W8
2024-05-08,111469.33636660813,111469.33636660813,0.0,W8
2024-05-09,111516.9435000591,111516.9435000591,0.0,W8
2024-05-09,111581.84712759711,111581.84712759711,0.0,W8
2024-05-09,111632.09955458865,111632.09955458865,0.0,W8
2024-05-09,111695.35126582427,111695.35126582427,0.0,W8
2024-05-09,111895.68447932288,111895.68447932288,0.0,W8
2024-05-10,112002.72292933235,112002.72292933235,0.0,W8
2024-05-13,112364.07128678802,112364.07128678802,0.0,W8
2024-05-13,112152.60345976506,112364.07128678802,-0.1881987939750169,W8
2024-05-13,112432.644480045,112432.644480045,0.0,W8
2024-05-13,112511.55041047132,112511.55041047132,0.0,W8
2024-05-13,112502.25761357001,112511.55041047132,-0.008259415915440025,W8
2024-05-14,112517.41134470051,112517.41134470051,0.0,W8
2024-05-14,112572.7238389221,112572.7238389221,0.0,W8
2024-05-15,112745.68533010423,112745.68533010423,0.0,W8
2024-05-16,112798.79861154479,112798.79861154479,0.0,W8
2024-05-16,113067.10583732283,113067.10583732283,0.0,W8
2024-05-17,113264.90874108547,113264.90874108547,0.0,W8
2024-05-20,113439.55706171965,113439.55706171965,0.0,W8
2024-05-21,113269.0390318084,113439.55706171965,-0.15031619862415346,W8
2024-05-22,113119.70799588262,113439.55706171965,-0.2819554960559361,W8
2024-05-22,112648.69866925622,113439.55706171965,-0.6971628001272457,W8
2024-05-23,112103.56648323005,113439.55706171965,-1.1777113848943512,W8
2024-05-23,111817.65660660982,113439.55706171965,-1.4297485789964761,W8
2024-05-24,111640.64533899658,113439.55706171965,-1.5857887401167576,W8
2024-05-28,112274.8845194675,113439.55706171965,-1.026689959322114,W8
2024-05-28,112584.97772193557,113439.55706171965,-0.7533345174462555,W8
2024-05-28,112626.12555942562,113439.55706171965,-0.7170615994661018,W8
2024-05-28,112490.13452172166,113439.55706171965,-0.8369413320976158,W8
2024-05-28,112555.36561866109,113439.55706171965,-0.7794383775471669,W8
2024-05-28,112252.56819683383,113439.55706171965,-1.0463623938869988,W8
2024-05-28,111862.53661816825,113439.55706171965,-1.3901856498728964,W8
2024-05-30,111738.72591282472,113439.55706171965,-1.4993280941405172,W8
2024-05-30,111639.60340248604,113439.55706171965,-1.5867072349853215,W8
2024-05-30,111560.06753906752,113439.55706171965,-1.6568202233278726,W8
2024-05-30,111193.66242950666,113439.55706171965,-1.9798161156350926,W8
2024-05-30,110861.95123433186,113439.55706171965,-2.2722283955898863,W8
2024-05-30,111001.55493384287,113439.55706171965,-2.1491640050659977,W8
2024-05-30,110799.45221915732,113439.55706171965,-2.327322947079135,W8
2024-05-30,110628.7425357913,113439.55706171965,-2.477808093343536,W8
2024-05-30,110796.09253066138,113439.55706171965,-2.3302846022397876,W8
2024-05-31,110984.46024864975,113439.55706171965,-2.1642334267350383,W8
2024-05-31,111324.1024079671,113439.55706171965,-1.8648297900189958,W8
2024-05-31,111774.87664397432,113439.55706171965,-1.4674602588933057,W8
2024-05-31,111878.9556812112,113439.55706171965,-1.3757118071779553,W8
2024-05-31,112531.51852480952,113439.55706171965,-0.8004602278340054,W8
2024-05-31,112429.57615366731,113439.55706171965,-0.8903251513075244,W8
2024-05-31,112139.64663350018,113439.55706171965,-1.1459057685779097,W8
2024-05-31,111861.52302943834,113439.55706171965,-1.3910791554155526,W8
2024-05-31,112134.80077824526,113439.55706171965,-1.1501775194383932,W8
2024-06-03,112303.82794499521,113439.55706171965,-1.001175556518189,W8
2024-06-03,112516.2022095949,113439.55706171965,-0.8139619688592125,W8
2024-06-03,112553.97896859096,113439.55706171965,-0.7806607466272679,W8
2024-06-03,112509.68627088869,113439.55706171965,-0.8197059428970083,W8
2024-06-03,112126.27540482115,113439.55706171965,-1.1576928638605104,W8
2024-06-03,112086.84306809472,113439.55706171965,-1.192453522089258,W8
2024-06-03,112115.26355426133,113439.55706171965,-1.1674001043020705,W8
2024-06-03,112002.52239161942,113439.55706171965,-1.266784450963937,W8
2024-06-03,112011.08705544777,113439.55706171965,-1.259234471000871,W8
2024-06-03,112106.0001575838,113439.55706171965,-1.175566035937798,W8
2024-06-03,111806.45945026689,113439.55706171965,-1.4396191714361426,W8
2024-06-03,111827.26047896956,113439.55706171965,-1.4212825089513332,W8
2024-06-05,112337.70033392504,113439.55706171965,-0.9713161408018547,W8
2024-06-05,111889.37953220369,113439.55706171965,-1.3665229040629516,W8
2024-06-05,112117.68857999054,113439.55706171965,-1.165262379339079,W8
2024-06-06,112629.36700822142,113439.55706171965,-0.7142041757598037,W8
2024-06-06,113096.95237260815,113439.55706171965,-0.30201518587126874,W8
2024-06-06,113266.68972126572,113439.55706171965,-0.152387178627537,W8
2024-06-06,113894.0131060276,113894.0131060276,0.0,W8
2024-06-06,114200.4982449758,114200.4982449758,0.0,W8
2024-06-06,114489.89613936497,114489.89613936497,0.0,W8
2024-06-06,114268.97459345234,114489.89613936497,-0.19296160915694008,W8
2024-06-10,113960.02005654124,114489.89613936497,-0.46281471177048383,W8
2024-06-10,113663.56996117787,114489.89613936497,-0.7217459409529343,W8
2024-06-10,113507.90212626377,114489.89613936497,-0.8577123800565306,W8
2024-06-10,114179.86004691078,114489.89613936497,-0.2707977759686252,W8
2024-06-10,114508.646690014,114508.646690014,0.0,W8
2024-06-11,114166.0653206095,114508.646690014,-0.2991751097468585,W8
2024-06-11,113401.84589213014,114508.646690014,-0.9665652593730103,W8
2024-06-11,113406.85472345643,114508.646690014,-0.9621910645230299,W8
2024-06-11,113296.87976917885,114508.646690014,-1.0582318068219898,W8
2024-06-11,112519.69637084665,114508.646690014,-1.7369433459043702,W8
2024-06-11,112153.2898872147,114508.646690014,-2.0569248444403216,W8
2024-06-11,112111.57962287177,114508.646690014,-2.093350272168808,W8
2024-06-11,112029.46857362946,114508.646690014,-2.1650575638151635,W8
2024-06-12,112196.76474828085,114508.646690014,-2.0189584005753103,W8
2024-06-12,112417.05574386782,114508.646690014,-1.8265790458674356,W8
2024-06-12,112629.07004603356,114508.646690014,-1.6414276985288496,W8
2024-06-12,112458.61593464378,114508.646690014,-1.7902846768592482,W8
2024-06-12,112632.87172968786,114508.646690014,-1.638107701511867,W8
2024-06-13,112329.61759151144,114508.646690014,-1.9029384780010477,W8
2024-06-13,112399.15692717207,114508.646690014,-1.8422100197835023,W8
2024-06-17,112109.93221678922,114508.646690014,-2.094788946129388,W8
2024-06-17,111950.87970732016,114508.646690014,-2.233688945445281,W8
2024-06-17,111723.39172318616,114508.646690014,-2.4323534050383047,W8
2024-06-17,111599.66974454658,114508.646690014,-2.5403993755530903,W8
2024-06-17,111877.37162019892,114508.646690014,-2.2978833004097887,W8
2024-06-17,111739.97423126928,114508.646690014,-2.417871958822267,W8
2024-06-17,111773.83813927359,114508.646690014,-2.3882987265964246,W8
2024-06-17,111702.97034029095,114508.646690014,-2.4501873271791257,W8
2024-06-17,111292.94733454254,114508.646690014,-2.808258981679058,W8
2024-06-17,111502.8511478075,114508.646690014,-2.62495071690392,W8
2024-06-17,111699.73779165401,114508.646690014,-2.4530103005792814,W8
2024-06-18,112034.87621320171,114508.646690014,-2.160335091121123,W8
2024-06-18,112096.21137964334,114508.646690014,-2.1067713051411294,W8
2024-06-18,111413.32571708967,114508.646690014,-2.703132961918289,W8
2024-06-18,111484.99064244059,114508.646690014,-2.640548233670712,W8
2024-06-20,111262.54315121875,114508.646690014,-2.8348108484617414,W8
2024-06-20,111287.93725424923,114508.646690014,-2.8126342672475477,W8
2024-06-20,111162.05244533371,114508.646690014,-2.9225690298653473,W8
2024-06-20,111254.63863685765,114508.646690014,-2.841713833161664,W8
2024-06-20,110336.41452312379,114508.646690014,-3.643595734900996,W8
2024-06-20,109343.46513591263,114508.646690014,-4.510734956185458,W8
2024-06-20,108741.96554989675,114508.646690014,-5.036022437439341,W8
2024-06-20,108611.3750472813,114508.646690014,-5.150066665879986,W8
2024-06-20,108029.34624557075,114508.646690014,-5.658350379411381,W8
2024-06-20,107730.76955587114,114508.646690014,-5.9190963565321155,W8
2024-06-20,107913.2099478727,114508.646690014,-5.759771801334598,W8
2024-06-20,107788.88134645091,114508.646690014,-5.868347533399931,W8
2024-06-20,108064.59626408097,114508.646690014,-5.627566661736635,W8
2024-06-20,108302.94000220798,114508.646690014,-5.4194219102121295,W8
2024-06-21,108503.06036400549,114508.646690014,-5.244657499329467,W8
2024-06-21,108568.14561672018,114508.646690014,-5.187818776144759,W8
2024-06-24,108767.6433308741,114508.646690014,-5.013598121267951,W8
2024-06-24,108518.0680899468,114508.646690014,-5.231551304840997,W8
2024-06-24,108552.3796582631,114508.646690014,-5.201587132432961,W8
2024-06-24,108767.97717011957,114508.646690014,-5.0133065806244055,W8
2024-06-24,108948.73565470481,114508.646690014,-4.8554508292813905,W8
2024-06-24,109128.85518196545,114508.646690014,-4.698153077131509,W8
2024-06-24,109429.09536637625,114508.646690014,-4.43595437590716,W8
2024-06-24,110204.6395182255,114508.646690014,-3.758674385035625,W8
2024-06-24,110424.4982625439,114508.646690014,-3.566672513846293,W8
2024-06-26,110495.59521546395,114508.646690014,-3.504583793932837,W8
2024-06-26,110276.61330502863,114508.646690014,-3.6958199291638545,W8
2024-06-26,110086.17279019886,114508.646690014,-3.862130963600675,W8
2024-06-26,109916.64010371365,114508.646690014,-4.010183264789904,W8
2024-06-27,110141.84633107156,114508.646690014,-3.8135114553958402,W8
2024-06-28,110457.45390801715,114508.646690014,-3.537892464106935,W8
2024-06-28,110122.44216794331,114508.646690014,-3.830457043077768,W8
2024-07-01,110321.6719382069,114508.646690014,-3.656470382661705,W8
2024-07-01,110530.16707042538,114508.646690014,-3.4743923141094717,W8
2024-07-01,110351.81763906562,114508.646690014,-3.6301442477102333,W8
2024-07-01,109996.31416037463,114508.646690014,-3.9406041902273823,W8
2024-07-02,109760.57698114481,114508.646690014,-4.146472642998451,W8
2024-07-02,109361.19172518847,114508.646690014,-4.495254387871843,W8
2024-07-02,109059.7354471849,114508.646690014,-4.758515099370468,W8
2024-07-03,108760.27763025646,114508.646690014,-5.020030561813315,W8
2024-07-05,108240.8395190968,114508.646690014,-5.4736540445585335,W8
2024-07-05,107931.17825232616,114508.646690014,-5.744080144003163,W8
2024-07-05,108119.38469640748,114508.646690014,-5.579720115724421,W8
2024-07-05,108239.38888812056,114508.646690014,-5.4749208755081336,W8
2024-07-05,108347.30954342618,114508.646690014,-5.380674145304636,W8
2024-07-08,108602.84474008495,114508.646690014,-5.157516153270605,W8
2024-07-08,108554.02515665152,114508.646690014,-5.200150124454976,W8
2024-07-08,108609.07094016479,114508.646690014,-5.152078834552927,W8
2024-07-09,108588.47016370273,114508.646690014,-5.170069420467219,W8
2024-07-09,108585.83413158913,114508.646690014,-5.1723714580773015,W8
2024-07-09,108290.17425263715,114508.646690014,-5.430570194590499,W8
2024-07-09,108249.62238307462,114508.646690014,-5.4659840002154265,W8
2024-07-09,107962.9872882405,114508.646690014,-5.716301424374723,W8
2024-07-09,108012.41830894415,114508.646690014,-5.6731334871643035,W8
2024-07-09,107673.74684416916,114508.646690014,-5.96889409089566,W8
2024-07-09,107524.37133048361,114508.646690014,-6.099343203694906,W8
2024-07-09,107315.87502552832,114508.646690014,-6.281422296394089,W8
2024-07-09,107258.66034262965,114508.646690014,-6.3313876785311765,W8
2024-07-09,107305.84006958484,114508.646690014,-6.290185788264401,W8
2024-07-09,107063.64617115803,114508.646690014,-6.501692871290582,W8
2024-07-09,106914.93110115305,114508.646690014,-6.631565220937302,W8
2024-07-09,106975.34964641134,114508.646690014,-6.578801917025548,W8
2024-07-09,106667.8484697842,114508.646690014,-6.847341617315229,W8
2024-07-09,106689.75653692607,114508.646690014,-6.828209379030054,W8
2024-07-10,106692.961280653,114508.646690014,-6.825410687560394,W8
2024-07-10,106792.1100824588,114508.646690014,-6.738824386288137,W8
2024-07-10,106940.26580667455,114508.646690014,-6.609440511359621,W8
2024-07-11,106905.30809883714,114508.646690014,-6.639968955147841,W8
2024-07-11,107051.81074067121,114508.646690014,-6.512028711272051,W8
2024-07-11,107246.9107156795,114508.646690014,-6.341648586584653,W8
2024-07-12,107320.56577535674,114508.646690014,-6.277325881001886,W8
2024-07-12,107472.66251701886,114508.646690014,-6.14450032934388,W8
2024-07-12,107634.95698104044,114508.646690014,-6.002769142474718,W8
2024-07-16,107753.06437071387,114508.646690014,-5.899626372834659,W8
2024-07-17,107854.87222774774,114508.646690014,-5.81071792794711,W8
2024-07-18,107925.18924813317,114508.646690014,-5.7493103203838185,W8
2024-07-18,108048.64720553819,114508.646690014,-5.6414949186882355,W8
2024-07-22,108140.19557581135,114508.646690014,-5.5615460476470915,W8
2024-07-22,107735.52051519336,114508.646690014,-5.914947360399901,W8
2024-07-22,107689.50992551376,114508.646690014,-5.955128247179705,W8
2024-07-22,107762.13835907678,114508.646690014,-5.891702090585932,W8
2024-07-22,107830.71518891305,114508.646690014,-5.83181418533288,W8
2024-07-22,108001.59296525811,114508.646690014,-5.68258722188125,W8
2024-07-23,107926.60486040435,114508.646690014,-5.7480740711466725,W8
2024-07-24,107619.58023879123,114508.646690014,-6.016197597612115,W8
2024-07-25,107700.32950540335,114508.646690014,-5.945679545966006,W8
2024-07-25,107871.75283049664,114508.646690014,-5.795976156703754,W8
2024-07-25,108086.68137070516,114508.646690014,-5.608279815491763,W8
2024-07-25,107045.35850924562,114508.646690014,-6.517663422372127,W8
2024-07-25,106692.01802401303,114508.646690014,-6.826234430279607,W8
2024-07-26,106945.9915596556,114508.646690014,-6.604440231340118,W8
2024-07-26,107053.55317004652,114508.646690014,-6.510507053802786,W8
2024-07-26,106727.65343937083,114508.646690014,-6.795114146888023,W8
2024-07-26,106817.10487418492,114508.646690014,-6.716996522237155,W8
2024-07-26,106901.86953312028,114508.646690014,-6.6429718425421616,W8
2024-07-29,106848.01106752049,114508.646690014,-6.690006251869855,W8
2024-07-29,106912.9229295263,114508.646690014,-6.633318950183777,W8
2024-07-29,106935.6222241758,114508.646690014,-6.613495735688075,W8
2024-07-29,106982.80461550016,114508.646690014,-6.572291518637027,W8
2024-07-29,107061.12116013814,114508.646690014,-6.50389795456847,W8
2024-07-30,107146.43221021949,114508.646690014,-6.429396113399834,W8
2024-07-31,107215.77730129982,114508.646690014,-6.3688372882937605,W8
2024-07-31,107067.19978976397,114508.646690014,-6.498589508611296,W8
2024-07-31,106847.25104243548,114508.646690014,-6.6906699791140225,W8
2024-07-31,106823.91833620517,114508.646690014,-6.711046349724251,W8
2024-07-31,106892.19947335817,114508.646690014,-6.651416671855609,W8
2024-07-31,106975.20418913344,114508.646690014,-6.578928944356766,W8
2024-07-31,107044.04793400614,114508.646690014,-6.518807943137467,W8
2024-08-01,106820.63508628964,114508.646690014,-6.713913600373385,W8
2024-08-02,106938.47901962978,114508.646690014,-6.611000906226224,W8
2024-08-02,106789.95613217013,114508.646690014,-6.740705423529373,W8
2024-08-06,106938.53899331375,114508.646690014,-6.610948531418121,W8
2024-08-07,106185.94288945565,114508.646690014,-7.2681880723721335,W8
2024-08-07,105828.00454032105,114508.646690014,-7.580774378717687,W8
2024-08-07,106090.54693406698,114508.646690014,-7.351497026015533,W8
2024-08-08,106454.95866441094,114508.646690014,-7.0332575385378275,W8
2024-08-09,106222.92235001153,114508.646690014,-7.235894039017611,W8
2024-08-09,106176.18407507,114508.646690014,-7.276710410787379,W8
2024-08-12,105638.37698936679,114508.646690014,-7.746375454650059,W8
2024-08-12,105558.15943653915,114508.646690014,-7.816429162510914,W8
2024-08-15,105721.99403154987,114508.646690014,-7.673352984644423,W8
2024-08-19,105893.64042734113,114508.646690014,-7.523454788523104,W8
2024-08-23,105847.32476866174,114508.646690014,-7.563902090991688,W8
2024-08-26,105799.98138739739,114508.646690014,-7.605246899993329,W8
2024-08-28,106006.4288564932,114508.646690014,-7.4249570484726055,W8
2024-08-30,106156.58984950131,114508.646690014,-7.293821979332714,W8
2024-09-03,106425.13937491519,114508.646690014,-7.059298619589524,W8
2024-09-03,106537.24760842106,114508.646690014,-6.961394892013945,W8
2024-09-03,106651.44858283135,114508.646690014,-6.861663581137975,W8
2024-09-06,106649.04994812138,114508.646690014,-6.863758300427134,W8
2024-09-09,105999.52207809128,114508.646690014,-7.430988713854718,W8
2024-09-09,105855.99282579718,114508.646690014,-7.556332307061832,W8
2024-09-09,105259.86867598348,114508.646690014,-8.076925438711934,W8
2024-09-09,104861.24426718507,114508.646690014,-8.425042738427758,W8
2024-09-09,105144.94840641457,114508.646690014,-8.177284907530055,W8
2024-09-09,104390.15414673187,114508.646690014,-8.836444090264955,W8
2024-09-09,104420.81531897113,114508.646690014,-8.809667795962692,W8
2024-09-09,104237.90771556216,114508.646690014,-8.96940036524553,W8
2024-09-09,104267.66839089531,114508.646690014,-8.94341047173669,W8
2024-09-09,104190.57268023113,114508.646690014,-9.01073788577285,W8
2024-09-11,103915.43001400991,114508.646690014,-9.251019012285552,W8
2024-09-11,103912.9801078461,114508.646690014,-9.253158506755728,W8
2024-09-12,104092.1571548885,114508.646690014,-9.096683819278681,W8
2024-09-12,104377.34913628352,114508.646690014,-8.84762666103013,W8
2024-09-12,104529.12124382379,114508.646690014,-8.715084611213467,W8
2024-09-12,104678.05418071928,114508.646690014,-8.58502199917451,W8
2024-09-12,104783.09925420542,114508.646690014,-8.493286504500029,W8
2024-09-12,104943.5326967556,114508.646690014,-8.353180541162173,W8
2024-09-12,105156.84689173968,114508.646690014,-8.166894001979204,W8
2024-09-13,105273.89788361418,114508.646690014,-8.064673780836113,W8
2024-09-13,105326.01687435158,114508.646690014,-8.019158448811888,W8
2024-09-13,105480.81955980264,114508.646690014,-7.883969805922657,W8
2024-09-13,105660.08562316207,114508.646690014,-7.727417380807787,W8
2024-09-13,105890.8811611184,114508.646690014,-7.525864446048963,W8
2024-09-13,106041.21366775628,114508.646690014,-7.394579594657051,W8
2024-09-13,106105.53598831617,114508.646690014,-7.338407137450376,W8
2024-09-13,106364.79434741389,114508.646690014,-7.111997720701653,W8
2024-09-13,106547.12102798485,114508.646690014,-6.952772469298122,W8
2024-09-13,106657.53514601382,114508.646690014,-6.85634820683358,W8
2024-09-16,106894.5575525132,114508.646690014,-6.649357369590499,W8
2024-09-16,106923.82966383433,114508.646690014,-6.623794137321784,W8
2024-09-16,106995.07559067865,114508.646690014,-6.561575319002161,W8
2024-09-16,107233.81122569875,114508.646690014,-6.353088325293832,W8
2024-09-16,107273.85939122897,114508.646690014,-6.318114402635723,W8
2024-09-17,107527.43613630979,114508.646690014,-6.096666719503744,W8
2024-09-18,107556.94597209268,114508.646690014,-6.07089588329538,W8
2024-09-18,107603.65790181246,114508.646690014,-6.03010251871547,W8
2024-09-18,107561.75974478495,114508.646690014,-6.0666920324671505,W8
2024-09-18,107619.96485283425,114508.646690014,-6.015861715515747,W8
2024-09-18,107679.73655430725,114508.646690014,-5.963663298015619,W8
2024-09-18,107778.57198470533,114508.646690014,-5.877350662895905,W8
2024-09-18,107887.30634361367,114508.646690014,-5.782393328186762,W8
2024-09-18,107894.42462507382,114508.646690014,-5.776176957924855,W8
2024-09-18,107998.4508540538,114508.646690014,-5.685331216588326,W8
2024-09-18,108068.4200282663,114508.646690014,-5.6242273818692645,W8
2024-09-18,108126.59795924378,114508.646690014,-5.573420798559464,W8
2024-09-19,108084.15005717387,114508.646690014,-5.61049040273077,W8
2024-09-19,108154.22936581867,114508.646690014,-5.549290387997815,W8
2024-09-20,108068.62775163501,114508.646690014,-5.624045977779075,W8
2024-09-23,108229.73522044084,114508.646690014,-5.4833513896734605,W8
2024-09-23,108335.63858338236,114508.646690014,-5.3908663538244115,W8
2024-09-23,108490.79858743286,114508.646690014,-5.255365665854066,W8
2024-09-23,108604.06084601922,114508.646690014,-5.156454132218559,W8
2024-09-23,108816.57303914946,114508.646690014,-4.970867978444921,W8
2024-09-23,109205.36559165033,114508.646690014,-4.631336804390114,W8
2024-09-25,109329.22021418266,114508.646690014,-4.523174996428476,W8
2024-09-26,109222.57282629199,114508.646690014,-4.616309786659099,W8
2024-09-26,109347.13422568553,114508.646690014,-4.507530752940587,W8
2024-09-27,109289.17963106201,114508.646690014,-4.558142297394872,W8
2024-09-27,109416.17347333499,114508.646690014,-4.447239019831248,W8
2024-09-30,109747.20119177976,114508.646690014,-4.158153672991983,W8
2024-09-30,109872.39721922339,114508.646690014,-4.0488204208206025,W8
2024-09-30,109997.84411941768,114508.646690014,-3.93926808235494,W8
2024-09-30,110111.6574988837,114508.646690014,-3.8398752567859566,W8
2024-09-30,110203.93319557021,114508.646690014,-3.759291214136049,W8
2024-09-30,110308.8684189744,114508.646690014,-3.6676516511533017,W8
2024-09-30,110173.78074318182,114508.646690014,-3.7856232451747274,W8
2024-09-30,110203.83733664251,114508.646690014,-3.7593749274017894,W8
2024-09-30,110074.62963120965,114508.646690014,-3.872211563907182,W8
2024-10-01,110140.87961011342,114508.646690014,-3.814355689421901,W8
2024-10-01,110144.52397715571,114508.646690014,-3.8111730764510616,W8
2024-10-01,110133.10332863638,114508.646690014,-3.8211466887934074,W8
2024-10-01,110134.3348718667,114508.646690014,-3.8200711864047983,W8
2024-10-01,110119.6369395727,114508.646690014,-3.832906839186366,W8
2024-10-01,110133.76569922517,114508.646690014,-3.8205682428786774,W8
2024-10-01,109880.50857776804,114508.646690014,-4.04173679981982,W8
2024-10-01,109954.7508273336,114508.646690014,-3.976901303364655,W8
2024-10-01,109873.40483546763,114508.646690014,-4.047940473084454,W8
2024-10-01,109893.97123584832,114508.646690014,-4.029979907681596,W8
2024-10-01,109956.55779012741,114508.646690014,-3.9753232890870946,W8
2024-10-01,110111.48179383563,114508.646690014,-3.8400286993888915,W8
2024-10-01,110080.77325323918,114508.646690014,-3.866846360311544,W8
2024-10-02,109980.26849792057,114508.646690014,-3.954616811036275,W8
2024-10-02,109981.86179873944,114508.646690014,-3.9532253870129126,W8
2024-10-02,110140.28736530468,114508.646690014,-3.8148728947385786,W8
2024-10-02,110264.54578533537,114508.646690014,-3.7063584518362296,W8
2024-10-02,110379.77896117578,114508.646690014,-3.6057257230674136,W8
2024-10-04,110212.22441139245,114508.646690014,-3.7520505244048263,W8
2024-10-04,110306.81369956998,114508.646690014,-3.66944603041095,W8
2024-10-07,110156.94692975743,114508.646690014,-3.800324155464906,W8
2024-10-08,110044.5493832772,114508.646690014,-3.898480539047442,W8
2024-10-09,110050.58632791514,114508.646690014,-3.893208496444165,W8
2024-10-09,109833.63296040484,114508.646690014,-4.082673112245288,W8
2024-10-09,109911.78920908838,114508.646690014,-4.0144195340721724,W8
2024-10-09,109967.98835112648,114508.646690014,-3.965341020210917,W8
2024-10-09,109629.8532291937,114508.646690014,-4.26063323761712,W8
2024-10-09,109251.29070261604,114508.646690014,-4.591230565871699,W8
2024-10-09,109336.04935995584,114508.646690014,-4.517211127349078,W8
2024-10-09,109431.19925279984,114508.646690014,-4.434117059263916,W8
2024-10-11,109445.9543526772,114508.646690014,-4.42123148223207,W8
2024-10-14,109523.11799684449,114508.646690014,-4.353844742105642,W8
2024-10-14,109576.73459532263,114508.646690014,-4.307021554487955,W8
2024-10-14,109623.52774582904,114508.646690014,-4.2661572600796225,W8
2024-10-14,109677.08096154213,114508.646690014,-4.219389424408602,W8
2024-10-15,109722.31932937082,114508.646690014,-4.179882916265902,W8
2024-10-15,109794.1812887544,114508.646690014,-4.117126118887874,W8
2024-10-15,109869.9486692631,114508.646690014,-4.050958730922997,W8
2024-10-16,110100.20024075377,114508.646690014,-3.849880840172987,W8
2024-10-18,110193.03522267875,114508.646690014,-3.768808375683647,W8
2024-10-18,110274.38612785834,114508.646690014,-3.6977649151842753,W8
2024-10-21,110257.7062516112,114508.646690014,-3.71233139267683,W8
2024-10-21,110141.82489850058,114508.646690014,-3.813530172384995,W8
2024-10-21,110183.62637498291,114508.646690014,-3.777025089414718,W8
2024-10-25,110124.65784693211,114508.646690014,-3.8285220983789685,W8
2024-10-25,110141.39552183138,114508.646690014,-3.813905145525985,W8
2024-10-25,110341.22130934443,114508.646690014,-3.6393979853339706,W8
2024-10-28,110450.33410355986,114508.646690014,-3.5441101643969137,W8
2024-10-28,110664.93897585315,114508.646690014,-3.3566964812413995,W8
2024-10-28,110737.05060980172,114508.646690014,-3.293721643940434,W8
2024-10-28,110825.65040415895,114508.646690014,-3.216347753917021,W8
2024-10-28,110768.65893057633,114508.646690014,-3.266118208140359,W8
2024-10-28,110650.1740788846,114508.646690014,-3.3695906140386582,W8
2024-10-29,110564.47112863995,114508.646690014,-3.444434700246964,W8
2024-10-29,110370.68237546245,114508.646690014,-3.6136697395030914,W8
2024-10-29,110465.06902734548,114508.646690014,-3.5312422070753033,W8
2024-10-29,110397.7923038402,114508.646690014,-3.5899947340241307,W8
2024-10-29,111137.31513297468,114508.646690014,-2.9441720380870784,W8
2024-10-30,111221.67289992463,114508.646690014,-2.8705026957374877,W8
2024-10-30,111538.40139356343,114508.646690014,-2.593904811827273,W8
2024-10-31,111570.14689879048,114508.646690014,-2.5661815733254763,W8
2024-10-31,111332.21919267403,114508.646690014,-2.7739630055526336,W8
2024-10-31,111045.96962294016,114508.646690014,-3.02394375199249,W8
2024-10-31,110752.61609843188,114508.646690014,-3.2801283572497777,W8
2024-10-31,110698.37536657586,114508.646690014,-3.32749659835987,W8
2024-10-31,110616.04848439297,114508.646690014,-3.3993923761571128,W8
2024-10-31,110658.25772040588,114508.646690014,-3.362531198217278,W8
2024-10-31,110727.79723803843,114508.646690014,-3.301802581084281,W8
2024-10-31,110656.5229910113,114508.646690014,-3.3640461313203427,W8
2024-10-31,110670.05437731075,114508.646690014,-3.352229219069094,W8
2024-10-31,110268.68380645546,114508.646690014,-3.7027447324886498,W8
2024-10-31,109904.07171662623,114508.646690014,-4.02115919320293,W8
2024-10-31,109890.53533229612,114508.646690014,-4.032980470216849,W8
2024-10-31,109816.08311053879,114508.646690014,-4.097999334651492,W8
2024-10-31,109827.22632746179,114508.646690014,-4.088268002350307,W8
2024-10-31,109870.86875741465,114508.646690014,-4.050155221163569,W8
2024-11-01,109806.0434399943,114508.646690014,-4.1067669437663445,W8
2024-11-01,109697.58397295463,114508.646690014,-4.201484216369597,W8
2024-11-04,109806.8523044306,114508.646690014,-4.10606056528779,W8
2024-11-05,109671.23933915755,114508.646690014,-4.224490892772296,W8
2024-11-05,109555.43833718522,114508.646690014,-4.325619502112877,W8
2024-11-05,109620.190769973,114508.646690014,-4.2690714294043755,W8
2024-11-05,109697.34027327044,114508.646690014,-4.201697038450052,W8
2024-11-05,109805.82531653802,114508.646690014,-4.1069574302165766,W8
2024-11-05,109870.77658340949,114508.646690014,-4.050235716399363,W8
2024-11-05,109903.9309851204,114508.646690014,-4.021282093533952,W8
2024-11-05,109977.01182066338,114508.646690014,-3.9574608558759676,W8
2024-11-06,110394.29290553082,114508.646690014,-3.5930507463083794,W8
2024-11-06,110526.25628598836,114508.646690014,-3.477807588457794,W8
2024-11-06,110885.47449676404,114508.646690014,-3.164103583424777,W8
2024-11-06,111498.7624245634,114508.646690014,-2.628521384589091,W8
2024-11-06,111703.76575238918,114508.646690014,-2.449492696580281,W8
2024-11-06,111997.00970682035,114508.646690014,-2.1934037784874807,W8
2024-11-06,112174.21990636551,114508.646690014,-2.038646732039371,W8
2024-11-06,112249.18149929038,114508.646690014,-1.973183035548575,W8
2024-11-06,112301.36227462668,114508.646690014,-1.9276137472505883,W8
2024-11-06,112538.63302959895,114508.646690014,-1.720406028156166,W8
2024-11-06,112745.07937777018,114508.646690014,-1.5401171555349564,W8
2024-11-06,112905.81212079061,114508.646690014,-1.3997498141449647,W8
2024-11-06,112982.92235436474,114508.646690014,-1.3324097173024307,W8
2024-11-06,113002.623511036,114508.646690014,-1.315204766199835,W8
2024-11-06,112963.01170889598,114508.646690014,-1.3497976142379844,W8
2024-11-07,113041.40397737546,114508.646690014,-1.2813379208039182,W8
2024-11-07,113001.1421205046,114508.646690014,-1.3164984593611937,W8
2024-11-07,113066.14875308395,114508.646690014,-1.2597283948652571,W8
2024-11-07,113097.52383874042,114508.646690014,-1.2323286424767688,W8
2024-11-07,113191.92095988894,114508.646690014,-1.1498919672761083,W8
2024-11-07,113348.3646213586,114508.646690014,-1.013270265778606,W8
2024-11-07,116226.15435436866,116226.15435436866,0.0,W8
2024-11-08,116281.24272936303,116281.24272936303,0.0,W8
2024-11-08,116331.17263763894,116331.17263763894,0.0,W8
2024-11-11,116357.5356866018,116357.5356866018,0.0,W8
2024-11-11,116388.92756324042,116388.92756324042,0.0,W8
2024-11-11,116630.0678965602,116630.0678965602,0.0,W8
2024-11-11,116788.48642834446,116788.48642834446,0.0,W8
2024-11-14,116531.47968323561,116788.48642834446,-0.2200617141027346,W8
2024-11-14,116489.96149940965,116788.48642834446,-0.25561160869909366,W8
2024-11-14,116365.87337967074,116788.48642834446,-0.36186191087682085,W8
2024-11-15,116363.87356018902,116788.48642834446,-0.36357425388500186,W8
2024-11-18,116414.87068419778,116788.48642834446,-0.3199080282420736,W8
2024-11-18,116602.6625217778,116788.48642834446,-0.15911149484814058,W8
2024-11-19,116909.29500972008,116909.29500972008,0.0,W8
2024-11-19,117113.23405594831,117113.23405594831,0.0,W8
2024-11-20,117890.22348029184,117890.22348029184,0.0,W8
2024-11-20,118522.51060492157,118522.51060492157,0.0,W8
2024-11-20,118688.19177865858,118688.19177865858,0.0,W8
2024-11-20,118973.44592236051,118973.44592236051,0.0,W8
2024-11-20,119283.34230507763,119283.34230507763,0.0,W8
2024-11-20,118981.75785259667,119283.34230507763,-0.252830317002383,W8
2024-11-20,119009.16858495933,119283.34230507763,-0.2298508029872899,W8
2024-11-20,118678.50490633273,119283.34230507763,-0.5070593991221142,W8
2024-11-20,118044.38690909902,119283.34230507763,-1.0386658958715929,W8
2024-11-21,118393.25557054703,119283.34230507763,-0.7461953340091093,W8
2024-11-21,118513.29180510891,119283.34230507763,-0.645564154296795,W8
2024-11-21,118998.90862545694,119283.34230507763,-0.23845213767839232,W8
2024-11-21,119366.58205624804,119366.58205624804,0.0,W8
2024-11-21,119433.40520088954,119433.40520088954,0.0,W8
2024-11-21,118520.6825595887,119433.40520088954,-0.7642105152788812,W8
2024-11-21,118785.46849949546,119433.40520088954,-0.542508773239979,W8
2024-11-22,119127.98570338577,119433.40520088954,-0.2557236788066504,W8
2024-11-22,119251.93289627829,119433.40520088954,-0.15194434447046726,W8
2024-11-22,119451.6326756005,119451.6326756005,0.0,W8
2024-11-22,119523.38465306396,119523.38465306396,0.0,W8
2024-11-22,120178.93920341146,120178.93920341146,0.0,W8
2024-11-25,120215.10023525506,120215.10023525506,0.0,W8
2024-11-25,120598.58221646422,120598.58221646422,0.0,W8
2024-11-25,120965.07735670495,120965.07735670495,0.0,W8
2024-11-25,121134.473210569,121134.473210569,0.0,W8
2024-11-25,121650.46713200341,121650.46713200341,0.0,W8
2024-11-25,122183.0882224421,122183.0882224421,0.0,W8
2024-11-25,122684.17947262013,122684.17947262013,0.0,W8
2024-11-25,122849.89593917892,122849.89593917892,0.0,W8
2024-11-25,122849.74531745873,122849.89593917892,-0.00012260630670079373,W8
2024-11-25,123196.54794111801,123196.54794111801,0.0,W8
2024-11-25,123368.40133495936,123368.40133495936,0.0,W8
2024-11-25,123014.25885991381,123368.40133495936,-0.28706092582330756,W8
2024-11-25,122823.17397004763,123368.40133495936,-0.44195057973668,W8
2024-11-25,122974.56635776495,123368.40133495936,-0.31923488748557083,W8
2024-11-26,122993.20455194372,123368.40133495936,-0.30412713381681356,W8
2024-11-26,122904.28760451134,123368.40133495936,-0.3762014627942691,W8
2024-11-26,123047.30539497016,123368.40133495936,-0.2602740543888458,W8
2024-11-29,123067.01148265618,123368.40133495936,-0.24430068724395163,W8
2024-12-02,123093.69744320026,123368.40133495936,-0.2226695724241781,W8
2024-12-04,123083.99096541514,123368.40133495936,-0.23053745243241863,W8
2024-12-04,122992.27722530991,123368.40133495936,-0.30487880654968413,W8
2024-12-06,123401.88487553614,123401.88487553614,0.0,W8
2024-12-06,123723.3647856813,123723.3647856813,0.0,W8
2024-12-06,123990.86506718911,123990.86506718911,0.0,W8
2024-12-10,124229.39616393123,124229.39616393123,0.0,W8
2024-12-10,124480.1825360088,124480.1825360088,0.0,W8
2024-12-11,124172.65130631231,124480.1825360088,-0.24705236081054377,W8
2024-12-11,123770.75461704093,124480.1825360088,-0.5699123382652858,W8
2024-12-11,123630.37495461492,124480.1825360088,-0.6826850379561831,W8
2024-12-11,123376.27209111872,124480.1825360088,-0.886816216364998,W8
2024-12-12,123318.58551765628,124480.1825360088,-0.9331581900729472,W8
2024-12-12,122987.14743920938,124480.1825360088,-1.1994158960744785,W8
2024-12-12,122756.17826237228,124480.1825360088,-1.3849628418867441,W8
2024-12-12,122360.80240326573,124480.1825360088,-1.7025843709138118,W8
2024-12-12,122402.90309895335,124480.1825360088,-1.668763167546405,W8
2024-12-12,121977.41011302192,124480.1825360088,-2.0105790110509285,W8
2024-12-12,121371.56457777388,124480.1825360088,-2.4972794021535707,W8
2024-12-12,121248.53145698116,124480.1825360088,-2.5961169185246065,W8
2024-12-13,120468.37901827667,124480.1825360088,-3.2228451437011842,W8
2024-12-13,119657.75746162732,124480.1825360088,-3.874050452156493,W8
2024-12-13,119588.26065480245,124480.1825360088,-3.9298800672880163,W8
2024-12-13,119497.97970294763,124480.1825360088,-4.00240643254194,W8
2024-12-13,118745.71860974374,124480.1825360088,-4.606728404022249,W8
2024-12-13,118139.8588220511,124480.1825360088,-5.093440244694057,W8
2024-12-13,117756.25020802191,124480.1825360088,-5.401608666537607,W8
2024-12-13,117702.36653072402,124480.1825360088,-5.444895618886275,W8
2024-12-13,117015.41083643798,124480.1825360088,-5.996755103898935,W8
2024-12-13,117001.09646643198,124480.1825360088,-6.008254420267516,W8
2024-12-13,116484.95406773839,124480.1825360088,-6.4228926286781425,W8
2024-12-13,116451.84714462503,124480.1825360088,-6.449488768271512,W8
2024-12-16,116354.62076071433,124480.1825360088,-6.5275946819438175,W8
2024-12-16,116418.85106330026,124480.1825360088,-6.475995864142157,W8
2024-12-17,116046.19964282232,124480.1825360088,-6.775361926181904,W8
2024-12-17,115610.29351412752,124480.1825360088,-7.125543071336236,W8
2024-12-17,115504.002772491,124480.1825360088,-7.210930752709352,W8
2024-12-19,115247.4403693859,124480.1825360088,-7.417037779449035,W8
2024-12-19,115747.46232039835,124480.1825360088,-7.015349783154683,W8
2024-12-19,115557.63980593288,124480.1825360088,-7.167841939414625,W8
2024-12-20,114846.6644610314,124480.1825360088,-7.738997387950232,W8
2024-12-20,114344.00869505446,124480.1825360088,-8.142801235065837,W8
2024-12-20,113975.25606560158,124480.1825360088,-8.439035239499603,W8
2024-12-20,112592.95013592576,124480.1825360088,-9.549497886255415,W8
2024-12-23,112448.84161085142,124480.1825360088,-9.665266133167044,W8
2024-12-23,111346.22399000729,124480.1825360088,-10.551043771326576,W8
2024-12-23,110834.17356381466,124480.1825360088,-10.96239473158445,W8
2024-12-23,110606.62959429235,124480.1825360088,-11.145190068871566,W8
2024-12-23,109793.78107805646,124480.1825360088,-11.798184384654121,W8
2024-12-23,109407.58089277605,124480.1825360088,-12.108434721223713,W8
2024-12-23,108883.85640631655,124480.1825360088,-12.529163929511947,W8
2024-12-24,108419.49836621618,124480.1825360088,-12.902201653782672,W8
2024-12-24,108222.03479681048,124480.1825360088,-13.06083218065275,W8
2024-12-24,107996.55507007946,124480.1825360088,-13.241969227640768,W8
2024-12-24,107744.29663415144,124480.1825360088,-13.44461870227103,W8
2024-12-24,107617.70366166355,124480.1825360088,-13.546315992481281,W8
2024-12-24,107267.71289178955,124480.1825360088,-13.827477831051654,W8
2024-12-24,106860.67750223303,124480.1825360088,-14.154465935715443,W8
2024-12-24,106455.93512404608,124480.1825360088,-14.47961197096476,W8
2024-12-24,106316.39119476567,124480.1825360088,-14.59171329218514,W8
2024-12-24,105327.93561565141,124480.1825360088,-15.38577991305335,W8
2024-12-24,104456.6258442034,124480.1825360088,-16.085738535941747,W8
2024-12-24,104587.2352199545,124480.1825360088,-15.980814705424937,W8
2024-12-26,104669.57987640385,124480.1825360088,-15.914663889470335,W8
2024-12-26,104497.3128393943,124480.1825360088,-16.053053015755324,W8
2024-12-26,104351.62954624982,124480.1825360088,-16.170086337989037,W8
2024-12-26,104147.17874816849,124480.1825360088,-16.334329990204274,W8
2024-12-26,103903.84768477178,124480.1825360088,-16.529807742919104,W8
2024-12-27,103992.48019217352,124480.1825360088,-16.45860564022609,W8
2025-01-02,104003.1970329266,124480.1825360088,-16.449996365613252,W8
2025-01-02,104081.26551879276,124480.1825360088,-16.387280771632202,W8
2025-01-02,104021.9373522398,124480.1825360088,-16.434941503922502,W8
2025-01-02,104011.08632380754,124480.1825360088,-16.443658576962715,W8
2025-01-06,104053.98329579916,124480.1825360088,-16.409197692412512,W8
2025-01-06,104096.51827637572,124480.1825360088,-16.37502761030787,W8
2025-01-06,104158.97773898742,124480.1825360088,-16.324851380373733,W8
2025-01-06,104215.13950204803,124480.1825360088,-16.279734348958424,W8
2025-01-07,104289.27056106093,124480.1825360088,-16.220181850317562,W8
2025-01-07,104333.63646731121,124480.1825360088,-16.184540911056043,W8
2025-01-08,104346.54168567627,124480.1825360088,-16.17417362358735,W8
2025-01-08,104399.98054213272,124480.1825360088,-16.131244013935643,W8
2025-01-08,104498.57555325271,124480.1825360088,-16.052038626289722,W8
2025-01-08,104552.371166046,124480.1825360088,-16.008822419743975,W8
2025-01-08,104609.68176915286,124480.1825360088,-15.962782478333798,W8
2025-01-08,104660.31470895624,124480.1825360088,-15.922106975798494,W8
2025-01-10,104567.68306320447,124480.1825360088,-15.996521749190212,W8
2025-01-10,104600.50007358662,124480.1825360088,-15.970158508300319,W8
2025-01-10,104588.66482522665,124480.1825360088,-15.979666245290142,W8
2025-01-13,104597.77706933797,124480.1825360088,-15.972346008505712,W8
2025-01-13,104639.57311902767,124480.1825360088,-15.938769539674933,W8
2025-01-13,104587.79073420819,124480.1825360088,-15.980368438202017,W8
2025-01-13,104506.54414447915,124480.1825360088,-16.045637132442188,W8
2025-01-13,104350.3007692826,124480.1825360088,-16.17115379864032,W8
2025-01-13,104348.3007692826,124480.1825360088,-16.172760480088925,W8
2025-01-13,104339.90781732423,124480.1825360088,-16.17950288019422,W8
2025-01-13,104330.3418379644,124480.1825360088,-16.187187620981828,W8
2025-01-13,104289.8056485862,124480.1825360088,-16.21975199271744,W8
2025-01-13,104333.87163002438,124480.1825360088,-16.184351995271715,W8
2025-01-13,104303.38880292012,124480.1825360088,-16.208840091676496,W8
2025-01-14,104355.23241121123,124480.1825360088,-16.167192009841376,W8
2025-01-14,104365.24655836367,124480.1825360088,-16.159147237614643,W8
2025-01-14,104304.59789877417,124480.1825360088,-16.20786877573735,W8
2025-01-14,104294.35171830199,124480.1825360088,-16.216099949779224,W8
2025-01-15,104557.04132442042,124480.1825360088,-16.005070691332847,W8
2025-01-15,104605.86854200497,124480.1825360088,-15.965845798992714,W8
2025-01-15,104724.87165232384,124480.1825360088,-15.870245754154698,W8
2025-01-15,104789.64438340777,124480.1825360088,-15.818211181450575,W8
2025-01-15,104852.21626456588,124480.1825360088,-15.767944641119936,W8
2025-01-15,104954.54729322466,124480.1825360088,-15.685737958438395,W8
2025-01-15,105089.76085765814,124480.1825360088,-15.577115395650647,W8
2025-01-15,105157.61808437222,124480.1825360088,-15.522602921992878,W8
2025-01-15,105351.1108005188,124480.1825360088,-15.367162343256096,W8
2025-01-16,105433.27705331238,124480.1825360088,-15.301154846223536,W8
2025-01-16,105535.70306202768,124480.1825360088,-15.2188718621946,W8
2025-01-16,105640.5449717055,124480.1825360088,-15.13464808653658,W8
2025-01-16,105730.1082354647,124480.1825360088,-15.062698269357218,W8
2025-01-16,105887.3969721898,124480.1825360088,-14.936341821671572,W8
2025-01-16,105952.96046941097,124480.1825360088,-14.883671994325997,W8
2025-01-16,106226.6155158473,124480.1825360088,-14.663833751112335,W8
2025-01-16,106216.86945665818,124480.1825360088,-14.67166315736043,W8
2025-01-16,106318.9502594892,124480.1825360088,-14.589657491276606,W8
2025-01-16,106428.11818069791,124480.1825360088,-14.501958454382008,W8
2025-01-16,106479.48399424103,124480.1825360088,-14.460694204525804,W8
2025-01-17,106554.31657338164,124480.1825360088,-14.400578146197432,W8
2025-01-21,106665.41896894672,124480.1825360088,-14.311325067272248,W8
2025-01-24,106677.93249728972,124480.1825360088,-14.301272440349583,W8
2025-01-24,106674.80388328467,124480.1825360088,-14.303785783390468,W8
2025-01-24,106739.96809526226,124480.1825360088,-14.251436718141674,W8
2025-01-24,106802.48641271323,124480.1825360088,-14.201213207718327,W8
2025-01-24,106881.38791318485,124480.1825360088,-14.137828419180767,W8
2025-01-27,107006.18678345977,124480.1825360088,-14.03757240434177,W8
2025-01-27,107139.43669408286,124480.1825360088,-13.930527324628336,W8
2025-01-27,107267.95529684582,124480.1825360088,-13.827283097198176,W8
2025-01-30,107355.15221686558,124480.1825360088,-13.757234260312401,W8
2025-01-30,107616.5452353558,124480.1825360088,-13.547246603510393,W8
2025-01-30,107791.43984250387,124480.1825360088,-13.406746643127168,W8
2025-01-30,107948.59231718941,124480.1825360088,-13.28049966028708,W8
2025-01-30,108135.33740384795,124480.1825360088,-13.130479727110552,W8
2025-01-30,108216.23086372178,124480.1825360088,-13.065494716464038,W8
2025-01-30,108327.66082756533,124480.1825360088,-12.975978488600767,W8
2025-01-30,108682.6958080449,124480.1825360088,-12.69076443022897,W8
2025-01-30,108813.65793688245,124480.1825360088,-12.58555721879219,W8
2025-01-31,108800.1538374664,124480.1825360088,-12.59640561179816,W8
2025-01-31,108923.10692504176,124480.1825360088,-12.497632389369919,W8
2025-02-04,108857.31858663764,124480.1825360088,-12.550482840794256,W8
2025-02-04,108760.3613734171,124480.1825360088,-12.628372518689373,W8
2025-02-04,108688.00256748802,124480.1825360088,-12.686501294254226,W8
2025-02-04,108776.72522970891,124480.1825360088,-12.615226766523492,W8
2025-02-04,108800.48700993352,124480.1825360088,-12.596137960787097,W8
2025-02-05,108986.09988706245,124480.1825360088,-12.447027577634156,W8
2025-02-05,108919.38089692632,124480.1825360088,-12.500625659494958,W8
2025-02-05,109009.74317036322,124480.1825360088,-12.428033965302383,W8
2025-02-05,109014.95893548088,124480.1825360088,-12.423843928774957,W8
2025-02-05,108894.86573110825,124480.1825360088,-12.520319690559683,W8
2025-02-05,108944.17997581643,124480.1825360088,-12.480703549497301,W8
2025-02-05,109290.93917131763,124480.1825360088,-12.202137766224213,W8
2025-02-05,109333.48208765886,124480.1825360088,-12.167961308996631,W8
2025-02-05,109385.97143716703,124480.1825360088,-12.125794476944487,W8
2025-02-05,109355.61760723704,124480.1825360088,-12.150178944665848,W8
2025-02-05,109197.46736053015,124480.1825360088,-12.277227478404255,W8
2025-02-05,109236.90689627793,124480.1825360088,-12.245544093190414,W8
2025-02-05,109279.61450947446,124480.1825360088,-12.211235328271808,W8
2025-02-06,109248.45564317874,124480.1825360088,-12.236266514490312,W8
2025-02-06,109149.64777883726,124480.1825360088,-12.31564289579735,W8
2025-02-06,109227.50553518815,124480.1825360088,-12.253096589417725,W8
2025-02-06,109307.8587216005,124480.1825360088,-12.188545602445073,W8
2025-02-06,109387.73943198688,124480.1825360088,-12.124374174705341,W8
2025-02-07,109500.98401081716,124480.1825360088,-12.033400192724294,W8
2025-02-10,109618.53037122163,124480.1825360088,-11.938970414417645,W8
2025-02-10,109732.98542711703,124480.1825360088,-11.847024006914348,W8
2025-02-10,109849.11213112126,124480.1825360088,-11.753734696408527,W8
2025-02-10,109837.12960994162,124480.1825360088,-11.76336074365197,W8
2025-02-10,109781.61973694846,124480.1825360088,-11.807954085228335,W8
2025-02-10,109873.17901413392,124480.1825360088,-11.734400789177398,W8
2025-02-11,109913.11988698377,124480.1825360088,-11.702314659452854,W8
2025-02-11,110221.69180811822,124480.1825360088,-11.454426268828753,W8
2025-02-11,110434.98961163619,124480.1825360088,-11.283075456858127,W8
2025-02-12,110379.28612720511,124480.1825360088,-11.327824334387262,W8
2025-02-12,110111.71268511462,124480.1825360088,-11.542776977160814,W8
2025-02-13,110192.8556136324,124480.1825360088,-11.477591558193168,W8
2025-02-13,110114.64280558746,124480.1825360088,-11.540423092057866,W8
2025-02-13,109928.6001276982,124480.1825360088,-11.68987875166492,W8
2025-02-13,109950.33454481288,124480.1825360088,-11.67241860927768,W8
2025-02-14,110032.3274537192,124480.1825360088,-11.606550366449063,W8
2025-02-14,109722.15684685923,124480.1825360088,-11.855723046421836,W8
2025-02-14,109692.62250933555,124480.1825360088,-11.879449182519961,W8
2025-02-14,109632.94733385256,124480.1825360088,-11.927388681215447,W8
2025-02-14,109666.90139948986,124480.1825360088,-11.900111997533305,W8
2025-02-14,109799.59735420445,124480.1825360088,-11.79351193316064,W8
2025-02-14,110003.47590489384,124480.1825360088,-11.62972799057973,W8
2025-02-18,110087.46410273913,124480.1825360088,-11.562256850889687,W8
2025-02-18,110155.8351846641,124480.1825360088,-11.507331576414618,W8
2025-02-18,110190.11035568964,124480.1825360088,-11.479796935697308,W8
2025-02-18,110258.12304756005,124480.1825360088,-11.425159570548258,W8
2025-02-18,110334.15946949764,124480.1825360088,-11.364076416275411,W8
2025-02-18,110403.18645999755,124480.1825360088,-11.30862422373067,W8
2025-02-18,110424.67508224036,124480.1825360088,-11.291361538373836,W8
2025-02-18,110489.2843706646,124480.1825360088,-11.239458265814326,W8
2025-02-18,110577.53487135709,124480.1825360088,-11.16856304466781,W8
2025-02-19,110518.59780428396,124480.1825360088,-11.215909590818704,W8
2025-02-19,110584.15247655916,124480.1825360088,-11.163246852911616,W8
2025-02-20,110443.12941953873,124480.1825360088,-11.276536417682003,W8
2025-02-20,110508.06832445892,124480.1825360088,-11.2243683507679,W8
2025-02-21,110564.9685029885,124480.1825360088,-11.178658120134903,W8
2025-02-21,110453.72026417711,124480.1825360088,-11.268028360879212,W8
2025-02-21,110393.33377621902,124480.1825360088,-11.316539285853654,W8
2025-02-21,110235.52013202939,124480.1825360088,-11.443317413082047,W8
2025-02-21,110323.92095499011,124480.1825360088,-11.372301431935686,W8
2025-02-21,110309.59355418039,124480.1825360088,-11.383811216479565,W8
2025-02-21,110065.98116044287,124480.1825360088,-11.579514973314154,W8
2025-02-21,110190.03517779218,124480.1825360088,-11.479857329163911,W8
2025-02-21,109796.0569756269,124480.1825360088,-11.796356063451444,W8
2025-02-24,109559.41816470235,124480.1825360088,-11.986457657218061,W8
2025-02-24,109446.969015607,124480.1825360088,-12.076792638099715,W8
2025-02-25,109518.00102384106,124480.1825360088,-12.01972973315618,W8
2025-02-26,109928.97694048233,124480.1825360088,-11.689576042609987,W8
2025-02-26,110014.07851368524,124480.1825360088,-11.621210483153737,W8
2025-02-26,110158.17758156844,124480.1825360088,-11.50544983358888,W8
2025-02-26,110236.63440711945,124480.1825360088,-11.442422270524123,W8
2025-02-26,110237.79306130446,124480.1825360088,-11.441491476431917,W8
2025-02-26,109952.92695405577,124480.1825360088,-11.670336021358803,W8
2025-02-26,109880.35576425302,124480.1825360088,-11.728635413538564,W8
2025-02-26,109812.4235692557,124480.1825360088,-11.783208112271291,W8
2025-02-27,109701.05348484502,124480.1825360088,-11.872676236547589,W8
2025-02-27,109873.65178512374,124480.1825360088,-11.734020992987999,W8
2025-02-28,109945.96773564813,124480.1825360088,-11.675926644914993,W8
2025-02-28,110020.88984874568,124480.1825360088,-11.615738660312806,W8
2025-02-28,110108.55468650698,124480.1825360088,-11.545313926049626,W8
2025-02-28,110196.21617271451,124480.1825360088,-11.474891884226079,W8
2025-02-28,110273.80184360714,124480.1825360088,-11.412564155175566,W8
2025-03-03,110145.21585320076,124480.1825360088,-11.515862517844006,W8
2025-03-03,109977.20717876845,124480.1825360088,-11.650830728051847,W8
2025-03-03,109606.66566389127,124480.1825360088,-11.948501816998073,W8
2025-03-03,109602.37923773292,124480.1825360088,-11.951945277692795,W8
2025-03-04,109475.346135903,124480.1825360088,-12.053996141727454,W8
2025-03-04,109169.99941745649,124480.1825360088,-12.299293595688194,W8
2025-03-04,108491.16472962056,124480.1825360088,-12.844629145497146,W8
2025-03-04,108423.2482998488,124480.1825360088,-12.899189179382153,W8
2025-03-04,108412.81160859871,124480.1825360088,-12.907573398490335,W8
2025-03-04,108031.23333982941,124480.1825360088,-13.214110761302218,W8
2025-03-04,107774.42349330346,124480.1825360088,-13.420416569418837,W8
2025-03-04,107559.6314862756,124480.1825360088,-13.592967735919359,W8
2025-03-04,107307.22246547445,124480.1825360088,-13.795738181510675,W8
2025-03-05,107189.58914422641,124480.1825360088,-13.890237819004387,W8
2025-03-06,106757.13153787209,124480.1825360088,-14.237648625723939,W8
2025-03-07,106572.99341242807,124480.1825360088,-14.385574280790161,W8
2025-03-07,106449.28874011383,124480.1825360088,-14.4849512818469,W8
2025-03-07,106249.14160774996,124480.1825360088,-14.645737624127506,W8
2025-03-07,105948.58745449723,124480.1825360088,-14.887185015294197,W8
2025-03-07,105794.48041107868,124480.1825360088,-15.01098547917444,W8
2025-03-07,105553.55806756536,124480.1825360088,-15.204528209113501,W8
2025-03-07,105220.35892556586,124480.1825360088,-15.472200649184927,W8
2025-03-07,105176.44772394946,124480.1825360088,-15.507476305696516,W8
2025-03-10,105265.07535374995,124480.1825360088,-15.436278121379218,W8
2025-03-11,105408.2964743584,124480.1825360088,-15.321222762613967,W8
2025-03-12,105148.62989206616,124480.1825360088,-15.529823502910217,W8
2025-03-12,104975.10592289614,124480.1825360088,-15.66922237398741,W8
2025-03-12,104865.67998357426,124480.1825360088,-15.757128687339922,W8
2025-03-12,104954.3505646017,124480.1825360088,-15.685895998552857,W8
2025-03-12,105072.48241781277,124480.1825360088,-15.590995870030872,W8
2025-03-13,104393.37302798481,124480.1825360088,-16.136552099137074,W8
2025-03-13,104164.90434586641,124480.1825360088,-16.3200902957109,W8
2025-03-13,103966.21324484605,124480.1825360088,-16.479706948717403,W8
2025-03-14,104082.06226012984,124480.1825360088,-16.38664071686939,W8
2025-03-14,104155.34194216914,124480.1825360088,-16.32777216402316,W8
2025-03-17,104095.78632133474,124480.1825360088,-16.375615619600648,W8
2025-03-17,103862.44586928366,124480.1825360088,-16.563067507360838,W8
2025-03-17,103837.45631007358,124480.1825360088,-16.58314263795671,W8
2025-03-17,103971.0611437447,124480.1825360088,-16.47581243410481,W8
2025-03-17,103742.72092943528,124480.1825360088,-16.65924742725592,W8
2025-03-17,103764.33727961594,124480.1825360088,-16.641882132844973,W8
2025-03-17,103744.6431779886,124480.1825360088,-16.657703206710796,W8
2025-03-17,103544.67464667959,124480.1825360088,-16.818346071490637,W8
2025-03-17,103481.31758688134,124480.1825360088,-16.869243377798746,W8
2025-03-17,103467.61288716657,124480.1825360088,-16.880252921193982,W8
2025-03-17,103378.33214886181,124480.1825360088,-16.951975774170144,W8
2025-03-17,103359.61112005875,124480.1825360088,-16.967015139008517,W8
2025-03-17,103251.51112548102,124480.1825360088,-17.053856266949875,W8
2025-03-18,103227.34288301798,124480.1825360088,-17.073271600355294,W8
2025-04-02,103185.57546617491,124480.1825360088,-17.106825067254324,W8
2025-05-15,103274.8840182818,124480.1825360088,-17.035079870318214,W8
2025-05-15,103294.1645959424,124480.1825360088,-17.01959099709533,W8
2025-05-16,103353.93038899136,124480.1825360088,-16.97157870161877,W8
2025-05-16,103434.2051157768,124480.1825360088,-16.90709074445963,W8
2025-05-16,103504.50855905942,124480.1825360088,-16.850613125411886,W8
2025-05-16,103568.70576015921,124480.1825360088,-16.79904089938208,W8
2025-05-16,103671.06613210209,124480.1825360088,-16.716810644045438,W8
2025-05-16,103714.21618056245,124480.1825360088,-16.68214645286153,W8
2025-05-16,103790.67356968498,124480.1825360088,-16.620725118505426,W8
2025-05-16,103835.76705612405,124480.1825360088,-16.584499684448055,W8
2025-05-16,103925.18829570613,124480.1825360088,-16.512663961074008,W8
2025-05-16,104009.84597374937,124480.1825360088,-16.44465500067684,W8
2025-05-16,104056.79546887596,124480.1825360088,-16.406938559256123,W8
2025-05-19,104097.83627879387,124480.1825360088,-16.37396880529064,W8
2025-05-19,104161.42249691428,124480.1825360088,-16.322887406770022,W8
2025-05-19,104255.76111775423,124480.1825360088,-16.2471013507746,W8
2025-05-21,104274.3180789778,124480.1825360088,-16.232193788104368,W8
2025-05-22,104360.17401769916,124480.1825360088,-16.16322221610613,W8
2025-05-27,104443.16953566238,124480.1825360088,-16.096548536591552,W8
2025-05-27,104500.05246917515,124480.1825360088,-16.050852159582853,W8
2025-05-27,104575.3050054186,124480.1825360088,-15.990398732611308,W8
2025-05-27,104650.29117840662,124480.1825360088,-15.930159286090309,W8
2025-05-27,104690.58992489628,124480.1825360088,-15.897785661896755,W8
2025-05-27,104747.99939449535,124480.1825360088,-15.851666297007123,W8
2025-05-29,104790.89754882107,124480.1825360088,-15.817204462639777,W8
2025-05-30,104718.45836363749,124480.1825360088,-15.875397810133165,W8
2025-06-02,104762.55102582109,124480.1825360088,-15.839976378958093,W8
2025-06-04,104814.64027339971,124480.1825360088,-15.798130965079821,W8
2025-06-04,104836.20885594176,124480.1825360088,-15.780804044358273,W8
2025-06-05,104846.81950808411,124480.1825360088,-15.772280075380895,W8
2025-06-05,104815.55069808359,124480.1825360088,-15.797399583854844,W8
2025-06-05,104555.52497605202,124480.1825360088,-16.006288835729414,W8
2025-06-05,104530.75516695439,124480.1825360088,-16.026187432110785,W8
2025-06-06,104589.45412715148,124480.1825360088,-15.979032166910153,W8
2025-06-06,104644.95078968244,124480.1825360088,-15.934449437836065,W8
2025-06-06,104653.08399310007,124480.1825360088,-15.927915704311632,W8
2025-06-10,104642.63133378494,124480.1825360088,-15.93631275121675,W8
2025-06-10,104751.82749821272,124480.1825360088,-15.848591025394096,W8
2025-06-11,104673.0887676796,124480.1825360088,-15.911845054211367,W8
2025-06-11,104670.3703833671,124480.1825360088,-15.914028843033906,W8
2025-06-12,104711.82700882679,124480.1825360088,-15.88072504750991,W8
2025-06-12,104852.13590758055,124480.1825360088,-15.768009195158736,W8
2025-06-13,104912.21050311436,124480.1825360088,-15.719748826070322,W8
2025-06-13,104981.81588103673,124480.1825360088,-15.663831991354696,W8
2025-06-13,104939.82373928098,124480.1825360088,-15.697565988927845,W8
2025-06-13,104924.10908478846,124480.1825360088,-15.710190210850056,W8
2025-06-16,104990.29521188884,124480.1825360088,-15.657020199566352,W8
2025-06-16,105044.76549543421,124480.1825360088,-15.613262002529948,W8
2025-06-18,105067.75241030322,124480.1825360088,-15.594795677689563,W8
2025-06-18,105040.64844804228,124480.1825360088,-15.61656939436378,W8
2025-06-18,104962.93858787704,124480.1825360088,-15.678996889714503,W8
2025-06-18,104930.32221741296,124480.1825360088,-15.705198948387292,W8
2025-06-18,104922.41102045619,124480.1825360088,-15.71155433508066,W8
2025-06-18,104797.86839797208,124480.1825360088,-15.811604495633791,W8
2025-06-18,104771.15426008037,124480.1825360088,-15.833065050516884,W8
2025-06-18,104758.16861405074,124480.1825360088,-15.843496948803883,W8
2025-06-18,104850.02549802684,124480.1825360088,-15.769704573098196,W8
2025-06-20,104910.97445561341,124480.1825360088,-15.72074179336501,W8
2025-06-20,104976.5459829549,124480.1825360088,-15.668065515096757,W8
2025-06-20,104934.22405944578,124480.1825360088,-15.702064439782523,W8
2025-06-20,105007.80825373081,124480.1825360088,-15.642951259848251,W8
2025-06-20,104916.89814452144,124480.1825360088,-15.715983052827076,W8
2025-06-20,104898.20770291545,124480.1825360088,-15.730997845724403,W8
2025-06-20,104785.34477600176,124480.1825360088,-15.821665231178342,W8
2025-06-20,104828.7205364342,124480.1825360088,-15.786819716375303,W8
2025-06-23,104872.03356542256,124480.1825360088,-15.752024596295975,W8
2025-06-23,104851.89042501843,124480.1825360088,-15.768206401297997,W8
2025-06-23,104969.67328136826,124480.1825360088,-15.6735866361673,W8
2025-06-23,104920.18225784067,124480.1825360088,-15.71334479085451,W8
2025-06-23,104939.83046233573,124480.1825360088,-15.697560588024176,W8
2025-06-23,104809.70734906688,124480.1825360088,-15.802093784086289,W8
2025-06-24,104890.15295276823,124480.1825360088,-15.737468554541762,W8
2025-06-24,104965.03809176637,124480.1825360088,-15.67731027273937,W8
2025-06-24,105010.76488196004,124480.1825360088,-15.640576079985077,W8
2025-06-25,104975.38617355222,124480.1825360088,-15.668997237222365,W8
2025-06-25,104937.57539875117,124480.1825360088,-15.699372172437545,W8
2025-06-25,104940.8557835437,124480.1825360088,-15.696736905742323,W8
2025-06-26,105020.53373551482,124480.1825360088,-15.632728362094758,W8
2025-06-26,105096.08809835554,124480.1825360088,-15.572032465525954,W8
2025-06-26,105085.08888637624,124480.1825360088,-15.580868580444182,W8
2025-06-26,105115.81082863992,124480.1825360088,-15.55618839309404,W8
2025-06-30,105121.11867300374,124480.1825360088,-15.551924385558314,W8
2025-06-30,105100.11900117782,124480.1825360088,-15.5687942771331,W8
2025-06-30,105127.02815682601,124480.1825360088,-15.547177056544271,W8
2025-06-30,105144.18579066274,124480.1825360088,-15.533393630550524,W8
2025-07-01,105204.37042486478,124480.1825360088,-15.485044862918668,W8
2025-07-01,105174.34389359622,124480.1825360088,-15.509166398296303,W8
2025-07-07,105143.36775088067,124480.1825360088,-15.53405079522156,W8
2025-07-07,105188.8361116231,124480.1825360088,-15.497524209369818,W8
2025-07-07,105154.27712471124,124480.1825360088,-15.525286850946806,W8
2025-07-07,105132.39352167472,124480.1825360088,-15.542866840460551,W8
2025-07-08,105175.77815274941,124480.1825360088,-15.50801419950934,W8
2025-07-11,105177.7552301575,124480.1825360088,-15.506425932712311,W8
2025-07-11,105372.29277963392,124480.1825360088,-15.350145996811559,W8
2025-07-14,105436.96480406163,124480.1825360088,-15.298192325865582,W8
2025-07-14,105495.82211503352,124480.1825360088,-15.25090985103883,W8
2025-07-16,105552.31635580702,124480.1825360088,-15.205525726736822,W8
2025-07-17,105471.34999461412,124480.1825360088,-15.270569301981803,W8
2025-07-18,105516.23682461676,124480.1825360088,-15.234509883455763,W8
2025-07-18,105527.36114962827,124480.1825360088,-15.225573260143625,W8
2025-07-18,105544.11203690285,124480.1825360088,-15.212116590227723,W8
2025-07-21,105496.77260487388,124480.1825360088,-15.250146283842023,W8
2025-07-21,105496.6554786267,124480.1825360088,-15.250240376126275,W8
2025-07-21,105480.71964886523,124480.1825360088,-15.263042277149241,W8
2025-07-21,105475.83903847774,124480.1825360088,-15.26696307023297,W8
2025-07-21,105440.85711897432,124480.1825360088,-15.2950654707844,W8
2025-07-21,105521.98327108852,124480.1825360088,-15.229893528984961,W8
2025-07-22,105587.5734727016,124480.1825360088,-15.177202248913858,W8
2025-07-22,105656.23604357176,124480.1825360088,-15.122042809498431,W8
2025-07-22,105685.43428527137,124480.1825360088,-15.098586672863052,W8
2025-07-22,105676.95167378623,124480.1825360088,-15.105401100117518,W8
2025-07-23,105626.21564753003,124480.1825360088,-15.146159416198493,W8
2025-07-23,105667.88634758515,124480.1825360088,-15.112683645833943,W8
2025-07-23,105746.13554770582,124480.1825360088,-15.04982287673278,W8
2025-07-23,105833.43311066883,124480.1825360088,-14.97969318927208,W8
2025-07-23,105883.6538124132,124480.1825360088,-14.93934885435769,W8
2025-07-24,105983.58216082133,124480.1825360088,-14.859072342568982,W8
2025-07-24,105971.15835210089,124480.1825360088,-14.86905289406508,W8
2025-07-24,105982.46528970999,124480.1825360088,-14.85996957061652,W8
2025-07-24,105944.12256230433,124480.1825360088,-14.890771845022385,W8
2025-07-24,105955.26932093686,124480.1825360088,-14.881817199868882,W8
2025-07-25,105893.0831800448,124480.1825360088,-14.931773859334788,W8
2025-07-25,105938.64802889088,124480.1825360088,-14.895169760659972,W8
2025-07-28,105834.7710555496,124480.1825360088,-14.978618363662486,W8
2025-07-28,105863.88762941232,124480.1825360088,-14.955227834126353,W8
2025-07-28,105989.06614958069,124480.1825360088,-14.854666831066965,W8
2025-07-29,105936.35420254315,124480.1825360088,-14.897012484779582,W8
2025-07-29,105955.81751986475,124480.1825360088,-14.881376809345086,W8
2025-07-30,106650.58650677139,124480.1825360088,-14.323240588179392,W8
2025-07-31,106714.32346287576,124480.1825360088,-14.272038095697557,W8
2025-08-01,106633.40496934277,124480.1825360088,-14.337043216901963,W8
2025-08-01,106479.1793442122,124480.1825360088,-14.460938942300624,W8
2025-08-01,106419.51331541635,124480.1825360088,-14.508871093089839,W8
2025-08-01,106497.09536316185,124480.1825360088,-14.446546274660967,W8
2025-08-04,106628.53075246104,124480.1825360088,-14.340958873822144,W8
2025-08-04,106733.72353047696,124480.1825360088,-14.256453231339265,W8
2025-08-04,106756.68178691038,124480.1825360088,-14.238009928987271,W8
2025-08-04,106889.48176151613,124480.1825360088,-14.131326301199909,W8
2025-08-04,106969.9801919809,124480.1825360088,-14.06665863376499,W8
2025-08-04,107011.98804426004,124480.1825360088,-14.032912015288598,W8
2025-08-04,106699.61397182397,124480.1825360088,-14.28385482889325,W8
2025-08-04,106616.22077156717,124480.1825360088,-14.350847982789599,W8
2025-08-04,106517.12900959239,124480.1825360088,-14.430452430627,W8
2025-08-04,106455.66233732419,124480.1825360088,-14.479831111647506,W8
2025-08-04,106542.59778175686,124480.1825360088,-14.409992328749253,W8
2025-08-05,106378.20448181381,124480.1825360088,-14.542056161396266,W8
2025-08-05,106565.59237895902,124480.1825360088,-14.391519832377792,W8
2025-08-06,106503.01295208935,124480.1825360088,-14.441792434485809,W8
2025-08-06,106312.00943589926,124480.1825360088,-14.595233337526608,W8
2025-08-07,106211.27302577393,124480.1825360088,-14.676158998200503,W8
2025-08-07,106126.75001405519,124480.1825360088,-14.744059775655014,W8
2025-08-07,106112.29603547131,124480.1825360088,-14.75567124527966,W8
2025-08-07,106084.35719622106,124480.1825360088,-14.778115652639181,W8
2025-08-07,106037.40465804374,124480.1825360088,-14.815834538666467,W8
2025-08-07,105822.58932950058,124480.1825360088,-14.988404440289981,W8
2025-08-08,105905.78608021527,124480.1825360088,-14.921569102311082,W8
2025-08-08,106022.64002575283,124480.1825360088,-14.827695569065133,W8
2025-08-08,105855.67069514698,124480.1825360088,-14.961828832050628,W8
2025-08-08,105833.63996105277,124480.1825360088,-14.979527017934824,W8
2025-08-08,105552.70660399532,124480.1825360088,-15.205212224474577,W8
2025-08-11,105482.09872594949,124480.1825360088,-15.261934408365502,W8
2025-08-11,105097.6216372429,124480.1825360088,-15.570800511285428,W8
2025-08-12,105288.10154111848,124480.1825360088,-15.417780247340627,W8
2025-08-13,105276.41813755796,124480.1825360088,-15.427166001219266,W8
2025-08-13,105414.27850034182,124480.1825360088,-15.316417157527637,W8
2025-08-13,105536.18497231188,124480.1825360088,-15.21848472403784,W8
2025-08-13,105662.72488783645,124480.1825360088,-15.116830056646938,W8
2025-08-14,105646.53517378095,124480.1825360088,-15.129835913262554,W8
2025-08-14,105692.35823185401,124480.1825360088,-15.093024384600309,W8
2025-08-15,105790.04719338536,124480.1825360088,-15.014546863487194,W8
2025-08-15,105803.71235845417,124480.1825360088,-15.003569079883075,W8
2025-08-18,105877.36542333255,124480.1825360088,-14.944400573396448,W8
2025-08-18,105778.9651109524,124480.1825360088,-15.023449551615684,W8
2025-08-18,105829.28767361291,124480.1825360088,-14.983023387679143,W8
2025-08-19,105757.29790354053,124480.1825360088,-15.040855701711584,W8
2025-08-19,105619.97851942635,124480.1825360088,-15.151169955206878,W8
2025-08-20,105603.4617655648,124480.1825360088,-15.16443853621717,W8
2025-08-20,105611.24943700741,124480.1825360088,-15.158182382599822,W8
2025-08-21,105629.33860101731,124480.1825360088,-15.143650620482049,W8
2025-08-21,105608.6784338411,124480.1825360088,-15.160247774145638,W8
2025-08-21,105555.99776146578,124480.1825360088,-15.202568303648455,W8
2025-08-21,105597.4358268995,124480.1825360088,-15.16927941814917,W8
2025-08-22,105724.89109126877,124480.1825360088,-15.06688941375437,W8
2025-08-22,105791.23718413316,124480.1825360088,-15.013590895457934,W8
2025-08-22,105886.128205785,124480.1825360088,-14.937361073394175,W8
2025-08-22,105927.56981075446,124480.1825360088,-14.904069344441684,W8
2025-08-25,105940.45430312499,124480.1825360088,-14.893718707008446,W8
2025-08-25,105994.52040780173,124480.1825360088,-14.850285203317132,W8
2025-08-25,106085.60563572758,124480.1825360088,-14.77711273034176,W8
2025-08-26,106109.4679698352,124480.1825360088,-14.757943145576158,W8
2025-08-27,106058.64585489151,124480.1825360088,-14.798770620205692,W8
2025-08-27,106113.1976833213,124480.1825360088,-14.754946914842787,W8
2025-08-28,106163.73606022965,124480.1825360088,-14.714347378532066,W8
2025-08-28,106193.39264491638,124480.1825360088,-14.690523036309438,W8
2025-08-29,106132.91483115942,124480.1825360088,-14.739107327017297,W8
2025-08-29,106127.823893139,124480.1825360088,-14.743197084854012,W8
2025-09-02,106215.18588228484,124480.1825360088,-14.673015641216928,W8
2025-09-02,106290.0094592499,124480.1825360088,-14.612906814702791,W8
2025-09-03,106220.17698338094,124480.1825360088,-14.669006086447316,W8
2025-09-03,106290.9786824571,124480.1825360088,-14.612128198229495,W8
2025-09-04,106339.32366056104,124480.1825360088,-14.573290708503006,W8
2025-09-04,106135.72695124902,124480.1825360088,-14.736848236427688,W8
2025-09-04,106141.795753659,124480.1825360088,-14.731972920303996,W8
2025-09-04,106164.0527342201,124480.1825360088,-14.714092981419219,W8
2025-09-04,106151.74463783183,124480.1825360088,-14.723980576486575,W8
2025-09-04,106161.31487212997,124480.1825360088,-14.716292417533747,W8
2025-09-04,106235.75676814702,124480.1825360088,-14.656490210868824,W8
2025-09-04,106325.08301325487,124480.1825360088,-14.58473080042451,W8
2025-09-04,106489.5175785321,124480.1825360088,-14.452633817654045,W8
2025-09-05,106553.04570462431,124480.1825360088,-14.401599086825442,W8
2025-09-05,106592.01558052696,124480.1825360088,-14.370292998491763,W8
2025-09-05,106696.93059798352,124480.1825360088,-14.286010492377818,W8
2025-09-05,106822.33690104455,124480.1825360088,-14.185266502044458,W8
2025-09-05,106843.99109162655,124480.1825360088,-14.167870808898089,W8
2025-09-08,106712.42334478583,124480.1825360088,-14.273564537940189,W8
2025-09-08,106726.94786321299,124480.1825360088,-14.261896400786744,W8
2025-09-08,106736.20859360321,124480.1825360088,-14.25445687892748,W8
2025-09-08,106781.17421606407,124480.1825360088,-14.21833416321098,W8
2025-09-08,106850.64317631481,124480.1825360088,-14.162526918366487,W8
2025-09-08,106916.36987151045,124480.1825360088,-14.109725987441896,W8
2025-09-08,106996.10408435011,124480.1825360088,-14.04567224714746,W8
2025-09-09,107059.61178900093,124480.1825360088,-13.99465392169437,W8
2025-09-10,106925.37619185315,124480.1825360088,-14.102490843534476,W8
2025-09-10,106860.42520669536,124480.1825360088,-14.154668614995408,W8
2025-09-11,106982.16989577471,124480.1825360088,-14.05686614829021,W8
2025-09-11,107089.99466620431,124480.1825360088,-13.970246119115362,W8
2025-09-11,107165.03041869482,124480.1825360088,-13.909966843360921,W8
2025-09-11,107282.66705461402,124480.1825360088,-13.815464543056876,W8
2025-09-11,107277.66727604959,124480.1825360088,-13.819481068790193,W8
2025-09-11,107105.13076407541,124480.1825360088,-13.958086675288452,W8
2025-09-11,107129.77743481217,124480.1825360088,-13.938287000967092,W8
2025-09-11,107208.93986750499,124480.1825360088,-13.87469259494996,W8
2025-09-11,107257.33610817941,124480.1825360088,-13.835813923912967,W8
2025-09-11,107234.13047332081,124480.1825360088,-13.854455955428218,W8
2025-09-11,107188.50365525552,124480.1825360088,-13.891109836500481,W8
2025-09-12,107170.79104789661,124480.1825360088,-13.90533909532551,W8
2025-09-15,107307.5473714181,124480.1825360088,-13.795477171334571,W8
2025-09-15,107375.96032254523,124480.1825360088,-13.740518261624313,W8
2025-09-15,107469.52452592688,124480.1825360088,-13.665354326710746,W8
2025-09-15,107350.98522479874,124480.1825360088,-13.760581774737544,W8
2025-09-15,107237.34483743549,124480.1825360088,-13.851873725832151,W8
2025-09-16,107122.52450407523,124480.1825360088,-13.944113575598635,W8
2025-09-17,107170.69822151324,124480.1825360088,-13.905413666539557,W8
2025-09-17,107293.14416813156,124480.1825360088,-13.807047851095078,W8
2025-09-18,107152.17297477974,124480.1825360088,-13.920295751668366,W8
2025-09-18,107254.96262660756,124480.1825360088,-13.837720638318018,W8
2025-09-19,107326.11299449221,124480.1825360088,-13.780562650247052,W8
2025-09-19,107394.6863352602,124480.1825360088,-13.725474893006542,W8
2025-09-19,107343.61089542543,124480.1825360088,-13.76650587383756,W8
2025-09-19,107202.01671438252,124480.1825360088,-13.880254245793832,W8
2025-09-19,107159.7126086058,124480.1825360088,-13.91423885676955,W8
2025-09-19,107000.7820794251,124480.1825360088,-14.041914223195626,W8
2025-09-19,107021.84325250874,124480.1825360088,-14.024994925155918,W8
2025-09-19,107023.78640693621,124480.1825360088,-14.023433910070718,W8
2025-09-22,106924.92586254665,124480.1825360088,-14.102852611405742,W8
2025-09-22,107003.93813683891,124480.1825360088,-14.039378833746866,W8
2025-09-23,107167.46062769192,124480.1825360088,-13.90801455750498,W8
2025-09-23,107082.22152216021,124480.1825360088,-13.97649060228187,W8
2025-09-23,107494.77104847081,124480.1825360088,-13.645072767004148,W8
2025-09-23,107494.10908020119,124480.1825360088,-13.645604553073328,W8
2025-09-23,107331.99412837728,124480.1825360088,-13.775838095892096,W8
2025-09-24,107448.32377707327,124480.1825360088,-13.682385751650603,W8
2025-09-24,107516.89353132661,124480.1825360088,-13.627300875603357,W8
2025-09-25,107612.7476819964,124480.1825360088,-13.550297332776717,W8
2025-09-26,107660.47356776215,124480.1825360088,-13.511957185137605,W8
2025-09-26,107849.7644710914,124480.1825360088,-13.359892093752881,W8
2025-09-26,107920.72605445527,124480.1825360088,-13.302885763975578,W8
2025-09-26,107989.96350498112,124480.1825360088,-13.247264500321162,W8
2025-09-26,108056.05311379698,124480.1825360088,-13.194172026106047,W8
2025-09-26,107901.30938354028,124480.1825360088,-13.318483966452,W8
2025-09-26,107846.51807990784,124480.1825360088,-13.36250005199766,W8
2025-09-26,107802.79209798176,124480.1825360088,-13.397626913989072,W8
2025-09-26,107678.50607906624,124480.1825360088,-13.497470934445555,W8
2025-09-26,107540.0591608504,124480.1825360088,-13.608690982002752,W8
2025-09-26,107498.29850839374,124480.1825360088,-13.642239014794708,W8
2025-09-26,107420.34478844864,124480.1825360088,-13.704862412637612,W8
2025-09-26,107254.13252242362,124480.1825360088,-13.838387494814397,W8
2025-09-26,107256.39713250165,124480.1825360088,-13.836568241314048,W8
2025-09-26,107238.41578721786,124480.1825360088,-13.851013388258288,W8
2025-09-26,107233.95483597352,124480.1825360088,-13.854597052062005,W8
2025-09-26,107231.95496990318,124480.1825360088,-13.856203625919465,W8
2025-09-29,107337.86975488822,124480.1825360088,-13.771117965835057,W8
2025-09-29,107362.60940330256,124480.1825360088,-13.751243598758847,W8
2025-09-29,107429.1054514628,124480.1825360088,-13.697824615266427,W8
2025-09-29,107494.99347543622,124480.1825360088,-13.644894082364651,W8
2025-09-29,107580.61962161314,124480.1825360088,-13.576107112075505,W8
2025-09-30,107530.54262080733,124480.1825360088,-13.616336006173821,W8
2025-09-30,107608.34944948972,124480.1825360088,-13.553830612064303,W8
2025-09-30,107628.63145986514,124480.1825360088,-13.537537247158966,W8
2025-09-30,107509.24083951002,124480.1825360088,-13.633448594590176,W8
2025-09-30,107341.37432657983,124480.1825360088,-13.768302600673943,W8
2025-10-02,107222.37867362655,124480.1825360088,-13.863896654706487,W8
2025-10-02,107322.35348472859,124480.1825360088,-13.783582817543591,W8
2025-10-03,107349.13551942959,124480.1825360088,-13.762067718388549,W8
2025-10-03,107271.40398292933,124480.1825360088,-13.824512627221946,W8
2025-10-03,107350.28682955758,124480.1825360088,-13.761142824076433,W8
2025-10-06,107253.01017560922,124480.1825360088,-13.839289121717199,W8
2025-10-07,106913.82914297686,124480.1825360088,-14.111767058142336,W8
2025-10-07,106870.97102180305,124480.1825360088,-14.14619673224842,W8
2025-10-07,106805.46084360582,124480.1825360088,-14.198823726250684,W8
2025-10-07,106776.05701978874,124480.1825360088,-14.222445015373209,W8
2025-10-08,106665.96171169785,124480.1825360088,-14.310889059917445,W8
2025-10-08,106518.8280354508,124480.1825360088,-14.429087533963292,W8
2025-10-08,106559.11256179844,124480.1825360088,-14.396725333388929,W8
2025-10-09,106714.23023258673,124480.1825360088,-14.272112991385471,W8
2025-10-10,106807.67760792395,124480.1825360088,-14.197042909197746,W8
2025-10-10,106882.6408318434,124480.1825360088,-14.136821898598118,W8
2025-10-10,106971.94164971428,124480.1825360088,-14.06508291488876,W8
2025-10-10,106872.91240327523,124480.1825360088,-14.144637141450412,W8
2025-10-13,106829.89753214315,124480.1825360088,-14.17919273918151,W8
2025-10-13,106707.08133317718,124480.1825360088,-14.277855993415123,W8
2025-10-13,106714.20455802092,124480.1825360088,-14.272133616809768,W8
2025-10-13,106498.0493209484,124480.1825360088,-14.445779921521765,W8
2025-10-13,106219.81075946192,124480.1825360088,-14.669300289035675,W8
2025-10-13,106158.50607709774,124480.1825360088,-14.718548836969356,W8
2025-10-13,106299.76580655506,124480.1825360088,-14.605069143592091,W8
2025-10-14,106409.11249053096,124480.1825360088,-14.517226499286634,W8
2025-10-14,106414.47604441307,124480.1825360088,-14.512917738026134,W8
2025-10-14,105961.66657965079,124480.1825360088,-14.876678021420073,W8
2025-10-14,105776.51209449807,124480.1825360088,-15.025420159630832,W8
2025-10-14,105484.66632005827,124480.1825360088,-15.259871755454432,W8
2025-10-14,105522.41064858313,124480.1825360088,-15.229550199238895,W8
2025-10-14,105537.81647721678,124480.1825360088,-15.21717406970583,W8
2025-10-14,105617.26137601597,124480.1825360088,-15.153352747162211,W8
2025-10-15,105707.2784097244,124480.1825360088,-15.081038398103164,W8
2025-10-15,105637.27606011638,124480.1825360088,-15.137274136340274,W8
2025-10-15,105640.88090248543,124480.1825360088,-15.134378219660515,W8
2025-10-15,105677.18050951339,124480.1825360088,-15.105217267058716,W8
2025-10-15,105675.18049136628,124480.1825360088,-15.106823963085636,W8
2025-10-15,105704.66034746941,124480.1825360088,-15.08314159413136,W8
2025-10-16,105637.30303610176,124480.1825360088,-15.137252465432635,W8
2025-10-16,105610.13796284108,124480.1825360088,-15.159075275061648,W8
2025-10-16,105624.66228046673,124480.1825360088,-15.147407299220236,W8
2025-10-16,105588.51179892565,124480.1825360088,-15.176448453245388,W8
2025-10-17,105532.29925144953,124480.1825360088,-15.221606281849844,W8
2025-10-17,105705.50408023999,124480.1825360088,-15.082463789236325,W8
2025-10-20,105706.25809957634,124480.1825360088,-15.081858054796522,W8
2025-10-20,105837.77862421128,124480.1825360088,-14.97620226127542,W8
2025-10-20,105872.69992850369,124480.1825360088,-14.948148555391509,W8
2025-10-22,105831.19718391441,124480.1825360088,-14.98148940029047,W8
2025-10-23,105877.40225569459,124480.1825360088,-14.944370984460054,W8
2025-10-23,105960.94015856381,124480.1825360088,-14.877261585062234,W8
2025-10-23,106026.96436721332,124480.1825360088,-14.824221649464123,W8
2025-10-24,106260.70101134492,124480.1825360088,-14.636451484471005,W8
2025-10-24,106345.68153949702,124480.1825360088,-14.568183165433544,W8
2025-10-24,106350.23786081867,124480.1825360088,-14.564522886962845,W8
2025-10-24,106596.2614457907,124480.1825360088,-14.366882122015486,W8
2025-10-27,106948.94794452043,124480.1825360088,-14.083554694673623,W8
2025-10-27,107118.6944953379,124480.1825360088,-13.947190377591776,W8
2025-10-27,107331.35513647947,124480.1825360088,-13.776351424106107,W8
2025-10-29,107272.69814990093,124480.1825360088,-13.823472970189615,W8
2025-10-30,107389.8891566487,124480.1825360088,-13.72932866194692,W8
2025-10-30,107499.8468374368,124480.1825360088,-13.640995179019797,W8
2025-10-31,107593.1335093329,124480.1825360088,-13.56605419645085,W8
2025-10-31,107718.58462263293,124480.1825360088,-13.46527420822763,W8
2025-11-03,107588.33156391318,124480.1825360088,-13.5699117947624,W8
2025-11-03,107362.81074172382,124480.1825360088,-13.751081855405682,W8
2025-11-03,107477.25805580064,124480.1825360088,-13.659141667220531,W8
2025-11-03,107595.87963202785,124480.1825360088,-13.563848124256058,W8
2025-11-03,107719.63560431484,124480.1825360088,-13.464429911842052,W8
2025-11-04,107801.05915544096,124480.1825360088,-13.399019057304972,W8
2025-11-04,107886.37734764814,124480.1825360088,-13.330479478980928,W8
2025-11-04,107989.75245031838,124480.1825360088,-13.247434049126793,W8
2025-11-04,108067.50438812966,124480.1825360088,-13.184972751089427,W8
2025-11-04,108086.48707487028,124480.1825360088,-13.169723185773973,W8
2025-11-04,107754.84009211378,124480.1825360088,-13.436148713114893,W8
2025-11-04,107589.06670763547,124480.1825360088,-13.56932122387206,W8
2025-11-04,107644.86393512285,124480.1825360088,-13.524497038728184,W8
2025-11-05,107570.7105665069,124480.1825360088,-13.584067459581723,W8
2025-11-05,107544.14128705247,124480.1825360088,-13.605411643782887,W8
2025-11-05,107438.91752285752,124480.1825360088,-13.689942178725273,W8
2025-11-05,107233.69762172006,124480.1825360088,-13.854803682746683,W8
2025-11-05,107339.28502405195,124480.1825360088,-13.76998102247998,W8
2025-11-05,107439.16796977707,124480.1825360088,-13.689740984515517,W8
2025-11-06,107378.75414526033,124480.1825360088,-13.738273870060786,W8
2025-11-06,107430.19306979096,124480.1825360088,-13.696950887170923,W8
2025-11-06,107595.78028098769,124480.1825360088,-13.563927936992624,W8
2025-11-07,107614.11919096326,124480.1825360088,-13.549195543769896,W8
2025-11-07,107644.39786876176,124480.1825360088,-13.524871448816272,W8
2025-11-07,107667.13647364559,124480.1825360088,-13.506604601499234,W8
2025-11-07,107907.41300479877,124480.1825360088,-13.313580678929327,W8
2025-11-07,107793.41379366194,124480.1825360088,-13.4051608877741,W8
2025-11-07,107791.41379281206,124480.1825360088,-13.406767569905451,W8
2025-11-07,107723.23866578547,124480.1825360088,-13.46153542583053,W8
2025-11-07,107858.87884953668,124480.1825360088,-13.352570142371073,W8
2025-11-07,107870.64067829789,124480.1825360088,-13.343121386334897,W8
2025-11-07,107959.52790511785,124480.1825360088,-13.271714657159956,W8
2025-11-10,108152.59570674744,124480.1825360088,-13.116615429559017,W8
2025-11-10,108279.41297944526,124480.1825360088,-13.014737949855663,W8
2025-11-10,108420.45408371543,124480.1825360088,-12.901433886994592,W8
2025-11-10,108435.64707883366,124480.1825360088,-12.889228735291965,W8
2025-11-10,108464.9578824953,124480.1825360088,-12.865682173048478,W8
2025-11-10,108531.9826516144,124480.1825360088,-12.811838446478028,W8
2025-11-11,108647.53117747795,124480.1825360088,-12.719013610018509,W8
2025-11-11,108724.88705928304,124480.1825360088,-12.656870479900023,W8
2025-11-12,108850.02481759258,124480.1825360088,-12.556342222501826,W8
2025-11-12,108914.0857553243,124480.1825360088,-12.504879462384821,W8
2025-11-12,108840.02174221526,124480.1825360088,-12.564378100320708,W8
2025-11-12,108917.3895729355,124480.1825360088,-12.502225371152068,W8
2025-11-13,108791.8998327603,124480.1825360088,-12.603036389917158,W8
2025-11-13,108726.92359889144,124480.1825360088,-12.655234444695928,W8
2025-11-13,108463.56926390482,124480.1825360088,-12.866797706912742,W8
2025-11-13,108328.266319944,124480.1825360088,-12.975492071914724,W8
2025-11-13,108408.71738252306,124480.1825360088,-12.910862457031419,W8
2025-11-13,108475.87807885186,124480.1825360088,-12.856909534597857,W8
2025-11-14,108261.21500223446,124480.1825360088,-13.02935712604906,W8
2025-11-14,108328.89542301979,124480.1825360088,-12.97498668779416,W8
2025-11-17,108207.93481592296,124480.1825360088,-13.072159269511605,W8
2025-11-19,108305.69339321535,124480.1825360088,-12.993625823222585,W8
2025-11-19,108482.14213581222,124480.1825360088,-12.851877362542243,W8
2025-11-20,108562.91022755424,124480.1825360088,-12.78699306522154,W8
2025-11-20,108640.5404877538,124480.1825360088,-12.724629515764901,W8
2025-11-20,108327.54968889232,124480.1825360088,-12.976067770822835,W8
2025-11-20,107786.37023505261,124480.1825360088,-13.410819265248994,W8
2025-11-20,107556.34183932794,124480.1825360088,-13.595610443280993,W8
2025-11-21,107724.33600320006,124480.1825360088,-13.46065388999708,W8
2025-11-21,107628.79297714535,124480.1825360088,-13.537407493750091,W8
2025-11-21,107710.73294139189,124480.1825360088,-13.47158178352281,W8
2025-11-21,107776.5646532502,124480.1825360088,-13.418696488436371,W8
2025-11-21,107843.4951465905,124480.1825360088,-13.364928497438333,W8
2025-11-24,107862.88063218282,124480.1825360088,-13.349355347401614,W8
2025-11-25,107916.69594037846,124480.1825360088,-13.306123318737074,W8
2025-11-25,107774.54821515254,124480.1825360088,-13.420316375278263,W8
2025-11-25,107819.30626678368,124480.1825360088,-13.384360409662454,W8
2025-11-25,107947.18297293413,124480.1825360088,-13.281631843921915,W8
2025-11-25,108022.65586757961,124480.1825360088,-13.221001394072074,W8
2025-11-26,108082.24174924863,124480.1825360088,-13.17313362873378,W8
2025-11-26,108083.94256066407,124480.1825360088,-13.171767297659393,W8
2025-11-26,108021.58539923158,124480.1825360088,-13.221861344890124,W8
2025-11-28,108052.57942242545,124480.1825360088,-13.196962583848462,W8
2025-11-28,108069.30403035383,124480.1825360088,-13.183527025201572,W8
2025-12-03,108079.45288238453,124480.1825360088,-13.175374039060369,W8
2025-12-03,108111.29781033203,124480.1825360088,-13.149791711577608,W8
2025-12-05,108186.8231143701,124480.1825360088,-13.089119159128373,W8
2025-12-05,108444.20658828621,124480.1825360088,-12.882352532768667,W8
2025-12-05,108513.31279153944,124480.1825360088,-12.826836705393296,W8
2025-12-05,108577.92499377308,124480.1825360088,-12.77493109205204,W8
2025-12-08,108644.6005921225,124480.1825360088,-12.721367868580593,W8
2025-12-10,108673.30681950347,124480.1825360088,-12.698306987084324,W8
2025-12-10,108811.19385650262,124480.1825360088,-12.58753671490926,W8
2025-12-10,108648.46366279646,124480.1825360088,-12.718264506587335,W8
2025-12-10,108733.06732811732,124480.1825360088,-12.650298936809683,W8
2025-12-10,109015.06846729302,124480.1825360088,-12.423755937409659,W8
2025-12-11,108934.67414995636,124480.1825360088,-12.488339966528834,W8
2025-12-11,108818.6376907447,124480.1825360088,-12.581556779717632,W8
2025-12-11,108908.49074829857,124480.1825360088,-12.509374159381354,W8
2025-12-11,108876.41752352606,124480.1825360088,-12.535139887000874,W8
2025-12-11,108878.25610013076,124480.1825360088,-12.533662883539565,W8
2025-12-11,108865.38897596597,124480.1825360088,-12.543999568385825,W8
2025-12-11,108786.35248758708,124480.1825360088,-12.607492798206582,W8
2025-12-11,108771.02274186152,124480.1825360088,-12.619807807241148,W8
2025-12-11,108797.56016822041,124480.1825360088,-12.598489211928829,W8
2025-12-11,109759.16589387596,124480.1825360088,-11.825992171785606,W8
2025-12-12,109796.30986052206,124480.1825360088,-11.7961529107166,W8
2025-12-12,109689.84876028063,124480.1825360088,-11.881677448094777,W8
2025-12-12,109683.30523726027,124480.1825360088,-11.886934126617453,W8
2025-12-12,109709.73122126554,124480.1825360088,-11.865705057486208,W8
2025-12-12,109360.57220603053,124480.1825360088,-12.146198713682454,W8
2025-12-12,109330.4824774886,124480.1825360088,-12.170371018003449,W8
2025-12-12,109225.23856816886,124480.1825360088,-12.25491773634497,W8
2025-12-15,109287.60115805513,124480.1825360088,-12.20481932821625,W8
2025-12-15,109353.77222948478,124480.1825360088,-12.151661411765966,W8
2025-12-15,109356.90957622069,124480.1825360088,-12.14914105336675,W8
2025-12-15,109361.69825092774,124480.1825360088,-12.145294115959123,W8
2025-12-15,109454.43904068091,124480.1825360088,-12.070791662746268,W8
2025-12-15,109399.47780029672,124480.1825360088,-12.114944265405162,W8
2025-12-15,109422.53313864268,124480.1825360088,-12.096422973199237,W8
2025-12-15,109389.30538854953,124480.1825360088,-12.12311617802607,W8
2025-12-15,109388.30973975673,124480.1825360088,-12.12391602324843,W8
2025-12-16,109424.50369455155,124480.1825360088,-12.09483994538813,W8
2025-12-16,109150.01981827538,124480.1825360088,-12.315344021365657,W8
2025-12-16,109026.84123291903,124480.1825360088,-12.414298395344597,W8
2025-12-16,109041.45868623638,124480.1825360088,-12.402555599809155,W8
2025-12-16,109115.8701466723,124480.1825360088,-12.342777843286028,W8
2025-12-18,109216.07184891625,124480.1825360088,-12.262281735228854,W8
2025-12-18,109309.12527356009,124480.1825360088,-12.187528129676489,W8
2025-12-19,109377.97406352947,124480.1825360088,-12.13221909287501,W8
2025-12-19,109445.46834179318,124480.1825360088,-12.077998190488252,W8
2025-12-19,109421.4086912348,124480.1825360088,-12.09732628759433,W8
2025-12-19,109438.21093537792,124480.1825360088,-12.083828360614456,W8
2025-12-22,109273.00523838612,124480.1825360088,-12.216544824895037,W8
2025-12-22,109211.80039294311,124480.1825360088,-12.26571316976415,W8
2025-12-22,109188.79411831472,124480.1825360088,-12.284195047087664,W8
2025-12-22,109171.41593624582,124480.1825360088,-12.298155648457989,W8
2025-12-22,109270.67569411281,124480.1825360088,-12.218416242678854,W8
2025-12-22,109341.448074208,124480.1825360088,-12.161561907592446,W8
2025-12-22,109418.82562230845,124480.1825360088,-12.099401372056553,W8
2025-12-22,109569.76193025988,124480.1825360088,-11.978148089103046,W8
2025-12-23,109563.40733608774,124480.1825360088,-11.983252993387952,W8
2025-12-24,109658.58758502096,124480.1825360088,-11.906790823270482,W8
2025-12-24,109692.4255932155,124480.1825360088,-11.879607373258459,W8
2025-12-26,109697.4732889879,124480.1825360088,-11.875552353680602,W8
2025-12-26,109671.14655212384,124480.1825360088,-11.896701693541537,W8
2025-12-26,109590.34834371011,124480.1825360088,-11.961610184811109,W8
2025-12-26,109423.28796703155,124480.1825360088,-12.095816588814603,W8
2025-12-26,109503.29276299778,124480.1825360088,-12.031545478075278,W8
2025-12-26,109533.19523659718,124480.1825360088,-12.007523603275445,W8
2025-12-26,109540.91554052642,124480.1825360088,-12.001321568725084,W8
2025-12-26,109511.82119768212,124480.1825360088,-12.024694239178778,W8
2025-12-26,109482.6806873659,124480.1825360088,-12.04810399784281,W8
2025-12-26,109350.63532259523,124480.1825360088,-12.154181416818687,W8
2025-12-26,109253.82232600557,124480.1825360088,-12.231955239621094,W8
2025-12-26,109280.54328522155,124480.1825360088,-12.210489204890425,W8
2025-12-26,109323.73396025047,124480.1825360088,-12.175792376729506,W8
2025-12-26,109350.94785989243,124480.1825360088,-12.153930342879985,W8
2025-12-26,109263.36380992988,124480.1825360088,-12.224290177014396,W8
2025-12-26,109292.24561927345,124480.1825360088,-12.201088243377116,W8
2025-12-26,109222.28000669087,124480.1825360088,-12.257294469265599,W8
2025-12-29,109234.79437735927,124480.1825360088,-12.247241165668633,W8
2025-12-29,109271.80493263826,124480.1825360088,-12.217509079383907,W8
2025-12-30,109243.71155708008,124480.1825360088,-12.240077632052966,W8
2025-12-30,109267.85190531582,124480.1825360088,-12.220684707216309,W8
2025-12-30,109336.58057179776,124480.1825360088,-12.165472170504243,W8
